id;agency_name;website;phone;instagram;telegram;whatsapp;vk;email;other_contacts;agency_url;source_url
1;!SHOWtime;;+7(495)380-02-95 / +7(925)301-35-13;;;;;;;https://eventcatalog.ru/agency/showtime/;https://eventcatalog.ru/agency/event_agentstva/
2;10 Сказок;;+7(965) 428-92-73;;;;;;;https://eventcatalog.ru/agency/10_skazok/;https://eventcatalog.ru/agency/event_agentstva/
3;100 артистов;;+7(495) 920-36-97;;;;;;;https://eventcatalog.ru/agency/100_artistov/;https://eventcatalog.ru/agency/event_agentstva/
4;100 друзей;;+7(495) 762-89-32;;;;;;;https://eventcatalog.ru/agency/100_druzey/;https://eventcatalog.ru/agency/event_agentstva/
5;100 Праздников;;+7(812) 635-73-99 / +7(812) 938-12-30;;;;;;;https://eventcatalog.ru/agency/100_prazdnikov/;https://eventcatalog.ru/agency/event_agentstva/
6;100 Чудес;;+7(921)947-11-56 / +7(921)905-62-37;;;;;;;https://eventcatalog.ru/agency/100_chudes/;https://eventcatalog.ru/agency/event_agentstva/
7;1001 Праздник;;+7(495) 542-40-69;;;;;;;https://eventcatalog.ru/agency/1001_prazdnik/;https://eventcatalog.ru/agency/event_agentstva/
8;1001Party;;+7(499)398-26-40;;;;;;;https://eventcatalog.ru/agency/1001party/;https://eventcatalog.ru/agency/event_agentstva/
9;100лицА;;+7(38067) 377-52-10;;;;;;;https://eventcatalog.ru/agency/100lica/;https://eventcatalog.ru/agency/event_agentstva/
10;1147 event;;+7(916)152-01-00;;;;;;;https://eventcatalog.ru/agency/1147_event/;https://eventcatalog.ru/agency/event_agentstva/
11;116 праздников;;+7(843) 250-11-16 / +7(917) 220-00-33;;;;;;;https://eventcatalog.ru/agency/116_prazdnikov/;https://eventcatalog.ru/agency/event_agentstva/
12;12 Месяцев;;+78(964) 107-49-99;;;;;;;https://eventcatalog.ru/agency/12_mesyacev/;https://eventcatalog.ru/agency/event_agentstva/
13;123 Event;;+7(903)511-55-57 / +7(903)511-33-32;;;;;;;https://eventcatalog.ru/agency/123_event/;https://eventcatalog.ru/agency/event_agentstva/
14;123event;;+7(909)909-18-88 / +7(903)511-33-32;;;;;;;https://eventcatalog.ru/agency/123event/;https://eventcatalog.ru/agency/event_agentstva/
15;13;;+7(903) 275-07-22;;;;;;;https://eventcatalog.ru/agency/13/;https://eventcatalog.ru/agency/event_agentstva/
16;14 06 event&wedding;;+7(916)591-30-77;;;;;;;https://eventcatalog.ru/agency/14_06_eventandwedding/;https://eventcatalog.ru/agency/event_agentstva/
17;1Маркетинг;;+7(495)967-19-89;;;;;;;https://eventcatalog.ru/agency/1marketing/;https://eventcatalog.ru/agency/event_agentstva/
18;2 Ежа;;+7(812)904-05-34;;;;;;;https://eventcatalog.ru/agency/2_ezha/;https://eventcatalog.ru/agency/event_agentstva/
19;2048 events;;+7(495)131-20-48;;;;;;;https://eventcatalog.ru/agency/2048_events/;https://eventcatalog.ru/agency/event_agentstva/
20;23 Тимбилдинга;;+7(918)152-87-87;;;;;;;https://eventcatalog.ru/agency/23_timbildinga/;https://eventcatalog.ru/agency/event_agentstva/
21;2S Production;;+7(343)361-33-01 / +7(963)048-46-87;;;;;;;https://eventcatalog.ru/agency/2s_production/;https://eventcatalog.ru/agency/event_agentstva/
22;2Б Event;;+7(925) 185-80-95;;;;;;;https://eventcatalog.ru/agency/2b_event/;https://eventcatalog.ru/agency/event_agentstva/
23;33 удовольствия;;+7(495)740-96-37 / +7(926)353-33-04;;;;;;;https://eventcatalog.ru/agency/33_udovoljstviya/;https://eventcatalog.ru/agency/event_agentstva/
24;360;;+7(495)018-83-60;;;;;;;https://eventcatalog.ru/agency/360/;https://eventcatalog.ru/agency/event_agentstva/
25;38 попугаев;;+7(863) 226-20-20 / +7(863) 291-77-20;;;;;;;https://eventcatalog.ru/agency/38_popugaev/;https://eventcatalog.ru/agency/event_agentstva/
26;4best.ru;;+7(495) 507-69-39;;;;;;;https://eventcatalog.ru/agency/4best_ru/;https://eventcatalog.ru/agency/event_agentstva/
27;4rooms;;+7(495)797-95-67;;;;;;;https://eventcatalog.ru/agency/4rooms/;https://eventcatalog.ru/agency/event_agentstva/
28;5 элемент;;+7(911)778-50-52;;;;;;;https://eventcatalog.ru/agency/5_element/;https://eventcatalog.ru/agency/event_agentstva/
29;5-sector;;+7(495) 518-44-35 / +7(926) 377-37-96;;;;;;;https://eventcatalog.ru/agency/5-sector/;https://eventcatalog.ru/agency/event_agentstva/
30;5Stars;;+7(804)333-06-13;;;;;;;https://eventcatalog.ru/agency/5stars/;https://eventcatalog.ru/agency/event_agentstva/
31;5th Avenue;;+7(495) 507-69-12 / +7(495) 772-46-90;;;;;;;https://eventcatalog.ru/agency/5th_avenue/;https://eventcatalog.ru/agency/event_agentstva/
32;7 Dreams;;+7(800)222-50-66;;;;;;;https://eventcatalog.ru/agency/7_dreams/;https://eventcatalog.ru/agency/event_agentstva/
33;7 Events Communicatons;;+7(495)565-34-81;;;;;;;https://eventcatalog.ru/agency/7_events_communicatons/;https://eventcatalog.ru/agency/event_agentstva/
34;7 Sky;;+7(371) 702-05-75;;;;;;;https://eventcatalog.ru/agency/7_sky/;https://eventcatalog.ru/agency/event_agentstva/
35;757 Event Agency;https://757event.wixsite.com/event;+7(985)118-93-33;;;;;;;https://eventcatalog.ru/agency/757_event_agency/;https://eventcatalog.ru/agency/event_agentstva/
36;8 день;;+7(050) 880-81-03;;;;;;;https://eventcatalog.ru/agency/8_denj/;https://eventcatalog.ru/agency/event_agentstva/
37;8 человек;;+7(909)060-69-16;;;;;;;https://eventcatalog.ru/agency/8_chelovek/;https://eventcatalog.ru/agency/event_agentstva/
38;88 Project;;+7(916) 083-26-73 / +7(916) 193-77-48;;;;;;;https://eventcatalog.ru/agency/88_project/;https://eventcatalog.ru/agency/event_agentstva/
39;9 идей;;+7(495) 998-69-42;;;;;;;https://eventcatalog.ru/agency/9_idey/;https://eventcatalog.ru/agency/event_agentstva/
40;[2-Smart];;+7(495) 984-32-52;;;;;;;https://eventcatalog.ru/agency/2-smart/;https://eventcatalog.ru/agency/event_agentstva/
41;A one publicity;;+7(343) 382-53-22;;;;;;;https://eventcatalog.ru/agency/a_one_publicity/;https://eventcatalog.ru/agency/event_agentstva/
42;A PROduction;;+7(903)235-55-12;;;;;;;https://eventcatalog.ru/agency/a_production/;https://eventcatalog.ru/agency/event_agentstva/
43;A-LIGA Ukraine;;+7(044)232-85-67 / +7(050)410-69-64;;;;;;;https://eventcatalog.ru/agency/a-liga_ukraine/;https://eventcatalog.ru/agency/event_agentstva/
44;A-story;;+7(922)124-19-28;;;;;;;https://eventcatalog.ru/agency/agentstvo_a-story_event/;https://eventcatalog.ru/agency/event_agentstva/
45;A.S.A.P.;;+7(495) 933-95-79 / +7(917) 511-35-68;;;;;;;https://eventcatalog.ru/agency/a_s_a_p/;https://eventcatalog.ru/agency/event_agentstva/
46;A1 Agency, Пермь;;+7(342)259-23-89;;;;;;;https://eventcatalog.ru/agency/a1_agency_permj/;https://eventcatalog.ru/agency/event_agentstva/
47;A1 Luxury Events;;+380(44)501-01-15;;;;;;;https://eventcatalog.ru/agency/a1_luxury_events/;https://eventcatalog.ru/agency/event_agentstva/
48;A1 Mice Group;;+7(383)311-05-91 / +7(913)946-68-00;;;;;;;https://eventcatalog.ru/agency/a1_mice_group/;https://eventcatalog.ru/agency/event_agentstva/
49;A1 Team;;+7(495)799-49-59;;;;;;;https://eventcatalog.ru/agency/a1_team/;https://eventcatalog.ru/agency/event_agentstva/
50;AB Studio;;+7(983)131-59-15 / +7(913)983-49-74;;;;;;;https://eventcatalog.ru/agency/ab_studio/;https://eventcatalog.ru/agency/event_agentstva/
51;ABC Modus;;+7(812)940-60-68;;;;;;;https://eventcatalog.ru/agency/abc_modus/;https://eventcatalog.ru/agency/event_agentstva/
52;abd: Entertainment;http://abd-ent.ru;+7(495)107-05-24 / +7(905)704-20-20;;;;;;;https://eventcatalog.ru/agency/abd_entertainment/;https://eventcatalog.ru/agency/event_agentstva/
53;ABIStrade;;+7(391) 202-62-64 / +7(913) 538-77-32;;;;;;;https://eventcatalog.ru/agency/abistrade/;https://eventcatalog.ru/agency/event_agentstva/
54;ABS-training;;+7(495)644-54-67 / +7(910)419-39-68;;;;;;;https://eventcatalog.ru/agency/abs-training/;https://eventcatalog.ru/agency/event_agentstva/
55;Absolutpro;;+7(495) 739-79-49;;;;;;;https://eventcatalog.ru/agency/absolutpro/;https://eventcatalog.ru/agency/event_agentstva/
56;AC Events;;+7(727) 279-72-32 / +7(777) 270-04-22;;;;;;;https://eventcatalog.ru/agency/ac_events/;https://eventcatalog.ru/agency/event_agentstva/
57;Academy;;+7(861)290-99-55 / +7(861)290-00-60;;;;;;;https://eventcatalog.ru/agency/academy/;https://eventcatalog.ru/agency/event_agentstva/
58;Ace Company;;+7(812) 448-53-26 / +7(904) 638-06-90;;;;;;;https://eventcatalog.ru/agency/ace_company/;https://eventcatalog.ru/agency/event_agentstva/
59;Ace Events;;+7(499)755-55-65;;;;;;;https://eventcatalog.ru/agency/ace_events/;https://eventcatalog.ru/agency/event_agentstva/
60;ACG;;+7(495) 234-99-78 / +7(495) 258-80-11;;;;;;;https://eventcatalog.ru/agency/acg/;https://eventcatalog.ru/agency/event_agentstva/
61;ACK;;+7(916) 937-83-49 / +7(903) 722-66-98;;;;;;;https://eventcatalog.ru/agency/ack/;https://eventcatalog.ru/agency/event_agentstva/
62;Action;;+7(495) 988-40-20 / +7(906) 044-85-85;;;;;;;https://eventcatalog.ru/agency/action/;https://eventcatalog.ru/agency/event_agentstva/
63;Active Party;;+7(495) 782-69-94 / +7(495) 782-69-95;;;;;;;https://eventcatalog.ru/agency/active_party/;https://eventcatalog.ru/agency/event_agentstva/
64;Activity group;;+7(495)669-74-11;;;;;;;https://eventcatalog.ru/agency/activity_group/;https://eventcatalog.ru/agency/event_agentstva/
65;Adagio;;+7(351) 750-70-00 / +7(351) 217-97-47;;;;;;;https://eventcatalog.ru/agency/adagio/;https://eventcatalog.ru/agency/event_agentstva/
66;Add-Art;;+7(916)313-60-59;;;;;;;https://eventcatalog.ru/agency/add-art/;https://eventcatalog.ru/agency/event_agentstva/
67;Addmo;;+7(937)005-87-03 / +7(499)390-13-46;;;;;;;https://eventcatalog.ru/agency/addmo/;https://eventcatalog.ru/agency/event_agentstva/
68;AdMIX;;+7(495) 276-20-10;;;;;;;https://eventcatalog.ru/agency/admix/;https://eventcatalog.ru/agency/event_agentstva/
69;Adora Новокузнецк;;+7(800)500-95-65;;;;;;;https://eventcatalog.ru/agency/adora_novokuzneck/;https://eventcatalog.ru/agency/event_agentstva/
70;Adpromo;;+7(909) 626-60-74;;;;;;;https://eventcatalog.ru/agency/adpromo/;https://eventcatalog.ru/agency/event_agentstva/
71;Advanced Work System;;+7(495)231-42-72;;;;;;;https://eventcatalog.ru/agency/advanced_work_system/;https://eventcatalog.ru/agency/event_agentstva/
72;Advanza Event Management;;+7(495)150-04-78;;;;;;;https://eventcatalog.ru/agency/advanza_event_management/;https://eventcatalog.ru/agency/event_agentstva/
73;Adventure Bus;;+7(909)791-87-00;;;;;;;https://eventcatalog.ru/agency/adventure_bus/;https://eventcatalog.ru/agency/event_agentstva/
74;Adventure Races;;+7(812) 930-47-40 / +7(921) 328-46-88;;;;;;;https://eventcatalog.ru/agency/adventure_races/;https://eventcatalog.ru/agency/event_agentstva/
75;Advert expert;;+7(4212)45-01-39 / +7(924)105-50-37;;;;;;;https://eventcatalog.ru/agency/advert_expert/;https://eventcatalog.ru/agency/event_agentstva/
76;Advert Media Group;;+7(495) 972-27-87;;;;;;;https://eventcatalog.ru/agency/advert_media_group/;https://eventcatalog.ru/agency/event_agentstva/
77;Advertmediagroup;;+7(495) 972-27-87 / +7(926) 203-22-52;;;;;;;https://eventcatalog.ru/agency/advertmediagroup/;https://eventcatalog.ru/agency/event_agentstva/
78;Aelita Show;;+7(495) 974-11-44;;;;;;;https://eventcatalog.ru/agency/aelita_show/;https://eventcatalog.ru/agency/event_agentstva/
79;Aero;;+992-90-290-9900;;;;;;;https://eventcatalog.ru/agency/aero/;https://eventcatalog.ru/agency/event_agentstva/
80;AG;;+7(812)576-78-08;;;;;;;https://eventcatalog.ru/agency/ag/;https://eventcatalog.ru/agency/event_agentstva/
81;Agency for you;;+7(962) 920-71-11 / +7(495) 972-81-04;;;;;;;https://eventcatalog.ru/agency/agency_for_you/;https://eventcatalog.ru/agency/event_agentstva/
82;Agnum event;;+31-62-689-1251;;;;;;;https://eventcatalog.ru/agency/agnum_event/;https://eventcatalog.ru/agency/event_agentstva/
83;AI Project;;+7(917) 556-10-12 / +7(926) 230-99-66;;;;;;;https://eventcatalog.ru/agency/ai_project/;https://eventcatalog.ru/agency/event_agentstva/
84;AirSound Studio;;+7(812) 958-35-36;;;;;;;https://eventcatalog.ru/agency/airsound_studio/;https://eventcatalog.ru/agency/event_agentstva/
85;AK event;;+7(926) 787-38-48;;;;;;;https://eventcatalog.ru/agency/ak_event/;https://eventcatalog.ru/agency/event_agentstva/
86;Albion;;+7(927)745-65-55;;;;;;;https://eventcatalog.ru/agency/albion/;https://eventcatalog.ru/agency/event_agentstva/
87;Alef;;+7(495)937-01-95 / +7(495)227-50-77;;;;;;;https://eventcatalog.ru/agency/alef/;https://eventcatalog.ru/agency/event_agentstva/
88;Alex;;+7(918) 142-07-02;;;;;;;https://eventcatalog.ru/agency/alex/;https://eventcatalog.ru/agency/event_agentstva/
89;Alex Acid promo-studio;;+7(38096) 237-93-00 / +7(38092) 786-04-90;;;;;;;https://eventcatalog.ru/agency/alex_acid_promo-studio/;https://eventcatalog.ru/agency/event_agentstva/
90;Alex-Show Events;;+7(916)806-45-94;;;;;;;https://eventcatalog.ru/agency/alex-show_events/;https://eventcatalog.ru/agency/event_agentstva/
91;Alexagency;;+7(926)336-72-59 / +7(916)577-64-70;;;;;;;https://eventcatalog.ru/agency/alexagency/;https://eventcatalog.ru/agency/event_agentstva/
92;Alexgroup;https://alexgrim.ru/timbilding-v-moskve;+7(495)721-54-22 / +7(903)792-04-86;;;;;;;https://eventcatalog.ru/agency/alexgroup/;https://eventcatalog.ru/agency/event_agentstva/
93;Alfa;;+7(951) 905-10-88;;;;;;;https://eventcatalog.ru/agency/alfa/;https://eventcatalog.ru/agency/event_agentstva/
94;Alfa-Music;;+7(903)549-36-30;;;;;;;https://eventcatalog.ru/agency/alfa-music/;https://eventcatalog.ru/agency/event_agentstva/
95;All Motion Group;;+380(44)501-14-39;;;;;;;https://eventcatalog.ru/agency/all_motion_group/;https://eventcatalog.ru/agency/event_agentstva/
96;Alldreams;;+7(985) 761-01-50;;;;;;;https://eventcatalog.ru/agency/alldreams/;https://eventcatalog.ru/agency/event_agentstva/
97;Alliance production;;+7(918) 502-07-78 / +7(908) 175-77-85;;;;;;;https://eventcatalog.ru/agency/alliance_production/;https://eventcatalog.ru/agency/event_agentstva/
98;Allnighters Marketing Communications;;+7(926) 636-85-31 / +7(925) 545-16-57;;;;;;;https://eventcatalog.ru/agency/allnighters_marketing_communications/;https://eventcatalog.ru/agency/event_agentstva/
99;Allo Director;;+7(495)777-22-36;;;;;;;https://eventcatalog.ru/agency/allo_director/;https://eventcatalog.ru/agency/event_agentstva/
100;Alma Vista;;+7(495) 545-29-29;;;;;;;https://eventcatalog.ru/agency/alma_vista/;https://eventcatalog.ru/agency/event_agentstva/
101;Alter Ego;;+7(495) 973-76-30;;;;;;;https://eventcatalog.ru/agency/alter_ego/;https://eventcatalog.ru/agency/event_agentstva/
102;Always in Trend;;+7(495)799-01-78;;;;;;;https://eventcatalog.ru/agency/always_in_trend/;https://eventcatalog.ru/agency/event_agentstva/
103;Amar production;;+7(495)211-01-46 / +7(903)972-38-56;;;;;;;https://eventcatalog.ru/agency/amar_production/;https://eventcatalog.ru/agency/event_agentstva/
104;Amazing Holiday;;+7(499) 409-83-20 / +7(910) 444-28-38;;;;;;;https://eventcatalog.ru/agency/amazing_holiday/;https://eventcatalog.ru/agency/event_agentstva/
105;AMC;;+7(495)280-01-50;;;;;;;https://eventcatalog.ru/agency/amc/;https://eventcatalog.ru/agency/event_agentstva/
106;Amigoz;;+7(499)755-55-79 / +7(916)033-69-61;;;;;;;https://eventcatalog.ru/agency/amigoz/;https://eventcatalog.ru/agency/event_agentstva/
107;Amorevento;;+34(617)818-337 / +7(896)889-41-25;;;;;;;https://eventcatalog.ru/agency/amorevento/;https://eventcatalog.ru/agency/event_agentstva/
108;AMT;;+7(495) 632-26-14 / +7(495) 632-26-15;;;;;;;https://eventcatalog.ru/agency/amt/;https://eventcatalog.ru/agency/event_agentstva/
109;Anastasia Shirokova;;+7(967)135-55-19;;;;;;;https://eventcatalog.ru/agency/anastasia_shirokova/;https://eventcatalog.ru/agency/event_agentstva/
110;AnastasiaPR;;+7(495) 721-39-84;;;;;;;https://eventcatalog.ru/agency/anastasiapr/;https://eventcatalog.ru/agency/event_agentstva/
111;Andy Fiord Fashion Advertising;;+7(812)960-06-33 / +7(921)944-10-10;;;;;;;https://eventcatalog.ru/agency/andy_fiord_fashion_advertising/;https://eventcatalog.ru/agency/event_agentstva/
112;Angel`s Factory;;+7(495) 721-77-83 / +7(915) 170-76-57;;;;;;;https://eventcatalog.ru/agency/angel_s_factory/;https://eventcatalog.ru/agency/event_agentstva/
113;Angie Carso;;+7(913)008-56-98 / +7(923)193-09-83;;;;;;;https://eventcatalog.ru/agency/angie_carso/;https://eventcatalog.ru/agency/event_agentstva/
114;Anima Promo;;+7(343)361-42-30 / +7(922)612-59-68;;;;;;;https://eventcatalog.ru/agency/anima_promo/;https://eventcatalog.ru/agency/event_agentstva/
115;Anjoy;;+7(967)288-8050;;;;;;;https://eventcatalog.ru/agency/anjoy/;https://eventcatalog.ru/agency/event_agentstva/
116;Anna Legenda;;+7(918)028-72-10;;;;;;;https://eventcatalog.ru/agency/anna_legenda/;https://eventcatalog.ru/agency/event_agentstva/
117;Ansilum;;+7(495)661-77-71;;;;;;;https://eventcatalog.ru/agency/ansilum/;https://eventcatalog.ru/agency/event_agentstva/
118;Antego;http://antego.ru;+7(495)796-03-36;;;;;;;https://eventcatalog.ru/agency/antego/;https://eventcatalog.ru/agency/event_agentstva/
119;Anterra group;;+7(915) 575-07-41;;;;;;;https://eventcatalog.ru/agency/anterra_group/;https://eventcatalog.ru/agency/event_agentstva/
120;Any Party;;+7(495)720-83-03;;;;;;;https://eventcatalog.ru/agency/any_party/;https://eventcatalog.ru/agency/event_agentstva/
121;Aofmoka;;+7(910)527-13-21 / +7(967)225-41-65;;;;;;;https://eventcatalog.ru/agency/aofmoka/;https://eventcatalog.ru/agency/event_agentstva/
122;Apelcin Entertainment Company;;+7(812) 921-56-60 / +7(911) 921-56-60;;;;;;;https://eventcatalog.ru/agency/apelcin_entertainment_company/;https://eventcatalog.ru/agency/event_agentstva/
123;Apple Love;;+420(608)348-513;;;;;;;https://eventcatalog.ru/agency/apple_love/;https://eventcatalog.ru/agency/event_agentstva/
124;Apriorico;;+7(812)363-37-38 / +7(812)961-62-45;;;;;;;https://eventcatalog.ru/agency/apriorico/;https://eventcatalog.ru/agency/event_agentstva/
125;Apriory Day;;+7(473) 295-35-95 / +7(473) 228-50-08;;;;;;;https://eventcatalog.ru/agency/apriory_day/;https://eventcatalog.ru/agency/event_agentstva/
126;ARG-студия Yeti;;+7(922) 625-93-04 / +7(922) 625-53-04;;;;;;;https://eventcatalog.ru/agency/arg-studiya_yeti/;https://eventcatalog.ru/agency/event_agentstva/
127;ArGon Promo;;+7(925)288-69-59 / +7(925)288-72-74;;;;;;;https://eventcatalog.ru/agency/argon_promo/;https://eventcatalog.ru/agency/event_agentstva/
128;Ark Connect;;+7(495) 748-48-35 / +7(926) 745-02-93;;;;;;;https://eventcatalog.ru/agency/ark_connect/;https://eventcatalog.ru/agency/event_agentstva/
129;Arl-group;https://arl-group.ru;+7(495)956-29-68 / +7(926)879-70-84;;;;;;;https://eventcatalog.ru/agency/arl-group/;https://eventcatalog.ru/agency/event_agentstva/
130;Aroundbrand;http://aroundbrand.ru;+7(495)222-37-47;;;;;;;https://eventcatalog.ru/agency/aroundbrand/;https://eventcatalog.ru/agency/event_agentstva/
131;Ars Production;;+7(985)233-03-11;;;;;;;https://eventcatalog.ru/agency/ars_production/;https://eventcatalog.ru/agency/event_agentstva/
132;Art Event;;+7(495) 772-91-72 / +7(903) 150-29-54;;;;;;;https://eventcatalog.ru/agency/art_event/;https://eventcatalog.ru/agency/event_agentstva/
133;Art Event Group;;+7(495) 544-75-33 / +7(495) 743-97-64;;;;;;;https://eventcatalog.ru/agency/art_event_group/;https://eventcatalog.ru/agency/event_agentstva/
134;Art events;;+7(927)811-91-48;;;;;;;https://eventcatalog.ru/agency/art_events/;https://eventcatalog.ru/agency/event_agentstva/
135;ART In Style;;+7 (495) 923-28-38;;;;;;;https://eventcatalog.ru/agency/art_in_style/;https://eventcatalog.ru/agency/event_agentstva/
136;Art land;;+7(910)732-31-22 / +7(903)798-31-45;;;;;;;https://eventcatalog.ru/agency/art_land/;https://eventcatalog.ru/agency/event_agentstva/
137;Art Liga s.r.o.;;+7(420) 774-50-53;;;;;;;https://eventcatalog.ru/agency/art_liga_s_r_o/;https://eventcatalog.ru/agency/event_agentstva/
138;Art Line;;+7(050) 742-60-84 / +7(050) 374-11-31;;;;;;;https://eventcatalog.ru/agency/art_line/;https://eventcatalog.ru/agency/event_agentstva/
139;Art mafia;;+7(095) 389-33-93 / +7(062) 208-33-03;;;;;;;https://eventcatalog.ru/agency/art_mafia/;https://eventcatalog.ru/agency/event_agentstva/
140;Art Management Group;;+7(962) 922-22-53;;;;;;;https://eventcatalog.ru/agency/art_management_group/;https://eventcatalog.ru/agency/event_agentstva/
141;Art Master;;+7(4942) 30-07-53 / +7(9903) 634-67-53;;;;;;;https://eventcatalog.ru/agency/art_master/;https://eventcatalog.ru/agency/event_agentstva/
142;Art Moskva;;+7(495) 774-99-19 / +7(903) 775-18-11;;;;;;;https://eventcatalog.ru/agency/art_moskva/;https://eventcatalog.ru/agency/event_agentstva/
143;Art Music Service;;+380(99)931-39-55;;;;;;;https://eventcatalog.ru/agency/art_music_service/;https://eventcatalog.ru/agency/event_agentstva/
144;Art Name;;+7(495) 542-40-98;;;;;;;https://eventcatalog.ru/agency/art_name/;https://eventcatalog.ru/agency/event_agentstva/
145;Art of Choice;;+7(495) 661-46-86 / +7(812) 438-77-24;;;;;;;https://eventcatalog.ru/agency/art_of_choice/;https://eventcatalog.ru/agency/event_agentstva/
146;Art Paradizz;;+7(968)882-40-10 / +7(968)882-40-07;;;;;;;https://eventcatalog.ru/agency/art_paradizz/;https://eventcatalog.ru/agency/event_agentstva/
147;Art Party Club;;+7(962)993-79-93;;;;;;;https://eventcatalog.ru/agency/art_party_club/;https://eventcatalog.ru/agency/event_agentstva/
148;Art Pozitiff;;+7(911)518-63-33 / +7(8202)61-63-33;;;;;;;https://eventcatalog.ru/agency/art_pozitiff/;https://eventcatalog.ru/agency/event_agentstva/
149;Art room;;+7(495) 307-14-35 / +7(495) 543-76-14;;;;;;;https://eventcatalog.ru/agency/art_room/;https://eventcatalog.ru/agency/event_agentstva/
150;Art S.H.T.A.B;;+7(495) 959-37-56 / +7(495) 959-37-58;;;;;;;https://eventcatalog.ru/agency/art_s_h_t_a_b/;https://eventcatalog.ru/agency/event_agentstva/
151;Art Tech;;+7(921) 876-65-55 / +7(921) 930-88-63;;;;;;;https://eventcatalog.ru/agency/art_tech/;https://eventcatalog.ru/agency/event_agentstva/
152;Art Urban;;+7(495)971-83-85;;;;;;;https://eventcatalog.ru/agency/art_urban/;https://eventcatalog.ru/agency/event_agentstva/
153;Art Vivat;;+7(926) 557-81-15;;;;;;;https://eventcatalog.ru/agency/art_vivat/;https://eventcatalog.ru/agency/event_agentstva/
154;Art'Ok;;+7(495) 641-11-61 / +7(926) 405-77-55;;;;;;;https://eventcatalog.ru/agency/artok/;https://eventcatalog.ru/agency/event_agentstva/
155;ART- Festival;;+7(812) 326-82-42;;;;;;;https://eventcatalog.ru/agency/art-_festival/;https://eventcatalog.ru/agency/event_agentstva/
156;Art-agency;;+7(495) 542-87-71;;;;;;;https://eventcatalog.ru/agency/art-agency/;https://eventcatalog.ru/agency/event_agentstva/
157;Art-Event;;+7(499)398-29-96 / +7(903)150-29-54;;;;;;;https://eventcatalog.ru/agency/art-event/;https://eventcatalog.ru/agency/event_agentstva/
158;Art-Happyday;;+7(499) 391-86-06;;;;;;;https://eventcatalog.ru/agency/art-happyday/;https://eventcatalog.ru/agency/event_agentstva/
159;Art-Peoples;;+7(915) 089-99-90;;;;;;;https://eventcatalog.ru/agency/art-peoples/;https://eventcatalog.ru/agency/event_agentstva/
160;Art-Кабинет;;+7(926) 840-01-20 / +7(926) 843-18-26;;;;;;;https://eventcatalog.ru/agency/art-kabinet/;https://eventcatalog.ru/agency/event_agentstva/
161;Art-Триумф;;+7(495)723-57-68 / +7(903)722-94-27;;;;;;;https://eventcatalog.ru/agency/art-triumf/;https://eventcatalog.ru/agency/event_agentstva/
162;Art4promotion;;+420(773)474-204 / +420(387)311-125;;;;;;;https://eventcatalog.ru/agency/art4promotion/;https://eventcatalog.ru/agency/event_agentstva/
163;Art`elle;;+7(495) 508-42-09 / +7(495) 507-84-50;;;;;;;https://eventcatalog.ru/agency/art_elle/;https://eventcatalog.ru/agency/event_agentstva/
164;Artbuzz;;+7(846)270-68-68;;;;;;;https://eventcatalog.ru/agency/artbuzz/;https://eventcatalog.ru/agency/event_agentstva/
165;ARTcommunity;;+7(495)580-14-44;;;;;;;https://eventcatalog.ru/agency/artcommunity/;https://eventcatalog.ru/agency/event_agentstva/
166;Artem Haka;;+7(8142)63-83-66 / +7(953)535-55-51;;;;;;;https://eventcatalog.ru/agency/artem_haka/;https://eventcatalog.ru/agency/event_agentstva/
167;ArtEvent Group;;+7(921)934-70-84 / +7(921)943-09-23;;;;;;;https://eventcatalog.ru/agency/artevent_group/;https://eventcatalog.ru/agency/event_agentstva/
168;Artfabrik;;+7(926) 779-93-08 / +7(495) 796-16-62;;;;;;;https://eventcatalog.ru/agency/artfabrik/;https://eventcatalog.ru/agency/event_agentstva/
169;Artformula;;+7(495) 920-59-89;;;;;;;https://eventcatalog.ru/agency/artformula/;https://eventcatalog.ru/agency/event_agentstva/
170;ArtHoliday;;+7(925) 059-60-10 / +7(925) 849-99-91;;;;;;;https://eventcatalog.ru/agency/artholiday/;https://eventcatalog.ru/agency/event_agentstva/
171;Artnonstop;;+7(926) 397-23-80 / +7(926) 556-55-99;;;;;;;https://eventcatalog.ru/agency/artnonstop/;https://eventcatalog.ru/agency/event_agentstva/
172;ArtOks;;+7(495) 641-11-60 / +7(495) 973-02-07;;;;;;;https://eventcatalog.ru/agency/artoks/;https://eventcatalog.ru/agency/event_agentstva/
173;Artpulse;;+7(960)256-24-29;;;;;;;https://eventcatalog.ru/agency/artpulse/;https://eventcatalog.ru/agency/event_agentstva/
174;Artsobranie;;+7(812) 369-17-76;;;;;;;https://eventcatalog.ru/agency/artsobranie/;https://eventcatalog.ru/agency/event_agentstva/
175;ArtTusa;;+7(926) 632-63-00 / +7(909) 663-55-55;;;;;;;https://eventcatalog.ru/agency/arttusa/;https://eventcatalog.ru/agency/event_agentstva/
176;Artvalio Karnaval President;;+7(985) 211-62-03;;;;;;;https://eventcatalog.ru/agency/artvalio_karnaval_president/;https://eventcatalog.ru/agency/event_agentstva/
177;Artvostorg;;+7(910) 438-89-98;;;;;;;https://eventcatalog.ru/agency/artvostorg/;https://eventcatalog.ru/agency/event_agentstva/
178;Artель;;+7(918)095-08-08;;;;;;;https://eventcatalog.ru/agency/artelj/;https://eventcatalog.ru/agency/event_agentstva/
179;Asia Adventures;;+7(397) 480-34-60;;;;;;;https://eventcatalog.ru/agency/asia_adventures/;https://eventcatalog.ru/agency/event_agentstva/
180;AspАlliance;;+7(499)394-22-42;;;;;;;https://eventcatalog.ru/agency/aspalliance/;https://eventcatalog.ru/agency/event_agentstva/
181;AST Group;;+7(495) 504-30-97;;;;;;;https://eventcatalog.ru/agency/ast_group/;https://eventcatalog.ru/agency/event_agentstva/
182;Asti Event Group;;+7232-83-84;;;;;;;https://eventcatalog.ru/agency/asti_event_group/;https://eventcatalog.ru/agency/event_agentstva/
183;Astra Music;;+7(499) 390-42-40;;;;;;;https://eventcatalog.ru/agency/astra_music/;https://eventcatalog.ru/agency/event_agentstva/
184;AT project;;+7(495) 723-09-05 / +7(916) 347-33-08;;;;;;;https://eventcatalog.ru/agency/at_project/;https://eventcatalog.ru/agency/event_agentstva/
185;AtoBin;;+7(922) 217-93-59;;;;;;;https://eventcatalog.ru/agency/atobin/;https://eventcatalog.ru/agency/event_agentstva/
186;Autograph Art;;+7(495) 979-92-31;;;;;;;https://eventcatalog.ru/agency/autograph_art/;https://eventcatalog.ru/agency/event_agentstva/
187;Avalanche Group;;+7(904)512-38-16 / +7(966)067-36-61;;;;;;;https://eventcatalog.ru/agency/avalanche_group/;https://eventcatalog.ru/agency/event_agentstva/
188;Avantage Event Project;;+7(926)584-37-11;;;;;;;https://eventcatalog.ru/agency/avantage_event_project/;https://eventcatalog.ru/agency/event_agentstva/
189;Aventaly;;+7(967)202-02-20;;;;;;;https://eventcatalog.ru/agency/aventaly/;https://eventcatalog.ru/agency/event_agentstva/
190;Aventy;;+7(921)912-60-20;;;;;;;https://eventcatalog.ru/agency/aventy/;https://eventcatalog.ru/agency/event_agentstva/
191;AZ;;+7(495) 799-44-60 / +7(495) 917-18-53;;;;;;;https://eventcatalog.ru/agency/az/;https://eventcatalog.ru/agency/event_agentstva/
192;B2B Promotion;;+7(401)298-66-62;;;;;;;https://eventcatalog.ru/agency/b2b_promotion/;https://eventcatalog.ru/agency/event_agentstva/
193;Backstage Team;;+7(495) 669-91-34 / +7(495) 987-12-55;;;;;;;https://eventcatalog.ru/agency/backstage_team/;https://eventcatalog.ru/agency/event_agentstva/
194;Banana Sun;;+7(999)226-55-26;;;;;;;https://eventcatalog.ru/agency/banana_sun/;https://eventcatalog.ru/agency/event_agentstva/
195;BananOlivka;;+7(968)641-07-36 / +7(968)664-08-50;;;;;;;https://eventcatalog.ru/agency/bananolivka/;https://eventcatalog.ru/agency/event_agentstva/
196;Banket Best;;+7(495) 940-66-33;;;;;;;https://eventcatalog.ru/agency/banket_best/;https://eventcatalog.ru/agency/event_agentstva/
197;Banket life;;+7(495)532-78-28 / +7(926)410-20-48;;;;;;;https://eventcatalog.ru/agency/banket_life/;https://eventcatalog.ru/agency/event_agentstva/
198;Baralist;;+7(495)729-38-53 / +7(901)511-61-16;;;;;;;https://eventcatalog.ru/agency/baralist/;https://eventcatalog.ru/agency/event_agentstva/
199;Baratoff;;+7(495) 589-83-75;;;;;;;https://eventcatalog.ru/agency/baratoff/;https://eventcatalog.ru/agency/event_agentstva/
200;Bardach’OK Events Group;;+7(812) 995-85-66 / +7(921) 649-42-33;;;;;;;https://eventcatalog.ru/agency/bardach_ok_events_group/;https://eventcatalog.ru/agency/event_agentstva/
201;Bastrigin Brothers;;+7(499) 136-60-67 / +7(916) 677-75-34;;;;;;;https://eventcatalog.ru/agency/bastrigin_brothers/;https://eventcatalog.ru/agency/event_agentstva/
202;Bayanello;;+7(985) 263-36-50;;;;;;;https://eventcatalog.ru/agency/bayanello/;https://eventcatalog.ru/agency/event_agentstva/
203;BBM;;+7(495) 648-00-78;;;;;;;https://eventcatalog.ru/agency/bbm/;https://eventcatalog.ru/agency/event_agentstva/
204;BBMG group;;+7(985) 774-11-84;;;;;;;https://eventcatalog.ru/agency/bbmg_group/;https://eventcatalog.ru/agency/event_agentstva/
205;BBOSW;;+7(749)595-68-33 / +7(909)683-01-46;;;;;;;https://eventcatalog.ru/agency/bbosw/;https://eventcatalog.ru/agency/event_agentstva/
206;BC Communications;;+7(495) 334-40-33;;;;;;;https://eventcatalog.ru/agency/bc_communications/;https://eventcatalog.ru/agency/event_agentstva/
207;BCA marketing;;+7(812) 332-92-15 / +7(812) 332-92-14;;;;;;;https://eventcatalog.ru/agency/bca_marketing/;https://eventcatalog.ru/agency/event_agentstva/
208;Be Abo;;+7 (812) 449-7788 / +7 (812) 984-8488;;;;;;;https://eventcatalog.ru/agency/be_abo/;https://eventcatalog.ru/agency/event_agentstva/
209;Be Brand;;+7(343)287-49-77;;;;;;;https://eventcatalog.ru/agency/be_brand/;https://eventcatalog.ru/agency/event_agentstva/
210;Be Brand Event;;+7(343)287-49-77;;;;;;;https://eventcatalog.ru/agency/be_brand_event/;https://eventcatalog.ru/agency/event_agentstva/
211;Be Bright Event;;+7(843)251-99-99 / +7(917)902-70-27;;;;;;;https://eventcatalog.ru/agency/be_bright_event/;https://eventcatalog.ru/agency/event_agentstva/
212;Be Happy;;+7(908) 174-39-64;;;;;;;https://eventcatalog.ru/agency/be_happy/;https://eventcatalog.ru/agency/event_agentstva/
213;Be In Event;;+7(499)408-89-98;;;;;;;https://eventcatalog.ru/agency/be_in_event/;https://eventcatalog.ru/agency/event_agentstva/
214;Beach Volley Event;;+7(967)536-55-22 / +7(812)900-89-93;;;;;;;https://eventcatalog.ru/agency/beach_volley_event/;https://eventcatalog.ru/agency/event_agentstva/
215;Beegarden;;+7(38044) 494-07-13;;;;;;;https://eventcatalog.ru/agency/beegarden/;https://eventcatalog.ru/agency/event_agentstva/
216;BeforeMarriage;;+7(963)754-63-63 / +7(916)053-63-63;;;;;;;https://eventcatalog.ru/agency/beforemarriage/;https://eventcatalog.ru/agency/event_agentstva/
217;Bel Canto;;+7(910)647-59-42;;;;;;;https://eventcatalog.ru/agency/bel_canto/;https://eventcatalog.ru/agency/event_agentstva/
218;Belka;;+7(964)554-84-65 / +7(916)297-42-22;;;;;;;https://eventcatalog.ru/agency/belka/;https://eventcatalog.ru/agency/event_agentstva/
219;Belov Entertainment Group;;+7(812)313-21-08;;;;;;;https://eventcatalog.ru/agency/belov_entertainment_group/;https://eventcatalog.ru/agency/event_agentstva/
220;Beorg;;+7(495) 739-92-37;;;;;;;https://eventcatalog.ru/agency/beorg/;https://eventcatalog.ru/agency/event_agentstva/
221;Bereza Studio Group;;+7(812) 454-28-80 / +7(905) 207-28-47;;;;;;;https://eventcatalog.ru/agency/bereza_studio_group/;https://eventcatalog.ru/agency/event_agentstva/
222;Bespoke Artists Agency;;+7(965) 264-11-72;;;;;;;https://eventcatalog.ru/agency/bespoke_artists_agency/;https://eventcatalog.ru/agency/event_agentstva/
223;Best Bounty;;+7(903)264-85-60;;;;;;;https://eventcatalog.ru/agency/best_bounty/;https://eventcatalog.ru/agency/event_agentstva/
224;Best Music;;+7(495)749-36-30;;;;;;;https://eventcatalog.ru/agency/best_music/;https://eventcatalog.ru/agency/event_agentstva/
225;Best-Show Center;;+7(495) 500-64-96;;;;;;;https://eventcatalog.ru/agency/best-show_center/;https://eventcatalog.ru/agency/event_agentstva/
226;Bezooomie;;+7(434)578-32-09;;;;;;;https://eventcatalog.ru/agency/bezooomie/;https://eventcatalog.ru/agency/event_agentstva/
227;Big Bang;;+7(495)196-67-96 / +7(958)562-97-42;;;;;;;https://eventcatalog.ru/agency/big_bang/;https://eventcatalog.ru/agency/event_agentstva/
228;Big Sound City;;+7(926)131-11-74 / +7(915)099-30-45;;;;;;;https://eventcatalog.ru/agency/big_sound_city/;https://eventcatalog.ru/agency/event_agentstva/
229;Bilet Club;;+7(495)661-61-89;;;;;;;https://eventcatalog.ru/agency/bilet_club/;https://eventcatalog.ru/agency/event_agentstva/
230;Biznesevent;;+7(495)006-47-65;;;;;;;https://eventcatalog.ru/agency/biznesevent/;https://eventcatalog.ru/agency/event_agentstva/
231;BK-Holiday;;+7(495) 943-92-55;;;;;;;https://eventcatalog.ru/agency/bk-holiday/;https://eventcatalog.ru/agency/event_agentstva/
232;Black Milk;;+7(911) 922-55-95 / +7(911) 833-52-21;;;;;;;https://eventcatalog.ru/agency/black_milk/;https://eventcatalog.ru/agency/event_agentstva/
233;Black Mint Event;;+7(916)070-75-45;;;;;;;https://eventcatalog.ru/agency/black_mint_event/;https://eventcatalog.ru/agency/event_agentstva/
234;Blackberry Agency;;+7(495) 922-58-61;;;;;;;https://eventcatalog.ru/agency/blackberry_agency/;https://eventcatalog.ru/agency/event_agentstva/
235;Blacktie;;+7(925)506-66-55;;;;;;;https://eventcatalog.ru/agency/blacktie/;https://eventcatalog.ru/agency/event_agentstva/
236;Blink studio;;+7(495) 665-68-03;;;;;;;https://eventcatalog.ru/agency/blink_studio/;https://eventcatalog.ru/agency/event_agentstva/
237;Blory;;+7(495)278-08-84;;;;;;;https://eventcatalog.ru/agency/blory/;https://eventcatalog.ru/agency/event_agentstva/
238;Blossom;;+91(7458)474-566;;;;;;;https://eventcatalog.ru/agency/blossom/;https://eventcatalog.ru/agency/event_agentstva/
239;BLT;;+7(495)984-08-48;;;;;;;https://eventcatalog.ru/agency/blt/;https://eventcatalog.ru/agency/event_agentstva/
240;BLT Group;;+7(495) 660-83-23;;;;;;;https://eventcatalog.ru/agency/blt_group/;https://eventcatalog.ru/agency/event_agentstva/
241;BM Weddings & Events;;+7(495)220-88-66 / +7(964)648-88-41;;;;;;;https://eventcatalog.ru/agency/bm_weddings_and_events/;https://eventcatalog.ru/agency/event_agentstva/
242;BMC promo;;+7(38050) 311-22-43 / +7(38044) 412-15-82;;;;;;;https://eventcatalog.ru/agency/bmc_promo/;https://eventcatalog.ru/agency/event_agentstva/
243;BMKey;;+7(495) 648-52-66;;;;;;;https://eventcatalog.ru/agency/bmkey/;https://eventcatalog.ru/agency/event_agentstva/
244;Bocharoff-Isakoff;;+7(916) 572-44-55;;;;;;;https://eventcatalog.ru/agency/bocharoff-isakoff/;https://eventcatalog.ru/agency/event_agentstva/
245;Bochkov event group;;+7(863)240-25-23 / +7(909)401-77-79;;;;;;;https://eventcatalog.ru/agency/bochkov_event_group/;https://eventcatalog.ru/agency/event_agentstva/
246;Bodas En Cuba Fiestas;;+53(5)333-22-43;;;;;;;https://eventcatalog.ru/agency/bodas_en_cuba_fiestas/;https://eventcatalog.ru/agency/event_agentstva/
247;Boeff&Gagarin;;+7(926) 426-50-02;;;;;;;https://eventcatalog.ru/agency/boeffandgagarin/;https://eventcatalog.ru/agency/event_agentstva/
248;Bonanza;;+7(495)142-02-15 / +7(977)749-40-15;;;;;;;https://eventcatalog.ru/agency/bonanza/;https://eventcatalog.ru/agency/event_agentstva/
249;BonapArt;;+7(044) 235-49-86 / +7(044) 235-49-89;;;;;;;https://eventcatalog.ru/agency/bonapart/;https://eventcatalog.ru/agency/event_agentstva/
250;BonEvent;;+7(903) 779-40-06;;;;;;;https://eventcatalog.ru/agency/bonevent/;https://eventcatalog.ru/agency/event_agentstva/
251;Booking Stars;;+7(969)257-27-77;;;;;;;https://eventcatalog.ru/agency/booking_stars/;https://eventcatalog.ru/agency/event_agentstva/
252;Booking Stars Ltd;;+7(495)761-79-31;;;;;;;https://eventcatalog.ru/agency/booking_stars_ltd/;https://eventcatalog.ru/agency/event_agentstva/
253;BoomShow.ru;;+7(906) 053-28-51 / +7(906) 068-03-28;;;;;;;https://eventcatalog.ru/agency/boomshow_ru/;https://eventcatalog.ru/agency/event_agentstva/
254;Boost Team;;+7(499)753-49-40 / +7(499)753-49-42;;;;;;;https://eventcatalog.ru/agency/boost_team/;https://eventcatalog.ru/agency/event_agentstva/
255;BQ event;;+7(831) 414-19-96 / +7(831) 414-19-97;;;;;;;https://eventcatalog.ru/agency/bq_event/;https://eventcatalog.ru/agency/event_agentstva/
256;Braining Group;;+7(495)916-92-24;;;;;;;https://eventcatalog.ru/agency/braining_group/;https://eventcatalog.ru/agency/event_agentstva/
257;Brand Baker Ltd;;+994-12-492-17-90 / +994-50-993-59-20;;;;;;;https://eventcatalog.ru/agency/brand_baker_ltd/;https://eventcatalog.ru/agency/event_agentstva/
258;Brand BTL;;+7(343) 3-565-264;;;;;;;https://eventcatalog.ru/agency/brand_btl/;https://eventcatalog.ru/agency/event_agentstva/
259;Brand I;;+7(495)660-05-04;;;;;;;https://eventcatalog.ru/agency/brand_i/;https://eventcatalog.ru/agency/event_agentstva/
260;Brand New Group;;+7(921) 421-38-39;;;;;;;https://eventcatalog.ru/agency/brand_new_group/;https://eventcatalog.ru/agency/event_agentstva/
261;BrandEmotion;;+7(495)790-39-83 / +7(903)790-39-83;;;;;;;https://eventcatalog.ru/agency/brandemotion/;https://eventcatalog.ru/agency/event_agentstva/
262;Brandmatica;;+7(911)958-38-71;;;;;;;https://eventcatalog.ru/agency/brandmatica/;https://eventcatalog.ru/agency/event_agentstva/
263;Bravo;;+7(911)921-55-59;;;;;;;https://eventcatalog.ru/agency/bravo/;https://eventcatalog.ru/agency/event_agentstva/
264;Bravo Sochi;;+7(938)494-04-71 / +7(862)295-89-85;;;;;;;https://eventcatalog.ru/agency/bravo_sochi/;https://eventcatalog.ru/agency/event_agentstva/
265;Bright people;;+7(495)640-91-21;;;;;;;https://eventcatalog.ru/agency/bright_people/;https://eventcatalog.ru/agency/event_agentstva/
266;Broadway;;+7(495) 518-29-17;;;;;;;https://eventcatalog.ru/agency/broadway/;https://eventcatalog.ru/agency/event_agentstva/
267;Brooke Communications;;+7(495)761-15-03;;;;;;;https://eventcatalog.ru/agency/brooke_communications/;https://eventcatalog.ru/agency/event_agentstva/
268;Brooklyn;;+7(495)374-61-77;;;;;;;https://eventcatalog.ru/agency/brooklyn/;https://eventcatalog.ru/agency/event_agentstva/
269;Brum Adventure;;+7(495)255-09-92 / +7(926)006-19-05;;;;;;;https://eventcatalog.ru/agency/brum_adventure/;https://eventcatalog.ru/agency/event_agentstva/
270;BS-Agency;;+7(495) 974-34-11;;;;;;;https://eventcatalog.ru/agency/bs-agency/;https://eventcatalog.ru/agency/event_agentstva/
271;BTE Group;;+7(495) 967-90-65;;;;;;;https://eventcatalog.ru/agency/bte_group/;https://eventcatalog.ru/agency/event_agentstva/
272;BtG Event Solutions;;+7(921) 659-14-23;;;;;;;https://eventcatalog.ru/agency/btg_event_solutions/;https://eventcatalog.ru/agency/event_agentstva/
273;BTL Centre;;+7(495) 940-54-21;;;;;;;https://eventcatalog.ru/agency/btl_centre/;https://eventcatalog.ru/agency/event_agentstva/
274;BTL Orchestra;;+7(495)642-78-56;;;;;;;https://eventcatalog.ru/agency/btl_orchestra/;https://eventcatalog.ru/agency/event_agentstva/
275;BTL Promotion;;+7(918)650-00-91;;;;;;;https://eventcatalog.ru/agency/btl_promotion/;https://eventcatalog.ru/agency/event_agentstva/
276;BTL-агентство Trend;;+7(989)271-75-28;;;;;;;https://eventcatalog.ru/agency/btl-agentstvo_trend/;https://eventcatalog.ru/agency/event_agentstva/
277;BTL-агентство Мастер Групп;;+7(904) 103-77-55;;;;;;;https://eventcatalog.ru/agency/btl-agentstvo_master_grupp/;https://eventcatalog.ru/agency/event_agentstva/
278;BTLWorld;;+7(968)767-90-22;;;;;;;https://eventcatalog.ru/agency/btlworld/;https://eventcatalog.ru/agency/event_agentstva/
279;BTRpro;;+7(916)825-57-75 / +7(926)375-31-31;;;;;;;https://eventcatalog.ru/agency/btrpro/;https://eventcatalog.ru/agency/event_agentstva/
280;BTS;;+7(495) 973-41-21;;;;;;;https://eventcatalog.ru/agency/bts/;https://eventcatalog.ru/agency/event_agentstva/
281;Bubin events;;+7(812)409-94-40;;;;;;;https://eventcatalog.ru/agency/bubin_events/;https://eventcatalog.ru/agency/event_agentstva/
282;Bulgakova;;+7(495)649-82-06;;;;;;;https://eventcatalog.ru/agency/bulgakova/;https://eventcatalog.ru/agency/event_agentstva/
283;Burger;;+7(499) 125-19-42 / +7(916) 623-90-03;;;;;;;https://eventcatalog.ru/agency/burger/;https://eventcatalog.ru/agency/event_agentstva/
284;Busines Events Centr;;+7(982) 522-02-61;;;;;;;https://eventcatalog.ru/agency/busines_events_centr/;https://eventcatalog.ru/agency/event_agentstva/
285;Business Events;;+7(383)331-00-23;;;;;;;https://eventcatalog.ru/agency/business_events/;https://eventcatalog.ru/agency/event_agentstva/
286;Business Life;;+7(920) 956-09-99 / +7(953) 745-01-99;;;;;;;https://eventcatalog.ru/agency/business_life/;https://eventcatalog.ru/agency/event_agentstva/
287;Business Media Events;;+7(812) 315-92-86;;;;;;;https://eventcatalog.ru/agency/business_media_events/;https://eventcatalog.ru/agency/event_agentstva/
288;Business Travel Leisure;;+7(044) 503-08-24;;;;;;;https://eventcatalog.ru/agency/business_travel_leisure/;https://eventcatalog.ru/agency/event_agentstva/
289;BusinessForum;;+7(905) 203-36-38;;;;;;;https://eventcatalog.ru/agency/businessforum/;https://eventcatalog.ru/agency/event_agentstva/
290;Buyshow;;+7(495) 648-66-83 / +7(926) 218-43-28;;;;;;;https://eventcatalog.ru/agency/buyshow/;https://eventcatalog.ru/agency/event_agentstva/
291;C.A.T.;;+7(495) 786-27-27;;;;;;;https://eventcatalog.ru/agency/c_a_t/;https://eventcatalog.ru/agency/event_agentstva/
292;Calypso Travel & Event;;+995(322)910-308;;;;;;;https://eventcatalog.ru/agency/calypso_travel_and_event/;https://eventcatalog.ru/agency/event_agentstva/
293;Campion;;+7(495) 437-26-69;;;;;;;https://eventcatalog.ru/agency/campion/;https://eventcatalog.ru/agency/event_agentstva/
294;Can!BTL;;+7(4212) 41-70-87;;;;;;;https://eventcatalog.ru/agency/can_btl/;https://eventcatalog.ru/agency/event_agentstva/
295;Candy Cat;;+380(48)799-65-77 / +380(68)824-65-16;;;;;;;https://eventcatalog.ru/agency/candy_cat/;https://eventcatalog.ru/agency/event_agentstva/
296;Candy Day;;+7(777)473-00-40;;;;;;;https://eventcatalog.ru/agency/candy_day/;https://eventcatalog.ru/agency/event_agentstva/
297;Capital City Event Production;;+7(495) 773-40-34 / +7(495) 648-85-34;;;;;;;https://eventcatalog.ru/agency/capital_city_event_production/;https://eventcatalog.ru/agency/event_agentstva/
298;Carambola Events;;+7(903) 279-38-35 / +7(926) 129-69-68;;;;;;;https://eventcatalog.ru/agency/carambola_events/;https://eventcatalog.ru/agency/event_agentstva/
299;Castle Event Bureau;;+7(495)278-08-82 / +372-643-3333;;;;;;;https://eventcatalog.ru/agency/castle_event_bureau/;https://eventcatalog.ru/agency/event_agentstva/
300;Catalyst Studio;;+7(915)145-76-50;;;;;;;https://eventcatalog.ru/agency/catalyst_studio/;https://eventcatalog.ru/agency/event_agentstva/
301;Catalyst Teambuilding Russia;;+7(495)212-18-96 / +7(925)177-77-73;;;;;;;https://eventcatalog.ru/agency/catalyst_teambuilding_russia/;https://eventcatalog.ru/agency/event_agentstva/
302;Caucasus Event;;+7(995) 291-03-38;;;;;;;https://eventcatalog.ru/agency/caucasus_event/;https://eventcatalog.ru/agency/event_agentstva/
303;CB Group RUS;;+7(495)664-90-57 / +7(926)096-35-17;;;;;;;https://eventcatalog.ru/agency/cb_group_rus/;https://eventcatalog.ru/agency/event_agentstva/
304;Celebrate It;;+7(906)743-01-33 / +7(909)974-80-82;;;;;;;https://eventcatalog.ru/agency/celebrate_it/;https://eventcatalog.ru/agency/event_agentstva/
305;Celebration Life;;+7(928)289-56-52 / +7(928)199-76-18;;;;;;;https://eventcatalog.ru/agency/celebration_life/;https://eventcatalog.ru/agency/event_agentstva/
306;Celebration-Studio;;+7(495) 928-29-75 / +7(495) 928-29-66;;;;;;;https://eventcatalog.ru/agency/celebration-studio/;https://eventcatalog.ru/agency/event_agentstva/
307;Celebrity Event & Communications;;+7(499)704-40-79;;;;;;;https://eventcatalog.ru/agency/celebrity_event_and_communications/;https://eventcatalog.ru/agency/event_agentstva/
308;Centermax;;+7(495) 797-11-13;;;;;;;https://eventcatalog.ru/agency/centermax/;https://eventcatalog.ru/agency/event_agentstva/
309;Cezarov;;+7(925)772-57-59 / +7(926)165-41-62;;;;;;;https://eventcatalog.ru/agency/cezarov/;https://eventcatalog.ru/agency/event_agentstva/
310;CGM-Event;;+7(495)790-28-91;;;;;;;https://eventcatalog.ru/agency/cgm-event/;https://eventcatalog.ru/agency/event_agentstva/
311;Chantal;;+7(929)928-93-85 / +7(985)647-09-50;;;;;;;https://eventcatalog.ru/agency/chantal/;https://eventcatalog.ru/agency/event_agentstva/
312;Chefs Eatertainment;;+7(981)957-98-86 / +7(812)504-89-96;;;;;;;https://eventcatalog.ru/agency/chefs_eatertainment/;https://eventcatalog.ru/agency/event_agentstva/
313;CheGroup;;+7(918)234-94-69 / +7(918)194-36-13;;;;;;;https://eventcatalog.ru/agency/chegroup/;https://eventcatalog.ru/agency/event_agentstva/
314;Chernov Creation;;+7(916)547-84-35;;;;;;;https://eventcatalog.ru/agency/chernov_creation/;https://eventcatalog.ru/agency/event_agentstva/
315;Chilup;;+7(913)669-50-78;;;;;;;https://eventcatalog.ru/agency/chilup/;https://eventcatalog.ru/agency/event_agentstva/
316;Chistova Moscow Events;;+7(926) 266-06-92;;;;;;;https://eventcatalog.ru/agency/chistova_moscow_events/;https://eventcatalog.ru/agency/event_agentstva/
317;Chocolate Creative Studio;;+7(812)930-14-14 / ak@choco-studio.ru;;;;;;;https://eventcatalog.ru/agency/chocolate_creative_studio/;https://eventcatalog.ru/agency/event_agentstva/
318;ChoiceWedding Agency;;+7(495)760-37-56;;;;;;;https://eventcatalog.ru/agency/choicewedding_agency/;https://eventcatalog.ru/agency/event_agentstva/
319;ChrisMary;;+7(915) 180-87-02 / +7(917) 599-24-30;;;;;;;https://eventcatalog.ru/agency/chrismary/;https://eventcatalog.ru/agency/event_agentstva/
320;ChudoChu;;+7(792) 687-22-96;;;;;;;https://eventcatalog.ru/agency/chudochu/;https://eventcatalog.ru/agency/event_agentstva/
321;Chudospb.ru;;+7(812) 715-83-23 / +7(812) 993-21-59;;;;;;;https://eventcatalog.ru/agency/chudospb_ru/;https://eventcatalog.ru/agency/event_agentstva/
322;Circle Group;;+7(495)649-91-13;;;;;;;https://eventcatalog.ru/agency/circle_group/;https://eventcatalog.ru/agency/event_agentstva/
323;Citrus;;+7(495)710-71-52;;;;;;;https://eventcatalog.ru/agency/citrus/;https://eventcatalog.ru/agency/event_agentstva/
324;City Event;;+7(38044) 221-17-78 / +7(38067) 240-20-80;;;;;;;https://eventcatalog.ru/agency/city_event/;https://eventcatalog.ru/agency/event_agentstva/
325;Claus Event;;+7(925) 376-87-45;;;;;;;https://eventcatalog.ru/agency/claus_event/;https://eventcatalog.ru/agency/event_agentstva/
326;Clever Event;;+7(921)924-66-28;;;;;;;https://eventcatalog.ru/agency/clever_event/;https://eventcatalog.ru/agency/event_agentstva/
327;Clever marketing;;+7(812)993-85-45;;;;;;;https://eventcatalog.ru/agency/clever_marketing/;https://eventcatalog.ru/agency/event_agentstva/
328;Clever-Events;;+7(921)924-66-28;;;;;;;https://eventcatalog.ru/agency/clever-events/;https://eventcatalog.ru/agency/event_agentstva/
329;Club Loyalty;;+7(4012)52-75-28;;;;;;;https://eventcatalog.ru/agency/club_loyalty/;https://eventcatalog.ru/agency/event_agentstva/
330;Clubtrade;;+7(495)662-58-78 / +7(925)589-67-11;;;;;;;https://eventcatalog.ru/agency/clubtrade/;https://eventcatalog.ru/agency/event_agentstva/
331;Cocoevent;;+7(495) 517-45-80;;;;;;;https://eventcatalog.ru/agency/cocoevent/;https://eventcatalog.ru/agency/event_agentstva/
332;Colibri;;+7(911)126-76-76;;;;;;;https://eventcatalog.ru/agency/colibri/;https://eventcatalog.ru/agency/event_agentstva/
333;Communicator Creative Events;;+7(495) 627-79-49;;;;;;;https://eventcatalog.ru/agency/communicator_creative_events/;https://eventcatalog.ru/agency/event_agentstva/
334;ComPie;;+7(499)922-47-34 / +7(926)325-79-77;;;;;;;https://eventcatalog.ru/agency/compie/;https://eventcatalog.ru/agency/event_agentstva/
335;Concept;;+7(831)281-84-99;;;;;;;https://eventcatalog.ru/agency/concept/;https://eventcatalog.ru/agency/event_agentstva/
336;Constellation;;+7(495) 745-84-13;;;;;;;https://eventcatalog.ru/agency/constellation/;https://eventcatalog.ru/agency/event_agentstva/
337;Contacto;;+7(812) 702-18-02;;;;;;;https://eventcatalog.ru/agency/contacto/;https://eventcatalog.ru/agency/event_agentstva/
338;Content 46;;+7(963)750-73-78;;;;;;;https://eventcatalog.ru/agency/content_46/;https://eventcatalog.ru/agency/event_agentstva/
339;Convention Bureau;;+7(921)091-42-80;;;;;;;https://eventcatalog.ru/agency/convention_bureau/;https://eventcatalog.ru/agency/event_agentstva/
340;ConventPharma;;+7(495) 690-92-55;;;;;;;https://eventcatalog.ru/agency/conventpharma/;https://eventcatalog.ru/agency/event_agentstva/
341;Corp-rest;;+7(495) 649-64-53;;;;;;;https://eventcatalog.ru/agency/corp-rest/;https://eventcatalog.ru/agency/event_agentstva/
342;Corporate Party;;+7(495) 641-61-97;;;;;;;https://eventcatalog.ru/agency/corporate_party/;https://eventcatalog.ru/agency/event_agentstva/
343;Corporate Travel Agency;;+420(606)073-182 / +420(608)890-908;;;;;;;https://eventcatalog.ru/agency/corporate_travel_agency/;https://eventcatalog.ru/agency/event_agentstva/
344;Corpus;;+7(4012)92-29-52 / +7(4012)50-95-75;;;;;;;https://eventcatalog.ru/agency/corpus/;https://eventcatalog.ru/agency/event_agentstva/
345;Corvel;http://corvel.ru;+7(932)200-33-24;;;;;;;https://eventcatalog.ru/agency/corvel/;https://eventcatalog.ru/agency/event_agentstva/
346;Cosmos Media Agency;;+7(495) 916-93-92 / +7(985) 997-44-03;;;;;;;https://eventcatalog.ru/agency/cosmos_media_agency/;https://eventcatalog.ru/agency/event_agentstva/
347;Cotton;;+7(38067) 508-79-78 / +7(38044) 285-36-72;;;;;;;https://eventcatalog.ru/agency/cotton/;https://eventcatalog.ru/agency/event_agentstva/
348;CPI Group;;+7(905) 751-20-99;;;;;;;https://eventcatalog.ru/agency/cpi_group/;https://eventcatalog.ru/agency/event_agentstva/
349;Craft event group;;+7(978)080-51-40;;;;;;;https://eventcatalog.ru/agency/craft_event_group/;https://eventcatalog.ru/agency/event_agentstva/
350;CrazyFrogAgency;;+7(812)926-62-68;;;;;;;https://eventcatalog.ru/agency/crazyfrogagency/;https://eventcatalog.ru/agency/event_agentstva/
351;CrazyWedding;;+7(495)782-62-09;;;;;;;https://eventcatalog.ru/agency/crazywedding/;https://eventcatalog.ru/agency/event_agentstva/
352;Crazzzy-Fun;;+7(495) 971-63-41;;;;;;;https://eventcatalog.ru/agency/crazzzy-fun/;https://eventcatalog.ru/agency/event_agentstva/
353;CreamModels;;+7(921)356-85-51 / +7(904)603-34-34;;;;;;;https://eventcatalog.ru/agency/creammodels/;https://eventcatalog.ru/agency/event_agentstva/
354;creArt;;+7(905) 514-46-86;;;;;;;https://eventcatalog.ru/agency/creart/;https://eventcatalog.ru/agency/event_agentstva/
355;CreatEve;;+7(812)980-36-68 / +7(911)941-12-31;;;;;;;https://eventcatalog.ru/agency/createve/;https://eventcatalog.ru/agency/event_agentstva/
356;Creatiff;;+7(495) 979-95-79 / +7(495) 978-52-64;;;;;;;https://eventcatalog.ru/agency/creatiff/;https://eventcatalog.ru/agency/event_agentstva/
357;Creativ;;+7(343) 382-44-30;;;;;;;https://eventcatalog.ru/agency/creativ/;https://eventcatalog.ru/agency/event_agentstva/
358;Creative Capital;;+7(925) 001-50-06;;;;;;;https://eventcatalog.ru/agency/creative_capital/;https://eventcatalog.ru/agency/event_agentstva/
359;Creative Force;;+7(495) 699-69-17 / +7(916) 432-82-88;;;;;;;https://eventcatalog.ru/agency/creative_force/;https://eventcatalog.ru/agency/event_agentstva/
360;Creative Group;;+7(8552)35-06-13 / +7(917)888-38-38;;;;;;;https://eventcatalog.ru/agency/creative_group/;https://eventcatalog.ru/agency/event_agentstva/
361;Creative Group UNO;;+7(831) 291-50-65 / +7(952) 456-50-60;;;;;;;https://eventcatalog.ru/agency/creative_group_uno/;https://eventcatalog.ru/agency/event_agentstva/
362;Creative Market;;+7(495)787-34-36 / +7(495)508-25-66;;;;;;;https://eventcatalog.ru/agency/creative_market/;https://eventcatalog.ru/agency/event_agentstva/
363;Creative Production;;+7(067) 560-37-90;;;;;;;https://eventcatalog.ru/agency/creative_production/;https://eventcatalog.ru/agency/event_agentstva/
364;Creative Republic;;+7(915) 487-11-47 / +7(985) 413-30-73;;;;;;;https://eventcatalog.ru/agency/creative_republic/;https://eventcatalog.ru/agency/event_agentstva/
365;Creative Show;;+7(37322) 20-70-73;;;;;;;https://eventcatalog.ru/agency/creative_show/;https://eventcatalog.ru/agency/event_agentstva/
366;Creative studio celebrity;;+7(495)647-81-64 / +7(967)054-77-51;;;;;;;https://eventcatalog.ru/agency/creative_studio_celebrity/;https://eventcatalog.ru/agency/event_agentstva/
367;Creative Technologies Studio;;+7(067) 466-75-13;;;;;;;https://eventcatalog.ru/agency/creative_technologies_studio/;https://eventcatalog.ru/agency/event_agentstva/
368;Creatr;;+7(495) 643-98-89;;;;;;;https://eventcatalog.ru/agency/creatr/;https://eventcatalog.ru/agency/event_agentstva/
369;Creme Studio;;+7(495) 788-77-58;;;;;;;https://eventcatalog.ru/agency/creme_studio/;https://eventcatalog.ru/agency/event_agentstva/
370;Creon;;+7(495)151-20-46;;;;;;;https://eventcatalog.ru/agency/creon/;https://eventcatalog.ru/agency/event_agentstva/
371;Crimea Events;;+7(978)812-85-07 / +7(978)139-11-26;;;;;;;https://eventcatalog.ru/agency/crimea_events/;https://eventcatalog.ru/agency/event_agentstva/
372;Crit.erium;;+7(916)137-60-15 / +7(963)964-85-22;;;;;;;https://eventcatalog.ru/agency/crit_erium/;https://eventcatalog.ru/agency/event_agentstva/
373;Crocus production;;+7(495)236-12-61;;;;;;;https://eventcatalog.ru/agency/crocus_production/;https://eventcatalog.ru/agency/event_agentstva/
374;Cube Label;;+7(38044) 361-11- 25 / +7(38050) 652-71-48;;;;;;;https://eventcatalog.ru/agency/cube_label/;https://eventcatalog.ru/agency/event_agentstva/
375;Cult.Project;;+7(495) 500-70-92;;;;;;;https://eventcatalog.ru/agency/cult_project/;https://eventcatalog.ru/agency/event_agentstva/
376;D-time;;+7(963)345-00-00;;;;;;;https://eventcatalog.ru/agency/d-time/;https://eventcatalog.ru/agency/event_agentstva/
377;D.E.&G McGor Production;;+7(495) 941-87-70;;;;;;;https://eventcatalog.ru/agency/d_e_andg_mcgor_production/;https://eventcatalog.ru/agency/event_agentstva/
378;D.F.;;+7(796) 503-30-17 / +7(781) 233-29-79;;;;;;;https://eventcatalog.ru/agency/d_f/;https://eventcatalog.ru/agency/event_agentstva/
379;D.Zemtsov;;+7(914)540-52-21;;;;;;;https://eventcatalog.ru/agency/d_zemtsov/;https://eventcatalog.ru/agency/event_agentstva/
380;D2 Marketing Solutions;http://www.d2ms.ru;+7(495)995-54-55;;;;;;;https://eventcatalog.ru/agency/d2_marketing_solutions/;https://eventcatalog.ru/agency/event_agentstva/
381;Dainova Event;;+7(4912) 911-511 / +7(4912) 90-15-59;;;;;;;https://eventcatalog.ru/agency/dainova_event/;https://eventcatalog.ru/agency/event_agentstva/
382;Daksa-BTL;;+7(913)029-09-59;;;;;;;https://eventcatalog.ru/agency/daksa-btl/;https://eventcatalog.ru/agency/event_agentstva/
383;Dance Marketing Group;;+7(812)309-58-98 / +7(904)609-52-92;;;;;;;https://eventcatalog.ru/agency/dance_marketing_group/;https://eventcatalog.ru/agency/event_agentstva/
384;das Buro;;+7(495)975-95-90;;;;;;;https://eventcatalog.ru/agency/das_buro/;https://eventcatalog.ru/agency/event_agentstva/
385;Daviance;;+7(917)111-85-55 / +7(917)169-29-89;;;;;;;https://eventcatalog.ru/agency/daviance/;https://eventcatalog.ru/agency/event_agentstva/
386;De'MonAngel agency;;+7(916)425-37-60;;;;;;;https://eventcatalog.ru/agency/demonangel_agency/;https://eventcatalog.ru/agency/event_agentstva/
387;Del-Arte;;+7(812) 958-73-28 / +7(921) 444-51-31;;;;;;;https://eventcatalog.ru/agency/del-arte/;https://eventcatalog.ru/agency/event_agentstva/
388;Dellos Events;;+7(495) 967-78-70 / +7(916) 002-44-43;;;;;;;https://eventcatalog.ru/agency/dellos_events/;https://eventcatalog.ru/agency/event_agentstva/
389;Delmon DMC Spain;;+7(093) 420-91-76;;;;;;;https://eventcatalog.ru/agency/delmon_dmc_spain/;https://eventcatalog.ru/agency/event_agentstva/
390;Departament;;+7(495)532-32-36;;;;;;;https://eventcatalog.ru/agency/departament/;https://eventcatalog.ru/agency/event_agentstva/
391;DeRuss;;+7(030) 889-22-53;;;;;;;https://eventcatalog.ru/agency/deruss/;https://eventcatalog.ru/agency/event_agentstva/
392;Design Boutique;;+7(991)011-08-85;;;;;;;https://eventcatalog.ru/agency/design_boutique/;https://eventcatalog.ru/agency/event_agentstva/
393;Development Group;;+7(495) 987 19 68;;;;;;;https://eventcatalog.ru/agency/development_group/;https://eventcatalog.ru/agency/event_agentstva/
394;Devicta Expo;;+7(495) 727-07-69;;;;;;;https://eventcatalog.ru/agency/devicta_expo/;https://eventcatalog.ru/agency/event_agentstva/
395;DGV;;+7(962) 946-76-85 / +7(919) 765-48-46;;;;;;;https://eventcatalog.ru/agency/dgv/;https://eventcatalog.ru/agency/event_agentstva/
396;Diamond Communication;;+7(800)300-06-89;;;;;;;https://eventcatalog.ru/agency/diamond_communication/;https://eventcatalog.ru/agency/event_agentstva/
397;Dianoff;;+7(495)662-02-60 / +7(964)644-44-84;;;;;;;https://eventcatalog.ru/agency/dianoff/;https://eventcatalog.ru/agency/event_agentstva/
398;Digital Event Group;;+7(495)998-26-08 / +7(965)244-80-99;;;;;;;https://eventcatalog.ru/agency/digital_event_group/;https://eventcatalog.ru/agency/event_agentstva/
399;Dimirano;;+7(913)917-05-93 / +7(383)299-05-93;;;;;;;https://eventcatalog.ru/agency/dimirano/;https://eventcatalog.ru/agency/event_agentstva/
400;Director’s Cut;;+7(495)937-17-97;;;;;;;https://eventcatalog.ru/agency/director_s_cut/;https://eventcatalog.ru/agency/event_agentstva/
401;DiscoShow.ru;;+7(903) 194-87-25;;;;;;;https://eventcatalog.ru/agency/discoshow_ru/;https://eventcatalog.ru/agency/event_agentstva/
402;DJan-media;;+7(495) 923-79-94;;;;;;;https://eventcatalog.ru/agency/djan-media/;https://eventcatalog.ru/agency/event_agentstva/
403;DL management;;+7(495) 650-56-88;;;;;;;https://eventcatalog.ru/agency/dl_management/;https://eventcatalog.ru/agency/event_agentstva/
404;DL-Event;;+7(905) 351-50-07 / +7(347) 266-47-80;;;;;;;https://eventcatalog.ru/agency/dl-event/;https://eventcatalog.ru/agency/event_agentstva/
405;Dlevel;;+7(916)182-04-04;;;;;;;https://eventcatalog.ru/agency/dlevel/;https://eventcatalog.ru/agency/event_agentstva/
406;DMC;;+7(499)281-57-75;;;;;;;https://eventcatalog.ru/agency/dmc/;https://eventcatalog.ru/agency/event_agentstva/
407;DMC Kavkaz;;+7(800)302-04-40;;;;;;;https://eventcatalog.ru/agency/dmc_kavkaz/;https://eventcatalog.ru/agency/event_agentstva/
408;Do simple event;;+7(999)594-58-44;;;;;;;https://eventcatalog.ru/agency/do_simple_event/;https://eventcatalog.ru/agency/event_agentstva/
409;Doctor Team;;+7(929)592-66-62 / +7(499)340-82-32;;;;;;;https://eventcatalog.ru/agency/doctor_team/;https://eventcatalog.ru/agency/event_agentstva/
410;Doka Event;;+7(926) 904-15-74;;;;;;;https://eventcatalog.ru/agency/doka_event/;https://eventcatalog.ru/agency/event_agentstva/
411;Dolce Vento;;+7(962)969-66-23;;;;;;;https://eventcatalog.ru/agency/dolce_vento/;https://eventcatalog.ru/agency/event_agentstva/
412;Dolce Vita;;+7(918) 442-59-32 / +7(918) 394-32-03;;;;;;;https://eventcatalog.ru/agency/dolce_vita/;https://eventcatalog.ru/agency/event_agentstva/
413;Dolce Wedding;;+7(903)282-04-24 / +7(903)269-05-75;;;;;;;https://eventcatalog.ru/agency/svadebnoe_agentstvo_dolce_wedding/;https://eventcatalog.ru/agency/event_agentstva/
414;DozoR;;+7(967)248-58-48 / +7(495)188-12-49;;;;;;;https://eventcatalog.ru/agency/dozor/;https://eventcatalog.ru/agency/event_agentstva/
415;DozoR lite;;+7(391) 208-27-82;;;;;;;https://eventcatalog.ru/agency/dozor_lite/;https://eventcatalog.ru/agency/event_agentstva/
416;Dozor Краснодар;;+7(903)450-11-44;;;;;;;https://eventcatalog.ru/agency/dozor_krasnodar/;https://eventcatalog.ru/agency/event_agentstva/
417;Dpg;;+7(915)359-61-41;;;;;;;https://eventcatalog.ru/agency/dpg/;https://eventcatalog.ru/agency/event_agentstva/
418;Dream agency;;+7(812) 777-20-20 / +7(812) 312-31-30;;;;;;;https://eventcatalog.ru/agency/dream_agency/;https://eventcatalog.ru/agency/event_agentstva/
419;Dream Events;;+7(495) 644-98-96 / +7(495) 144-64-14;;;;;;;https://eventcatalog.ru/agency/dream_events/;https://eventcatalog.ru/agency/event_agentstva/
420;Dream Team AGCY;;+7(911)927-40-06;;;;;;;https://eventcatalog.ru/agency/dream_team_agcy/;https://eventcatalog.ru/agency/event_agentstva/
421;Dream Weddings;;+7(8482)62-39-02;;;;;;;https://eventcatalog.ru/agency/dream_weddings/;https://eventcatalog.ru/agency/event_agentstva/
422;DreamLife Vision;;+7(926)598-05-75;;;;;;;https://eventcatalog.ru/agency/dreamlife_vision/;https://eventcatalog.ru/agency/event_agentstva/
423;Dreammedia;;+7(8202) 57-27-19;;;;;;;https://eventcatalog.ru/agency/dreammedia/;https://eventcatalog.ru/agency/event_agentstva/
424;Drim Group;;+7(4922) 33-21-20 / +7(910) 777-24-84;;;;;;;https://eventcatalog.ru/agency/drim_group/;https://eventcatalog.ru/agency/event_agentstva/
425;Durban Group;;+7(925)718-59-68;;;;;;;https://eventcatalog.ru/agency/durban_group/;https://eventcatalog.ru/agency/event_agentstva/
426;Dusha Event;;+7(999)599-39-69 / +7(985)444-28-83;;;;;;;https://eventcatalog.ru/agency/dusha_event/;https://eventcatalog.ru/agency/event_agentstva/
427;DVL group;;+7(820) 254-07-17;;;;;;;https://eventcatalog.ru/agency/dvl_group/;https://eventcatalog.ru/agency/event_agentstva/
428;e2-e5;;+7(495) 970-96-25;;;;;;;https://eventcatalog.ru/agency/e2-e5/;https://eventcatalog.ru/agency/event_agentstva/
429;Easy Party;;+7(916)874-96-90 / +7(916)844-25-30;;;;;;;https://eventcatalog.ru/agency/easy_party/;https://eventcatalog.ru/agency/event_agentstva/
430;Eclipse Events;;+971-55-350-5358 / +971-52-862-2443;;;;;;;https://eventcatalog.ru/agency/eclipse_events/;https://eventcatalog.ru/agency/event_agentstva/
431;Eddison;;+7(423) 222-42-88;;;;;;;https://eventcatalog.ru/agency/eddison/;https://eventcatalog.ru/agency/event_agentstva/
432;EdEvent;;+7(928)769-61-96;;;;;;;https://eventcatalog.ru/agency/edevent/;https://eventcatalog.ru/agency/event_agentstva/
433;Efem;;+7(044) 453-57-96;;;;;;;https://eventcatalog.ru/agency/efem/;https://eventcatalog.ru/agency/event_agentstva/
434;EgtEvent;;+90(535)248-1779;;;;;;;https://eventcatalog.ru/agency/egtevent/;https://eventcatalog.ru/agency/event_agentstva/
435;Ekstravaganza;;+7(499)391-18-67;;;;;;;https://eventcatalog.ru/agency/ekstravaganza/;https://eventcatalog.ru/agency/event_agentstva/
436;El Palacio;;+7(906) 729-08-29;;;;;;;https://eventcatalog.ru/agency/el_palacio/;https://eventcatalog.ru/agency/event_agentstva/
437;Elegant Event;;+7(495) 602-55-20 / +7(916) 277-87-77;;;;;;;https://eventcatalog.ru/agency/elegant_event/;https://eventcatalog.ru/agency/event_agentstva/
438;Elevate;;+7(977)549-79-02 / +7(499)553-05-45;;;;;;;https://eventcatalog.ru/agency/elevate/;https://eventcatalog.ru/agency/event_agentstva/
439;Elevent;;+7(499)130-47-27;;;;;;;https://eventcatalog.ru/agency/elevent/;https://eventcatalog.ru/agency/event_agentstva/
440;Elion Studio;;+7(495) 942-96-26;;;;;;;https://eventcatalog.ru/agency/elion_studio/;https://eventcatalog.ru/agency/event_agentstva/
441;Elis Records;;+7(495) 359-00-76 / +7(926) 243-02-33;;;;;;;https://eventcatalog.ru/agency/elis_records/;https://eventcatalog.ru/agency/event_agentstva/
442;Elki-project;;+7(967)273-15-16;;;;;;;https://eventcatalog.ru/agency/elki-project/;https://eventcatalog.ru/agency/event_agentstva/
443;Ellanta Events;http://www.ellanta.net;+7(499)341-01-71;;;;;;;https://eventcatalog.ru/agency/ellanta_events/;https://eventcatalog.ru/agency/event_agentstva/
444;EmAgency;;+7(495) 637-66-07;;;;;;;https://eventcatalog.ru/agency/emagency/;https://eventcatalog.ru/agency/event_agentstva/
445;Emerald advertising;;+7(812) 313-23-81 / +7(905) 229-51-97;;;;;;;https://eventcatalog.ru/agency/emerald_advertising/;https://eventcatalog.ru/agency/event_agentstva/
446;EMF event;;+7(495) 761-04-41;;;;;;;https://eventcatalog.ru/agency/emf_event/;https://eventcatalog.ru/agency/event_agentstva/
447;Emocean;;+230-483-6339;;;;;;;https://eventcatalog.ru/agency/emocean/;https://eventcatalog.ru/agency/event_agentstva/
448;Emotion;;+7(38067) 517-60-11 / +7(38067) 494-14-94;;;;;;;https://eventcatalog.ru/agency/emotion/;https://eventcatalog.ru/agency/event_agentstva/
449;Emotion _;;+7(495) 771-0238 / +7(495) 422-7072;;;;;;;https://eventcatalog.ru/agency/emotion-1/;https://eventcatalog.ru/agency/event_agentstva/
450;Emotion Production;;+7(351)223-17-75 / +7(351)223-17-76;;;;;;;https://eventcatalog.ru/agency/emotion_production/;https://eventcatalog.ru/agency/event_agentstva/
451;EmotionPRo;;+7(495) 740-63-76;;;;;;;https://eventcatalog.ru/agency/emotionpro/;https://eventcatalog.ru/agency/event_agentstva/
452;Emotions;;+7(093) 858-12-20 / +7(044) 456-20-49;;;;;;;https://eventcatalog.ru/agency/emotions/;https://eventcatalog.ru/agency/event_agentstva/
453;Ems Events;;+0(207)820-9000;;;;;;;https://eventcatalog.ru/agency/ems_events/;https://eventcatalog.ru/agency/event_agentstva/
454;Energy Life;;+7(495) 363-76-42 / +7(910) 422-26-28;;;;;;;https://eventcatalog.ru/agency/energy_life/;https://eventcatalog.ru/agency/event_agentstva/
455;Energy Nation;;+7(701)788-86-08 / +7(727)237-87-56;;;;;;;https://eventcatalog.ru/agency/energy_nation/;https://eventcatalog.ru/agency/event_agentstva/
456;Engadin Incoming Management;;+7(417) 928-25-10;;;;;;;https://eventcatalog.ru/agency/engadin_incoming_management/;https://eventcatalog.ru/agency/event_agentstva/
457;Engineering Design Event;;+7(495)646-61-66;;;;;;;https://eventcatalog.ru/agency/engineering_design_event/;https://eventcatalog.ru/agency/event_agentstva/
458;Enjoy Riga;;+7(371) 255-22-10 / +7(371) 296-81-84;;;;;;;https://eventcatalog.ru/agency/enjoy_riga/;https://eventcatalog.ru/agency/event_agentstva/
459;Entertainment msk;;+7(499)755-66-65 / +7(925)755-66-65;;;;;;;https://eventcatalog.ru/agency/entertainment_msk/;https://eventcatalog.ru/agency/event_agentstva/
460;Erua;;+7(499)192-05-49 / +7(916)992-99-42;;;;;;;https://eventcatalog.ru/agency/erua/;https://eventcatalog.ru/agency/event_agentstva/
461;EvaDia;;+7(495) 411-90-68 / +7(495) 979-87-31;;;;;;;https://eventcatalog.ru/agency/evadia/;https://eventcatalog.ru/agency/event_agentstva/
462;Evenement;;+7(982)663-97-28 / +7(902)272-27-72;;;;;;;https://eventcatalog.ru/agency/evenement/;https://eventcatalog.ru/agency/event_agentstva/
463;Event 03;;+7(924)650-82-66 / +7(902)166-70-64;;;;;;;https://eventcatalog.ru/agency/event_03/;https://eventcatalog.ru/agency/event_agentstva/
464;Event Agency D.G.V.;;+7(962) 946-76-85;;;;;;;https://eventcatalog.ru/agency/event_agency_d_g_v/;https://eventcatalog.ru/agency/event_agentstva/
465;Event Agency Iris;;+7(096) 159-44-55 / +7(044) 361-65-21;;;;;;;https://eventcatalog.ru/agency/event_agency_iris/;https://eventcatalog.ru/agency/event_agentstva/
466;Event Agents;;+7(903)756-14-71 / +7(926)680-46-96;;;;;;;https://eventcatalog.ru/agency/event_agents/;https://eventcatalog.ru/agency/event_agentstva/
467;Event Art;;+7(951)307-36-32;;;;;;;https://eventcatalog.ru/agency/event_art/;https://eventcatalog.ru/agency/event_agentstva/
468;Event Atelier;;+7(903) 000-81-28;;;;;;;https://eventcatalog.ru/agency/event_atelier/;https://eventcatalog.ru/agency/event_agentstva/
469;Event Avenue;;+7(495) 973-22-05;;;;;;;https://eventcatalog.ru/agency/event_avenue/;https://eventcatalog.ru/agency/event_agentstva/
470;Event Boutique;;+7(812) 400-90-92 / +7(921) 961-10-10;;;;;;;https://eventcatalog.ru/agency/event_boutique/;https://eventcatalog.ru/agency/event_agentstva/
471;Event Box;;+7(495)151-21-02 / +7(916)565-53-21;;;;;;;https://eventcatalog.ru/agency/event_box/;https://eventcatalog.ru/agency/event_agentstva/
472;Event Club;;+7(812)988-40-09 / +7(911)955-49-08;;;;;;;https://eventcatalog.ru/agency/event_club/;https://eventcatalog.ru/agency/event_agentstva/
473;Event Company Иркутск;;+7(3952) 404-799 / +7(3952) 622-115;;;;;;;https://eventcatalog.ru/agency/event_company_irkutsk/;https://eventcatalog.ru/agency/event_agentstva/
474;Event Days;;+7(499) 390-08-93 / +7(926) 819-99-24;;;;;;;https://eventcatalog.ru/agency/event_days/;https://eventcatalog.ru/agency/event_agentstva/
475;Event Envoy;;+380(44)221-26-35;;;;;;;https://eventcatalog.ru/agency/event_envoy/;https://eventcatalog.ru/agency/event_agentstva/
476;Event fantasy;;+7(499)502-25-50;;;;;;;https://eventcatalog.ru/agency/event_fantasy/;https://eventcatalog.ru/agency/event_agentstva/
477;Event First;;+7(812)766-06-50 / +7(921)099-66-33;;;;;;;https://eventcatalog.ru/agency/event_first/;https://eventcatalog.ru/agency/event_agentstva/
478;Event for Brand;;+7(495) 742-44-88;;;;;;;https://eventcatalog.ru/agency/event_for_brand/;https://eventcatalog.ru/agency/event_agentstva/
479;Event garden;;+7(495) 641-77-73 / +7info@eventgarden.r;;;;;;;https://eventcatalog.ru/agency/event_garden/;https://eventcatalog.ru/agency/event_agentstva/
480;Event Gem;;+7(499)136-75-14;;;;;;;https://eventcatalog.ru/agency/event_gem/;https://eventcatalog.ru/agency/event_agentstva/
481;Event Guide;;+7(903) 812-10-09;;;;;;;https://eventcatalog.ru/agency/event_guide/;https://eventcatalog.ru/agency/event_agentstva/
482;Event Guru;;+7(495) 924-34-23 / +7(926)-556-26-37;;;;;;;https://eventcatalog.ru/agency/event_guru/;https://eventcatalog.ru/agency/event_agentstva/
483;Event Haute Couture;;+7(495) 728-28-60;;;;;;;https://eventcatalog.ru/agency/event_haute_couture/;https://eventcatalog.ru/agency/event_agentstva/
484;Event Holidays;;+7(495)545-93-30;;;;;;;https://eventcatalog.ru/agency/event_holidays/;https://eventcatalog.ru/agency/event_agentstva/
485;Event Hooligans;;+7(963)773-54-81;;;;;;;https://eventcatalog.ru/agency/event_hooligans/;https://eventcatalog.ru/agency/event_agentstva/
486;Event in Hungary Budapest;;+36(705)077-554;;;;;;;https://eventcatalog.ru/agency/event_in_hungary_budapest/;https://eventcatalog.ru/agency/event_agentstva/
487;Event in style;;+7(499)390-15-71;;;;;;;https://eventcatalog.ru/agency/event_in_style/;https://eventcatalog.ru/agency/event_agentstva/
488;Event Kitchen;;+7(968)562-42-26 / +7(916)087-30-46;;;;;;;https://eventcatalog.ru/agency/event_kitchen/;https://eventcatalog.ru/agency/event_agentstva/
489;Event Lab;;+7(910) 470-84-68 / +7(495) 772-43-83;;;;;;;https://eventcatalog.ru/agency/event_lab/;https://eventcatalog.ru/agency/event_agentstva/
490;Event Laboratory;;+7(495) 648-45-81;;;;;;;https://eventcatalog.ru/agency/event_laboratory/;https://eventcatalog.ru/agency/event_agentstva/
491;Event Life;;+7(925) 839-43-99;;;;;;;https://eventcatalog.ru/agency/event_life/;https://eventcatalog.ru/agency/event_agentstva/
492;Event machine;;+7(977)104-26-41 / +7(926)555-94-52;;;;;;;https://eventcatalog.ru/agency/event_machine/;https://eventcatalog.ru/agency/event_agentstva/
493;Event major;;+7(985) 271-35-03 / +7(916) 057-72-74;;;;;;;https://eventcatalog.ru/agency/event_major/;https://eventcatalog.ru/agency/event_agentstva/
494;Event Makers;;+7(921)399-81-22;;;;;;;https://eventcatalog.ru/agency/event_makers/;https://eventcatalog.ru/agency/event_agentstva/
495;Event Management;;+7(495) 508-75-43;;;;;;;https://eventcatalog.ru/agency/event_management/;https://eventcatalog.ru/agency/event_agentstva/
496;Event Management _;;+7(495) 510-90-24;;;;;;;https://eventcatalog.ru/agency/event_management-2/;https://eventcatalog.ru/agency/event_agentstva/
497;Event Managment Bureau Russia;;+7(495) 232-17-75;;;;;;;https://eventcatalog.ru/agency/event_managment_bureau_russia/;https://eventcatalog.ru/agency/event_agentstva/
498;Event Peterhof;;+7(800)302-09-13 / +7(812)408-45-31;;;;;;;https://eventcatalog.ru/agency/event_peterhof/;https://eventcatalog.ru/agency/event_agentstva/
499;Event Planet;;+7(044) 221-86-11 / +7(093) 858-12-20;;;;;;;https://eventcatalog.ru/agency/event_planet/;https://eventcatalog.ru/agency/event_agentstva/
500;Event Planner;;+7(812) 951-66-52;;;;;;;https://eventcatalog.ru/agency/event_planner/;https://eventcatalog.ru/agency/event_agentstva/
501;Event Police;;+7(499) 502-21-44;;;;;;;https://eventcatalog.ru/agency/event_police/;https://eventcatalog.ru/agency/event_agentstva/
502;Event Practice;;+7(925)537-14-00;;;;;;;https://eventcatalog.ru/agency/event_practice/;https://eventcatalog.ru/agency/event_agentstva/
503;Event Pro;;+7(495) 626-12-79 / +7(495) 459-70-77;;;;;;;https://eventcatalog.ru/agency/event_pro/;https://eventcatalog.ru/agency/event_agentstva/
504;Event PRO Уфа;;+7(962) 540-70-45;;;;;;;https://eventcatalog.ru/agency/event_pro_ufa/;https://eventcatalog.ru/agency/event_agentstva/
505;Event Production;;+7(495)941-63-03 / +7(495)625-49-17;;;;;;;https://eventcatalog.ru/agency/event_production/;https://eventcatalog.ru/agency/event_agentstva/
506;Event Project;;+7(926) 349-70-69;;;;;;;https://eventcatalog.ru/agency/event_project/;https://eventcatalog.ru/agency/event_agentstva/
507;Event Service Agency;;+7(701)800-17-02;;;;;;;https://eventcatalog.ru/agency/event_service_agency/;https://eventcatalog.ru/agency/event_agentstva/
508;Event Services;;+7(495) 971-37-23;;;;;;;https://eventcatalog.ru/agency/event_services/;https://eventcatalog.ru/agency/event_agentstva/
509;Event Show Corporation;;+7(916)473-30-73 / +7(916)810-68-63;;;;;;;https://eventcatalog.ru/agency/event_show_corporation/;https://eventcatalog.ru/agency/event_agentstva/
510;Event Sky Club;;+7(495)215-52-30;;;;;;;https://eventcatalog.ru/agency/event_sky_club/;https://eventcatalog.ru/agency/event_agentstva/
511;Event Solution;;+7(495) 641-09-59;;;;;;;https://eventcatalog.ru/agency/event_solution/;https://eventcatalog.ru/agency/event_agentstva/
512;Event Sound Service;;+7(727) 352-87-56 / +7(707) 848-07-13;;;;;;;https://eventcatalog.ru/agency/event_sound_service/;https://eventcatalog.ru/agency/event_agentstva/
513;Event Story;;+7(495)507-69-98 / +7(963)777-51-93;;;;;;;https://eventcatalog.ru/agency/event_story/;https://eventcatalog.ru/agency/event_agentstva/
514;Event Studio;;+7(495)762-03-95 / +7(926)226-12-00;;;;;;;https://eventcatalog.ru/agency/event_studio/;https://eventcatalog.ru/agency/event_agentstva/
515;Event Studio Free Voice;;+7(38056) 716-65-32 / +7(38066) 284-31-57;;;;;;;https://eventcatalog.ru/agency/event_studio_free_voice/;https://eventcatalog.ru/agency/event_agentstva/
516;Event Technologies;;+7(495) 788-58-11;;;;;;;https://eventcatalog.ru/agency/event_technologies/;https://eventcatalog.ru/agency/event_agentstva/
517;Event to you;;+7(950)716-14-12;;;;;;;https://eventcatalog.ru/agency/event_to_you/;https://eventcatalog.ru/agency/event_agentstva/
518;Event VIP;;+7(495)517-20-05;;;;;;;https://eventcatalog.ru/agency/event_vip/;https://eventcatalog.ru/agency/event_agentstva/
519;Event Завод;;+7(345) 253-31-83 / +7(345) 246-16-94;;;;;;;https://eventcatalog.ru/agency/event_zavod/;https://eventcatalog.ru/agency/event_agentstva/
520;Event Корпорация;;+7(495) 912-16-62;;;;;;;https://eventcatalog.ru/agency/event_korporaciya/;https://eventcatalog.ru/agency/event_agentstva/
521;Event Столица;;+7(495) 670-50-93 / +7(495) 543-52-86;;;;;;;https://eventcatalog.ru/agency/event_stolica/;https://eventcatalog.ru/agency/event_agentstva/
522;Event Столица;;+7(495) 543-52-86 / +7(495) 670-50-93;;;;;;;https://eventcatalog.ru/agency/event_stolica-1/;https://eventcatalog.ru/agency/event_agentstva/
523;Event&More;;+7(495)795-18-89 / +7(968)818-28-93;;;;;;;https://eventcatalog.ru/agency/eventandmore/;https://eventcatalog.ru/agency/event_agentstva/
524;Event'l;;+7(926) 777-12-37 / +7(905) 502-33-77;;;;;;;https://eventcatalog.ru/agency/eventl/;https://eventcatalog.ru/agency/event_agentstva/
525;Event'n'Production IDEALSECRETS;;+7(044) 360-15-45;;;;;;;https://eventcatalog.ru/agency/eventnproduction_idealsecrets/;https://eventcatalog.ru/agency/event_agentstva/
526;Event-a-way.com;;+7(495) 210-14-47;;;;;;;https://eventcatalog.ru/agency/event-a-way_com/;https://eventcatalog.ru/agency/event_agentstva/
527;Event-creative;;+7(495) 507-33-18;;;;;;;https://eventcatalog.ru/agency/event-creative/;https://eventcatalog.ru/agency/event_agentstva/
528;Event-ER;;+7(812)385-55-01;;;;;;;https://eventcatalog.ru/agency/event-er/;https://eventcatalog.ru/agency/event_agentstva/
529;Event-Kitchen;;+7(423)291-55-13;;;;;;;https://eventcatalog.ru/agency/event-kitchen/;https://eventcatalog.ru/agency/event_agentstva/
530;Event-pro;;+7(926)162-46-17 / +7(915)299-14-74;;;;;;;https://eventcatalog.ru/agency/event-pro/;https://eventcatalog.ru/agency/event_agentstva/
531;Event-Production Атмосфера;;+7(905)039-67-69;;;;;;;https://eventcatalog.ru/agency/event-production_atmosfera/;https://eventcatalog.ru/agency/event_agentstva/
532;Event-Rise;;+7(499) 347-45-98 / +7(926) 212-56-74;;;;;;;https://eventcatalog.ru/agency/event-rise/;https://eventcatalog.ru/agency/event_agentstva/
533;Event-Style;;+7(495) 726-92-45;;;;;;;https://eventcatalog.ru/agency/event-style/;https://eventcatalog.ru/agency/event_agentstva/
534;Event-Times;;+7(499) 409-88-21;;;;;;;https://eventcatalog.ru/agency/event-times/;https://eventcatalog.ru/agency/event_agentstva/
535;Event-Volna;;+7(925)888-02-88;;;;;;;https://eventcatalog.ru/agency/event-volna/;https://eventcatalog.ru/agency/event_agentstva/
536;Event-агентство Елены Родионовой;;+7(8142) 78-55-13 / +7(911) 413-09-92;;;;;;;https://eventcatalog.ru/agency/event-agentstvo_eleny_rodionovoy/;https://eventcatalog.ru/agency/event_agentstva/
537;Event-завод №1;;+7(964) 635-39-84 / +7(495) 966-28-56;;;;;;;https://eventcatalog.ru/agency/event-zavod_1/;https://eventcatalog.ru/agency/event_agentstva/
538;Eventa Management;;+7(99871) 236-00-26 / +7(99893) 390-33-22;;;;;;;https://eventcatalog.ru/agency/eventa_management/;https://eventcatalog.ru/agency/event_agentstva/
539;Eventage;;+7(495) 722-90-96;;;;;;;https://eventcatalog.ru/agency/eventage/;https://eventcatalog.ru/agency/event_agentstva/
540;Eventail;;+7(495) 585-65-75;;;;;;;https://eventcatalog.ru/agency/eventail/;https://eventcatalog.ru/agency/event_agentstva/
541;EventAmira;;+7(989)852-60-00 / +7(918)352-12-10;;;;;;;https://eventcatalog.ru/agency/eventamira/;https://eventcatalog.ru/agency/event_agentstva/
542;EventBerry;;+7(495) 971-08-57;;;;;;;https://eventcatalog.ru/agency/eventberry/;https://eventcatalog.ru/agency/event_agentstva/
543;EventButiq;;+7(925)916-96-55 / +7(495)721-75-89;;;;;;;https://eventcatalog.ru/agency/eventbutiq/;https://eventcatalog.ru/agency/event_agentstva/
544;EventCity;;+7(495)120-20-07;;;;;;;https://eventcatalog.ru/agency/eventcity/;https://eventcatalog.ru/agency/event_agentstva/
545;Eventcomp;;+7(812)923-12-25;;;;;;;https://eventcatalog.ru/agency/eventcomp/;https://eventcatalog.ru/agency/event_agentstva/
546;Eventdom;;+49(8912)223-3777 / +49(8912)223-3700;;;;;;;https://eventcatalog.ru/agency/eventdom/;https://eventcatalog.ru/agency/event_agentstva/
547;EventForYou;;+7(495)727-85-52;;;;;;;https://eventcatalog.ru/agency/eventforyou/;https://eventcatalog.ru/agency/event_agentstva/
548;EventFriends;;+7(862)291-29-19;;;;;;;https://eventcatalog.ru/agency/eventfriends/;https://eventcatalog.ru/agency/event_agentstva/
549;Eventful Agency;;+7(495) 698-54-04 / +7(495) 698-54-14;;;;;;;https://eventcatalog.ru/agency/eventful_agency/;https://eventcatalog.ru/agency/event_agentstva/
550;EventGroup39;;+7(906)230-90-30;;;;;;;https://eventcatalog.ru/agency/eventgroup39/;https://eventcatalog.ru/agency/event_agentstva/
551;Eventino;;+7(351)776-93-95 / +7(904)307-41-41;;;;;;;https://eventcatalog.ru/agency/eventino/;https://eventcatalog.ru/agency/event_agentstva/
552;EventLaVita;;+7(499) 367-64-45 / +7(916) 302-48-76;;;;;;;https://eventcatalog.ru/agency/eventlavita/;https://eventcatalog.ru/agency/event_agentstva/
553;EventMania;http://eventmania.moscow;+7(926)063-73-40;;;;;;;https://eventcatalog.ru/agency/eventmania/;https://eventcatalog.ru/agency/event_agentstva/
554;EVENTMATE;;+7(925)505-07-47 / +7(916)292-92-32;;;;;;;https://eventcatalog.ru/agency/eventmate/;https://eventcatalog.ru/agency/event_agentstva/
555;Eventnew;;+7(849) 569-90-85;;;;;;;https://eventcatalog.ru/agency/eventnew/;https://eventcatalog.ru/agency/event_agentstva/
556;Evento-group;;+7(861)247-77-50 / +7(861)247-77-60;;;;;;;https://eventcatalog.ru/agency/evento-group/;https://eventcatalog.ru/agency/event_agentstva/
557;Eventors;;+7(495)722-52-29;;;;;;;https://eventcatalog.ru/agency/eventors/;https://eventcatalog.ru/agency/event_agentstva/
558;Eventovo;;+7(967)767-98-88 / +7(499)322-44-69;;;;;;;https://eventcatalog.ru/agency/eventovo/;https://eventcatalog.ru/agency/event_agentstva/
559;EventPark;;+375(29)105-31-00 / +375(29)527-52-20;;;;;;;https://eventcatalog.ru/agency/eventpark/;https://eventcatalog.ru/agency/event_agentstva/
560;Eventpartners;;+7(499)713-08-31;;;;;;;https://eventcatalog.ru/agency/eventpartners/;https://eventcatalog.ru/agency/event_agentstva/
561;Eventprazdnik;;+7(925)600-82-88 / +7(906)773-10-96;;;;;;;https://eventcatalog.ru/agency/eventprazdnik/;https://eventcatalog.ru/agency/event_agentstva/
562;EventRevolution;;+7(495) 504-46-83 / +7(495) 631-63-82;;;;;;;https://eventcatalog.ru/agency/eventrevolution/;https://eventcatalog.ru/agency/event_agentstva/
563;Events Shop;;+7(925)176-31-78;;;;;;;https://eventcatalog.ru/agency/events_shop/;https://eventcatalog.ru/agency/event_agentstva/
564;Events. События и коммуникации;;+7(495) 775-44-31 / +7(495) 628-27-80;;;;;;;https://eventcatalog.ru/agency/events_sobytiya_i_kommunikacii/;https://eventcatalog.ru/agency/event_agentstva/
565;EventShow;;+7(495) 729-00-05;;;;;;;https://eventcatalog.ru/agency/eventshow/;https://eventcatalog.ru/agency/event_agentstva/
566;Eventsshow;https://eventsshow.ru;+7(937)853-21-74;;;;;;;https://eventcatalog.ru/agency/eventsshow/;https://eventcatalog.ru/agency/event_agentstva/
567;Eventual;;+7(495)266-06-26;;;;;;;https://eventcatalog.ru/agency/eventual/;https://eventcatalog.ru/agency/event_agentstva/
568;Eventum Premo;http://www.eventum-premo.ru;+7(495)785-84-46 / +7(495)785-84-47;https://www.instagram.com/inside_eventumpremo/;;;https://vk.com/eventumpremo;;;https://eventcatalog.ru/agency/eventum_premo/;https://eventcatalog.ru/agency/event_agentstva/
569;Eventus;;+7(3462) 22-84-24;;;;;;;https://eventcatalog.ru/agency/eventus/;https://eventcatalog.ru/agency/event_agentstva/
570;Eventus. Новосибирск;;+7(383) 351-25-83 / +7(913) 451-99-11;;;;;;;https://eventcatalog.ru/agency/eventus_novosibirsk/;https://eventcatalog.ru/agency/event_agentstva/
571;Eventy Brothers;;+7(911)085-86-50;;;;;;;https://eventcatalog.ru/agency/eventy_brothers/;https://eventcatalog.ru/agency/event_agentstva/
572;EventВсегда;;+7(495)517-77-02;;;;;;;https://eventcatalog.ru/agency/eventvsegda/;https://eventcatalog.ru/agency/event_agentstva/
573;Everest;;+7(495) 641-82-51;;;;;;;https://eventcatalog.ru/agency/everest/;https://eventcatalog.ru/agency/event_agentstva/
574;Everybody;;+7(960) 166-66-00;;;;;;;https://eventcatalog.ru/agency/everybody/;https://eventcatalog.ru/agency/event_agentstva/
575;Everyday Holiday Production;;+7(4822)60-03-32 / +7(925)755-82-53;;;;;;;https://eventcatalog.ru/agency/everyday_holiday_production/;https://eventcatalog.ru/agency/event_agentstva/
576;EvoTeam;;+7(495)772-16-05;;;;;;;https://eventcatalog.ru/agency/evoteam/;https://eventcatalog.ru/agency/event_agentstva/
577;Exclusive;;+7(918)554-21-14 / +7(863)275-02-75;;;;;;;https://eventcatalog.ru/agency/exclusive/;https://eventcatalog.ru/agency/event_agentstva/
578;Exclusive Media;;+7(495) 741-63-90 / +7(906) 077-19-86;;;;;;;https://eventcatalog.ru/agency/exclusive_media/;https://eventcatalog.ru/agency/event_agentstva/
579;Express Group;;+7(961)478-18-00 / +7(906)493-48-00;;;;;;;https://eventcatalog.ru/agency/express_group/;https://eventcatalog.ru/agency/event_agentstva/
580;EZ;;+7(915)695-20-19 / +7(903)845-77-33;;;;;;;https://eventcatalog.ru/agency/ez/;https://eventcatalog.ru/agency/event_agentstva/
581;Fabula Event;;+7(499)755-60-66 / +7(926)632-64-97;;;;;;;https://eventcatalog.ru/agency/fabula_event/;https://eventcatalog.ru/agency/event_agentstva/
582;Face Gallery Agency;;+7(495) 223-68-24;;;;;;;https://eventcatalog.ru/agency/face_gallery_agency/;https://eventcatalog.ru/agency/event_agentstva/
583;Face2Face;;+7(495) 621-82-44;;;;;;;https://eventcatalog.ru/agency/face2face/;https://eventcatalog.ru/agency/event_agentstva/
584;FacesFor;;+7(495)997-95-94;;;;;;;https://eventcatalog.ru/agency/facesfor/;https://eventcatalog.ru/agency/event_agentstva/
585;Fairytale;;+7(911)169-00-21;;;;;;;https://eventcatalog.ru/agency/fairytale/;https://eventcatalog.ru/agency/event_agentstva/
586;Fame communication group;;+7(495) 589-31-43;;;;;;;https://eventcatalog.ru/agency/fame_communication_group/;https://eventcatalog.ru/agency/event_agentstva/
587;Family: events&promotions;;+7(926)160-04-87;;;;;;;https://eventcatalog.ru/agency/family_eventsandpromotions/;https://eventcatalog.ru/agency/event_agentstva/
588;FamilyGroup;;+7(961)477-66-66 / +7(918)745-55-47;;;;;;;https://eventcatalog.ru/agency/familygroup/;https://eventcatalog.ru/agency/event_agentstva/
589;Fantasy Bride;;+7(063) 439-42-23;;;;;;;https://eventcatalog.ru/agency/fantasy_bride/;https://eventcatalog.ru/agency/event_agentstva/
590;Fantasy Way;;+7(495) 628-16-14 / +7(495) 506-99-80;;;;;;;https://eventcatalog.ru/agency/fantasy_way/;https://eventcatalog.ru/agency/event_agentstva/
591;Fashion Animals;;+7(814) 228-13-73;;;;;;;https://eventcatalog.ru/agency/fashion_animals/;https://eventcatalog.ru/agency/event_agentstva/
592;Fashion Empire;;+7(913)000-68-48 / +7(383)222-07-50;;;;;;;https://eventcatalog.ru/agency/fashion_empire/;https://eventcatalog.ru/agency/event_agentstva/
593;Favorite Show;;+7(495) 631-04-11;;;;;;;https://eventcatalog.ru/agency/favorite_show/;https://eventcatalog.ru/agency/event_agentstva/
594;FBR;;+7(863) 280-66-55 / +7(863) 280-56-65;;;;;;;https://eventcatalog.ru/agency/fbr/;https://eventcatalog.ru/agency/event_agentstva/
595;Feel You;https://feelyouevent.ru;+7(926)050-12-62 / +7(929)632-22-25;;;;;;;https://eventcatalog.ru/agency/feel_you/;https://eventcatalog.ru/agency/event_agentstva/
596;Feerique Event & Emotions;;+7(999)983-03-85;;;;;;;https://eventcatalog.ru/agency/feerique_event_and_emotions/;https://eventcatalog.ru/agency/event_agentstva/
597;Felicita;;+7(843) 245-46-65;;;;;;;https://eventcatalog.ru/agency/felicita/;https://eventcatalog.ru/agency/event_agentstva/
598;Felix - Event;;+7(903) 449-21-13 / +7(861) 253-94-38;;;;;;;https://eventcatalog.ru/agency/felix_-_event/;https://eventcatalog.ru/agency/event_agentstva/
599;Fenix event;;+7(495)724-63-04 / +7(906)701-11-04;;;;;;;https://eventcatalog.ru/agency/fenix_event/;https://eventcatalog.ru/agency/event_agentstva/
600;Festa;;+7(495)961-00-95;;;;;;;https://eventcatalog.ru/agency/festa/;https://eventcatalog.ru/agency/event_agentstva/
601;Festa Studio;;+7(495) 508-37-03;;;;;;;https://eventcatalog.ru/agency/festa_studio/;https://eventcatalog.ru/agency/event_agentstva/
602;Festivals master;;+7(812) 714-38-91 / +7(921) 321-69-73;;;;;;;https://eventcatalog.ru/agency/festivals_master/;https://eventcatalog.ru/agency/event_agentstva/
603;Fetiskin.ru;;+7(926) 693-33-36;;;;;;;https://eventcatalog.ru/agency/fetiskin_ru/;https://eventcatalog.ru/agency/event_agentstva/
604;Fiesta de Ninel;;+7(903) 401-90-36;;;;;;;https://eventcatalog.ru/agency/fiesta_de_ninel/;https://eventcatalog.ru/agency/event_agentstva/
605;Fiesta Zp;;+380(97)620-44-24 / +380(67)157-27-44;;;;;;;https://eventcatalog.ru/agency/fiesta_zp/;https://eventcatalog.ru/agency/event_agentstva/
606;Fiore d'Amore;;+39(380)7961-779;;;;;;;https://eventcatalog.ru/agency/fiore_damore/;https://eventcatalog.ru/agency/event_agentstva/
607;First Class;;+7(925) 771-05-82 / +7(926) 867-48-84;;;;;;;https://eventcatalog.ru/agency/first_class/;https://eventcatalog.ru/agency/event_agentstva/
608;First Dance Agency;;+7(050) 410-45-36;;;;;;;https://eventcatalog.ru/agency/first_dance_agency/;https://eventcatalog.ru/agency/event_agentstva/
609;First Event;;+7(499)110-71-14 / +7(963)999-90-00;;;;;;;https://eventcatalog.ru/agency/first_event/;https://eventcatalog.ru/agency/event_agentstva/
610;First Event Agency;;+7(495) 543-64-06 / +7(495) 504-20-16;;;;;;;https://eventcatalog.ru/agency/first_event_agency/;https://eventcatalog.ru/agency/event_agentstva/
611;Firstar;;+7(495)374-73-07;;;;;;;https://eventcatalog.ru/agency/firstar/;https://eventcatalog.ru/agency/event_agentstva/
612;Flash Music;;+7(926) 203-97-74 / +7(926) 139-80-60;;;;;;;https://eventcatalog.ru/agency/flash_music/;https://eventcatalog.ru/agency/event_agentstva/
613;Floriel;;+7(067) 988-99-99 / +7(044) 209-86-86;;;;;;;https://eventcatalog.ru/agency/floriel/;https://eventcatalog.ru/agency/event_agentstva/
614;FLY-MEDIA;;+7(095) 845-41-87 / +7(097) 684-94-25;;;;;;;https://eventcatalog.ru/agency/fly-media/;https://eventcatalog.ru/agency/event_agentstva/
615;FN Studio;;+7(495) 649-07-04;;;;;;;https://eventcatalog.ru/agency/fn_studio/;https://eventcatalog.ru/agency/event_agentstva/
616;For Events;;+7(499)130-88-40 / +7(903)130-88-40;;;;;;;https://eventcatalog.ru/agency/for_events/;https://eventcatalog.ru/agency/event_agentstva/
617;For people group;https://eventforpeople.ru;+7(985)222-05-57 / +7(925)122-11-43;;;;;;;https://eventcatalog.ru/agency/for_people_group/;https://eventcatalog.ru/agency/event_agentstva/
618;Forward;;+7(812) 716-99-17 / +7(911) 092-22-26;;;;;;;https://eventcatalog.ru/agency/forward/;https://eventcatalog.ru/agency/event_agentstva/
619;ForwArt;;+7(495)755-14-24 / +7(985)829-42-63;;;;;;;https://eventcatalog.ru/agency/forwart/;https://eventcatalog.ru/agency/event_agentstva/
620;Fotoparty.org;;+7(916)875-58-25;;;;;;;https://eventcatalog.ru/agency/fotoparty_org/;https://eventcatalog.ru/agency/event_agentstva/
621;FOX Events;;+7(727) 244-18-45;;;;;;;https://eventcatalog.ru/agency/fox_events/;https://eventcatalog.ru/agency/event_agentstva/
622;Fox Park;;+7(495)640-24-70;;;;;;;https://eventcatalog.ru/agency/fox_park/;https://eventcatalog.ru/agency/event_agentstva/
623;Foxnote;;+7(495)649-13-82;;;;;;;https://eventcatalog.ru/agency/foxnote/;https://eventcatalog.ru/agency/event_agentstva/
624;Free Lance Event Group;;+7(495) 726-41-49 / +7(926) 602-93-58;;;;;;;https://eventcatalog.ru/agency/free_lance_event_group/;https://eventcatalog.ru/agency/event_agentstva/
625;Freedom;;+375(29)626-86-99 / +375(29)773-04-69;;;;;;;https://eventcatalog.ru/agency/freedom/;https://eventcatalog.ru/agency/event_agentstva/
626;FreeLines;;+7(343)371-61-15;;;;;;;https://eventcatalog.ru/agency/freelines/;https://eventcatalog.ru/agency/event_agentstva/
627;Freeple;;+7(495) 625-35-10 / +7(495) 621-35-60;;;;;;;https://eventcatalog.ru/agency/freeple/;https://eventcatalog.ru/agency/event_agentstva/
628;Fresh Event Group;;+7(848) 262-13-06 / +7(927) 213-00-26;;;;;;;https://eventcatalog.ru/agency/fresh_event_group/;https://eventcatalog.ru/agency/event_agentstva/
629;Fresh Solutions;;+7(926) 522-64-69;;;;;;;https://eventcatalog.ru/agency/fresh_solutions/;https://eventcatalog.ru/agency/event_agentstva/
630;Friends;;+7(093) 070-70-00;;;;;;;https://eventcatalog.ru/agency/friends/;https://eventcatalog.ru/agency/event_agentstva/
631;Friends events;;+7(499)178-85-26;;;;;;;https://eventcatalog.ru/agency/friends_events/;https://eventcatalog.ru/agency/event_agentstva/
632;Frozzy;;+7(905) 553-26-68;;;;;;;https://eventcatalog.ru/agency/frozzy/;https://eventcatalog.ru/agency/event_agentstva/
633;FST consulting;;+7(910)931-83-04 / +7(952)061-60-30;;;;;;;https://eventcatalog.ru/agency/fst_consulting/;https://eventcatalog.ru/agency/event_agentstva/
634;Fun Event;;+7(495) 979-92-09 / +7(926) 961-42-00;;;;;;;https://eventcatalog.ru/agency/fun_event/;https://eventcatalog.ru/agency/event_agentstva/
635;Fun Events;;+7(495) 729-21-30;;;;;;;https://eventcatalog.ru/agency/fun_events/;https://eventcatalog.ru/agency/event_agentstva/
636;Fun Face;;+7(812) 642-49-36;;;;;;;https://eventcatalog.ru/agency/fun_face/;https://eventcatalog.ru/agency/event_agentstva/
637;Fun To Learn;;+7(812)605-22-05 / +7(812)985-47-55;;;;;;;https://eventcatalog.ru/agency/fun_to_learn/;https://eventcatalog.ru/agency/event_agentstva/
638;Fun-Service;;+7(495) 694-34-06 / +7(495) 694-40-30;;;;;;;https://eventcatalog.ru/agency/fun-service/;https://eventcatalog.ru/agency/event_agentstva/
639;Funco;;+7(495) 518-27-58 / +7(901) 535-10-15;;;;;;;https://eventcatalog.ru/agency/funco/;https://eventcatalog.ru/agency/event_agentstva/
640;Funk Media;;+7(499)713-57-41 / +7(901)183-57-41;;;;;;;https://eventcatalog.ru/agency/funk_media/;https://eventcatalog.ru/agency/event_agentstva/
641;FunKey;;+7(905) 223-14-12 / +7(812) 982-93-30;;;;;;;https://eventcatalog.ru/agency/funkey/;https://eventcatalog.ru/agency/event_agentstva/
642;Funkitchen;;+380(98)599-91-77 / +380(44)599-91-77;;;;;;;https://eventcatalog.ru/agency/funkitchen/;https://eventcatalog.ru/agency/event_agentstva/
643;FunLife;;+7(38044) 520-09-75;;;;;;;https://eventcatalog.ru/agency/funlife/;https://eventcatalog.ru/agency/event_agentstva/
644;Funny;;+7(495) 972-84-18 / +7(495) 972-85-18;;;;;;;https://eventcatalog.ru/agency/funny/;https://eventcatalog.ru/agency/event_agentstva/
645;Funny - Не скучай;;+7(495) 972-85-18 / +7(901) 513-70-77;;;;;;;https://eventcatalog.ru/agency/funny_-_ne_skuchay/;https://eventcatalog.ru/agency/event_agentstva/
646;Funprazdnik;;+7(925)631-39-69;;;;;;;https://eventcatalog.ru/agency/funprazdnik/;https://eventcatalog.ru/agency/event_agentstva/
647;FunTime;;+7(495) 694-40-30;;;;;;;https://eventcatalog.ru/agency/funtime/;https://eventcatalog.ru/agency/event_agentstva/
648;FUNtoB;;+7(495) 685-94-58 / +7(495) 685-94-59;;;;;;;https://eventcatalog.ru/agency/funtob/;https://eventcatalog.ru/agency/event_agentstva/
649;Funtoyou;;+7(906)226-07-76 / +7(966)855-99-95;;;;;;;https://eventcatalog.ru/agency/funtoyou/;https://eventcatalog.ru/agency/event_agentstva/
650;FunTun;;+7(495)928-29-66 / +7(495)928-29-75;;;;;;;https://eventcatalog.ru/agency/funtun/;https://eventcatalog.ru/agency/event_agentstva/
651;FunСтудия;;+7(499) 343-15-65 / +7(964) 649-56-00;;;;;;;https://eventcatalog.ru/agency/funstudiya/;https://eventcatalog.ru/agency/event_agentstva/
652;Future Corporate Image;;+7(495) 789-40-99 / +7(916) 227-59-77;;;;;;;https://eventcatalog.ru/agency/future_corporate_image/;https://eventcatalog.ru/agency/event_agentstva/
653;G&G;;+7(499)290-50-70;;;;;;;https://eventcatalog.ru/agency/gandg/;https://eventcatalog.ru/agency/event_agentstva/
654;Gala;;+7(985)043-62-33 / +7(916)129-59-99;;;;;;;https://eventcatalog.ru/agency/gala/;https://eventcatalog.ru/agency/event_agentstva/
655;Galactic Group;;+7(495)987-10-82;;;;;;;https://eventcatalog.ru/agency/galactic_group/;https://eventcatalog.ru/agency/event_agentstva/
656;Gam&Mag;;+7(863)246-15-24 / +7(863)237-43-61;;;;;;;https://eventcatalog.ru/agency/gamandmag/;https://eventcatalog.ru/agency/event_agentstva/
657;Games for event;;+7(926) 530-49-13;;;;;;;https://eventcatalog.ru/agency/games_for_event/;https://eventcatalog.ru/agency/event_agentstva/
658;Gaudi Group;;+7(499)755-53-08;;;;;;;https://eventcatalog.ru/agency/gaudi_group/;https://eventcatalog.ru/agency/event_agentstva/
659;GB Agency;;+380(66)107-29-29 / +380(67)107-29-29;;;;;;;https://eventcatalog.ru/agency/gb_agency/;https://eventcatalog.ru/agency/event_agentstva/
660;Gefest Event;;+7(499)490-68-90 / +7(499)346-80-14;;;;;;;https://eventcatalog.ru/agency/gefest_event/;https://eventcatalog.ru/agency/event_agentstva/
661;General Party;;+7(495) 724-13-33 / +7(495) 795-13-31;;;;;;;https://eventcatalog.ru/agency/general_party/;https://eventcatalog.ru/agency/event_agentstva/
662;Genesis Promotions;;+7(909) 935-48-11 / +7(926) 149-14-37;;;;;;;https://eventcatalog.ru/agency/genesis_promotions/;https://eventcatalog.ru/agency/event_agentstva/
663;Genius Event Machine;;+7(495)778-80-18 / +7(999)917-10-90;;;;;;;https://eventcatalog.ru/agency/genius_event_machine/;https://eventcatalog.ru/agency/event_agentstva/
664;GeoMission;;+7(495)518-27-58 / +7(495)519-01-29;;;;;;;https://eventcatalog.ru/agency/geomission/;https://eventcatalog.ru/agency/event_agentstva/
665;Get Together;;+7(495)642-30-22;;;;;;;https://eventcatalog.ru/agency/get_together/;https://eventcatalog.ru/agency/event_agentstva/
666;Gett in Love;http://www.gettinlove.ru;+7(963)697-49-84 / +7(999)979-87-83;;;;;;;https://eventcatalog.ru/agency/gett_in_love/;https://eventcatalog.ru/agency/event_agentstva/
667;Giraffe;;+7(863) 264-42-22 / +7(903) 401-45-38;;;;;;;https://eventcatalog.ru/agency/giraffe/;https://eventcatalog.ru/agency/event_agentstva/
668;Glavnoe Sobytie;;+7(495)323-99-90;;;;;;;https://eventcatalog.ru/agency/glavnoe_sobytie/;https://eventcatalog.ru/agency/event_agentstva/
669;GleeDay;;+7(495) 725-90-98 / +7(926) 591-54-47;;;;;;;https://eventcatalog.ru/agency/gleeday/;https://eventcatalog.ru/agency/event_agentstva/
670;Global Business Events;;+7(495)645-18-64;;;;;;;https://eventcatalog.ru/agency/global_business_events/;https://eventcatalog.ru/agency/event_agentstva/
671;Global event;;+7(495) 774-77-99;;;;;;;https://eventcatalog.ru/agency/global_event/;https://eventcatalog.ru/agency/event_agentstva/
672;Global Festina;;+7(964) 591-21-12 / +7(499) 343-15-75;;;;;;;https://eventcatalog.ru/agency/global_festina/;https://eventcatalog.ru/agency/event_agentstva/
673;Global Show;;+7(097) 945-44-85 / +7(093) 459-01-16;;;;;;;https://eventcatalog.ru/agency/global_show/;https://eventcatalog.ru/agency/event_agentstva/
674;Global-e.b.a.;;+7(044) 228-07-66 / +7 (044) 507-16-96;;;;;;;https://eventcatalog.ru/agency/global-e_b_a/;https://eventcatalog.ru/agency/event_agentstva/
675;GlobalShow;;+7(495) 744-77-46 / +7(495) 971-47-23;;;;;;;https://eventcatalog.ru/agency/globalshow/;https://eventcatalog.ru/agency/event_agentstva/
676;Globusi Ltd;;+995(591)155-343;;;;;;;https://eventcatalog.ru/agency/globusi_ltd/;https://eventcatalog.ru/agency/event_agentstva/
677;Gloria Group;;+7(916) 097-66-92;;;;;;;https://eventcatalog.ru/agency/gloria_group/;https://eventcatalog.ru/agency/event_agentstva/
678;Glory event agency;;+7(495)514-49-08;;;;;;;https://eventcatalog.ru/agency/glory_event_agency/;https://eventcatalog.ru/agency/event_agentstva/
679;Go;;+7(343) 287-03-03 / +7(902) 264-03-83;;;;;;;https://eventcatalog.ru/agency/go/;https://eventcatalog.ru/agency/event_agentstva/
680;Go Group;;+7(915)396-75-89 / +7(964)719-46-17;;;;;;;https://eventcatalog.ru/agency/go_group/;https://eventcatalog.ru/agency/event_agentstva/
681;Go Project;;+7(920)771-42-71;;;;;;;https://eventcatalog.ru/agency/go_project/;https://eventcatalog.ru/agency/event_agentstva/
682;Go&Do;;+7(495)118-39-66 / +7(977)187-32-41;;;;;;;https://eventcatalog.ru/agency/goanddo/;https://eventcatalog.ru/agency/event_agentstva/
683;Goglo Russia;;+7(499)110-78-87 / +7(964)718-55-50;;;;;;;https://eventcatalog.ru/agency/goglo_russia/;https://eventcatalog.ru/agency/event_agentstva/
684;Gold;;+7(865) 230-00-55 / +7(865) 226-55-54;;;;;;;https://eventcatalog.ru/agency/gold/;https://eventcatalog.ru/agency/event_agentstva/
685;Gold Cherry;;+7(861) 226-18-63 / +7(918) 464-76-46;;;;;;;https://eventcatalog.ru/agency/gold_cherry/;https://eventcatalog.ru/agency/event_agentstva/
686;Gold Master;;+7(495) 644-16-93 / +7(495) 228-88-82;;;;;;;https://eventcatalog.ru/agency/gold_master/;https://eventcatalog.ru/agency/event_agentstva/
687;Gold Stream;;+7(495) 646-28-24;;;;;;;https://eventcatalog.ru/agency/gold_stream/;https://eventcatalog.ru/agency/event_agentstva/
688;Gold-Wedding;;+7(495)761-17-62 / +7(985)761-17-62;;;;;;;https://eventcatalog.ru/agency/gold-wedding/;https://eventcatalog.ru/agency/event_agentstva/
689;Golden Art;;+7(093) 454-98-98 / +7(0536)760-850;;;;;;;https://eventcatalog.ru/agency/golden_art/;https://eventcatalog.ru/agency/event_agentstva/
690;Golden Fish Company;;+7(495) 545-82-68 / +7(495) 545-82-69;;;;;;;https://eventcatalog.ru/agency/golden_fish_company/;https://eventcatalog.ru/agency/event_agentstva/
691;Golden Lilium;;+7(905) 708-52-70;;;;;;;https://eventcatalog.ru/agency/golden_lilium/;https://eventcatalog.ru/agency/event_agentstva/
692;Golden Models Agency;;+7(905) 717-30-12;;;;;;;https://eventcatalog.ru/agency/golden_models_agency/;https://eventcatalog.ru/agency/event_agentstva/
693;Good Brand;;+7(831) 410-73-14 / +7(831) 417-88-43;;;;;;;https://eventcatalog.ru/agency/good_brand/;https://eventcatalog.ru/agency/event_agentstva/
694;Good Fox;;+7(903)311-11-65;;;;;;;https://eventcatalog.ru/agency/good_fox/;https://eventcatalog.ru/agency/event_agentstva/
695;Good Times;;+7(495) 778-66-86 / +7(495) 951-56-06;;;;;;;https://eventcatalog.ru/agency/good_times/;https://eventcatalog.ru/agency/event_agentstva/
696;Good-MICE;;+7(495)518-79-14 / +7(495)233-2235;;;;;;;https://eventcatalog.ru/agency/good-mice/;https://eventcatalog.ru/agency/event_agentstva/
697;Goodquiz;;+7(977)304-69-25;;;;;;;https://eventcatalog.ru/agency/goodquiz/;https://eventcatalog.ru/agency/event_agentstva/
698;Goodwill;;+7(978)743-75-19 / +380(65)278-83-06;;;;;;;https://eventcatalog.ru/agency/goodwill/;https://eventcatalog.ru/agency/event_agentstva/
699;Gorky wedding;;+7(890) 635-66-02;;;;;;;https://eventcatalog.ru/agency/gorky_wedding/;https://eventcatalog.ru/agency/event_agentstva/
700;Gourmet;;+7(812)987-76-18 / +7(952)248-57-10;;;;;;;https://eventcatalog.ru/agency/gourmet/;https://eventcatalog.ru/agency/event_agentstva/
701;Graffin-event;;+7(343)266-32-67;;;;;;;https://eventcatalog.ru/agency/graffin-event/;https://eventcatalog.ru/agency/event_agentstva/
702;Gran Volta;;+7(4912)51-79-94 / +7(952)122-99-22;;;;;;;https://eventcatalog.ru/agency/gran_volta/;https://eventcatalog.ru/agency/event_agentstva/
703;Granat Show;;+7(929)971-02-41 / +7(495)740-52-54;;;;;;;https://eventcatalog.ru/agency/granat_show/;https://eventcatalog.ru/agency/event_agentstva/
704;Grand Feast;;+7(960)441-78-78 / +7(928)894-19-90;;;;;;;https://eventcatalog.ru/agency/grand_feast/;https://eventcatalog.ru/agency/event_agentstva/
705;Grand Fiesta;;+7(8652) 92-80-73;;;;;;;https://eventcatalog.ru/agency/grand_fiesta/;https://eventcatalog.ru/agency/event_agentstva/
706;Grand Fiesta Company;;+375(29)670-81-11;;;;;;;https://eventcatalog.ru/agency/grand_fiesta_company/;https://eventcatalog.ru/agency/event_agentstva/
707;Grand Holiday;;+7(812) 913-17-98 / +7(813) 913-17-08;;;;;;;https://eventcatalog.ru/agency/grand_holiday/;https://eventcatalog.ru/agency/event_agentstva/
708;Grand mice agency;;+7(965)369-11-00 / +7(925)064-13-66;;;;;;;https://eventcatalog.ru/agency/grand_mice_agency/;https://eventcatalog.ru/agency/event_agentstva/
709;Grand Wedding;;+7(985)121-21-12;;;;;;;https://eventcatalog.ru/agency/grand_wedding/;https://eventcatalog.ru/agency/event_agentstva/
710;Grandazur;;+33(753)279-629;;;;;;;https://eventcatalog.ru/agency/grandazur/;https://eventcatalog.ru/agency/event_agentstva/
711;Granovskih Producion;;+7(095) 405-45-95;;;;;;;https://eventcatalog.ru/agency/granovskih_producion/;https://eventcatalog.ru/agency/event_agentstva/
712;Grayfer Group;;+7(495) 740-56-45;;;;;;;https://eventcatalog.ru/agency/grayfer_group/;https://eventcatalog.ru/agency/event_agentstva/
713;Great People;;+7(982) 473-27-25 / +7(950) 467-06-24;;;;;;;https://eventcatalog.ru/agency/great_people/;https://eventcatalog.ru/agency/event_agentstva/
714;GreatEvent;;+7(499)341-86-69 / +7(926)444-33-53;;;;;;;https://eventcatalog.ru/agency/greatevent/;https://eventcatalog.ru/agency/event_agentstva/
715;Green Production Group;;+7 909 992 25 07;;;;;;;https://eventcatalog.ru/agency/green_production_group/;https://eventcatalog.ru/agency/event_agentstva/
716;GreenApples;;+7(499) 157-59-16 / +7(499) 157-55-39;;;;;;;https://eventcatalog.ru/agency/greenapples/;https://eventcatalog.ru/agency/event_agentstva/
717;Greenlight;;+7(495) 662-99-67 / +7(915) 141-36-77;;;;;;;https://eventcatalog.ru/agency/greenlight/;https://eventcatalog.ru/agency/event_agentstva/
718;Grusha;;+7(495)101-75-97;;;;;;;https://eventcatalog.ru/agency/grusha/;https://eventcatalog.ru/agency/event_agentstva/
719;Grymerka;;+7(999)989-84-52 / +7(999)015-99-88;;;;;;;https://eventcatalog.ru/agency/grymerka/;https://eventcatalog.ru/agency/event_agentstva/
720;GST Production;;+7(495)231-68-38;;;;;;;https://eventcatalog.ru/agency/gst_production/;https://eventcatalog.ru/agency/event_agentstva/
721;Guarantee of Success;;+7(495) 211-11-72;;;;;;;https://eventcatalog.ru/agency/guarantee_of_success/;https://eventcatalog.ru/agency/event_agentstva/
722;Hada Group;;+7(909)959-93-63;;;;;;;https://eventcatalog.ru/agency/hada_group/;https://eventcatalog.ru/agency/event_agentstva/
723;Halo Show;;+7(499) 183-73-31 / +7(926) 595-79-27;;;;;;;https://eventcatalog.ru/agency/halo_show/;https://eventcatalog.ru/agency/event_agentstva/
724;Happy Line;;+7(050) 428-57-13 / +7(050) 428-57-14;;;;;;;https://eventcatalog.ru/agency/happy_line/;https://eventcatalog.ru/agency/event_agentstva/
725;Happy Makers;;+7(985)448-08-78;;;;;;;https://eventcatalog.ru/agency/happy_makers/;https://eventcatalog.ru/agency/event_agentstva/
726;Happy Pace;;+7(495)357-28-48;;;;;;;https://eventcatalog.ru/agency/happy_pace/;https://eventcatalog.ru/agency/event_agentstva/
727;Happy People;;+7(916)203-20-64;;;;;;;https://eventcatalog.ru/agency/happy_people/;https://eventcatalog.ru/agency/event_agentstva/
728;Happy Planner;;+7(966)851-74-81 / +7(911)900-00-94;;;;;;;https://eventcatalog.ru/agency/happy_planner/;https://eventcatalog.ru/agency/event_agentstva/
729;Happy-maker;;+7(495) 528-48-65 / +7(495) 482-13-94;;;;;;;https://eventcatalog.ru/agency/happy-maker/;https://eventcatalog.ru/agency/event_agentstva/
730;HappyMakers;;+7(965)264-04-34;;;;;;;https://eventcatalog.ru/agency/happymakers/;https://eventcatalog.ru/agency/event_agentstva/
731;Hb Art Production;;+7(049) 185-66-38;;;;;;;https://eventcatalog.ru/agency/hb_art_production/;https://eventcatalog.ru/agency/event_agentstva/
732;HEAT agency;;+7(916)443-02-69 / +7(906)709-65-36;;;;;;;https://eventcatalog.ru/agency/heat_agency/;https://eventcatalog.ru/agency/event_agentstva/
733;Helens studio;;+7(499) 504-32-31 / +7(909) 910-90-09;;;;;;;https://eventcatalog.ru/agency/helens_studio/;https://eventcatalog.ru/agency/event_agentstva/
734;Hola! Events & Incentives;;+7(349) 330-43-82;;;;;;;https://eventcatalog.ru/agency/hola_events_and_incentives/;https://eventcatalog.ru/agency/event_agentstva/
735;Holiday Art;;+7(495) 729-07-00 / +7(903) 777-17-13;;;;;;;https://eventcatalog.ru/agency/holiday_art/;https://eventcatalog.ru/agency/event_agentstva/
736;Holiday Bazaar;;+7(831)246-13-90 / +7(831)282-77-57;;;;;;;https://eventcatalog.ru/agency/holiday_bazaar/;https://eventcatalog.ru/agency/event_agentstva/
737;Holiday Events;;+7(991)007-01-02 / +7(929)111-85-67;;;;;;;https://eventcatalog.ru/agency/holiday_events/;https://eventcatalog.ru/agency/event_agentstva/
738;Holiday Бюро;;+7(495) 798-51-49;;;;;;;https://eventcatalog.ru/agency/holiday_byuro/;https://eventcatalog.ru/agency/event_agentstva/
739;Holiday-lab;;+7(4872) 20-40-41 / +7(905) 621-21-21;;;;;;;https://eventcatalog.ru/agency/holiday-lab/;https://eventcatalog.ru/agency/event_agentstva/
740;Holigroup.ru;;+7(495) 643-96-70 / +7(926) 369-55-67;;;;;;;https://eventcatalog.ru/agency/holigroup_ru/;https://eventcatalog.ru/agency/event_agentstva/
741;HQ Agency;;+7(903)580-00-70;;;;;;;https://eventcatalog.ru/agency/hq_agency/;https://eventcatalog.ru/agency/event_agentstva/
742;I.C.M.G. Event Production;;+7(380) 444-25-59;;;;;;;https://eventcatalog.ru/agency/i_c_m_g_event_production/;https://eventcatalog.ru/agency/event_agentstva/
743;I.Ra;;+7(913)912-31-73 / +7(383)214-3173;;;;;;;https://eventcatalog.ru/agency/i_ra/;https://eventcatalog.ru/agency/event_agentstva/
744;I.S.;;+7(926)526-38-20;;;;;;;https://eventcatalog.ru/agency/i_s/;https://eventcatalog.ru/agency/event_agentstva/
745;IBC Corporate Travel;;+7(495) 959-81-20 / +7(495) 959-81-21;;;;;;;https://eventcatalog.ru/agency/ibc_corporate_travel/;https://eventcatalog.ru/agency/event_agentstva/
746;Icanfeel production;;+7(915)275-42-60 / +7(916)212-39-73;;;;;;;https://eventcatalog.ru/agency/icanfeel_production/;https://eventcatalog.ru/agency/event_agentstva/
747;Ice Event;;+7(926) 706-85-30 / +7(495) 691-62-03;;;;;;;https://eventcatalog.ru/agency/ice_event/;https://eventcatalog.ru/agency/event_agentstva/
748;Ice-Q;;+7(909)934-19-57 / +7(925)463-55-15;;;;;;;https://eventcatalog.ru/agency/ice-q/;https://eventcatalog.ru/agency/event_agentstva/
749;IceCream;;+7(910) 961-21-85 / +7(485) 233-21-85;;;;;;;https://eventcatalog.ru/agency/icecream/;https://eventcatalog.ru/agency/event_agentstva/
750;Icon;;+7(495)688-77-99;;;;;;;https://eventcatalog.ru/agency/icon/;https://eventcatalog.ru/agency/event_agentstva/
751;ID Group Event;;+7(812) 240-21-51 / +7(921) 425-81-78;;;;;;;https://eventcatalog.ru/agency/id_group_event/;https://eventcatalog.ru/agency/event_agentstva/
752;IDE;;+7(843)226-26-01;;;;;;;https://eventcatalog.ru/agency/ide/;https://eventcatalog.ru/agency/event_agentstva/
753;Idea;;+7(499)391-97-17;;;;;;;https://eventcatalog.ru/agency/idea/;https://eventcatalog.ru/agency/event_agentstva/
754;Idea Executives;;+7(495) 982-51-25 / +7(495) 969-44-00;;;;;;;https://eventcatalog.ru/agency/idea_executives/;https://eventcatalog.ru/agency/event_agentstva/
755;Idea Fix;;+7(38067) 557-58-83;;;;;;;https://eventcatalog.ru/agency/idea_fix/;https://eventcatalog.ru/agency/event_agentstva/
756;Idea Fix24;;+7(391)202-98-28;;;;;;;https://eventcatalog.ru/agency/idea_fix24/;https://eventcatalog.ru/agency/event_agentstva/
757;Idea Group;;+7(495) 228-79-90 / +7(495) 228-79-91;;;;;;;https://eventcatalog.ru/agency/idea_group/;https://eventcatalog.ru/agency/event_agentstva/
758;Idea List;;+7(395)273-40-23 / +7(950)114-27-18;;;;;;;https://eventcatalog.ru/agency/idea_list/;https://eventcatalog.ru/agency/event_agentstva/
759;Ideafix Group ceremony;;+7(351)772-81-98 / +7(351)723-04-65;;;;;;;https://eventcatalog.ru/agency/ideafix_group_ceremony/;https://eventcatalog.ru/agency/event_agentstva/
760;Ideas;;+7(903)612-22-40;;;;;;;https://eventcatalog.ru/agency/ideas/;https://eventcatalog.ru/agency/event_agentstva/
761;iDedMoroz;;+7(916) 384-60-25;;;;;;;https://eventcatalog.ru/agency/idedmoroz/;https://eventcatalog.ru/agency/event_agentstva/
762;Idevent;;+7(495) 901-79-56;;;;;;;https://eventcatalog.ru/agency/idevent/;https://eventcatalog.ru/agency/event_agentstva/
763;IDeя;;+7(951) 592-79-05 / +7(913) 307-44-18;;;;;;;https://eventcatalog.ru/agency/ideya/;https://eventcatalog.ru/agency/event_agentstva/
764;Igrashow;;+7(495)120-30-36 / +7(926)309-12-21;;;;;;;https://eventcatalog.ru/agency/igrashow/;https://eventcatalog.ru/agency/event_agentstva/
765;IGuana Events;;+7(926) 147-25-67 / +7(495) 657-35-95;;;;;;;https://eventcatalog.ru/agency/iguana_events/;https://eventcatalog.ru/agency/event_agentstva/
766;ILMA event group;;+7(499) 124-54-47;;;;;;;https://eventcatalog.ru/agency/ilma_event_group/;https://eventcatalog.ru/agency/event_agentstva/
767;Ilona Studio;;+7(905) 775-60-20;;;;;;;https://eventcatalog.ru/agency/ilona_studio/;https://eventcatalog.ru/agency/event_agentstva/
768;Ilona Studio Uzbekistan;;+7(99890) 189-00-55;;;;;;;https://eventcatalog.ru/agency/ilona_studio_uzbekistan/;https://eventcatalog.ru/agency/event_agentstva/
769;Image;;+7(966)302-51-56 / +7(968)528-29-32;;;;;;;https://eventcatalog.ru/agency/image/;https://eventcatalog.ru/agency/event_agentstva/
770;IMagency;;+7(909) 161-58-28 / +7(495) 616-00-65;;;;;;;https://eventcatalog.ru/agency/imagency/;https://eventcatalog.ru/agency/event_agentstva/
771;Imagine;;+7(495) 625-00-18;;;;;;;https://eventcatalog.ru/agency/imagine/;https://eventcatalog.ru/agency/event_agentstva/
772;Imago;;+7(903) 170-41-49;;;;;;;https://eventcatalog.ru/agency/imago/;https://eventcatalog.ru/agency/event_agentstva/
773;Imarry Krd;;+7(988)240-93-31;;;;;;;https://eventcatalog.ru/agency/imarry_krd/;https://eventcatalog.ru/agency/event_agentstva/
774;Imarry Ryazan;;+7(4912)52-99-75 / +7(900)970-03-33;;;;;;;https://eventcatalog.ru/agency/imarry_ryazan/;https://eventcatalog.ru/agency/event_agentstva/
775;Imarry Оренбург;;+7(3532)20-37-60;;;;;;;https://eventcatalog.ru/agency/imarry_orenburg/;https://eventcatalog.ru/agency/event_agentstva/
776;Imarussia;;+7(812)336-60-05 / +7(499)653-60-05;;;;;;;https://eventcatalog.ru/agency/imarussia/;https://eventcatalog.ru/agency/event_agentstva/
777;IMC;;+7(916)595-21-71;;;;;;;https://eventcatalog.ru/agency/imc/;https://eventcatalog.ru/agency/event_agentstva/
778;Imerek;;+7(926) 323-21-97;;;;;;;https://eventcatalog.ru/agency/imerek/;https://eventcatalog.ru/agency/event_agentstva/
779;ImgEvent;;+7(800)700-51-40 / +7(917)249-83-85;;;;;;;https://eventcatalog.ru/agency/imgevent/;https://eventcatalog.ru/agency/event_agentstva/
780;ImlightNN;;+7(915)952-50-20 / +7(910)388-17-58;;;;;;;https://eventcatalog.ru/agency/imlightnn/;https://eventcatalog.ru/agency/event_agentstva/
781;Immedia event;;+7(495) 913-94-01;;;;;;;https://eventcatalog.ru/agency/immedia_event/;https://eventcatalog.ru/agency/event_agentstva/
782;Imperator;;+7(812)612-26-76 / +7(911)959-82-86;;;;;;;https://eventcatalog.ru/agency/imperator/;https://eventcatalog.ru/agency/event_agentstva/
783;Impression;;+7(937)722-83-84;;;;;;;https://eventcatalog.ru/agency/impression/;https://eventcatalog.ru/agency/event_agentstva/
784;Improve;;;;;;;;;https://eventcatalog.ru/agency/improve/;https://eventcatalog.ru/agency/event_agentstva/
785;In & Out Media Service;;+7(495) 730-75-87;;;;;;;https://eventcatalog.ru/agency/in_and_out_media_service/;https://eventcatalog.ru/agency/event_agentstva/
786;In-Event;;+7(495) 979-42-66;;;;;;;https://eventcatalog.ru/agency/in-event/;https://eventcatalog.ru/agency/event_agentstva/
787;Indigo;;+7(903) 525-09-00 / +7(915) 001-36-74;;;;;;;https://eventcatalog.ru/agency/indigo/;https://eventcatalog.ru/agency/event_agentstva/
788;Indigo Intertainment;;+7(772) 731-10-46;;;;;;;https://eventcatalog.ru/agency/indigo_intertainment/;https://eventcatalog.ru/agency/event_agentstva/
789;IndiGo project;;+7(926) 319-45-65 / +7(916) 565-39-52;;;;;;;https://eventcatalog.ru/agency/indigo_project/;https://eventcatalog.ru/agency/event_agentstva/
790;Infinity;;+7(812) 952-50-69 / +7(812) 952-40-69;;;;;;;https://eventcatalog.ru/agency/infinity/;https://eventcatalog.ru/agency/event_agentstva/
791;InMar Relations;;+7(383) 203-48-44;;;;;;;https://eventcatalog.ru/agency/inmar_relations/;https://eventcatalog.ru/agency/event_agentstva/
792;Insait;;+7(846) 972-23-76;;;;;;;https://eventcatalog.ru/agency/insait/;https://eventcatalog.ru/agency/event_agentstva/
793;Inside;;+7 (4842) 77-77-40 / +7 (495) 638-57-59;;;;;;;https://eventcatalog.ru/agency/inside/;https://eventcatalog.ru/agency/event_agentstva/
794;Inspiration;;+7(913)059-57-99 / +7(913)038-87-04;;;;;;;https://eventcatalog.ru/agency/inspiration/;https://eventcatalog.ru/agency/event_agentstva/
795;Inspirestate;;+7(917)575-71-01;;;;;;;https://eventcatalog.ru/agency/inspirestate/;https://eventcatalog.ru/agency/event_agentstva/
796;Instars;;+7(909) 970-34-34 / +7(495) 796-24-78;;;;;;;https://eventcatalog.ru/agency/instars/;https://eventcatalog.ru/agency/event_agentstva/
797;InTeam Productions;;+7(495)999-19-18 / +7(903)108-99-91;;;;;;;https://eventcatalog.ru/agency/inteam_productions/;https://eventcatalog.ru/agency/event_agentstva/
798;Interactive Solutions Group;;+7(495)545-41-95 / +7(985)210-04-89;;;;;;;https://eventcatalog.ru/agency/interactive_solutions_group/;https://eventcatalog.ru/agency/event_agentstva/
799;Intercom Public Relations;;+7(928) 137-33-11;;;;;;;https://eventcatalog.ru/agency/intercom_public_relations/;https://eventcatalog.ru/agency/event_agentstva/
800;Inventor;;+7(38044) 521-21-00;;;;;;;https://eventcatalog.ru/agency/inventor/;https://eventcatalog.ru/agency/event_agentstva/
801;Invite;;+7(8332)47-77-57 / +7(919)525-06-53;;;;;;;https://eventcatalog.ru/agency/invite/;https://eventcatalog.ru/agency/event_agentstva/
802;IQ-DO;;+7(495) 984-23-12;;;;;;;https://eventcatalog.ru/agency/iq-do/;https://eventcatalog.ru/agency/event_agentstva/
803;Irina Show;;+7(985) 767-63-31 / +7(916) 906-31-77;;;;;;;https://eventcatalog.ru/agency/irina_show/;https://eventcatalog.ru/agency/event_agentstva/
804;Iris Events;;+7(499)638-85-32 / +7(963)608-30-22;;;;;;;https://eventcatalog.ru/agency/iris_events/;https://eventcatalog.ru/agency/event_agentstva/
805;Irsenevents;;+7(903)220-68-94 / +7(968)915-61-51;;;;;;;https://eventcatalog.ru/agency/irsenevents/;https://eventcatalog.ru/agency/event_agentstva/
806;Iskra holiday;;+7(499) 755-66-65 / +7(926) 622-22-25;;;;;;;https://eventcatalog.ru/agency/iskra_holiday/;https://eventcatalog.ru/agency/event_agentstva/
807;ITForward;;+7(843) 272-80-02 / +7(843) 200-93-59;;;;;;;https://eventcatalog.ru/agency/itforward/;https://eventcatalog.ru/agency/event_agentstva/
808;Iva Production;;+7(953)218-12-99 / +7(981)196-69-79;;;;;;;https://eventcatalog.ru/agency/iva_production/;https://eventcatalog.ru/agency/event_agentstva/
809;IVANEVENT;;+7(097) 989-56-33;;;;;;;https://eventcatalog.ru/agency/ivanevent/;https://eventcatalog.ru/agency/event_agentstva/
810;Iventa;;+7(495) 507-65-66;;;;;;;https://eventcatalog.ru/agency/iventa/;https://eventcatalog.ru/agency/event_agentstva/
811;IVS Group;;+7(495)510-55-63 / +7(985)226-14-55;;;;;;;https://eventcatalog.ru/agency/ivs_group/;https://eventcatalog.ru/agency/event_agentstva/
812;Izym;;+7(909) 404-15-26 / +7(904) 443-32-04;;;;;;;https://eventcatalog.ru/agency/izym/;https://eventcatalog.ru/agency/event_agentstva/
813;J Event;;+7(495)664-60-61 / +7(926)891-51-60;;;;;;;https://eventcatalog.ru/agency/j_event/;https://eventcatalog.ru/agency/event_agentstva/
814;J System Pro;;+7(905) 775-38-74;;;;;;;https://eventcatalog.ru/agency/j_system_pro/;https://eventcatalog.ru/agency/event_agentstva/
815;J&M Show;;+7(812) 905-12-34 / +7(812) 908-97-97;;;;;;;https://eventcatalog.ru/agency/jandm_show/;https://eventcatalog.ru/agency/event_agentstva/
816;J-Art Media;;+7(495)640-11-97;;;;;;;https://eventcatalog.ru/agency/j-art_media/;https://eventcatalog.ru/agency/event_agentstva/
817;Jado;;+7(777)279-73-94 / +7(707)312-39-38;;;;;;;https://eventcatalog.ru/agency/jado/;https://eventcatalog.ru/agency/event_agentstva/
818;Jam;;+7(495) 232-33-48 / +7(925) 585-61-16;;;;;;;https://eventcatalog.ru/agency/jam/;https://eventcatalog.ru/agency/event_agentstva/
819;JB Agency;;+7(813)419-27-55;;;;;;;https://eventcatalog.ru/agency/jb_agency/;https://eventcatalog.ru/agency/event_agentstva/
820;Joker;;+7(929)992-11-92;;;;;;;https://eventcatalog.ru/agency/joker/;https://eventcatalog.ru/agency/event_agentstva/
821;JOLLY;;+7(926)222-97-85 / +7(499)755-53-66;;;;;;;https://eventcatalog.ru/agency/jolly/;https://eventcatalog.ru/agency/event_agentstva/
822;Journey;;+7(985)770 69 15;;;;;;;https://eventcatalog.ru/agency/journey/;https://eventcatalog.ru/agency/event_agentstva/
823;JOY Art;;+7(499) 391-70-17;;;;;;;https://eventcatalog.ru/agency/joy_art/;https://eventcatalog.ru/agency/event_agentstva/
824;Joy Event;;+7(925)890-29-16;;;;;;;https://eventcatalog.ru/agency/joy_event/;https://eventcatalog.ru/agency/event_agentstva/
825;Joy Event House;;+7(916)397-65-55;;;;;;;https://eventcatalog.ru/agency/joy_event_house/;https://eventcatalog.ru/agency/event_agentstva/
826;Joyday;;+7(916) 714-10-64;;;;;;;https://eventcatalog.ru/agency/joyday/;https://eventcatalog.ru/agency/event_agentstva/
827;July Event;;+7(926)591-69-02;;;;;;;https://eventcatalog.ru/agency/july_event/;https://eventcatalog.ru/agency/event_agentstva/
828;Jump&Smile;;+7(499)390-71-25;;;;;;;https://eventcatalog.ru/agency/jumpandsmile/;https://eventcatalog.ru/agency/event_agentstva/
829;Just Event;;+7(495) 971 90 40;;;;;;;https://eventcatalog.ru/agency/just_event/;https://eventcatalog.ru/agency/event_agentstva/
830;K&P Event Leader;;+7(495) 971-83-85;;;;;;;https://eventcatalog.ru/agency/kandp_event_leader/;https://eventcatalog.ru/agency/event_agentstva/
831;Kalina;;+7(499)391-32-0_;;;;;;;https://eventcatalog.ru/agency/kalina/;https://eventcatalog.ru/agency/event_agentstva/
832;Kartinka;;+7(967)670-87-12 / +7(909)466-31-19;;;;;;;https://eventcatalog.ru/agency/kartinka/;https://eventcatalog.ru/agency/event_agentstva/
833;Karton;;+7(495)589-62-96 / +7(915)133-93-33;;;;;;;https://eventcatalog.ru/agency/karton/;https://eventcatalog.ru/agency/event_agentstva/
834;KARUSEL MUSIC;;+7(918)508-80-08;;;;;;;https://eventcatalog.ru/agency/karusel_music/;https://eventcatalog.ru/agency/event_agentstva/
835;Kasablanka;;+7(915) 418-42-36 / +7(926) 335-51-53;;;;;;;https://eventcatalog.ru/agency/kasablanka/;https://eventcatalog.ru/agency/event_agentstva/
836;Kate&Leo;;+7(495)532-27-57;;;;;;;https://eventcatalog.ru/agency/kateandleo/;https://eventcatalog.ru/agency/event_agentstva/
837;Kboom;;+7(495)540-49-16 / +7(916)642-62-61;;;;;;;https://eventcatalog.ru/agency/kboom/;https://eventcatalog.ru/agency/event_agentstva/
838;Kings Group;;+7(495) 688-91-91 / +7(495) 688-83-83;;;;;;;https://eventcatalog.ru/agency/kings_group/;https://eventcatalog.ru/agency/event_agentstva/
839;Kings Holidays;;+7(902)511-74-27 / +7(3952)62-63-13;;;;;;;https://eventcatalog.ru/agency/kings_holidays/;https://eventcatalog.ru/agency/event_agentstva/
840;Kino-Party;;+7(495)023-15-16 / +7(495)023-17-18;;;;;;;https://eventcatalog.ru/agency/kino-party/;https://eventcatalog.ru/agency/event_agentstva/
841;Kiwi ice group;;+7(812) 962-84-20;;;;;;;https://eventcatalog.ru/agency/kiwi_ice_group/;https://eventcatalog.ru/agency/event_agentstva/
842;Klukva;;+7(495)925-35-66;;;;;;;https://eventcatalog.ru/agency/klukva/;https://eventcatalog.ru/agency/event_agentstva/
843;KM Events;;+7(925)608-00-06;;;;;;;https://eventcatalog.ru/agency/km_events/;https://eventcatalog.ru/agency/event_agentstva/
844;KMK Event Agency;;+7(343) 206-03-36;;;;;;;https://eventcatalog.ru/agency/kmk_event_agency/;https://eventcatalog.ru/agency/event_agentstva/
845;Kochetshow;;+7(905)700-75-57;;;;;;;https://eventcatalog.ru/agency/kochetshow/;https://eventcatalog.ru/agency/event_agentstva/
846;Kolizey;;+7(495)967-14-31 / +7(495)922-89-94;;;;;;;https://eventcatalog.ru/agency/kolizey/;https://eventcatalog.ru/agency/event_agentstva/
847;Komissarov;;+7(4842)20-21-32 / +7(930)841-53-54;;;;;;;https://eventcatalog.ru/agency/komissarov/;https://eventcatalog.ru/agency/event_agentstva/
848;Korpor;;+7(495)822-42-62 / +7(812)209-79-59;;;;;;;https://eventcatalog.ru/agency/korpor/;https://eventcatalog.ru/agency/event_agentstva/
849;Korporativ.ru;;+7(495) 788-58-11;;;;;;;https://eventcatalog.ru/agency/korporativ_ru/;https://eventcatalog.ru/agency/event_agentstva/
850;Korporativa.net;;+7(495) 585-51-74;;;;;;;https://eventcatalog.ru/agency/korporativa_net/;https://eventcatalog.ru/agency/event_agentstva/
851;Koyots;;+7(842) 226-02-18 / +7(927) 807-27-80;;;;;;;https://eventcatalog.ru/agency/koyots/;https://eventcatalog.ru/agency/event_agentstva/
852;Kreatiffagency;;+7(926)188-85-92 / +7(963)617-39-97;;;;;;;https://eventcatalog.ru/agency/kreatiffagency/;https://eventcatalog.ru/agency/event_agentstva/
853;Kreativ Event;;+7(495)660-39-57;;;;;;;https://eventcatalog.ru/agency/kreativ_event/;https://eventcatalog.ru/agency/event_agentstva/
854;Kreativ-Media;;+7(499) 748-12-01 / +7(495) 220-44-24;;;;;;;https://eventcatalog.ru/agency/kreativ-media/;https://eventcatalog.ru/agency/event_agentstva/
855;Kreativity;;+7(905)748-88-19;;;;;;;https://eventcatalog.ru/agency/kreativity/;https://eventcatalog.ru/agency/event_agentstva/
856;KRM-tour;;+7(066) 405-29-28;;;;;;;https://eventcatalog.ru/agency/krm-tour/;https://eventcatalog.ru/agency/event_agentstva/
857;Kutezh;;+7(926)375-22-23;;;;;;;https://eventcatalog.ru/agency/kutezh/;https://eventcatalog.ru/agency/event_agentstva/
858;Kvest Lab;;+7(901)013-74-53;;;;;;;https://eventcatalog.ru/agency/kvest_lab/;https://eventcatalog.ru/agency/event_agentstva/
859;Kyrgyz Concept;;+7(996312) 90-32-32 / +7(996312) 90-62-62;;;;;;;https://eventcatalog.ru/agency/kyrgyz_concept/;https://eventcatalog.ru/agency/event_agentstva/
860;Kураж;;+7(863) 298-19-44 / +7(908) 515-16-16;;;;;;;https://eventcatalog.ru/agency/kurazh/;https://eventcatalog.ru/agency/event_agentstva/
861;L'avatar;;+7(495) 951-71-78;;;;;;;https://eventcatalog.ru/agency/lavatar/;https://eventcatalog.ru/agency/event_agentstva/
862;L1event;;+7(916)406-08-80;;;;;;;https://eventcatalog.ru/agency/l1event/;https://eventcatalog.ru/agency/event_agentstva/
863;La Cream;;+7(812) 916-10-20;;;;;;;https://eventcatalog.ru/agency/la_cream/;https://eventcatalog.ru/agency/event_agentstva/
864;La Joie;;+7(727) 225-26-88 / +7(777) 236-46-75;;;;;;;https://eventcatalog.ru/agency/la_joie/;https://eventcatalog.ru/agency/event_agentstva/
865;La Vida del Sol;;+7(495) 989-82-88;;;;;;;https://eventcatalog.ru/agency/la_vida_del_sol/;https://eventcatalog.ru/agency/event_agentstva/
866;Lab City;;+7(499) 391-01-45;;;;;;;https://eventcatalog.ru/agency/lab_city/;https://eventcatalog.ru/agency/event_agentstva/
867;Lafayette;;+7(861) 274-60-02;;;;;;;https://eventcatalog.ru/agency/lafayette/;https://eventcatalog.ru/agency/event_agentstva/
868;Lafrus;;+7(495) 792-17-15 / +7(967) 099-01-07;;;;;;;https://eventcatalog.ru/agency/lafrus/;https://eventcatalog.ru/agency/event_agentstva/
869;LAK;;+7(916)420-82-28;;;;;;;https://eventcatalog.ru/agency/lak/;https://eventcatalog.ru/agency/event_agentstva/
870;Landmedia Creative Studio;;+7(815) 299-49-59 / +7(815) 270-60-66;;;;;;;https://eventcatalog.ru/agency/landmedia_creative_studio/;https://eventcatalog.ru/agency/event_agentstva/
871;LandTrip;;+7(495) 971-73-55 / +7(901) 555-11-73;;;;;;;https://eventcatalog.ru/agency/landtrip/;https://eventcatalog.ru/agency/event_agentstva/
872;Lap Label;;+7(495) 730-99-66;;;;;;;https://eventcatalog.ru/agency/lap_label/;https://eventcatalog.ru/agency/event_agentstva/
873;Lava-room;;+7(952)852-45-28;;;;;;;https://eventcatalog.ru/agency/lava-room/;https://eventcatalog.ru/agency/event_agentstva/
874;Le Bon Groupe;;+380(44)599-70-75;;;;;;;https://eventcatalog.ru/agency/le_bon_groupe/;https://eventcatalog.ru/agency/event_agentstva/
875;Le Star Events Solutions;;+7(38044) 229-76-0;;;;;;;https://eventcatalog.ru/agency/le_star_events_solutions/;https://eventcatalog.ru/agency/event_agentstva/
876;Ledentsova;;+7(906)227-11-44;;;;;;;https://eventcatalog.ru/agency/ledentsova/;https://eventcatalog.ru/agency/event_agentstva/
877;Lege Artist communications group;;+7(342) 214-77-77;;;;;;;https://eventcatalog.ru/agency/lege_artist_communications_group/;https://eventcatalog.ru/agency/event_agentstva/
878;Leits Media;;+7(495) 637-01-22;;;;;;;https://eventcatalog.ru/agency/leits_media/;https://eventcatalog.ru/agency/event_agentstva/
879;Lemon Event Production;;+7(050) 428-50-51 / +7(062) 348-92-88;;;;;;;https://eventcatalog.ru/agency/lemon_event_production/;https://eventcatalog.ru/agency/event_agentstva/
880;Leo August Branding;;+7(812) 648-88-21;;;;;;;https://eventcatalog.ru/agency/leo_august_branding/;https://eventcatalog.ru/agency/event_agentstva/
881;Leon-studio;;+7(38097) 080-45-36;;;;;;;https://eventcatalog.ru/agency/leon-studio/;https://eventcatalog.ru/agency/event_agentstva/
882;LeSamedi;;+7(926)598-31-14;;;;;;;https://eventcatalog.ru/agency/lesamedi/;https://eventcatalog.ru/agency/event_agentstva/
883;Leto promo group;;+7(988)238-26-01 / +7(862)279-50-60;;;;;;;https://eventcatalog.ru/agency/leto_promo_group/;https://eventcatalog.ru/agency/event_agentstva/
884;Level;;+7(988)565-61-91;;;;;;;https://eventcatalog.ru/agency/level/;https://eventcatalog.ru/agency/event_agentstva/
885;Level Up;;+7(347) 257-11-10 / +7(9170 408-33-48;;;;;;;https://eventcatalog.ru/agency/level_up/;https://eventcatalog.ru/agency/event_agentstva/
886;LeventI;;+7(918)902-51-72;;;;;;;https://eventcatalog.ru/agency/leventi/;https://eventcatalog.ru/agency/event_agentstva/
887;Life is beautiful;;+7(495) 764-62-15;;;;;;;https://eventcatalog.ru/agency/life_is_beautiful/;https://eventcatalog.ru/agency/event_agentstva/
888;Life Style;;+7(777)399-95-58 / +7(707)424-35-58;;;;;;;https://eventcatalog.ru/agency/life_style/;https://eventcatalog.ru/agency/event_agentstva/
889;LifeTime Event;;+7(843) 239-27-16;;;;;;;https://eventcatalog.ru/agency/lifetime_event/;https://eventcatalog.ru/agency/event_agentstva/
890;Light event;;+7(920)334-55-97;;;;;;;https://eventcatalog.ru/agency/light_event/;https://eventcatalog.ru/agency/event_agentstva/
891;Limurr;;+7(473)295-16-90 / +7(908)138-27-54;;;;;;;https://eventcatalog.ru/agency/limurr/;https://eventcatalog.ru/agency/event_agentstva/
892;Little Partyevents;;+7(985)641-79-16;;;;;;;https://eventcatalog.ru/agency/little_partyevents/;https://eventcatalog.ru/agency/event_agentstva/
893;Live Music Agency;;+7(499)390-02-92 / +372-5839-3069;;;;;;;https://eventcatalog.ru/agency/live_music_agency/;https://eventcatalog.ru/agency/event_agentstva/
894;Live Party;;+7(903)502-22-97;;;;;;;https://eventcatalog.ru/agency/live_party/;https://eventcatalog.ru/agency/event_agentstva/
895;Living Style;;+7(915) 339-29-69;;;;;;;https://eventcatalog.ru/agency/living_style/;https://eventcatalog.ru/agency/event_agentstva/
896;Lobacheva Project;;+7(926) 576-97-18;;;;;;;https://eventcatalog.ru/agency/lobacheva_project/;https://eventcatalog.ru/agency/event_agentstva/
897;Logos Group;;+7(495)308-04-36 / +7(6__)___-__-__;;;;;;;https://eventcatalog.ru/agency/logos_group/;https://eventcatalog.ru/agency/event_agentstva/
898;Lollipop;;+7(495)665-29-89;;;;;;;https://eventcatalog.ru/agency/lollipop/;https://eventcatalog.ru/agency/event_agentstva/
899;Lookin Good;;+7(960)200-04-04;;;;;;;https://eventcatalog.ru/agency/lookin_good/;https://eventcatalog.ru/agency/event_agentstva/
900;Louder;;+7(495)644-29-24;;;;;;;https://eventcatalog.ru/agency/louder/;https://eventcatalog.ru/agency/event_agentstva/
901;Love Feelosophy;;+7(499)394-29-34 / +7(929)515-75-73;;;;;;;https://eventcatalog.ru/agency/love_feelosophy/;https://eventcatalog.ru/agency/event_agentstva/
902;Love is Love;;+7(926) 333-10-10;;;;;;;https://eventcatalog.ru/agency/love_is_love/;https://eventcatalog.ru/agency/event_agentstva/
903;Love Me;;+7(926)349-96-54;;;;;;;https://eventcatalog.ru/agency/love_me/;https://eventcatalog.ru/agency/event_agentstva/
904;LSP Studio;;+7(945) 210-68-82 / +7(916) 109-90-89;;;;;;;https://eventcatalog.ru/agency/lsp_studio/;https://eventcatalog.ru/agency/event_agentstva/
905;LT-Prime;;+7(911) 087-80-80;;;;;;;https://eventcatalog.ru/agency/lt-prime/;https://eventcatalog.ru/agency/event_agentstva/
906;Lucky;;+7(495)729-89-49 / +7(985)240-19-13;;;;;;;https://eventcatalog.ru/agency/lucky/;https://eventcatalog.ru/agency/event_agentstva/
907;Lucky Box;;+7(925)098-04-07;;;;;;;https://eventcatalog.ru/agency/lucky_box/;https://eventcatalog.ru/agency/event_agentstva/
908;Lucky Event;;+380(67)445-71-61;;;;;;;https://eventcatalog.ru/agency/lucky_event/;https://eventcatalog.ru/agency/event_agentstva/
909;Lucky Event agency;;+7(937)271-74-77 / +7(987)632-99-92;;;;;;;https://eventcatalog.ru/agency/lucky_event_agency/;https://eventcatalog.ru/agency/event_agentstva/
910;Lucky Star;;+7(343) 388-24-62 / +7(965) 503-38-56;;;;;;;https://eventcatalog.ru/agency/lucky_star/;https://eventcatalog.ru/agency/event_agentstva/
911;LuckyMonday;;+7(495) 772-85-49 / +7(926) 264-11-37;;;;;;;https://eventcatalog.ru/agency/luckymonday/;https://eventcatalog.ru/agency/event_agentstva/
912;Luiza Event;;+7(929)725-44-67 / +7(903)344-90-09;;;;;;;https://eventcatalog.ru/agency/luiza_event/;https://eventcatalog.ru/agency/event_agentstva/
913;Lux Wedding Studio;https://lux-wedding.studio;+7(926)254-64-08;;;;;;;https://eventcatalog.ru/agency/lux_wedding_studio/;https://eventcatalog.ru/agency/event_agentstva/
914;luxe-event;;+7(495) 748-02-61 / +7(495) 740-68-02;;;;;;;https://eventcatalog.ru/agency/luxe-event/;https://eventcatalog.ru/agency/event_agentstva/
915;LuxShow;;+7(495) 721-52-47;;;;;;;https://eventcatalog.ru/agency/luxshow/;https://eventcatalog.ru/agency/event_agentstva/
916;Luxury Event;;+7(495) 229-03-63;;;;;;;https://eventcatalog.ru/agency/luxury_event/;https://eventcatalog.ru/agency/event_agentstva/
917;Luxury Events;;+7(495)972-66-22;;;;;;;https://eventcatalog.ru/agency/luxury_events/;https://eventcatalog.ru/agency/event_agentstva/
918;Luxury Events Kiev;;+7(098) 612-13-52;;;;;;;https://eventcatalog.ru/agency/luxury_events_kiev/;https://eventcatalog.ru/agency/event_agentstva/
919;Luxury Media Group;;+7(495)104-73-22 / +7(915)420-33-22;;;;;;;https://eventcatalog.ru/agency/luxury_media_group/;https://eventcatalog.ru/agency/event_agentstva/
920;Luxury Spirit;;+7(967)235-04-74 / +380(67)121-14-71;;;;;;;https://eventcatalog.ru/agency/luxury_spirit/;https://eventcatalog.ru/agency/event_agentstva/
921;LX Event;;+7(916)301-74-47;;;;;;;https://eventcatalog.ru/agency/lx_event/;https://eventcatalog.ru/agency/event_agentstva/
922;LyuMix;;+7(960)244-14-28;;;;;;;https://eventcatalog.ru/agency/lyumix/;https://eventcatalog.ru/agency/event_agentstva/
923;M division;;+7(967)539-50-47;;;;;;;https://eventcatalog.ru/agency/m_division/;https://eventcatalog.ru/agency/event_agentstva/
924;M&A;;+7(977)113-25-15 / +7(925)941-30-01;;;;;;;https://eventcatalog.ru/agency/manda/;https://eventcatalog.ru/agency/event_agentstva/
925;M-ART Studio Records & Production Ltd;;+7(798) 530-84-58 / +7(890) 326-76-41;;;;;;;https://eventcatalog.ru/agency/m-art_studio_records_and_production_ltd/;https://eventcatalog.ru/agency/event_agentstva/
926;M-Event;;+7(495) 972-74-45 / +7(905) 585-54-96;;;;;;;https://eventcatalog.ru/agency/m-event/;https://eventcatalog.ru/agency/event_agentstva/
927;M.A.G.I. S.A.G.I.;;+7(968)867-65-65 / +7(499)755-53-67;;;;;;;https://eventcatalog.ru/agency/m_a_g_i_s_a_g_i/;https://eventcatalog.ru/agency/event_agentstva/
928;M.A.K. Event;;+7(931)357-87-09;;;;;;;https://eventcatalog.ru/agency/m_a_k_event/;https://eventcatalog.ru/agency/event_agentstva/
929;MACRO event;;+7(495) 504-22-09;;;;;;;https://eventcatalog.ru/agency/macro_event/;https://eventcatalog.ru/agency/event_agentstva/
930;Maestro event;;+7(960)630-04-14;;;;;;;https://eventcatalog.ru/agency/maestro_event/;https://eventcatalog.ru/agency/event_agentstva/
931;Magic Factory;;+7(38044) 466-25-23;;;;;;;https://eventcatalog.ru/agency/magic_factory/;https://eventcatalog.ru/agency/event_agentstva/
932;Magic Holiday;;+7(903)976-70-68 / +7(903)220-01-39;;;;;;;https://eventcatalog.ru/agency/magic_holiday/;https://eventcatalog.ru/agency/event_agentstva/
933;Magic Innovations;;+7(063) 400-01-57 / +7(044) 360-80-36;;;;;;;https://eventcatalog.ru/agency/magic_innovations/;https://eventcatalog.ru/agency/event_agentstva/
934;Magmer;;+7(985)987-99-69;;;;;;;https://eventcatalog.ru/agency/magmer/;https://eventcatalog.ru/agency/event_agentstva/
935;Magnifique;;+7(495) 223-06-56 / +7(495) 740-90-74;;;;;;;https://eventcatalog.ru/agency/magnifique/;https://eventcatalog.ru/agency/event_agentstva/
936;Mahagon;;+7(812)988-50-04;;;;;;;https://eventcatalog.ru/agency/mahagon/;https://eventcatalog.ru/agency/event_agentstva/
937;Main Event;;+7(812)467-32-22;;;;;;;https://eventcatalog.ru/agency/main_event/;https://eventcatalog.ru/agency/event_agentstva/
938;Mainstream;;+7(812) 644-41-49 / +7(921) 551-79-69;;;;;;;https://eventcatalog.ru/agency/mainstream/;https://eventcatalog.ru/agency/event_agentstva/
939;Major-Event;;+7(495) 226-18-54 / +7(495) 231-91-47;;;;;;;https://eventcatalog.ru/agency/major-event/;https://eventcatalog.ru/agency/event_agentstva/
940;Make a wish;;+7(917)541-49-25;;;;;;;https://eventcatalog.ru/agency/make_a_wish/;https://eventcatalog.ru/agency/event_agentstva/
941;Make Your Film;;+7(499)393-34-14;;;;;;;https://eventcatalog.ru/agency/make_your_film/;https://eventcatalog.ru/agency/event_agentstva/
942;Makrocompany;;+7(4012)35-45-29 / +7(911)451-39-39;;;;;;;https://eventcatalog.ru/agency/makrocompany/;https://eventcatalog.ru/agency/event_agentstva/
943;Malbred Show group;http://www.malbred.com;+7(921)386-70-23;;;;;;;https://eventcatalog.ru/agency/malbred_show_group/;https://eventcatalog.ru/agency/event_agentstva/
944;MalDiva Event;;+7(495) 111-11-11;;;;;;;https://eventcatalog.ru/agency/maldiva_event/;https://eventcatalog.ru/agency/event_agentstva/
945;Malina wedding;;+7(981)153-24-60;;;;;;;https://eventcatalog.ru/agency/malina_wedding/;https://eventcatalog.ru/agency/event_agentstva/
946;Manfriday;;+7(495) 961-28-64;;;;;;;https://eventcatalog.ru/agency/manfriday/;https://eventcatalog.ru/agency/event_agentstva/
947;Mango Party;;+7(916) 151-01-02 / +7(925) 517-06-39;;;;;;;https://eventcatalog.ru/agency/mango_party/;https://eventcatalog.ru/agency/event_agentstva/
948;MaP Group;;+7(727) 323-10-11 / +7(701) 599-93-61;;;;;;;https://eventcatalog.ru/agency/map_group/;https://eventcatalog.ru/agency/event_agentstva/
949;Mariages d'Art;;+33(784)550-446;;;;;;;https://eventcatalog.ru/agency/mariages_dart/;https://eventcatalog.ru/agency/event_agentstva/
950;Mark Sol;;+7(925)730-80-92 / +7(495)532-66-15;;;;;;;https://eventcatalog.ru/agency/mark_sol/;https://eventcatalog.ru/agency/event_agentstva/
951;MarketEmotion;;+7(495) 726-55-99 / +7(903) 165-77-00;;;;;;;https://eventcatalog.ru/agency/marketemotion/;https://eventcatalog.ru/agency/event_agentstva/
952;Marketing Communications;;+7(495) 661-55-99;;;;;;;https://eventcatalog.ru/agency/marketing_communications/;https://eventcatalog.ru/agency/event_agentstva/
953;Marketing Geek;;+7(985)896-08-60 / +7(985)896-05-77;;;;;;;https://eventcatalog.ru/agency/marketing_geek/;https://eventcatalog.ru/agency/event_agentstva/
954;Marketing Solution Group;;+7(812) 335-34-55;;;;;;;https://eventcatalog.ru/agency/marketing_solution_group/;https://eventcatalog.ru/agency/event_agentstva/
955;Marmelad Event;;+7(495)778-38-37;;;;;;;https://eventcatalog.ru/agency/marmelad_event/;https://eventcatalog.ru/agency/event_agentstva/
956;Marry Me Agency;;+7(926)553-51-63;;;;;;;https://eventcatalog.ru/agency/marry_me_agency/;https://eventcatalog.ru/agency/event_agentstva/
957;MarryMe;;+7(812) 642-65-63 / +7(812) 642-65-69;;;;;;;https://eventcatalog.ru/agency/marryme/;https://eventcatalog.ru/agency/event_agentstva/
958;Martin;;+7(926)395-85-12;;;;;;;https://eventcatalog.ru/agency/martin/;https://eventcatalog.ru/agency/event_agentstva/
959;Marvel;;+7(904)175-97-01 / +7(343)202-32-62;;;;;;;https://eventcatalog.ru/agency/marvel/;https://eventcatalog.ru/agency/event_agentstva/
960;Mas-Show;;+7(909) 708-73-08;;;;;;;https://eventcatalog.ru/agency/mas-show/;https://eventcatalog.ru/agency/event_agentstva/
961;MasterEvent;;+7(495) 790-98-90;;;;;;;https://eventcatalog.ru/agency/masterevent/;https://eventcatalog.ru/agency/event_agentstva/
962;Matreshka Team;;+7(967)245-79-21;;;;;;;https://eventcatalog.ru/agency/matreshka_team/;https://eventcatalog.ru/agency/event_agentstva/
963;Matreshkat;;+7(927) 892-31-63 / +7(917) 101-75-03;;;;;;;https://eventcatalog.ru/agency/matreshkat/;https://eventcatalog.ru/agency/event_agentstva/
964;Max Event;;+7(918)577-11-44 / +7(863)311-12-33;;;;;;;https://eventcatalog.ru/agency/max_event/;https://eventcatalog.ru/agency/event_agentstva/
965;MaxiMax;;+7(904) 706-22-72 / +7(987) 835-24-83;;;;;;;https://eventcatalog.ru/agency/maximax/;https://eventcatalog.ru/agency/event_agentstva/
966;MAXIMICE;;+7(495)739-33-58;;;;;;;https://eventcatalog.ru/agency/maximice/;https://eventcatalog.ru/agency/event_agentstva/
967;MaxMedium;;+7(495)729-50-55 / +7(495)729-50-65;;;;;;;https://eventcatalog.ru/agency/maxmedium/;https://eventcatalog.ru/agency/event_agentstva/
968;Maxmotion;;+7(391) 221 03 31 / +7(391) 214 79 89;;;;;;;https://eventcatalog.ru/agency/maxmotion/;https://eventcatalog.ru/agency/event_agentstva/
969;Media Price;;+7(911)793-29-33;;;;;;;https://eventcatalog.ru/agency/media_price/;https://eventcatalog.ru/agency/event_agentstva/
970;Media Кухня;;+7(4872) 70-00-54 / +7(910) 558-44-44;;;;;;;https://eventcatalog.ru/agency/media_kuhnya/;https://eventcatalog.ru/agency/event_agentstva/
971;MediaEvent;http://mediaevent.ru;+7(495)744-35-14 / +7(967)168-23-23;;;;;;;https://eventcatalog.ru/agency/mediaevent/;https://eventcatalog.ru/agency/event_agentstva/
972;Median;;+7(862)296-50-90 / +7(918)917-77-22;;;;;;;https://eventcatalog.ru/agency/median/;https://eventcatalog.ru/agency/event_agentstva/
973;MediaPRoject Agency;;+7(495) 730-74-48;;;;;;;https://eventcatalog.ru/agency/mediaproject_agency/;https://eventcatalog.ru/agency/event_agentstva/
974;MediaЛюди;;+7(921) 392-92-85;;;;;;;https://eventcatalog.ru/agency/medialyudi/;https://eventcatalog.ru/agency/event_agentstva/
975;MedЕvents;;+7(495) 723-16-19;;;;;;;https://eventcatalog.ru/agency/medevents/;https://eventcatalog.ru/agency/event_agentstva/
976;Meedlook Model Management;;+7(909)979-28-58;;;;;;;https://eventcatalog.ru/agency/meedlook_model_management/;https://eventcatalog.ru/agency/event_agentstva/
977;Mega Party Show;;+7(495) 730-29-42 / +7(926) 019-84-76;;;;;;;https://eventcatalog.ru/agency/mega_party_show/;https://eventcatalog.ru/agency/event_agentstva/
978;Megapolis Event;;+7(495) 504-86-28;;;;;;;https://eventcatalog.ru/agency/megapolis_event/;https://eventcatalog.ru/agency/event_agentstva/
979;Megapolis Moskva;;+7(495) 767-26-97 / +7(985) 767-26-97;;;;;;;https://eventcatalog.ru/agency/megapolis_moskva/;https://eventcatalog.ru/agency/event_agentstva/
980;MEGATeams;;+7(495) 221-22-64 / +7(495) 740-34-17;;;;;;;https://eventcatalog.ru/agency/megateams/;https://eventcatalog.ru/agency/event_agentstva/
981;MelLuna;;+7(977)607-78-00;;;;;;;https://eventcatalog.ru/agency/melluna/;https://eventcatalog.ru/agency/event_agentstva/
982;Mendelson;;+7(925)886-22-79;;;;;;;https://eventcatalog.ru/agency/mendelson/;https://eventcatalog.ru/agency/event_agentstva/
983;Merry moon;;+7(985)765-85-38;;;;;;;https://eventcatalog.ru/agency/merry_moon/;https://eventcatalog.ru/agency/event_agentstva/
984;Merry-go-round;;+7(495) 997-32-39;;;;;;;https://eventcatalog.ru/agency/merry-go-round/;https://eventcatalog.ru/agency/event_agentstva/
985;Merry-Go-Round MC;;+7(495) 997-32-39;;;;;;;https://eventcatalog.ru/agency/merry-go-round_mc/;https://eventcatalog.ru/agency/event_agentstva/
986;MG Event;;+7 (926) 554-73-95;;;;;;;https://eventcatalog.ru/agency/mg_event/;https://eventcatalog.ru/agency/event_agentstva/
987;MGM Event;;+7(965)300-30-59 / +7(965)300-30-67;;;;;;;https://eventcatalog.ru/agency/mgm_event/;https://eventcatalog.ru/agency/event_agentstva/
988;MiA Event;;+7(495) 506-87-80 / +7(495) 258-02-84;;;;;;;https://eventcatalog.ru/agency/mia_event/;https://eventcatalog.ru/agency/event_agentstva/
989;MICE Advice;;+994-55-795-00-07;;;;;;;https://eventcatalog.ru/agency/mice_advice/;https://eventcatalog.ru/agency/event_agentstva/
990;Mice Direction;;+7(495)648-65-56 / +7(980)756-38-90;;;;;;;https://eventcatalog.ru/agency/mice_direction/;https://eventcatalog.ru/agency/event_agentstva/
991;MICE Experts;;+7(495)424-98-39;;;;;;;https://eventcatalog.ru/agency/mice_experts/;https://eventcatalog.ru/agency/event_agentstva/
992;Mice Master Agency;;+7(952) 944-59-98 / +7(923) 243-64-27;;;;;;;https://eventcatalog.ru/agency/mice_master_agency/;https://eventcatalog.ru/agency/event_agentstva/
993;Mice.az;;+994-50-315-55-95 / +994-12-437-90-90;;;;;;;https://eventcatalog.ru/agency/mice_az/;https://eventcatalog.ru/agency/event_agentstva/
994;MiceGroup;;+7(499)322-37-89 / +7(495)730-23-65;;;;;;;https://eventcatalog.ru/agency/micegroup/;https://eventcatalog.ru/agency/event_agentstva/
995;Miceversa;;+7(499)288-21-18 / +7(964)718-55-50;;;;;;;https://eventcatalog.ru/agency/miceversa/;https://eventcatalog.ru/agency/event_agentstva/
996;Midas;;+7(495) 780-97-03 / +7(495) 517-77-02;;;;;;;https://eventcatalog.ru/agency/midas/;https://eventcatalog.ru/agency/event_agentstva/
997;MilaGrass;;+7(495) 643-00-59 / +7(495) 580-40-95;;;;;;;https://eventcatalog.ru/agency/milagrass/;https://eventcatalog.ru/agency/event_agentstva/
998;Milagro Events;;+7(242) 311-14-45;;;;;;;https://eventcatalog.ru/agency/milagro_events/;https://eventcatalog.ru/agency/event_agentstva/
999;Milana Wedding;;+7(917) 790-74-45;;;;;;;https://eventcatalog.ru/agency/milana_wedding/;https://eventcatalog.ru/agency/event_agentstva/
1000;Mimur;;+7(863) 246-34-57 / +7(909) 404-41-54;;;;;;;https://eventcatalog.ru/agency/mimur/;https://eventcatalog.ru/agency/event_agentstva/
1001;Mio Matryosh;;+7(863) 226-56-05 / +7(928) 166-44-66;;;;;;;https://eventcatalog.ru/agency/mio_matryosh/;https://eventcatalog.ru/agency/event_agentstva/
1002;Mira Family;;+7(968)666-10-99 / +7(968)660-56-04;;;;;;;https://eventcatalog.ru/agency/mira_family/;https://eventcatalog.ru/agency/event_agentstva/
1003;Miracle inc.;;+7(927) 207-18-29 / +7(927) 201-18-93;;;;;;;https://eventcatalog.ru/agency/miracle_inc/;https://eventcatalog.ru/agency/event_agentstva/
1004;Miracle Weddings;;+39(333)900-67-03;;;;;;;https://eventcatalog.ru/agency/miracle_weddings/;https://eventcatalog.ru/agency/event_agentstva/
1005;Miram Group;;+7(499)997-93-34;;;;;;;https://eventcatalog.ru/agency/miram_group/;https://eventcatalog.ru/agency/event_agentstva/
1006;Mirans group;;+7(903)508-39-95;;;;;;;https://eventcatalog.ru/agency/mirans_group/;https://eventcatalog.ru/agency/event_agentstva/
1007;Mironov Entertainment;;+7(701) 396-92-25 / +7(701) 270-00-86;;;;;;;https://eventcatalog.ru/agency/mironov_entertainment/;https://eventcatalog.ru/agency/event_agentstva/
1008;Misdirection;;+7(495) 641-67-28 / +7(925) 129-41-61;;;;;;;https://eventcatalog.ru/agency/misdirection/;https://eventcatalog.ru/agency/event_agentstva/
1009;Miss Holiday;;+7(931)201-83-46;;;;;;;https://eventcatalog.ru/agency/miss_holiday/;https://eventcatalog.ru/agency/event_agentstva/
1010;Mister ideas;;+7(495)514-46-36 / +7(926)232-21-23;;;;;;;https://eventcatalog.ru/agency/mister_ideas/;https://eventcatalog.ru/agency/event_agentstva/
1011;Mister Show;;+7(911) 307-63-70 / +7(8152) 75-08-11;;;;;;;https://eventcatalog.ru/agency/mister_show/;https://eventcatalog.ru/agency/event_agentstva/
1012;Mix Bali Events;;+62-03-619-2214;;;;;;;https://eventcatalog.ru/agency/mix_bali_events/;https://eventcatalog.ru/agency/event_agentstva/
1013;Mix Event;;+7(495) 645-19-42 / +7(495) 953-23-84;;;;;;;https://eventcatalog.ru/agency/mix_event/;https://eventcatalog.ru/agency/event_agentstva/
1014;MKPR;;+7(926)593-82-37;;;;;;;https://eventcatalog.ru/agency/mkpr/;https://eventcatalog.ru/agency/event_agentstva/
1015;ML Group;;+7(044) 599-93-33 / +7(067) 755-50-55;;;;;;;https://eventcatalog.ru/agency/ml_group/;https://eventcatalog.ru/agency/event_agentstva/
1016;MLS Entertainment;;+7(987)296-48-28 / +7(843)527-96-10;;;;;;;https://eventcatalog.ru/agency/mls_entertainment/;https://eventcatalog.ru/agency/event_agentstva/
1017;Models Production;;+7(727) 263-63-37 / +7(727) 263-44-88;;;;;;;https://eventcatalog.ru/agency/models_production/;https://eventcatalog.ru/agency/event_agentstva/
1018;Modern Event Group;;+7(495) 649-42-39 / +7(985) 964-93-38;;;;;;;https://eventcatalog.ru/agency/modern_event_group/;https://eventcatalog.ru/agency/event_agentstva/
1019;Moliere;;+7(495) 772-42-99 / +7(499) 728-57-67;;;;;;;https://eventcatalog.ru/agency/moliere/;https://eventcatalog.ru/agency/event_agentstva/
1020;Moloshnikov;;+7(495)505-10-17 / +7(985)226-14-18;;;;;;;https://eventcatalog.ru/agency/moloshnikov/;https://eventcatalog.ru/agency/event_agentstva/
1021;Moments;;+7(926)232-85-33;;;;;;;https://eventcatalog.ru/agency/moments/;https://eventcatalog.ru/agency/event_agentstva/
1022;Mon Amour mariage&voyage;;+7(926)339-50-60;;;;;;;https://eventcatalog.ru/agency/mon_amour_mariageandvoyage/;https://eventcatalog.ru/agency/event_agentstva/
1023;Mon Plaisir;;+7(812)921-28-99 МТС / +793-828-92 Мегафон;;;;;;;https://eventcatalog.ru/agency/mon_plaisir/;https://eventcatalog.ru/agency/event_agentstva/
1024;MoneyShow-Event;;+7(499) 714-65-55 / +7(929) 635-39-37;;;;;;;https://eventcatalog.ru/agency/moneyshow-event/;https://eventcatalog.ru/agency/event_agentstva/
1025;Monte Kristo;;+7(8452) 77-69-66 / +7(8452) 93-88-80;;;;;;;https://eventcatalog.ru/agency/monte_kristo/;https://eventcatalog.ru/agency/event_agentstva/
1026;More;;+7(4012)39-83-13 / +7(906)219-13-13;;;;;;;https://eventcatalog.ru/agency/more/;https://eventcatalog.ru/agency/event_agentstva/
1027;More!Group;;+7(812)612-11-16;;;;;;;https://eventcatalog.ru/agency/moregroup/;https://eventcatalog.ru/agency/event_agentstva/
1028;Mos-event;;+7(495) 543-56-47 / +7(925) 543-56-46;;;;;;;https://eventcatalog.ru/agency/mos-event/;https://eventcatalog.ru/agency/event_agentstva/
1029;Mosaction;;+7(964)536-26-62 / +7(977)575-41-88;;;;;;;https://eventcatalog.ru/agency/mosaction/;https://eventcatalog.ru/agency/event_agentstva/
1030;Moscow Event;;+7(495)481-22-33 / +7(929)621-10-40;;;;;;;https://eventcatalog.ru/agency/moscow_event/;https://eventcatalog.ru/agency/event_agentstva/
1031;Moscow Party Makers;;+7(901)747-43-22;;;;;;;https://eventcatalog.ru/agency/moscow_party_makers/;https://eventcatalog.ru/agency/event_agentstva/
1032;Mosevent;;+7(495)988-42-12 / +7(495)988-42-14;;;;;;;https://eventcatalog.ru/agency/mosevent/;https://eventcatalog.ru/agency/event_agentstva/
1033;Most event;;+7(863) 221-84-09;;;;;;;https://eventcatalog.ru/agency/most_event/;https://eventcatalog.ru/agency/event_agentstva/
1034;Move;;+7(843)253-87-07;;;;;;;https://eventcatalog.ru/agency/move/;https://eventcatalog.ru/agency/event_agentstva/
1035;Move Agency;;+7(843)211-07-77;;;;;;;https://eventcatalog.ru/agency/move_agency/;https://eventcatalog.ru/agency/event_agentstva/
1036;Move Agency Челны;;+7(965)600-02-10;;;;;;;https://eventcatalog.ru/agency/move_agency_chelny/;https://eventcatalog.ru/agency/event_agentstva/
1037;Mozaika;;+7(343) 206-90-00 / +7(343) 207-90-00;;;;;;;https://eventcatalog.ru/agency/mozaika/;https://eventcatalog.ru/agency/event_agentstva/
1038;Mr-joy;;+7(343)339-46-86;;;;;;;https://eventcatalog.ru/agency/mr-joy/;https://eventcatalog.ru/agency/event_agentstva/
1039;Mr.Wolfe;;+7(916)634-57-72 / +7(906)066-07-47;;;;;;;https://eventcatalog.ru/agency/mr_wolfe/;https://eventcatalog.ru/agency/event_agentstva/
1040;MS;;+7(499)397-77-32;;;;;;;https://eventcatalog.ru/agency/ms/;https://eventcatalog.ru/agency/event_agentstva/
1041;MS Event;;+7(812)985-56-85;;;;;;;https://eventcatalog.ru/agency/ms_event/;https://eventcatalog.ru/agency/event_agentstva/
1042;MS Group;;+7(495)221-21-48 / +7(495)543-53-70;;;;;;;https://eventcatalog.ru/agency/ms_group/;https://eventcatalog.ru/agency/event_agentstva/
1043;MSG;;+7(928)294-68-23;;;;;;;https://eventcatalog.ru/agency/msg/;https://eventcatalog.ru/agency/event_agentstva/
1044;Multiway;;+7(495) 916-76-67;;;;;;;https://eventcatalog.ru/agency/multiway/;https://eventcatalog.ru/agency/event_agentstva/
1045;Music City;;+7(495) 940-64-34;;;;;;;https://eventcatalog.ru/agency/music_city/;https://eventcatalog.ru/agency/event_agentstva/
1046;Music to you;;+7(925)562-89-63;;;;;;;https://eventcatalog.ru/agency/music_to_you/;https://eventcatalog.ru/agency/event_agentstva/
1047;Music4Event;;+7(916) 388-73-50 / +7(909) 972-73-18;;;;;;;https://eventcatalog.ru/agency/music4event/;https://eventcatalog.ru/agency/event_agentstva/
1048;MV Event;;+7(999)158-53-50;;;;;;;https://eventcatalog.ru/agency/mv_event/;https://eventcatalog.ru/agency/event_agentstva/
1049;MV Production;;+7(812)612-47-24;;;;;;;https://eventcatalog.ru/agency/mv_production/;https://eventcatalog.ru/agency/event_agentstva/
1050;My event partners;;+7(925)229-42-26 / +7(925)702-03-74;;;;;;;https://eventcatalog.ru/agency/my_event_partners/;https://eventcatalog.ru/agency/event_agentstva/
1051;My event studio;;+7(916)530-49-33;;;;;;;https://eventcatalog.ru/agency/my_event_studio/;https://eventcatalog.ru/agency/event_agentstva/
1052;My White Label;;+7(812)372-68-82 / +7(904)339-70-00;;;;;;;https://eventcatalog.ru/agency/my_white_label/;https://eventcatalog.ru/agency/event_agentstva/
1053;MyRange;;+7(926) 163-25-46 / +7(495) 624-41-43;;;;;;;https://eventcatalog.ru/agency/myrange/;https://eventcatalog.ru/agency/event_agentstva/
1054;Mystery Wedding;;+7(921)413-29-99 / +357-96-446-794;;;;;;;https://eventcatalog.ru/agency/mystery_wedding/;https://eventcatalog.ru/agency/event_agentstva/
1055;NakedStyle;;+7(499)390-46-65;;;;;;;https://eventcatalog.ru/agency/nakedstyle/;https://eventcatalog.ru/agency/event_agentstva/
1056;National Pro;;+7(499) 235-29-68 / +7(499) 235-05-50;;;;;;;https://eventcatalog.ru/agency/national_pro/;https://eventcatalog.ru/agency/event_agentstva/
1057;Navigator Records;;+7(495) 748-17-49;;;;;;;https://eventcatalog.ru/agency/navigator_records/;https://eventcatalog.ru/agency/event_agentstva/
1058;Nectar music;;+7(495) 969-32-88 / +7(495) 251-66-45;;;;;;;https://eventcatalog.ru/agency/nectar_music/;https://eventcatalog.ru/agency/event_agentstva/
1059;NEOбычные праздники;;+7(921) 937-41-00;;;;;;;https://eventcatalog.ru/agency/neobychnye_prazdniki/;https://eventcatalog.ru/agency/event_agentstva/
1060;NEOпраздник;;+7(495)657-95-04;;;;;;;https://eventcatalog.ru/agency/neoprazdnik/;https://eventcatalog.ru/agency/event_agentstva/
1061;Neva Event;;+7(906) 263-66-37 / +7(921) 599-43-24;;;;;;;https://eventcatalog.ru/agency/neva_event/;https://eventcatalog.ru/agency/event_agentstva/
1062;Neva Show;;+7(812)330-55-00;;;;;;;https://eventcatalog.ru/agency/neva_show/;https://eventcatalog.ru/agency/event_agentstva/
1063;Never Sleep;;+7(495)212-13-33;;;;;;;https://eventcatalog.ru/agency/never_sleep/;https://eventcatalog.ru/agency/event_agentstva/
1064;New Look Models;;+7(831) 415-33-96;;;;;;;https://eventcatalog.ru/agency/new_look_models/;https://eventcatalog.ru/agency/event_agentstva/
1065;New Promo Group;;+7(922)242-73-80;;;;;;;https://eventcatalog.ru/agency/new_promo_group/;https://eventcatalog.ru/agency/event_agentstva/
1066;New sintez project;;+7(495)500-74-07 / +7(495)500-98-66;;;;;;;https://eventcatalog.ru/agency/new_sintez_project/;https://eventcatalog.ru/agency/event_agentstva/
1067;NewLineVision;;+7(495) 506-53-62 / +7(926) 107-41-32;;;;;;;https://eventcatalog.ru/agency/newlinevision/;https://eventcatalog.ru/agency/event_agentstva/
1068;NewPeople for Event;;+7(050) 444-74-84 / +7(044) 428-55-89;;;;;;;https://eventcatalog.ru/agency/newpeople_for_event/;https://eventcatalog.ru/agency/event_agentstva/
1069;Newrange;;+7(905) 553-26-68;;;;;;;https://eventcatalog.ru/agency/newrange/;https://eventcatalog.ru/agency/event_agentstva/
1070;Newton Event Group;;+7(495) 970-33-74;;;;;;;https://eventcatalog.ru/agency/newton_event_group/;https://eventcatalog.ru/agency/event_agentstva/
1071;NEXT Advertising;;+7(495) 648-78-96 / +7(926) 187-22-00;;;;;;;https://eventcatalog.ru/agency/next_advertising/;https://eventcatalog.ru/agency/event_agentstva/
1072;Nice Event;;+33(607)799-308;;;;;;;https://eventcatalog.ru/agency/nice_event/;https://eventcatalog.ru/agency/event_agentstva/
1073;Nice MICE Portugal;;+7(985)111-18-13 / +351-91-923-2202;;;;;;;https://eventcatalog.ru/agency/nice_mice_portugal/;https://eventcatalog.ru/agency/event_agentstva/
1074;Nice Moment;https://www.nicemomentevent.ru;+7(993)078-21-08;;;;;;;https://eventcatalog.ru/agency/nice_moment/;https://eventcatalog.ru/agency/event_agentstva/
1075;Night People;;+38 (095) 845-41-8 / +38 (067) 707-44-9;;;;;;;https://eventcatalog.ru/agency/night_people/;https://eventcatalog.ru/agency/event_agentstva/
1076;Night Street;;+7(499)390-00-70;;;;;;;https://eventcatalog.ru/agency/night_street/;https://eventcatalog.ru/agency/event_agentstva/
1077;NK-Project;;+7(495)369-17-71;;;;;;;https://eventcatalog.ru/agency/nk-project/;https://eventcatalog.ru/agency/event_agentstva/
1078;No Stress event agency;https://no-stresss.ru;+7(900)258-58-44;;;;;;;https://eventcatalog.ru/agency/no_stress_event_agency/;https://eventcatalog.ru/agency/event_agentstva/
1079;Noro Corporation;;+7(925)913-11-12 / +7(926)660-56-59;;;;;;;https://eventcatalog.ru/agency/noro_corporation/;https://eventcatalog.ru/agency/event_agentstva/
1080;Nova Arena Event;;+7(812)407-85-85;;;;;;;https://eventcatalog.ru/agency/nova_arena_event/;https://eventcatalog.ru/agency/event_agentstva/
1081;Novator;;+7(351) 796-57-08 / +7(351) 796-57-09;;;;;;;https://eventcatalog.ru/agency/novator/;https://eventcatalog.ru/agency/event_agentstva/
1082;NP-art;;+7(495) 669-17-57;;;;;;;https://eventcatalog.ru/agency/np-art/;https://eventcatalog.ru/agency/event_agentstva/
1083;O.K. Event Project;;+7(918)224-36-97 / +7(928)433-23-33;;;;;;;https://eventcatalog.ru/agency/o_k_event_project/;https://eventcatalog.ru/agency/event_agentstva/
1084;Oasis;;+7(812) 719-66-11 / +7(812) 273-28-72;;;;;;;https://eventcatalog.ru/agency/oasis/;https://eventcatalog.ru/agency/event_agentstva/
1085;Ocean Show;;+7(495) 778-16-06 / +7(906) 796-56-56;;;;;;;https://eventcatalog.ru/agency/ocean_show/;https://eventcatalog.ru/agency/event_agentstva/
1086;Octavi;;+33(450)338-383 / +33(972)428-601;;;;;;;https://eventcatalog.ru/agency/octavi/;https://eventcatalog.ru/agency/event_agentstva/
1087;OK Event;;+7(925)705-43-20;;;;;;;https://eventcatalog.ru/agency/ok_event/;https://eventcatalog.ru/agency/event_agentstva/
1088;Okay Event;;+7(38099) 711-69-32 / +7(38095) 223-61-11;;;;;;;https://eventcatalog.ru/agency/okay_event/;https://eventcatalog.ru/agency/event_agentstva/
1089;OKtava-Party;;+7(495) 621-63-62 / +7(905) 549-49-43;;;;;;;https://eventcatalog.ru/agency/oktava-party/;https://eventcatalog.ru/agency/event_agentstva/
1090;Oleg Zhadenov;;+7(495) 769-12-41 / +7(903) 970-55-00;;;;;;;https://eventcatalog.ru/agency/oleg_zhadenov/;https://eventcatalog.ru/agency/event_agentstva/
1091;OMG Ивент;;+7(3852)57-18-57;;;;;;;https://eventcatalog.ru/agency/omg_ivent/;https://eventcatalog.ru/agency/event_agentstva/
1092;One More;;+7(495)504-31-84;;;;;;;https://eventcatalog.ru/agency/one_more/;https://eventcatalog.ru/agency/event_agentstva/
1093;One only events;;+7(812)645-08-12;;;;;;;https://eventcatalog.ru/agency/one_only_events/;https://eventcatalog.ru/agency/event_agentstva/
1094;One-two;;+7(921)900-24-78 / +7(921)891-53-91;;;;;;;https://eventcatalog.ru/agency/one-two/;https://eventcatalog.ru/agency/event_agentstva/
1095;OneLabel;;+7(99871) 280-77-88 / +7(99898) 121-00-11;;;;;;;https://eventcatalog.ru/agency/onelabel/;https://eventcatalog.ru/agency/event_agentstva/
1096;Only event;;+7(915)109-07-07 / +7(985)963-89-11;;;;;;;https://eventcatalog.ru/agency/only_event/;https://eventcatalog.ru/agency/event_agentstva/
1097;Only Fresh;;+7(495) 782-79-72;;;;;;;https://eventcatalog.ru/agency/only_fresh/;https://eventcatalog.ru/agency/event_agentstva/
1098;Open;;+7(499) 503-93-63;;;;;;;https://eventcatalog.ru/agency/open/;https://eventcatalog.ru/agency/event_agentstva/
1099;Open Air Entertainment;;+7(495) 971-24-17 / +7(495) 518-68-88;;;;;;;https://eventcatalog.ru/agency/open_air_entertainment/;https://eventcatalog.ru/agency/event_agentstva/
1100;OpenStar Pro;;+7(938)411-70-00 / +7(929)830-52-74;;;;;;;https://eventcatalog.ru/agency/openstar_pro/;https://eventcatalog.ru/agency/event_agentstva/
1101;OperaEvent;;+7(919)100-20-39 / +7(985)220-14-40;;;;;;;https://eventcatalog.ru/agency/operaevent/;https://eventcatalog.ru/agency/event_agentstva/
1102;OPS;;+7(499) 390-93-63 / +7(926) 531-56-00;;;;;;;https://eventcatalog.ru/agency/ops/;https://eventcatalog.ru/agency/event_agentstva/
1103;OrangeDisco;;+7(495) 661-54-50 / +7(495) 720-13-19;;;;;;;https://eventcatalog.ru/agency/orangedisco/;https://eventcatalog.ru/agency/event_agentstva/
1104;Org Master;http://www.org-master.com;+7(343)319-46-43;;;;;;;https://eventcatalog.ru/agency/org_master/;https://eventcatalog.ru/agency/event_agentstva/
1105;Organizer;;+7(495) 790-26-32 / +7(495) 790-26-02;;;;;;;https://eventcatalog.ru/agency/organizer/;https://eventcatalog.ru/agency/event_agentstva/
1106;Orgteam;;+7(812)946-49-64;;;;;;;https://eventcatalog.ru/agency/orgteam/;https://eventcatalog.ru/agency/event_agentstva/
1107;Original Promotion Serviсe;;+7(777) 726-00-33 / +7(727) 272-49-27;;;;;;;https://eventcatalog.ru/agency/original_promotion_servise/;https://eventcatalog.ru/agency/event_agentstva/
1108;Orizzonte Studio;;+7(4212)20-27-11 / +7(914)158-27-11;;;;;;;https://eventcatalog.ru/agency/orizzonte_studio/;https://eventcatalog.ru/agency/event_agentstva/
1109;Orton Group;;+7(812)923-46-96 / +7(950)024-24-58;;;;;;;https://eventcatalog.ru/agency/orton_group/;https://eventcatalog.ru/agency/event_agentstva/
1110;OS Corporation;;+7(903)955-38-03;;;;;;;https://eventcatalog.ru/agency/os_corporation/;https://eventcatalog.ru/agency/event_agentstva/
1111;Oscar Event;;+7(925)561-68-58;;;;;;;https://eventcatalog.ru/agency/oscar_event/;https://eventcatalog.ru/agency/event_agentstva/
1112;OverMore;;+7(495) 669-05-97;;;;;;;https://eventcatalog.ru/agency/overmore/;https://eventcatalog.ru/agency/event_agentstva/
1113;Palazzi;;+ 39 (348) 8727844 / + 39 (328) 0078156;;;;;;;https://eventcatalog.ru/agency/palazzi/;https://eventcatalog.ru/agency/event_agentstva/
1114;Panda Party;;+7(495)532-36-32 / +7(905)501-61-20;;;;;;;https://eventcatalog.ru/agency/panda_party/;https://eventcatalog.ru/agency/event_agentstva/
1115;Panda Project;;+7(812)932-09-23 / +7(926)316-57-77;;;;;;;https://eventcatalog.ru/agency/panda_project/;https://eventcatalog.ru/agency/event_agentstva/
1116;PaPriCo;;+7(920)630-73-93 / +7(920)966-70-71;;;;;;;https://eventcatalog.ru/agency/paprico/;https://eventcatalog.ru/agency/event_agentstva/
1117;Paprikash Entertainment;;+7(495) 660-81-96;;;;;;;https://eventcatalog.ru/agency/paprikash_entertainment/;https://eventcatalog.ru/agency/event_agentstva/
1118;Parade;;+375(29)130-52-42 / +375(29)230-52-20;;;;;;;https://eventcatalog.ru/agency/parade/;https://eventcatalog.ru/agency/event_agentstva/
1119;Paradise Agency;;+7(057) 762-91-81 / +7(063) 121-69-01;;;;;;;https://eventcatalog.ru/agency/paradise_agency/;https://eventcatalog.ru/agency/event_agentstva/
1120;Paradise Event Holding;;+7(812)612-29-46 / +7(812)612-29-45;;;;;;;https://eventcatalog.ru/agency/paradise_event_holding/;https://eventcatalog.ru/agency/event_agentstva/
1121;Paradise Travel Group;;+7(495) 225-38-06;;;;;;;https://eventcatalog.ru/agency/paradise_travel_group/;https://eventcatalog.ru/agency/event_agentstva/
1122;Parodist;;+7(926) 226-70-99 / +7(926) 831-73-31;;;;;;;https://eventcatalog.ru/agency/parodist/;https://eventcatalog.ru/agency/event_agentstva/
1123;Partizan event & marketing;;+7(903)835-02-69 / +7(4912)51-12-69;;;;;;;https://eventcatalog.ru/agency/partizan_event_and_marketing/;https://eventcatalog.ru/agency/event_agentstva/
1124;Partner Events;;+7(4232) 450-123;;;;;;;https://eventcatalog.ru/agency/partner_events/;https://eventcatalog.ru/agency/event_agentstva/
1125;Party Exclusive;;+7(495) 518-12-85;;;;;;;https://eventcatalog.ru/agency/party_exclusive/;https://eventcatalog.ru/agency/event_agentstva/
1126;Party House;;+7(495) 505-08-76;;;;;;;https://eventcatalog.ru/agency/party_house/;https://eventcatalog.ru/agency/event_agentstva/
1127;Party Monster;;+7(977)267-33-15 / +7(499)651-81-87;;;;;;;https://eventcatalog.ru/agency/party_monster/;https://eventcatalog.ru/agency/event_agentstva/
1128;Party Planet;;+7(495) 605-93-53 / +7(495) 641-63-39;;;;;;;https://eventcatalog.ru/agency/party_planet/;https://eventcatalog.ru/agency/event_agentstva/
1129;Party Project;;+7(916) 833-85-69;;;;;;;https://eventcatalog.ru/agency/party_project/;https://eventcatalog.ru/agency/event_agentstva/
1130;Party Technology;;+7(915)004-40-44;;;;;;;https://eventcatalog.ru/agency/party_technology/;https://eventcatalog.ru/agency/event_agentstva/
1131;Party Time;;+7(906)300-93-00 / +7(8452)34-63-45;;;;;;;https://eventcatalog.ru/agency/party_time/;https://eventcatalog.ru/agency/event_agentstva/
1132;PartyPeople;;+7(383) 287-84-67 / +7(913) 205-59-55;;;;;;;https://eventcatalog.ru/agency/partypeople/;https://eventcatalog.ru/agency/event_agentstva/
1133;Partyzanka;;+7(495) 741-70-22 / +7(495) 741-70-24;;;;;;;https://eventcatalog.ru/agency/partyzanka/;https://eventcatalog.ru/agency/event_agentstva/
1134;People Around;;+7(863) 263-09-32 / +7(863) 268-76-94;;;;;;;https://eventcatalog.ru/agency/people_around/;https://eventcatalog.ru/agency/event_agentstva/
1135;People Friendship Group;;+7(495)585-72-90 / +7(929)992-20-62;;;;;;;https://eventcatalog.ru/agency/people_friendship_group/;https://eventcatalog.ru/agency/event_agentstva/
1136;People Talk;;+7(926) 622-29-86 / +7(926) 055-98-34;;;;;;;https://eventcatalog.ru/agency/people_talk/;https://eventcatalog.ru/agency/event_agentstva/
1137;Perets Pro;;+7(499)390-99-31 / +7(926)229-48-44;;;;;;;https://eventcatalog.ru/agency/perets_pro/;https://eventcatalog.ru/agency/event_agentstva/
1138;Perfect Day;;+7(916)616-54-75;;;;;;;https://eventcatalog.ru/agency/perfect_day/;https://eventcatalog.ru/agency/event_agentstva/
1139;Perfection Group;;+7(495)988-27-35;;;;;;;https://eventcatalog.ru/agency/perfection_group/;https://eventcatalog.ru/agency/event_agentstva/
1140;Perfection-Group;;+7(495) 772-63-09 / +7(926) 598-19-11;;;;;;;https://eventcatalog.ru/agency/perfection-group/;https://eventcatalog.ru/agency/event_agentstva/
1141;Phlatline Entertainment;;+7(968)764-20-00;;;;;;;https://eventcatalog.ru/agency/phlatline_entertainment/;https://eventcatalog.ru/agency/event_agentstva/
1142;Pilot-promo;;+7(3412) 412-607 / +7(912) 872-32-22;;;;;;;https://eventcatalog.ru/agency/pilot-promo/;https://eventcatalog.ru/agency/event_agentstva/
1143;Piter Event;;+7(812)982-07-50 / +7(911)927-40-06;;;;;;;https://eventcatalog.ru/agency/piter_event/;https://eventcatalog.ru/agency/event_agentstva/
1144;Plan A;http://www.plan-a-event.ru;+7(989)511-30-07 / +7(863)311-30-07;;;;;;;https://eventcatalog.ru/agency/plan_a/;https://eventcatalog.ru/agency/event_agentstva/
1145;Plan Event Agency;;+7(499)957-85-37 / +7(903)624-01-85;;;;;;;https://eventcatalog.ru/agency/plan_event_agency/;https://eventcatalog.ru/agency/event_agentstva/
1146;Planet Stars Company;;+7(495) 984-70-30 / +7(495) 984-73-00;;;;;;;https://eventcatalog.ru/agency/planet_stars_company/;https://eventcatalog.ru/agency/event_agentstva/
1147;Plastilin;;+7(383) 354-16-04 / +7(383) 354-16-06;;;;;;;https://eventcatalog.ru/agency/plastilin/;https://eventcatalog.ru/agency/event_agentstva/
1148;Platinum Project;;+7(901)772-50-70;;;;;;;https://eventcatalog.ru/agency/platinum_project/;https://eventcatalog.ru/agency/event_agentstva/
1149;Play Project Event & Creative;;+7(499) 393-32-27;;;;;;;https://eventcatalog.ru/agency/play_project_event_and_creative/;https://eventcatalog.ru/agency/event_agentstva/
1150;Play-day;;+7(926) 527-69-61 / +7(903) 299-97-12;;;;;;;https://eventcatalog.ru/agency/play-day/;https://eventcatalog.ru/agency/event_agentstva/
1151;PlayGame Events;;+7(989)048-54-38;;;;;;;https://eventcatalog.ru/agency/playgame_events/;https://eventcatalog.ru/agency/event_agentstva/
1152;PM:AM Entertaiment;;+7(495) 663-91-33;;;;;;;https://eventcatalog.ru/agency/pm_am_entertaiment/;https://eventcatalog.ru/agency/event_agentstva/
1153;Point management;;+7(495) 981-99-11;;;;;;;https://eventcatalog.ru/agency/point_management/;https://eventcatalog.ru/agency/event_agentstva/
1154;Point Passat;;+7(495)937-23-60;;;;;;;https://eventcatalog.ru/agency/point_passat/;https://eventcatalog.ru/agency/event_agentstva/
1155;Poligon event;;+7(920)930-99-11;;;;;;;https://eventcatalog.ru/agency/poligon_event/;https://eventcatalog.ru/agency/event_agentstva/
1156;Positive Communications;;+7(495) 629-80-10 / +7(812) 456-22-99;;;;;;;https://eventcatalog.ru/agency/positive_communications/;https://eventcatalog.ru/agency/event_agentstva/
1157;Positive Event;;+7(495) 790-15-11 / +7(495) 972-73-80;;;;;;;https://eventcatalog.ru/agency/positive_event/;https://eventcatalog.ru/agency/event_agentstva/
1158;Positive Wedding;;+7(351)218-12-52;;;;;;;https://eventcatalog.ru/agency/positive_wedding/;https://eventcatalog.ru/agency/event_agentstva/
1159;Post Scriptum;;+7(985)278-22-89;;;;;;;https://eventcatalog.ru/agency/post_scriptum/;https://eventcatalog.ru/agency/event_agentstva/
1160;Postscriptum;;+7(911)780-03-01;;;;;;;https://eventcatalog.ru/agency/postscriptum/;https://eventcatalog.ru/agency/event_agentstva/
1161;Pr Event Bureau;;+7(989)214-53-34;;;;;;;https://eventcatalog.ru/agency/pr_event_bureau/;https://eventcatalog.ru/agency/event_agentstva/
1162;PR Group;;+7(800)250-23-50;;;;;;;https://eventcatalog.ru/agency/pr_group/;https://eventcatalog.ru/agency/event_agentstva/
1163;PR Inc.;;+7(495) 651-84-54;;;;;;;https://eventcatalog.ru/agency/pr_inc/;https://eventcatalog.ru/agency/event_agentstva/
1164;PR Music;;+380(50)407-77-22 / +380(67)531-46-46;;;;;;;https://eventcatalog.ru/agency/pr_music/;https://eventcatalog.ru/agency/event_agentstva/
1165;PR Partner;;+7(495) 380-07-53;;;;;;;https://eventcatalog.ru/agency/pr_partner/;https://eventcatalog.ru/agency/event_agentstva/
1166;PR Эксперт;;+7(863) 300-35-53 / +7(863) 300-35-54;;;;;;;https://eventcatalog.ru/agency/pr_ekspert/;https://eventcatalog.ru/agency/event_agentstva/
1167;PR-Effect;;+7(495)748-81-07;;;;;;;https://eventcatalog.ru/agency/pr-effect/;https://eventcatalog.ru/agency/event_agentstva/
1168;PR-Проект;;+7(342)219-79-01 / +7(342)281-11-12;;;;;;;https://eventcatalog.ru/agency/pr-proekt/;https://eventcatalog.ru/agency/event_agentstva/
1169;Prana;;+7(919) 361-32-00 / +7(912) 031-32-00;;;;;;;https://eventcatalog.ru/agency/prana/;https://eventcatalog.ru/agency/event_agentstva/
1170;Prazdnickof;;+7(921) 352-99-80;;;;;;;https://eventcatalog.ru/agency/prazdnickof/;https://eventcatalog.ru/agency/event_agentstva/
1171;Prazdnik Detyam.ru;;+7(495) 647-88-56;;;;;;;https://eventcatalog.ru/agency/prazdnik_detyam_ru/;https://eventcatalog.ru/agency/event_agentstva/
1172;Prazdnik Land studio;;+7(905) 716-64-17 / +7(915) 306-17-40;;;;;;;https://eventcatalog.ru/agency/prazdnik_land_studio/;https://eventcatalog.ru/agency/event_agentstva/
1173;Prazdnik-style;;+7(915)222-44-50 / +7(499)677-52-04;;;;;;;https://eventcatalog.ru/agency/prazdnik-style/;https://eventcatalog.ru/agency/event_agentstva/
1174;Prazdnik99.ru;;+7(499) 259-06-34 / +7(495) 979-39-99;;;;;;;https://eventcatalog.ru/agency/prazdnik99_ru/;https://eventcatalog.ru/agency/event_agentstva/
1175;Prazdno;;+7(495)822-62-42;;;;;;;https://eventcatalog.ru/agency/prazdno/;https://eventcatalog.ru/agency/event_agentstva/
1176;Premium;;+7(843) 214-55-50 / +7(9272) 48-25-17;;;;;;;https://eventcatalog.ru/agency/premium/;https://eventcatalog.ru/agency/event_agentstva/
1177;PremiumEvent;;+7(903)513-48-91 / +7(495)504-25-18;;;;;;;https://eventcatalog.ru/agency/premiumevent/;https://eventcatalog.ru/agency/event_agentstva/
1178;Present;;+7(8422) 95-04-95 / +7(902) 588-30-58;;;;;;;https://eventcatalog.ru/agency/present/;https://eventcatalog.ru/agency/event_agentstva/
1179;Present Show;;+7(495) 789-98-55 / +7(905) 511-48-43;;;;;;;https://eventcatalog.ru/agency/present_show/;https://eventcatalog.ru/agency/event_agentstva/
1180;Prestigetour;;+7(495) 777-05-70;;;;;;;https://eventcatalog.ru/agency/prestigetour/;https://eventcatalog.ru/agency/event_agentstva/
1181;Pride Event;;+7(915)179-62-67;;;;;;;https://eventcatalog.ru/agency/pride_event/;https://eventcatalog.ru/agency/event_agentstva/
1182;Prime Event Kiev;;+380(67)899-49-49 / +380(44)599-29-49;;;;;;;https://eventcatalog.ru/agency/prime_event_kiev/;https://eventcatalog.ru/agency/event_agentstva/
1183;Prime Mover;;+7(915)388-05-49 / +7(969)019-49-49;;;;;;;https://eventcatalog.ru/agency/prime_mover/;https://eventcatalog.ru/agency/event_agentstva/
1184;Prime Star;;+7(044) 592-65-86 / +7(044) 592-65-87;;;;;;;https://eventcatalog.ru/agency/prime_star/;https://eventcatalog.ru/agency/event_agentstva/
1185;Prime Time;;+7(812) 950-06-67;;;;;;;https://eventcatalog.ru/agency/prime_time/;https://eventcatalog.ru/agency/event_agentstva/
1186;Prime Time Event. Design. Communications;;+7(812)950-06-67;;;;;;;https://eventcatalog.ru/agency/prime_time_event_design_communications/;https://eventcatalog.ru/agency/event_agentstva/
1187;Priment;;+7(926)216-83-45 / +7(925)500-22-81;;;;;;;https://eventcatalog.ru/agency/priment/;https://eventcatalog.ru/agency/event_agentstva/
1188;Primero e.g.;;+7(495) 772-63-38 / +7(926) 901-89-21;;;;;;;https://eventcatalog.ru/agency/primero_e_g/;https://eventcatalog.ru/agency/event_agentstva/
1189;PrimeSV;;+7(495)269-23-03 / +7(903)890-22-16;;;;;;;https://eventcatalog.ru/agency/primesv/;https://eventcatalog.ru/agency/event_agentstva/
1190;Primevent;;+7(495) 782-54-21;;;;;;;https://eventcatalog.ru/agency/primevent/;https://eventcatalog.ru/agency/event_agentstva/
1191;PRISM;;+7(812) 993-30-64;;;;;;;https://eventcatalog.ru/agency/prism/;https://eventcatalog.ru/agency/event_agentstva/
1192;Private case;;+7(921) 944-91-52;;;;;;;https://eventcatalog.ru/agency/private_case/;https://eventcatalog.ru/agency/event_agentstva/
1193;Private event studio;;+7(495) 661-62-13;;;;;;;https://eventcatalog.ru/agency/private_event_studio/;https://eventcatalog.ru/agency/event_agentstva/
1194;Pro Brand;;+7(495)374-55-88 / +7(968)764-46-44;;;;;;;https://eventcatalog.ru/agency/pro_brand/;https://eventcatalog.ru/agency/event_agentstva/
1195;Pro story;;+7(978)279-19-29;;;;;;;https://eventcatalog.ru/agency/pro_story/;https://eventcatalog.ru/agency/event_agentstva/
1196;PRO Движение;;+7(863) 296-10-94 / +7(863) 296-10-93;;;;;;;https://eventcatalog.ru/agency/pro_dvizhenie/;https://eventcatalog.ru/agency/event_agentstva/
1197;Pro-Event;;+7(495) 680-41-78 / +7(926) 722-17-77;;;;;;;https://eventcatalog.ru/agency/pro-event/;https://eventcatalog.ru/agency/event_agentstva/
1198;Pro-Media;;+7(499)918-63-33;;;;;;;https://eventcatalog.ru/agency/pro-media/;https://eventcatalog.ru/agency/event_agentstva/
1199;Pro-Tech;;+7(903) 820-55-20 / +7(910) 961-33-43;;;;;;;https://eventcatalog.ru/agency/pro-tech/;https://eventcatalog.ru/agency/event_agentstva/
1200;Pro-Vision Communications;;+7(495) 221-69-12;;;;;;;https://eventcatalog.ru/agency/pro-vision_communications/;https://eventcatalog.ru/agency/event_agentstva/
1201;ProAction;;+7(495) 722-43-17 / +7(495) 739-93-29;;;;;;;https://eventcatalog.ru/agency/proaction/;https://eventcatalog.ru/agency/event_agentstva/
1202;ProConcert;;+7(495) 997-47-64;;;;;;;https://eventcatalog.ru/agency/proconcert/;https://eventcatalog.ru/agency/event_agentstva/
1203;proekt212;;+7(904) 980-16-98 / +7(953) 047-44-24;;;;;;;https://eventcatalog.ru/agency/proekt212/;https://eventcatalog.ru/agency/event_agentstva/
1204;Proektovgrad;;+7(495) 940-96-96;;;;;;;https://eventcatalog.ru/agency/proektovgrad/;https://eventcatalog.ru/agency/event_agentstva/
1205;PRofi;;+7(097) 989-56-33;;;;;;;https://eventcatalog.ru/agency/profi/;https://eventcatalog.ru/agency/event_agentstva/
1206;Profi Event Producrion;;+7(922)637-70-44;;;;;;;https://eventcatalog.ru/agency/profi_event_producrion/;https://eventcatalog.ru/agency/event_agentstva/
1207;profi project;;+7(495) 638-53-29 / +7(925) 083-82-87;;;;;;;https://eventcatalog.ru/agency/profi_project/;https://eventcatalog.ru/agency/event_agentstva/
1208;Profistar;;+7(495)504-93-60;;;;;;;https://eventcatalog.ru/agency/profistar/;https://eventcatalog.ru/agency/event_agentstva/
1209;Project113;;+7(495) 664-41-13 / +7(926) 209-61-13;;;;;;;https://eventcatalog.ru/agency/project113/;https://eventcatalog.ru/agency/event_agentstva/
1210;Prolight;;+7(383) 201-56-28 / +7(383) 201-56-29;;;;;;;https://eventcatalog.ru/agency/prolight/;https://eventcatalog.ru/agency/event_agentstva/
1211;ProMedia Group;;+7(861) 945-00-13 / +7(928) 401-07-52;;;;;;;https://eventcatalog.ru/agency/promedia_group/;https://eventcatalog.ru/agency/event_agentstva/
1212;PromExpo;;+7(495) 921-35-07;;;;;;;https://eventcatalog.ru/agency/promexpo/;https://eventcatalog.ru/agency/event_agentstva/
1213;Promo;;+7(950)715-08-88;;;;;;;https://eventcatalog.ru/agency/promo/;https://eventcatalog.ru/agency/event_agentstva/
1214;Promo-Republic;;+7(3852)25-33-51 / +7(906)960-03-79;;;;;;;https://eventcatalog.ru/agency/promo-republic/;https://eventcatalog.ru/agency/event_agentstva/
1215;PROmodels;;+7(345) 246-33-57;;;;;;;https://eventcatalog.ru/agency/promodels/;https://eventcatalog.ru/agency/event_agentstva/
1216;PromoFabrika;;+7(812) 380-00-49;;;;;;;https://eventcatalog.ru/agency/promofabrika/;https://eventcatalog.ru/agency/event_agentstva/
1217;PromoHR;;+7(495) 540-42-15 / +7(964) 706-08-21;;;;;;;https://eventcatalog.ru/agency/promohr/;https://eventcatalog.ru/agency/event_agentstva/
1218;Promopull;;+7(917)755-52-27 / +7(347)246-51-66;;;;;;;https://eventcatalog.ru/agency/promopull/;https://eventcatalog.ru/agency/event_agentstva/
1219;Promotechnoligies;;+7(495)909-26-34;;;;;;;https://eventcatalog.ru/agency/promotechnoligies/;https://eventcatalog.ru/agency/event_agentstva/
1220;PromoЛюди;;+7(968) 611-61-11 / +7(495) 988-48-11;;;;;;;https://eventcatalog.ru/agency/promolyudi/;https://eventcatalog.ru/agency/event_agentstva/
1221;Propusk;;+7(927)051-25-79 / +7(8452)37-42-09;;;;;;;https://eventcatalog.ru/agency/propusk/;https://eventcatalog.ru/agency/event_agentstva/
1222;Prospectr;;+7(4842)51-00-13 / +7(909)251-55-00;;;;;;;https://eventcatalog.ru/agency/prospectr/;https://eventcatalog.ru/agency/event_agentstva/
1223;ProstoDj;;+7(926)079-34-70;;;;;;;https://eventcatalog.ru/agency/prostodj/;https://eventcatalog.ru/agency/event_agentstva/
1224;Prostoevent;;+7(965)127-82-20 / +7(926)541-77-35;;;;;;;https://eventcatalog.ru/agency/prostoevent/;https://eventcatalog.ru/agency/event_agentstva/
1225;Prout Group;http://www.proutgroup.ru;+7(495)625-23-05;;;;;;;https://eventcatalog.ru/agency/prout_group/;https://eventcatalog.ru/agency/event_agentstva/
1226;PROведем;;+7(916) 803-39-50 / +7(916) 216-52-67;;;;;;;https://eventcatalog.ru/agency/provedem/;https://eventcatalog.ru/agency/event_agentstva/
1227;Proтеус Группа;;+7(495) 730-27-79;;;;;;;https://eventcatalog.ru/agency/proteus_gruppa/;https://eventcatalog.ru/agency/event_agentstva/
1228;PRемьер;;+7(343) 222-02-32 / +7(343) 264-17-38;;;;;;;https://eventcatalog.ru/agency/premjer/;https://eventcatalog.ru/agency/event_agentstva/
1229;PRемьер __;;+7(343) 222-02-32 / +7(343) 378-50-00;;;;;;;https://eventcatalog.ru/agency/premjer-5/;https://eventcatalog.ru/agency/event_agentstva/
1230;PSG;;+7(963) 924-16-54 / +7(917) 583-10-66;;;;;;;https://eventcatalog.ru/agency/psg/;https://eventcatalog.ru/agency/event_agentstva/
1231;Public Agency;;+7(916) 207-92-07 / +7(916) 340-66-77;;;;;;;https://eventcatalog.ru/agency/public_agency/;https://eventcatalog.ru/agency/event_agentstva/
1232;Public Image.iPR;;+7(499)702-31-91 / +7(903)508-03-59;;;;;;;https://eventcatalog.ru/agency/public_image_ipr/;https://eventcatalog.ru/agency/event_agentstva/
1233;Publicity;;+7(909)863-09-71 / +7(924)221-10-02;;;;;;;https://eventcatalog.ru/agency/publicity/;https://eventcatalog.ru/agency/event_agentstva/
1234;Putter-Club;;+7(495)721-65-59 / +7(964)529-99-45;;;;;;;https://eventcatalog.ru/agency/putter-club/;https://eventcatalog.ru/agency/event_agentstva/
1235;Puzzle;;+7(495)664-58-43 / +7(925)701-55-10;;;;;;;https://eventcatalog.ru/agency/puzzle/;https://eventcatalog.ru/agency/event_agentstva/
1236;PVA event;;+7(495) 507-39-83 / +7(965) 115-01-23;;;;;;;https://eventcatalog.ru/agency/pva_event/;https://eventcatalog.ru/agency/event_agentstva/
1237;PZevent;;+7(495)229-23-49 / +7(903)009-77-19;;;;;;;https://eventcatalog.ru/agency/pzevent/;https://eventcatalog.ru/agency/event_agentstva/
1238;Queensbury;;+7(925) 001-36-99;;;;;;;https://eventcatalog.ru/agency/queensbury/;https://eventcatalog.ru/agency/event_agentstva/
1239;Quest Event Network;;+380(93)942-29-92;;;;;;;https://eventcatalog.ru/agency/quest_event_network/;https://eventcatalog.ru/agency/event_agentstva/
1240;Questern;;+7(962)943-56-19;;;;;;;https://eventcatalog.ru/agency/questern/;https://eventcatalog.ru/agency/event_agentstva/
1241;Questlands;;+7(499)380-83-63 / +7(906)777-08-98;;;;;;;https://eventcatalog.ru/agency/questlands/;https://eventcatalog.ru/agency/event_agentstva/
1242;QuestoMania;;+7(985)226-44-54;;;;;;;https://eventcatalog.ru/agency/questomania/;https://eventcatalog.ru/agency/event_agentstva/
1243;Quiz Mafia Event;;+7(915)291-99-35;;;;;;;https://eventcatalog.ru/agency/quiz_mafia_event/;https://eventcatalog.ru/agency/event_agentstva/
1244;RadaxGroup;;+7(499) 502-01-49 / +7(926) 229-48-44;;;;;;;https://eventcatalog.ru/agency/radaxgroup/;https://eventcatalog.ru/agency/event_agentstva/
1245;Radugadiscotek;;+7(903)281-13-86 / +7(495)792-93-02;;;;;;;https://eventcatalog.ru/agency/radugadiscotek/;https://eventcatalog.ru/agency/event_agentstva/
1246;RAM Music;;+7(926)855-61-98 / +7(965)445-86-93;;;;;;;https://eventcatalog.ru/agency/ram_music/;https://eventcatalog.ru/agency/event_agentstva/
1247;RB Arts Group;;+7(919)022-14-84;;;;;;;https://eventcatalog.ru/agency/rb_arts_group/;https://eventcatalog.ru/agency/event_agentstva/
1248;RBA;;+7(495) 434-65-11 / +7(495) 434-64-28;;;;;;;https://eventcatalog.ru/agency/rba/;https://eventcatalog.ru/agency/event_agentstva/
1249;RBTravel;;+7(495) 649-24-52 / +7(903) 572-69-65;;;;;;;https://eventcatalog.ru/agency/rbtravel/;https://eventcatalog.ru/agency/event_agentstva/
1250;Ready-Steady-Go;;+382-69-591-425;;;;;;;https://eventcatalog.ru/agency/ready-steady-go/;https://eventcatalog.ru/agency/event_agentstva/
1251;Red Dog Media;;+7(495)369-46-58;;;;;;;https://eventcatalog.ru/agency/red_dog_media/;https://eventcatalog.ru/agency/event_agentstva/
1252;Red G Team;;+7(812)750-05-54;;;;;;;https://eventcatalog.ru/agency/red_g_team/;https://eventcatalog.ru/agency/event_agentstva/
1253;Red Heads;;+7(968)903-46-65;;;;;;;https://eventcatalog.ru/agency/red_heads/;https://eventcatalog.ru/agency/event_agentstva/
1254;Red Square Group;;+7(495) 744-29-10;;;;;;;https://eventcatalog.ru/agency/red_square_group/;https://eventcatalog.ru/agency/event_agentstva/
1255;Red Star;;+7(473)333-05-68 / +7(919)233-33-99;;;;;;;https://eventcatalog.ru/agency/red_star/;https://eventcatalog.ru/agency/event_agentstva/
1256;Redday;;+7(495)180-04-20;;;;;;;https://eventcatalog.ru/agency/redday/;https://eventcatalog.ru/agency/event_agentstva/
1257;ReDiS;;+7(926) 125-70-54;;;;;;;https://eventcatalog.ru/agency/redis/;https://eventcatalog.ru/agency/event_agentstva/
1258;Relanta;;+7(499)238-95-11 / +7(905)728-73-93;;;;;;;https://eventcatalog.ru/agency/relanta/;https://eventcatalog.ru/agency/event_agentstva/
1259;Remar Group;;+7(812)309-88-40 / +7(800)333-88-32;;;;;;;https://eventcatalog.ru/agency/remar_group/;https://eventcatalog.ru/agency/event_agentstva/
1260;Rent-A-Place;;+7(495) 195-81-92 / +7(495) 795-50-00;;;;;;;https://eventcatalog.ru/agency/rent-a-place/;https://eventcatalog.ru/agency/event_agentstva/
1261;Republic Free;;+7(495)762-17-12;;;;;;;https://eventcatalog.ru/agency/republic_free/;https://eventcatalog.ru/agency/event_agentstva/
1262;RePublique;;+7(495) 632-01-26 / +7(495) 649-43-59;;;;;;;https://eventcatalog.ru/agency/republique/;https://eventcatalog.ru/agency/event_agentstva/
1263;Rest Business;;+7(421) 261-12-03;;;;;;;https://eventcatalog.ru/agency/rest_business/;https://eventcatalog.ru/agency/event_agentstva/
1264;Rest EVENTS;;+7(495)765-75-72;;;;;;;https://eventcatalog.ru/agency/rest_events/;https://eventcatalog.ru/agency/event_agentstva/
1265;Restar Agency;;+7(926)095-33-23;;;;;;;https://eventcatalog.ru/agency/restar_agency/;https://eventcatalog.ru/agency/event_agentstva/
1266;RestLine Company;;+7(342) 276-18-00 / +7(342) 276-06-00;;;;;;;https://eventcatalog.ru/agency/restline_company/;https://eventcatalog.ru/agency/event_agentstva/
1267;Resto Group;;+7(495) 981-98-95 / +7(495) 921-22-22;;;;;;;https://eventcatalog.ru/agency/resto_group/;https://eventcatalog.ru/agency/event_agentstva/
1268;RestPublic creative group;;+7(066) 045-46-40 / +7(097) 964-48-18;;;;;;;https://eventcatalog.ru/agency/restpublic_creative_group/;https://eventcatalog.ru/agency/event_agentstva/
1269;RG team;;+7(499)391-98-43;;;;;;;https://eventcatalog.ru/agency/rg_team/;https://eventcatalog.ru/agency/event_agentstva/
1270;Rich and Famous;;+7(495)221-06-70 / +7(903)136-86-98;;;;;;;https://eventcatalog.ru/agency/rich_and_famous/;https://eventcatalog.ru/agency/event_agentstva/
1271;Rina Event;;+7(967)117-92-17;;;;;;;https://eventcatalog.ru/agency/rina_event/;https://eventcatalog.ru/agency/event_agentstva/
1272;Rino Lens;;+7(495) 999-52-90 / +7(495) 675-70-54;;;;;;;https://eventcatalog.ru/agency/rino_lens/;https://eventcatalog.ru/agency/event_agentstva/
1273;River Sound;;+7(926)100-10-36 / +84-96-7762-977;;;;;;;https://eventcatalog.ru/agency/river_sound/;https://eventcatalog.ru/agency/event_agentstva/
1274;Rk Inside;;+7(988)559-59-18;;;;;;;https://eventcatalog.ru/agency/rk_inside/;https://eventcatalog.ru/agency/event_agentstva/
1275;RNCC Vriendschap;;+31-30-294-4023 / +31-65-116-6310;;;;;;;https://eventcatalog.ru/agency/rncc_vriendschap/;https://eventcatalog.ru/agency/event_agentstva/
1276;Roma-consulting;;+7(334) 918-60-34;;;;;;;https://eventcatalog.ru/agency/roma-consulting/;https://eventcatalog.ru/agency/event_agentstva/
1277;Romanoff Group;;+7(495)923-70-87;;;;;;;https://eventcatalog.ru/agency/romanoff_group/;https://eventcatalog.ru/agency/event_agentstva/
1278;Romantic;;+380(96)414-79-24;;;;;;;https://eventcatalog.ru/agency/romantic/;https://eventcatalog.ru/agency/event_agentstva/
1279;Romantic Moscow;;+7(495)233-04-29;;;;;;;https://eventcatalog.ru/agency/romantic_moscow/;https://eventcatalog.ru/agency/event_agentstva/
1280;Root;;+7(495)181-98-05;;;;;;;https://eventcatalog.ru/agency/root/;https://eventcatalog.ru/agency/event_agentstva/
1281;Rost Event&Tourism;;+7(812)954-34-89;;;;;;;https://eventcatalog.ru/agency/rost_eventandtourism/;https://eventcatalog.ru/agency/event_agentstva/
1282;Rout;;+7(050) 300-98-44 / +7(093) 133-38-82;;;;;;;https://eventcatalog.ru/agency/rout/;https://eventcatalog.ru/agency/event_agentstva/
1283;Royal Event;;+7(926)727-84-84;;;;;;;https://eventcatalog.ru/agency/royal_event/;https://eventcatalog.ru/agency/event_agentstva/
1284;Royal Life;;+7(925) 802-10-22;;;;;;;https://eventcatalog.ru/agency/royal_life/;https://eventcatalog.ru/agency/event_agentstva/
1285;Royal Wedding;;+7(921)956-18-40 / +7(812)339-18-40;;;;;;;https://eventcatalog.ru/agency/royal_wedding/;https://eventcatalog.ru/agency/event_agentstva/
1286;Royal-Events;;+7(495)231-89-64 / +7(910)480-02-67;;;;;;;https://eventcatalog.ru/agency/royal-events/;https://eventcatalog.ru/agency/event_agentstva/
1287;Royal-group;;+7(964) 764-11-11;;;;;;;https://eventcatalog.ru/agency/royal-group/;https://eventcatalog.ru/agency/event_agentstva/
1288;Royalevent;;+7(916)620-00-26;;;;;;;https://eventcatalog.ru/agency/royalevent/;https://eventcatalog.ru/agency/event_agentstva/
1289;RRT;;+700000;;;;;;;https://eventcatalog.ru/agency/rrt/;https://eventcatalog.ru/agency/event_agentstva/
1290;RT Event & MICE;;+7(921)370-57-62;;;;;;;https://eventcatalog.ru/agency/rt_event_and_mice/;https://eventcatalog.ru/agency/event_agentstva/
1291;RU Media-Group;;+7(499) 390-57-27;;;;;;;https://eventcatalog.ru/agency/ru_media-group/;https://eventcatalog.ru/agency/event_agentstva/
1292;Rudanovsky Productions;;+7(967) 351-01-85;;;;;;;https://eventcatalog.ru/agency/rudanovsky_productions/;https://eventcatalog.ru/agency/event_agentstva/
1293;Run The Show;;+7(495)664-69-43 / +7(915)267-08-39;;;;;;;https://eventcatalog.ru/agency/run_the_show/;https://eventcatalog.ru/agency/event_agentstva/
1294;RunFun;;+7(926) 407-55-55 / +7(903) 115-06-94;;;;;;;https://eventcatalog.ru/agency/runfun/;https://eventcatalog.ru/agency/event_agentstva/
1295;Rusconcert;;+7(495) 505-22-98 / +7(495) 771-12-81;;;;;;;https://eventcatalog.ru/agency/rusconcert/;https://eventcatalog.ru/agency/event_agentstva/
1296;RusEventProject;;+7(495) 363-65-41 / +7(495) 926-09-45;;;;;;;https://eventcatalog.ru/agency/ruseventproject/;https://eventcatalog.ru/agency/event_agentstva/
1297;Rush;;+7(863) 240-62-11;;;;;;;https://eventcatalog.ru/agency/rush/;https://eventcatalog.ru/agency/event_agentstva/
1298;Russian Event Consulting;;+7(499)390-57-40;;;;;;;https://eventcatalog.ru/agency/russian_event_consulting/;https://eventcatalog.ru/agency/event_agentstva/
1299;Russian Events;;+7(919) 960-26-73 / +7(495) 759-86-67;;;;;;;https://eventcatalog.ru/agency/russian_events/;https://eventcatalog.ru/agency/event_agentstva/
1300;Russian Promotion Company;;+7(938)445-97-77;;;;;;;https://eventcatalog.ru/agency/russian_promotion_company/;https://eventcatalog.ru/agency/event_agentstva/
1301;S-Gusto;;+7(905) 575-44-21 / +7(916) 023-36-99;;;;;;;https://eventcatalog.ru/agency/s-gusto/;https://eventcatalog.ru/agency/event_agentstva/
1302;Salute;;+7(921)965-16-25 / +7(812)604-25-25;;;;;;;https://eventcatalog.ru/agency/salute/;https://eventcatalog.ru/agency/event_agentstva/
1303;Salvador;;+7(985)481-56-52;;;;;;;https://eventcatalog.ru/agency/salvador/;https://eventcatalog.ru/agency/event_agentstva/
1304;Sanctu ignes;;+7(903)447-40-26;;;;;;;https://eventcatalog.ru/agency/sanctu_ignes/;https://eventcatalog.ru/agency/event_agentstva/
1305;Sand Project;;+7(495) 999-29-45;;;;;;;https://eventcatalog.ru/agency/sand_project/;https://eventcatalog.ru/agency/event_agentstva/
1306;Sandazh;;+7(38044) 209-69-00;;;;;;;https://eventcatalog.ru/agency/sandazh/;https://eventcatalog.ru/agency/event_agentstva/
1307;Sandraevent;;+7(499)136-67-79;;;;;;;https://eventcatalog.ru/agency/sandraevent/;https://eventcatalog.ru/agency/event_agentstva/
1308;Sapupa.ru;;+7(495) 589-53-16;;;;;;;https://eventcatalog.ru/agency/sapupa_ru/;https://eventcatalog.ru/agency/event_agentstva/
1309;Sarafan group;;+7(978)899-59-61;;;;;;;https://eventcatalog.ru/agency/sarafan_group/;https://eventcatalog.ru/agency/event_agentstva/
1310;Saventa;;+7(495) 616-66-87 / +7(915) 366-47-14;;;;;;;https://eventcatalog.ru/agency/saventa/;https://eventcatalog.ru/agency/event_agentstva/
1311;Savik&Partners;;+7(495) 788-17-79;;;;;;;https://eventcatalog.ru/agency/savikandpartners/;https://eventcatalog.ru/agency/event_agentstva/
1312;SazonovStudio;;+7(812)600-92-48 / +7(921)953-69-00;;;;;;;https://eventcatalog.ru/agency/sazonovstudio/;https://eventcatalog.ru/agency/event_agentstva/
1313;SBM;;+7(495) 220-82-42 / +7(495) 220-82-56;;;;;;;https://eventcatalog.ru/agency/sbm/;https://eventcatalog.ru/agency/event_agentstva/
1314;Scenarium;;+7(916) 104-74-44;;;;;;;https://eventcatalog.ru/agency/scenarium/;https://eventcatalog.ru/agency/event_agentstva/
1315;SCommunications;;+7(905)205-43-21;;;;;;;https://eventcatalog.ru/agency/scommunications/;https://eventcatalog.ru/agency/event_agentstva/
1316;Sea&Fun;;+7(926) 380-95-01 / +7(926) 524-68-11;;;;;;;https://eventcatalog.ru/agency/seaandfun/;https://eventcatalog.ru/agency/event_agentstva/
1317;Selebration;;+7(8332)32-16-87 / +7(912)734-40-64;;;;;;;https://eventcatalog.ru/agency/selebration/;https://eventcatalog.ru/agency/event_agentstva/
1318;Selyanin;;+7(812)934-82-62 / +7(911)229-83-12;;;;;;;https://eventcatalog.ru/agency/selyanin/;https://eventcatalog.ru/agency/event_agentstva/
1319;Sense of Life;;+7(911)271-05-46 / +7(904)559-91-05;;;;;;;https://eventcatalog.ru/agency/sense_of_life/;https://eventcatalog.ru/agency/event_agentstva/
1320;Serebro;;+7(913) 903-79-61 / +7(383) 380-92-00;;;;;;;https://eventcatalog.ru/agency/serebro/;https://eventcatalog.ru/agency/event_agentstva/
1321;Serena Event Agency;;+7(495)765-11-01;;;;;;;https://eventcatalog.ru/agency/serena_event_agency/;https://eventcatalog.ru/agency/event_agentstva/
1322;Serpentine;;+7(485) 268-14-87 / +7info@avangard-rus.;;;;;;;https://eventcatalog.ru/agency/serpentine/;https://eventcatalog.ru/agency/event_agentstva/
1323;Service A Travel & Events;;+7(926) 207-16-71;;;;;;;https://eventcatalog.ru/agency/service_a_travel_and_events/;https://eventcatalog.ru/agency/event_agentstva/
1324;Set Services;;+7(499) 762-66-06;;;;;;;https://eventcatalog.ru/agency/set_services/;https://eventcatalog.ru/agency/event_agentstva/
1325;Setup Agency;;+7(495) 626-41-50 / +7(963) 782-50-53;;;;;;;https://eventcatalog.ru/agency/setup_agency/;https://eventcatalog.ru/agency/event_agentstva/
1326;Seven Communications;;+380(44)500-77-80;;;;;;;https://eventcatalog.ru/agency/seven_communications/;https://eventcatalog.ru/agency/event_agentstva/
1327;Seventeen;;+7(499) 340-01-81;;;;;;;https://eventcatalog.ru/agency/seventeen/;https://eventcatalog.ru/agency/event_agentstva/
1328;SGArt;;+7(499)399-30-52;;;;;;;https://eventcatalog.ru/agency/sgart/;https://eventcatalog.ru/agency/event_agentstva/
1329;SGP;;+7(846)989-00-97 / +7(987)950-30-11;;;;;;;https://eventcatalog.ru/agency/sgp/;https://eventcatalog.ru/agency/event_agentstva/
1330;Shake Up;;+7(913)950-99-33;;;;;;;https://eventcatalog.ru/agency/shake_up/;https://eventcatalog.ru/agency/event_agentstva/
1331;Sharmol;;+7(495) 972-11-12 / +7(495) 971-18-12;;;;;;;https://eventcatalog.ru/agency/sharmol-1/;https://eventcatalog.ru/agency/event_agentstva/
1332;Sharmol;;+7(495) 972-11-12;;;;;;;https://eventcatalog.ru/agency/sharmol/;https://eventcatalog.ru/agency/event_agentstva/
1333;Shkaprov elite event agency;;+7(495) 641-42-61;;;;;;;https://eventcatalog.ru/agency/shkaprov_elite_event_agency/;https://eventcatalog.ru/agency/event_agentstva/
1334;Shooters Catervent;;+7(050) 014-81-48 / +7(063) 444-46-22;;;;;;;https://eventcatalog.ru/agency/shooters_catervent/;https://eventcatalog.ru/agency/event_agentstva/
1335;Show;;+7(495)255-27-03;;;;;;;https://eventcatalog.ru/agency/show/;https://eventcatalog.ru/agency/event_agentstva/
1336;Show Dream;;+7(495)215-20-38;;;;;;;https://eventcatalog.ru/agency/show_dream/;https://eventcatalog.ru/agency/event_agentstva/
1337;Show Effect;;+7(926)285-12-34;;;;;;;https://eventcatalog.ru/agency/show_effect/;https://eventcatalog.ru/agency/event_agentstva/
1338;Show Life Production;;+7(495)228-18-45;;;;;;;https://eventcatalog.ru/agency/show_life_production/;https://eventcatalog.ru/agency/event_agentstva/
1339;Show Prod;;+7(963)925-86-86 / +7(903)533-99-29;;;;;;;https://eventcatalog.ru/agency/show_prod/;https://eventcatalog.ru/agency/event_agentstva/
1340;Show time;;+380(66)812-07-33;;;;;;;https://eventcatalog.ru/agency/show_time/;https://eventcatalog.ru/agency/event_agentstva/
1341;Show&Motion;;+7(499) 270-09-52;;;;;;;https://eventcatalog.ru/agency/showandmotion/;https://eventcatalog.ru/agency/event_agentstva/
1342;Show.media;;+7(863) 221-69-99;;;;;;;https://eventcatalog.ru/agency/show_media/;https://eventcatalog.ru/agency/event_agentstva/
1343;Showbizpro;;+7(926) 222-98-42;;;;;;;https://eventcatalog.ru/agency/showbizpro/;https://eventcatalog.ru/agency/event_agentstva/
1344;ShowCompany;;+7(812)716-50-00;;;;;;;https://eventcatalog.ru/agency/showcompany/;https://eventcatalog.ru/agency/event_agentstva/
1345;ShowMaker;;+7(916)473-30-73 / +7(964)786-26-52;;;;;;;https://eventcatalog.ru/agency/showmaker/;https://eventcatalog.ru/agency/event_agentstva/
1346;Showtime Харьков;;+7(066) 468-18-08 / +7(057) 754-40-95;;;;;;;https://eventcatalog.ru/agency/showtime_harjkov/;https://eventcatalog.ru/agency/event_agentstva/
1347;Shtorm;;+7(911)086-95-30 / +7(977)317-36-81;;;;;;;https://eventcatalog.ru/agency/shtorm/;https://eventcatalog.ru/agency/event_agentstva/
1348;Sibevent group;;+7(838)229-42-49 / +7(952)157-90-75;;;;;;;https://eventcatalog.ru/agency/sibevent_group/;https://eventcatalog.ru/agency/event_agentstva/
1349;Sichkar Group;;+7(800)550-06-65 / +7(861)203-02-90;;;;;;;https://eventcatalog.ru/agency/sichkar_group/;https://eventcatalog.ru/agency/event_agentstva/
1350;Sila Group;;+7(995)112-13-75 / +90(531)689-3510;;;;;;;https://eventcatalog.ru/agency/sila_group/;https://eventcatalog.ru/agency/event_agentstva/
1351;Silent Disco;;+7(495)166-25-19;;;;;;;https://eventcatalog.ru/agency/silent_disco/;https://eventcatalog.ru/agency/event_agentstva/
1352;Silver Event;;+7(495) 730-10-01;;;;;;;https://eventcatalog.ru/agency/silver_event/;https://eventcatalog.ru/agency/event_agentstva/
1353;Simplicity;;+7(812) 950-69-19 / +7(921) 303-72-43;;;;;;;https://eventcatalog.ru/agency/simplicity/;https://eventcatalog.ru/agency/event_agentstva/
1354;Siriys Communication Group;;+7(495) 585-70-79;;;;;;;https://eventcatalog.ru/agency/siriys_communication_group/;https://eventcatalog.ru/agency/event_agentstva/
1355;Skazka Project;;+7(812)921-13-80 / +7(911)921-13-80;;;;;;;https://eventcatalog.ru/agency/skazka_project/;https://eventcatalog.ru/agency/event_agentstva/
1356;Skill;;+374-60-707-570;;;;;;;https://eventcatalog.ru/agency/skill/;https://eventcatalog.ru/agency/event_agentstva/
1357;SKM;;+7(961)478-18-00 / +7(906)499-98-85;;;;;;;https://eventcatalog.ru/agency/skm/;https://eventcatalog.ru/agency/event_agentstva/
1358;Sky;;+7(925)353-75-75;;;;;;;https://eventcatalog.ru/agency/sky/;https://eventcatalog.ru/agency/event_agentstva/
1359;Sky-Events;;+7(495) 979-08-43 / +7(926) 584-37-11;;;;;;;https://eventcatalog.ru/agency/sky-events/;https://eventcatalog.ru/agency/event_agentstva/
1360;Skyfest;;+7(499)390-95-39 / +20(19_)___-____;;;;;;;https://eventcatalog.ru/agency/skyfest/;https://eventcatalog.ru/agency/event_agentstva/
1361;Skyworker;;+7(926) 325-63-65 / +7(495) 960-79-44;;;;;;;https://eventcatalog.ru/agency/skyworker/;https://eventcatalog.ru/agency/event_agentstva/
1362;SLG group - Producing & Media;http://slg-g.com;+7(495)532-58-38 / +7(915)231-99-98;;;;;;;https://eventcatalog.ru/agency/slg_group_-_producing_and_media/;https://eventcatalog.ru/agency/event_agentstva/
1363;Slon _;;+7(495) 663-72-13;;;;;;;https://eventcatalog.ru/agency/slon-1/;https://eventcatalog.ru/agency/event_agentstva/
1364;Slon event storytelling;;+7(916)478-34-96 / +7(495)663-72-13;;;;;;;https://eventcatalog.ru/agency/slon_event_storytelling/;https://eventcatalog.ru/agency/event_agentstva/
1365;SLS Group;;+7(499)553-06-54;;;;;;;https://eventcatalog.ru/agency/sls_group/;https://eventcatalog.ru/agency/event_agentstva/
1366;Sm:art events & consulting;;+7(495) 290-08-72;;;;;;;https://eventcatalog.ru/agency/sm_art_events_and_consulting/;https://eventcatalog.ru/agency/event_agentstva/
1367;Smart;;+7(495)980-89-66;;;;;;;https://eventcatalog.ru/agency/smart/;https://eventcatalog.ru/agency/event_agentstva/
1368;Smart Emotions;;+7(495)648-41-31;;;;;;;https://eventcatalog.ru/agency/smart_emotions/;https://eventcatalog.ru/agency/event_agentstva/
1369;Smart Event;;+7(727)354-78-78 / +7(707)354-78-78;;;;;;;https://eventcatalog.ru/agency/smart_event/;https://eventcatalog.ru/agency/event_agentstva/
1370;Smart Event Group;;+7(926) 530-40-40;;;;;;;https://eventcatalog.ru/agency/smart_event_group/;https://eventcatalog.ru/agency/event_agentstva/
1371;Smart events & fundraising;;+7(495)229-88-56;;;;;;;https://eventcatalog.ru/agency/smart_events_and_fundraising/;https://eventcatalog.ru/agency/event_agentstva/
1372;Smart Events by Zolotukhina;;+7(921)961-27-70;;;;;;;https://eventcatalog.ru/agency/smart_events_by_zolotukhina/;https://eventcatalog.ru/agency/event_agentstva/
1373;Smart Management Group;http://www.mgsmart.ru;+7(812)385-54-55 / +7(921)900-47-77;;;;;;;https://eventcatalog.ru/agency/smart_management_group/;https://eventcatalog.ru/agency/event_agentstva/
1374;Smart Motion;;+7(495)120-77-74;;;;;;;https://eventcatalog.ru/agency/smart_motion/;https://eventcatalog.ru/agency/event_agentstva/
1375;Smart.Network;;+7(916)945-72-51;;;;;;;https://eventcatalog.ru/agency/smart_network/;https://eventcatalog.ru/agency/event_agentstva/
1376;Smartberry;;+7(749) 579-80-73 / +7(749) 562-68-20;;;;;;;https://eventcatalog.ru/agency/smartberry/;https://eventcatalog.ru/agency/event_agentstva/
1377;SMARTBERRY Event Solutions;;+7(495) 626-82-02 / +7(495) 798-07-39;;;;;;;https://eventcatalog.ru/agency/smartberry_event_solutions/;https://eventcatalog.ru/agency/event_agentstva/
1378;Smile Time;;+7(978)816-24-37 / +7(978)213-39-98;;;;;;;https://eventcatalog.ru/agency/smile_time/;https://eventcatalog.ru/agency/event_agentstva/
1379;Smile-Group;;+7(926) 614-44-31;;;;;;;https://eventcatalog.ru/agency/smile-group/;https://eventcatalog.ru/agency/event_agentstva/
1380;Smilin' Box;;+7(499)391-40-34;;;;;;;https://eventcatalog.ru/agency/smilin_box/;https://eventcatalog.ru/agency/event_agentstva/
1381;Snovaprazdnik;;+7(964) 573-63-63;;;;;;;https://eventcatalog.ru/agency/snovaprazdnik/;https://eventcatalog.ru/agency/event_agentstva/
1382;SO Creative Group;;+7(495) 968-92-62;;;;;;;https://eventcatalog.ru/agency/so_creative_group/;https://eventcatalog.ru/agency/event_agentstva/
1383;Sobytie Communications;http://www.so-bytie.ru;+7(495)921-05-72;;;;;;;https://eventcatalog.ru/agency/sobytie_communications/;https://eventcatalog.ru/agency/event_agentstva/
1384;Агентства;http://orphus.ru;;;;;;;;https://eventcatalog.ru/agency/sole_verde/;https://eventcatalog.ru/agency/event_agentstva/
1385;Solnechnaya;;+7(925)230-31-09;;;;;;;https://eventcatalog.ru/agency/solnechnaya/;https://eventcatalog.ru/agency/event_agentstva/
1386;Solvit;;+7(495) 723-48-94 / +7(963) 674-29-44;;;;;;;https://eventcatalog.ru/agency/solvit/;https://eventcatalog.ru/agency/event_agentstva/
1387;SOM Solutions;;+7(926) 528-86-80;;;;;;;https://eventcatalog.ru/agency/som_solutions/;https://eventcatalog.ru/agency/event_agentstva/
1388;Somnium Event & Lighting;;+7(495) 991-60-57;;;;;;;https://eventcatalog.ru/agency/somnium_event_and_lighting/;https://eventcatalog.ru/agency/event_agentstva/
1389;Sorpresa;;+7(495)524-05-27 / +7(916)549-04-13;;;;;;;https://eventcatalog.ru/agency/sorpresa/;https://eventcatalog.ru/agency/event_agentstva/
1390;South Traffic;;+7(978)072-22-08;;;;;;;https://eventcatalog.ru/agency/south_traffic/;https://eventcatalog.ru/agency/event_agentstva/
1391;Sova Team;;+7(495)101-38-85;;;;;;;https://eventcatalog.ru/agency/sova_team/;https://eventcatalog.ru/agency/event_agentstva/
1392;Sparks;;+7(963)681-80-90;;;;;;;https://eventcatalog.ru/agency/sparks/;https://eventcatalog.ru/agency/event_agentstva/
1393;Special Agency;;+7(495)287-76-25;;;;;;;https://eventcatalog.ru/agency/special_agency/;https://eventcatalog.ru/agency/event_agentstva/
1394;Special Events;;+7(495) 646-26-11 / +7(495) 646-26-22;;;;;;;https://eventcatalog.ru/agency/special_events/;https://eventcatalog.ru/agency/event_agentstva/
1395;Special events CDS;;+7(911)914-87-09 / +34(603)427-453;;;;;;;https://eventcatalog.ru/agency/special_events_cds/;https://eventcatalog.ru/agency/event_agentstva/
1396;Special Project Agency;;+7(495)287 76 30;;;;;;;https://eventcatalog.ru/agency/special_project_agency/;https://eventcatalog.ru/agency/event_agentstva/
1397;Splendid agency;;+7(985) 134-43-47 / +7(916) 901-46-60;;;;;;;https://eventcatalog.ru/agency/splendid_agency/;https://eventcatalog.ru/agency/event_agentstva/
1398;SPN Communications;http://spncomms.com;+7(495)510-22-00;;;;;;;https://eventcatalog.ru/agency/spn_communications/;https://eventcatalog.ru/agency/event_agentstva/
1399;Sport Emotions;;+7(499)348-21-25;;;;;;;https://eventcatalog.ru/agency/sport_emotions/;https://eventcatalog.ru/agency/event_agentstva/
1400;Sport Event BVC;;+7(911)215-50-00;;;;;;;https://eventcatalog.ru/agency/sport_event_bvc/;https://eventcatalog.ru/agency/event_agentstva/
1401;Spring Solutions;;+7(978)859-59-74 / +7(915)303-60-84;;;;;;;https://eventcatalog.ru/agency/spring_solutions/;https://eventcatalog.ru/agency/event_agentstva/
1402;Squadra;;+7(495) 777-30-72 / +7(499) 504-64-54;;;;;;;https://eventcatalog.ru/agency/squadra/;https://eventcatalog.ru/agency/event_agentstva/
1403;Sshikom;;+7(495) 221-76-37;;;;;;;https://eventcatalog.ru/agency/sshikom/;https://eventcatalog.ru/agency/event_agentstva/
1404;Stagecom;;+7(495) 637-02-70 / +7(925) 518-48-45;;;;;;;https://eventcatalog.ru/agency/stagecom/;https://eventcatalog.ru/agency/event_agentstva/
1405;Star way;;+7(910)684-15-18;;;;;;;https://eventcatalog.ru/agency/star_way/;https://eventcatalog.ru/agency/event_agentstva/
1406;Stardast;;+7(953)600-58-68 / +_(___)___-____;;;;;;;https://eventcatalog.ru/agency/stardast/;https://eventcatalog.ru/agency/event_agentstva/
1407;Start Up;;+7(903) 239-99-89 / +7(926) 571-59-12;;;;;;;https://eventcatalog.ru/agency/start_up/;https://eventcatalog.ru/agency/event_agentstva/
1408;StarVizion;;+7(495) 796-43-33;;;;;;;https://eventcatalog.ru/agency/starvizion/;https://eventcatalog.ru/agency/event_agentstva/
1409;StarWave;;+7(495) 410-01-54;;;;;;;https://eventcatalog.ru/agency/starwave/;https://eventcatalog.ru/agency/event_agentstva/
1410;Status Up;;+7(495) 988-37-08;;;;;;;https://eventcatalog.ru/agency/status_up/;https://eventcatalog.ru/agency/event_agentstva/
1411;Steamevent;;+7(960)615-69-58 / +7(495)968-70-11;;;;;;;https://eventcatalog.ru/agency/steamevent/;https://eventcatalog.ru/agency/event_agentstva/
1412;Stem;;+7(495)604-11-78 / +7(812)334-98-92;;;;;;;https://eventcatalog.ru/agency/stem/;https://eventcatalog.ru/agency/event_agentstva/
1413;Step by step;;+7 903 526 91 91 / +7 985 928 18 37;;;;;;;https://eventcatalog.ru/agency/step_by_step/;https://eventcatalog.ru/agency/event_agentstva/
1414;Step production;;+7(903) 275-25-04 / +7(903) 125-84-18;;;;;;;https://eventcatalog.ru/agency/step_production/;https://eventcatalog.ru/agency/event_agentstva/
1415;Stillart;;+7(985)319-62-19;;;;;;;https://eventcatalog.ru/agency/stillart/;https://eventcatalog.ru/agency/event_agentstva/
1416;STL-Event;;+7(38066) 328-75-81 / +7(38067) 501-28-12;;;;;;;https://eventcatalog.ru/agency/stl-event/;https://eventcatalog.ru/agency/event_agentstva/
1417;Strategy Vivid Solutions;;+7(495) 641-03-89;;;;;;;https://eventcatalog.ru/agency/strategy_vivid_solutions/;https://eventcatalog.ru/agency/event_agentstva/
1418;Striptease 74;;+7(351) 270-87-94;;;;;;;https://eventcatalog.ru/agency/striptease_74/;https://eventcatalog.ru/agency/event_agentstva/
1419;Studio 2112;;+7(499)409-70-04 / +7(916)015-51-00;;;;;;;https://eventcatalog.ru/agency/studio_2112/;https://eventcatalog.ru/agency/event_agentstva/
1420;Studio First;;+7(495) 543-76-14;;;;;;;https://eventcatalog.ru/agency/studio_first/;https://eventcatalog.ru/agency/event_agentstva/
1421;Studioevent;;+7(495) 664-68-90 / +7(390) 557-01-56;;;;;;;https://eventcatalog.ru/agency/studioevent/;https://eventcatalog.ru/agency/event_agentstva/
1422;Stunt Effects;;+7(916)135-87-33 / +7(916)167-88-12;;;;;;;https://eventcatalog.ru/agency/stunt_effects/;https://eventcatalog.ru/agency/event_agentstva/
1423;Style Party;;+7(495) 761-81-21 / +7(495) 773-72-62;;;;;;;https://eventcatalog.ru/agency/style_party/;https://eventcatalog.ru/agency/event_agentstva/
1424;Style Project;;+7(495)981-31-15;;;;;;;https://eventcatalog.ru/agency/style_project/;https://eventcatalog.ru/agency/event_agentstva/
1425;Subbox;;+7(812)927-82-75 / +7(921)424-48-82;;;;;;;https://eventcatalog.ru/agency/subbox/;https://eventcatalog.ru/agency/event_agentstva/
1426;SubCulture;;+7(495) 775-74-64 / +7(926) 677-38-41;;;;;;;https://eventcatalog.ru/agency/subculture/;https://eventcatalog.ru/agency/event_agentstva/
1427;SudOuestPassion;http://www.sudouestpassion.ru;+33(534)368-576;;;;;;;https://eventcatalog.ru/agency/sudouestpassion/;https://eventcatalog.ru/agency/event_agentstva/
1428;Summer;;+7(3412) 912-575 / +7(3412) 908-365;;;;;;;https://eventcatalog.ru/agency/summer/;https://eventcatalog.ru/agency/event_agentstva/
1429;SUN;;+7(812) 326-60-17;;;;;;;https://eventcatalog.ru/agency/sun/;https://eventcatalog.ru/agency/event_agentstva/
1430;Sunshine Team;;+7(495) 585-92-69;;;;;;;https://eventcatalog.ru/agency/sunshine_team/;https://eventcatalog.ru/agency/event_agentstva/
1431;Super Star;;+7(908) 230-76-57 / +7(831) 430-35-35;;;;;;;https://eventcatalog.ru/agency/super_star/;https://eventcatalog.ru/agency/event_agentstva/
1432;Super-e;;+7(812)213-12-11 / +7(981)698-08-29;;;;;;;https://eventcatalog.ru/agency/super-e/;https://eventcatalog.ru/agency/event_agentstva/
1433;Superfest.by;;+375(25)933-21-71 / +375(44)555-60-00;;;;;;;https://eventcatalog.ru/agency/superfest_by/;https://eventcatalog.ru/agency/event_agentstva/
1434;SuperTeam;http://www.superteam.ru;+7(495)023-80-50;;;;;;;https://eventcatalog.ru/agency/superteam/;https://eventcatalog.ru/agency/event_agentstva/
1435;Sveti.Event;;+7(926)600-50-49;;;;;;;https://eventcatalog.ru/agency/sveti_event/;https://eventcatalog.ru/agency/event_agentstva/
1436;Svoy Group;;+7(495) 727-22-07;;;;;;;https://eventcatalog.ru/agency/svoy_group/;https://eventcatalog.ru/agency/event_agentstva/
1437;Sweet Times;;+7(495) 740-37-99 / +7(495) 648-53-83;;;;;;;https://eventcatalog.ru/agency/sweet_times/;https://eventcatalog.ru/agency/event_agentstva/
1438;Sweet-art;;+380(63)376-11-54 / +380(48)233-15-10;;;;;;;https://eventcatalog.ru/agency/sweet-art/;https://eventcatalog.ru/agency/event_agentstva/
1439;Swist;;+7(499) 499-04-13;;;;;;;https://eventcatalog.ru/agency/swist/;https://eventcatalog.ru/agency/event_agentstva/
1440;T.E.G.;;+7(913) 067-79-69;;;;;;;https://eventcatalog.ru/agency/t_e_g/;https://eventcatalog.ru/agency/event_agentstva/
1441;Tabakoff;;+7(495) 580-83-15 / +7(495) 690-35-96;;;;;;;https://eventcatalog.ru/agency/tabakoff/;https://eventcatalog.ru/agency/event_agentstva/
1442;Taganova Pr Group;;+7(988) 244-33-00;;;;;;;https://eventcatalog.ru/agency/taganova_pr_group/;https://eventcatalog.ru/agency/event_agentstva/
1443;Talk Fusion;;+7(900) 480-51-67;;;;;;;https://eventcatalog.ru/agency/talk_fusion/;https://eventcatalog.ru/agency/event_agentstva/
1444;Tash Tush Project;;+7(495)968-22-62 / +7(925)711-25-55;;;;;;;https://eventcatalog.ru/agency/tash_tush_project/;https://eventcatalog.ru/agency/event_agentstva/
1445;TatiBox;;+7(903)684-66-02 / +7(968)068-04-18;;;;;;;https://eventcatalog.ru/agency/tatibox/;https://eventcatalog.ru/agency/event_agentstva/
1446;Tavros Art Production;;+7(921)733-13-51;;;;;;;https://eventcatalog.ru/agency/tavros_art_production/;https://eventcatalog.ru/agency/event_agentstva/
1447;TDP Group;;+7(495) 364-64-63;;;;;;;https://eventcatalog.ru/agency/tdp_group/;https://eventcatalog.ru/agency/event_agentstva/
1448;TE Concept Studio;;+7(812) 715-45-09 / +7(911) 954-00-19;;;;;;;https://eventcatalog.ru/agency/te_concept_studio/;https://eventcatalog.ru/agency/event_agentstva/
1449;TEAM agency;;+_(495)797-6310;;;;;;;https://eventcatalog.ru/agency/team_agency/;https://eventcatalog.ru/agency/event_agentstva/
1450;Team For Dream;;+7(812)331-33-51;;;;;;;https://eventcatalog.ru/agency/team_for_dream/;https://eventcatalog.ru/agency/event_agentstva/
1451;Team Master;;+380(44)332-03-00 / +380(95)011-66-60;;;;;;;https://eventcatalog.ru/agency/team_master/;https://eventcatalog.ru/agency/event_agentstva/
1452;Team Systems;;+7(495)663-91-13;;;;;;;https://eventcatalog.ru/agency/team_systems/;https://eventcatalog.ru/agency/event_agentstva/
1453;Teamatica;;+7(495)507-39-83 / +7(916)753-64-92;;;;;;;https://eventcatalog.ru/agency/teamatica/;https://eventcatalog.ru/agency/event_agentstva/
1454;Teambuiling Pro;;+7(918)245-60-63;;;;;;;https://eventcatalog.ru/agency/teambuiling_pro/;https://eventcatalog.ru/agency/event_agentstva/
1455;TeamLand;;+7(499)110-10-45;;;;;;;https://eventcatalog.ru/agency/teamland/;https://eventcatalog.ru/agency/event_agentstva/
1456;Technoevent;;+7(928)966-63-59 / +7(928)296-47-34;;;;;;;https://eventcatalog.ru/agency/technoevent/;https://eventcatalog.ru/agency/event_agentstva/
1457;TEMA - True Event Management Agency;;+7(812) 926-22-22 / +7(812) 222-86-33;;;;;;;https://eventcatalog.ru/agency/tema_-_true_event_management_agency/;https://eventcatalog.ru/agency/event_agentstva/
1458;Territory business & travel;;+7(495)215-00-33;;;;;;;https://eventcatalog.ru/agency/territory_business_and_travel/;https://eventcatalog.ru/agency/event_agentstva/
1459;The Event;;+7(495) 772-87-21;;;;;;;https://eventcatalog.ru/agency/the_event/;https://eventcatalog.ru/agency/event_agentstva/
1460;the ONE;;+7(4212)20-48-08;;;;;;;https://eventcatalog.ru/agency/the_one/;https://eventcatalog.ru/agency/event_agentstva/
1461;The Seven Agency;;+62(877)799-97-725;;;;;;;https://eventcatalog.ru/agency/the_seven_agency/;https://eventcatalog.ru/agency/event_agentstva/
1462;The Tailormade;;+212(544)36-54-57;;;;;;;https://eventcatalog.ru/agency/the_tailormade/;https://eventcatalog.ru/agency/event_agentstva/
1463;Thirteen;;+7(727)328-91-24 / +7(701)731-66-91;;;;;;;https://eventcatalog.ru/agency/event_marketing_agentstvo_thirteen/;https://eventcatalog.ru/agency/event_agentstva/
1464;Time For Event;;+7(926) 586-95-46 / +7(495) 766-97-76;;;;;;;https://eventcatalog.ru/agency/time_for_event/;https://eventcatalog.ru/agency/event_agentstva/
1465;TimMusic Pro;;+7(495) 585-68-64 / +7(926) 812-28-60;;;;;;;https://eventcatalog.ru/agency/timmusic_pro/;https://eventcatalog.ru/agency/event_agentstva/
1466;Tj-Team;;+7(749) 970-57-51 / +7(812) 424-35-45;;;;;;;https://eventcatalog.ru/agency/tj-team/;https://eventcatalog.ru/agency/event_agentstva/
1467;TM-project;;+7(495)518-09-10;;;;;;;https://eventcatalog.ru/agency/tm-project/;https://eventcatalog.ru/agency/event_agentstva/
1468;tMotion;;+7(495) 665-00-70 / +7(926) 233-77-25;;;;;;;https://eventcatalog.ru/agency/tmotion/;https://eventcatalog.ru/agency/event_agentstva/
1469;To Create;;+7(495)661-71-91;;;;;;;https://eventcatalog.ru/agency/to_create/;https://eventcatalog.ru/agency/event_agentstva/
1470;Tobeevent;;+7(911)023-19-89;;;;;;;https://eventcatalog.ru/agency/tobeevent/;https://eventcatalog.ru/agency/event_agentstva/
1471;TOMS;;+7(909) 164-64-96 / +7(903) 191-64-12;;;;;;;https://eventcatalog.ru/agency/toms/;https://eventcatalog.ru/agency/event_agentstva/
1472;Top Event;;+7(701)116-63-76 / +7(705)116-74-00;;;;;;;https://eventcatalog.ru/agency/top_event/;https://eventcatalog.ru/agency/event_agentstva/
1473;Topconcert;;+7(499)322-84-24;;;;;;;https://eventcatalog.ru/agency/topconcert/;https://eventcatalog.ru/agency/event_agentstva/
1474;Topevent;;+7(495) 911-18-83 / +7(495) 505-32-30;;;;;;;https://eventcatalog.ru/agency/topevent/;https://eventcatalog.ru/agency/event_agentstva/
1475;Tormashka;;+7(929)501-15-21;;;;;;;https://eventcatalog.ru/agency/tormashka/;https://eventcatalog.ru/agency/event_agentstva/
1476;Total Production;;+7(812)748-18-19;;;;;;;https://eventcatalog.ru/agency/total_production/;https://eventcatalog.ru/agency/event_agentstva/
1477;Touch2event;;+7(499)390-15-16 / +7(915)273-64-40;;;;;;;https://eventcatalog.ru/agency/touch2event/;https://eventcatalog.ru/agency/event_agentstva/
1478;Trava;;+7(921) 437-17-80;;;;;;;https://eventcatalog.ru/agency/trava/;https://eventcatalog.ru/agency/event_agentstva/
1479;Travel promotions Georgia;;+995(595)321-100 / +995(595)119-024;;;;;;;https://eventcatalog.ru/agency/travel_promotions_georgia/;https://eventcatalog.ru/agency/event_agentstva/
1480;Travelmart;;+7(495) 935-83-36 / +7(903) 003-74-46;;;;;;;https://eventcatalog.ru/agency/travelmart/;https://eventcatalog.ru/agency/event_agentstva/
1481;Travelscope;;+7(495) 937-56-90 / +7(985) 442-25-42;;;;;;;https://eventcatalog.ru/agency/travelscope/;https://eventcatalog.ru/agency/event_agentstva/
1482;Trend Event;;+7(495)215-23-26 / +7(926)453-02-05;;;;;;;https://eventcatalog.ru/agency/trend_event/;https://eventcatalog.ru/agency/event_agentstva/
1483;Trendy Events;;+7(495)761-23-35;;;;;;;https://eventcatalog.ru/agency/trendy_events/;https://eventcatalog.ru/agency/event_agentstva/
1484;Trio Lux;;+49(171)653-73-27;;;;;;;https://eventcatalog.ru/agency/trio_lux/;https://eventcatalog.ru/agency/event_agentstva/
1485;Triumf Top Event;;+7(495) 621-68-31 / +7(926) 521-07-31;;;;;;;https://eventcatalog.ru/agency/triumf_top_event/;https://eventcatalog.ru/agency/event_agentstva/
1486;Triza production;;+7(495) 545-85-16;;;;;;;https://eventcatalog.ru/agency/triza_production/;https://eventcatalog.ru/agency/event_agentstva/
1487;Trust Marketing;;+7(3822)20-07-27 / +7(953)910-62-13;;;;;;;https://eventcatalog.ru/agency/trust_marketing/;https://eventcatalog.ru/agency/event_agentstva/
1488;Turkish Club;;+7(916) 681-95-51 / +7(926) 331 26 86;;;;;;;https://eventcatalog.ru/agency/turkish_club/;https://eventcatalog.ru/agency/event_agentstva/
1489;Twins Model Management;;+7(495) 500-28-06 / +7(495) 380-31-82;;;;;;;https://eventcatalog.ru/agency/twins_model_management/;https://eventcatalog.ru/agency/event_agentstva/
1490;U-Media Promotion Group;;+7(499)553-08-19;;;;;;;https://eventcatalog.ru/agency/u-media_promotion_group/;https://eventcatalog.ru/agency/event_agentstva/
1491;Ufa-wedding-dj;;+7(917) 421-04-76;;;;;;;https://eventcatalog.ru/agency/ufa-wedding-dj/;https://eventcatalog.ru/agency/event_agentstva/
1492;Ukrpromevent;;+7(38050) 545-40-89 / +7(38044) 227-90-79;;;;;;;https://eventcatalog.ru/agency/ukrpromevent/;https://eventcatalog.ru/agency/event_agentstva/
1493;Umlaut;;+7(495)798-75-77;;;;;;;https://eventcatalog.ru/agency/umlaut/;https://eventcatalog.ru/agency/event_agentstva/
1494;Un Decor Flori;;+7(916)602-57-92;;;;;;;https://eventcatalog.ru/agency/un_decor_flori/;https://eventcatalog.ru/agency/event_agentstva/
1495;UNC Media;http://www.uncmedia.com;+7(921)444-00-20 / +7(812)999-90-57;;;;;;;https://eventcatalog.ru/agency/unc_media/;https://eventcatalog.ru/agency/event_agentstva/
1496;Unickom;;+7(495) 694-48-12;;;;;;;https://eventcatalog.ru/agency/unickom/;https://eventcatalog.ru/agency/event_agentstva/
1497;UNIQUE group;;+7(499) 272-48-70;;;;;;;https://eventcatalog.ru/agency/unique_group/;https://eventcatalog.ru/agency/event_agentstva/
1498;Universal;;+7(38095) 817-05-67 / +7(38097) 908-43-48;;;;;;;https://eventcatalog.ru/agency/universal/;https://eventcatalog.ru/agency/event_agentstva/
1499;Universal Events;;+7(800)700-71-89;;;;;;;https://eventcatalog.ru/agency/universal_events/;https://eventcatalog.ru/agency/event_agentstva/
1500;Unlimited Company;;+7(495) 651-82-36 / +7(916) 996-45-56;;;;;;;https://eventcatalog.ru/agency/unlimited_company/;https://eventcatalog.ru/agency/event_agentstva/
1501;Upmyday;;+7(909)913-29-94 / +7(926)550-93-47;;;;;;;https://eventcatalog.ru/agency/upmyday/;https://eventcatalog.ru/agency/event_agentstva/
1502;URD;;+7(800)500-25-17 / +7(925)925-92-51;;;;;;;https://eventcatalog.ru/agency/urd/;https://eventcatalog.ru/agency/event_agentstva/
1503;USM agency;;+7(916) 261-95-60 / +7(926) 213-71-97;;;;;;;https://eventcatalog.ru/agency/usm_agency/;https://eventcatalog.ru/agency/event_agentstva/
1504;UTS;;+7(800)707-07-24;;;;;;;https://eventcatalog.ru/agency/uts/;https://eventcatalog.ru/agency/event_agentstva/
1505;V&B: creative partnership;;+7(921)376-76-50;;;;;;;https://eventcatalog.ru/agency/vandb_creative_partnership/;https://eventcatalog.ru/agency/event_agentstva/
1506;V&K;;+7(495)997-83-81 / +7(903)736-92-10;;;;;;;https://eventcatalog.ru/agency/vandk/;https://eventcatalog.ru/agency/event_agentstva/
1507;V-agency;;+7(495) 984-76-81;;;;;;;https://eventcatalog.ru/agency/v-agency/;https://eventcatalog.ru/agency/event_agentstva/
1508;V-events;;+7(812)924-63-26;;;;;;;https://eventcatalog.ru/agency/v-events/;https://eventcatalog.ru/agency/event_agentstva/
1509;V-party;;+7(495)792-69-54;;;;;;;https://eventcatalog.ru/agency/v-party/;https://eventcatalog.ru/agency/event_agentstva/
1510;Valion Group;;+7(495)908-59-93;;;;;;;https://eventcatalog.ru/agency/valion_group/;https://eventcatalog.ru/agency/event_agentstva/
1511;VALTO conference;;+7(044) 362-94-22 / +7(050) 355-08-02;;;;;;;https://eventcatalog.ru/agency/valto_conference/;https://eventcatalog.ru/agency/event_agentstva/
1512;Vanilla;;+7(495)642-41-90;;;;;;;https://eventcatalog.ru/agency/vanilla/;https://eventcatalog.ru/agency/event_agentstva/
1513;Vatel;;+7(499) 255-59-23 / +7(926) 586-80-03;;;;;;;https://eventcatalog.ru/agency/vatel/;https://eventcatalog.ru/agency/event_agentstva/
1514;Vegas Group;;+7(395) 260-11-01;;;;;;;https://eventcatalog.ru/agency/vegas_group/;https://eventcatalog.ru/agency/event_agentstva/
1515;Vein Technologies;;+7(495) 783-87-67;;;;;;;https://eventcatalog.ru/agency/vein_technologies/;https://eventcatalog.ru/agency/event_agentstva/
1516;VEK;;+7(727)237-93-50 / +7(702)245-64-62;;;;;;;https://eventcatalog.ru/agency/vek/;https://eventcatalog.ru/agency/event_agentstva/
1517;Venice Luxury Events;;+32(747)248-86_;;;;;;;https://eventcatalog.ru/agency/venice_luxury_events/;https://eventcatalog.ru/agency/event_agentstva/
1518;VenturEvents;;+7(812)924-82-26 / +7(911)949-16-34;;;;;;;https://eventcatalog.ru/agency/venturevents/;https://eventcatalog.ru/agency/event_agentstva/
1519;Very Special Events Ltd.;;+7(911) 924-91-00;;;;;;;https://eventcatalog.ru/agency/very_special_events_ltd/;https://eventcatalog.ru/agency/event_agentstva/
1520;Veselim.pro;;+7(925) 310-02-71;;;;;;;https://eventcatalog.ru/agency/veselim_pro/;https://eventcatalog.ru/agency/event_agentstva/
1521;Vesna Pro;;+7(495)774-51-19;;;;;;;https://eventcatalog.ru/agency/vesna_pro/;https://eventcatalog.ru/agency/event_agentstva/
1522;Veventy;;+7(495) 223-35-62;;;;;;;https://eventcatalog.ru/agency/veventy/;https://eventcatalog.ru/agency/event_agentstva/
1523;Vidi Event;;+7(968)763-89-09 / +7(926)722-33-47;;;;;;;https://eventcatalog.ru/agency/vidi_event/;https://eventcatalog.ru/agency/event_agentstva/
1524;Violet Entertainment;;+7(499) 502-94-40;;;;;;;https://eventcatalog.ru/agency/violet_entertainment/;https://eventcatalog.ru/agency/event_agentstva/
1525;Vip Event;;+7(902) 376-18-16 / +7(927) 891-06-02;;;;;;;https://eventcatalog.ru/agency/vip_event/;https://eventcatalog.ru/agency/event_agentstva/
1526;VIP Life;;+7(495) 697-04-66 / +7(926) 530-03-34;;;;;;;https://eventcatalog.ru/agency/vip_life/;https://eventcatalog.ru/agency/event_agentstva/
1527;Vip Show;;+7(910) 749-87-88 / +7(473) 262-27-27;;;;;;;https://eventcatalog.ru/agency/vip_show/;https://eventcatalog.ru/agency/event_agentstva/
1528;VIP Zona;;+7(812)332-01-53 / +7(911)935-67-08;;;;;;;https://eventcatalog.ru/agency/vip_zona/;https://eventcatalog.ru/agency/event_agentstva/
1529;VIP вечеринки;;+7(495)585-81-01 / +7(925)091-05-31;;;;;;;https://eventcatalog.ru/agency/vip_vecherinki/;https://eventcatalog.ru/agency/event_agentstva/
1530;VIP Праздники;;+7(910)407-28-99;;;;;;;https://eventcatalog.ru/agency/vip_prazdniki/;https://eventcatalog.ru/agency/event_agentstva/
1531;Vip Шоу;;+7(473) 262-27-27 / +7(910) 749-87-88;;;;;;;https://eventcatalog.ru/agency/vip_shou/;https://eventcatalog.ru/agency/event_agentstva/
1532;VIP-Media;;+7(916) 146-68-82;;;;;;;https://eventcatalog.ru/agency/vip-media/;https://eventcatalog.ru/agency/event_agentstva/
1533;Vip-Stars;;+7(495) 543-54-27;;;;;;;https://eventcatalog.ru/agency/vip-stars/;https://eventcatalog.ru/agency/event_agentstva/
1534;Vipzone;;+7(905) 127-83-36;;;;;;;https://eventcatalog.ru/agency/vipzone/;https://eventcatalog.ru/agency/event_agentstva/
1535;Virtus Travel;;+3(85)528-169-55;;;;;;;https://eventcatalog.ru/agency/virtus_travel/;https://eventcatalog.ru/agency/event_agentstva/
1536;ViVA events;;+7(495) 210-72-07 / +7(906) 712-08-32;;;;;;;https://eventcatalog.ru/agency/viva_events/;https://eventcatalog.ru/agency/event_agentstva/
1537;Viva Promo;;+7(4832)77-75-07 / +7(4832)77-75-10;;;;;;;https://eventcatalog.ru/agency/viva_promo/;https://eventcatalog.ru/agency/event_agentstva/
1538;Viva Show;;+7(926)920-00-88;;;;;;;https://eventcatalog.ru/agency/viva_show/;https://eventcatalog.ru/agency/event_agentstva/
1539;VM agency;;+7(916)105-00-41 / +7(903)007-24-27;;;;;;;https://eventcatalog.ru/agency/vm_agency/;https://eventcatalog.ru/agency/event_agentstva/
1540;VNV;http://www.vnvpro.com;+7(916)106-84-46;;;;;;;https://eventcatalog.ru/agency/vnv/;https://eventcatalog.ru/agency/event_agentstva/
1541;Vodan First;;+7(495) 632-11-85 / +7(495) 721-05-57;;;;;;;https://eventcatalog.ru/agency/vodan_first/;https://eventcatalog.ru/agency/event_agentstva/
1542;Voice Art Group;;+7(985)994-17-17;;;;;;;https://eventcatalog.ru/agency/voice_art_group/;https://eventcatalog.ru/agency/event_agentstva/
1543;Volden;;+7(495)740-86-61 / +7(915)462-02-37;;;;;;;https://eventcatalog.ru/agency/volden/;https://eventcatalog.ru/agency/event_agentstva/
1544;Volkova;;+7(999)915-77-45;;;;;;;https://eventcatalog.ru/agency/volkova/;https://eventcatalog.ru/agency/event_agentstva/
1545;VR Event Group;;+7(913)666-66-99 / +7(968)913-15-51;;;;;;;https://eventcatalog.ru/agency/vr_event_group/;https://eventcatalog.ru/agency/event_agentstva/
1546;VSP company;;+375(29)397-68-82;;;;;;;https://eventcatalog.ru/agency/vsp_company/;https://eventcatalog.ru/agency/event_agentstva/
1547;W Record;;+7(499) 272-72-77;;;;;;;https://eventcatalog.ru/agency/w_record/;https://eventcatalog.ru/agency/event_agentstva/
1548;We Can Group;;+7(495) 232-00-88;;;;;;;https://eventcatalog.ru/agency/we_can_group/;https://eventcatalog.ru/agency/event_agentstva/
1549;We Do;;+7916 548 6585 / +7926 382 6174;;;;;;;https://eventcatalog.ru/agency/we_do/;https://eventcatalog.ru/agency/event_agentstva/
1550;Wealthy Entertainment;;+7(495)998-64-54;;;;;;;https://eventcatalog.ru/agency/wealthy_entertainment/;https://eventcatalog.ru/agency/event_agentstva/
1551;Wedding & Decor;;+7(911)166-54-44;;;;;;;https://eventcatalog.ru/agency/wedding_and_decor/;https://eventcatalog.ru/agency/event_agentstva/
1552;Wedding Bells;;+7(495)381-40-01 / +7(926)513-42-40;;;;;;;https://eventcatalog.ru/agency/wedding_bells/;https://eventcatalog.ru/agency/event_agentstva/
1553;Wedding City Pro;;+7(925)194-07-75;;;;;;;https://eventcatalog.ru/agency/wedding_city_pro/;https://eventcatalog.ru/agency/event_agentstva/
1554;Wedding Expert;;+7(969)712-00-12;;;;;;;https://eventcatalog.ru/agency/wedding_expert/;https://eventcatalog.ru/agency/event_agentstva/
1555;Wedding Expert Irkutsk;;+7(950)089-61-76;;;;;;;https://eventcatalog.ru/agency/wedding_expert_irkutsk/;https://eventcatalog.ru/agency/event_agentstva/
1556;Wedding is;;+7(499)394-37-58 / +7(925)342-46-58;;;;;;;https://eventcatalog.ru/agency/wedding_is/;https://eventcatalog.ru/agency/event_agentstva/
1557;Wedding Pro;;+7(918)245-60-63;;;;;;;https://eventcatalog.ru/agency/wedding_pro/;https://eventcatalog.ru/agency/event_agentstva/
1558;Wedding PROduction;;+7(985) 231-01-42;;;;;;;https://eventcatalog.ru/agency/wedding_production/;https://eventcatalog.ru/agency/event_agentstva/
1559;WeddItaly;;+39(389)1592-979 / +7(921)351-84-58;;;;;;;https://eventcatalog.ru/agency/wedditaly/;https://eventcatalog.ru/agency/event_agentstva/
1560;Weekend Event;;+7(960)048-96-64 / +7(843)258-96-64;;;;;;;https://eventcatalog.ru/agency/weekend_event/;https://eventcatalog.ru/agency/event_agentstva/
1561;Welcome Krasnodar;;+7(918)028-72-10;;;;;;;https://eventcatalog.ru/agency/welcome_krasnodar/;https://eventcatalog.ru/agency/event_agentstva/
1562;WelcomEvents;;+7(916)563-06-33 / +7(917)550-25-29;;;;;;;https://eventcatalog.ru/agency/welcomevents/;https://eventcatalog.ru/agency/event_agentstva/
1563;Well Done Event;https://welldonevent.ru;+7(495)233-19-99 / +7(985)233-19-99;;;;;;;https://eventcatalog.ru/agency/well_done_event/;https://eventcatalog.ru/agency/event_agentstva/
1564;Wendy House;;+375(17)200-47-32 / +375(33)393-64-86;;;;;;;https://eventcatalog.ru/agency/wendy_house/;https://eventcatalog.ru/agency/event_agentstva/
1565;Westcom;;+7(495) 926-84-30;;;;;;;https://eventcatalog.ru/agency/westcom/;https://eventcatalog.ru/agency/event_agentstva/
1566;White Happy Rabbit;;+7(926) 614-83-71;;;;;;;https://eventcatalog.ru/agency/white_happy_rabbit/;https://eventcatalog.ru/agency/event_agentstva/
1567;White Line;;+7(926)933-85-43;;;;;;;https://eventcatalog.ru/agency/white_line/;https://eventcatalog.ru/agency/event_agentstva/
1568;White Orchid Weding;;+7(925)841-87-27;;;;;;;https://eventcatalog.ru/agency/white_orchid_weding/;https://eventcatalog.ru/agency/event_agentstva/
1569;Whocares happening co-op.;;+7(903) 221-24-95;;;;;;;https://eventcatalog.ru/agency/whocares_happening_co-op/;https://eventcatalog.ru/agency/event_agentstva/
1570;Why Not Event;;+7(499)136-11-61 / +7(926)789-55-89;;;;;;;https://eventcatalog.ru/agency/why_not_event/;https://eventcatalog.ru/agency/event_agentstva/
1571;Wind4Tune;;+7(919)722-87-70;;;;;;;https://eventcatalog.ru/agency/wind4tune/;https://eventcatalog.ru/agency/event_agentstva/
1572;Wit;;+7(495)203-12-21 / +7(926)743-61-06;;;;;;;https://eventcatalog.ru/agency/wit/;https://eventcatalog.ru/agency/event_agentstva/
1573;WoodBind;;+7(977)468-46-13;;;;;;;https://eventcatalog.ru/agency/woodbind/;https://eventcatalog.ru/agency/event_agentstva/
1574;World Stars;;+7(812)424-47-37 / +7(495)134-48-04;;;;;;;https://eventcatalog.ru/agency/world_stars/;https://eventcatalog.ru/agency/event_agentstva/
1575;Worlds;https://wrlds.ru;+7(495)225-73-21;;;;;;;https://eventcatalog.ru/agency/worlds/;https://eventcatalog.ru/agency/event_agentstva/
1576;Wow Event;;+7(499) 391-59-11;;;;;;;https://eventcatalog.ru/agency/wow_event/;https://eventcatalog.ru/agency/event_agentstva/
1577;Wow Kids Party;;+7(926)008-27-75 / +7(499)347-78-91;;;;;;;https://eventcatalog.ru/agency/wow_kids_party/;https://eventcatalog.ru/agency/event_agentstva/
1578;Wow Production!;;+7(495) 798-86-71;;;;;;;https://eventcatalog.ru/agency/wow_production/;https://eventcatalog.ru/agency/event_agentstva/
1579;X-styleshow;;+7(358) 401-44-48;;;;;;;https://eventcatalog.ru/agency/x-styleshow/;https://eventcatalog.ru/agency/event_agentstva/
1580;Xarizma Group;;+7(925)232-14-22 / +7(916)869-98-79;;;;;;;https://eventcatalog.ru/agency/xarizma_group/;https://eventcatalog.ru/agency/event_agentstva/
1581;XDay;;+7(495)369-15-19 / +7(968)775-50-00;;;;;;;https://eventcatalog.ru/agency/xday/;https://eventcatalog.ru/agency/event_agentstva/
1582;XIII Event;;+7(903)275-07-22;;;;;;;https://eventcatalog.ru/agency/xiii_event/;https://eventcatalog.ru/agency/event_agentstva/
1583;XL agency;;+7(812)958-08-13;;;;;;;https://eventcatalog.ru/agency/xl_agency/;https://eventcatalog.ru/agency/event_agentstva/
1584;Xxl;;+7(347) 266-90-08;;;;;;;https://eventcatalog.ru/agency/xxl/;https://eventcatalog.ru/agency/event_agentstva/
1585;YakovlevGroup;;+7(903)136-62-66 / +7(495)230-54-12;;;;;;;https://eventcatalog.ru/agency/yakovlevgroup/;https://eventcatalog.ru/agency/event_agentstva/
1586;Yappi Club;;+7(495) 629-43-40 / +7(916) 779-31-44;;;;;;;https://eventcatalog.ru/agency/yappi_club/;https://eventcatalog.ru/agency/event_agentstva/
1587;Yellow Project;;+7(953)827-22-28;;;;;;;https://eventcatalog.ru/agency/yellow_project/;https://eventcatalog.ru/agency/event_agentstva/
1588;YES group;;+7(4872)70-43-01;;;;;;;https://eventcatalog.ru/agency/yes_group/;https://eventcatalog.ru/agency/event_agentstva/
1589;Yogurt Event;;+7(841) 299-77-91 / +7(841) 229-87-70;;;;;;;https://eventcatalog.ru/agency/yogurt_event/;https://eventcatalog.ru/agency/event_agentstva/
1590;Your Day;;+7(926)969-77-96;;;;;;;https://eventcatalog.ru/agency/your_day/;https://eventcatalog.ru/agency/event_agentstva/
1591;Your events;;+7(985)557-20-09;;;;;;;https://eventcatalog.ru/agency/your_events/;https://eventcatalog.ru/agency/event_agentstva/
1592;Your Exclusive Story;;+7(495) 789-01-96;;;;;;;https://eventcatalog.ru/agency/your_exclusive_story/;https://eventcatalog.ru/agency/event_agentstva/
1593;Your Style;;+7(495) 507-29-39;;;;;;;https://eventcatalog.ru/agency/your_style/;https://eventcatalog.ru/agency/event_agentstva/
1594;Yours Event;;+7(705)550-74-36 / +7(727)354-55-98;;;;;;;https://eventcatalog.ru/agency/yours_event/;https://eventcatalog.ru/agency/event_agentstva/
1595;YoZo;;+7(495)798-76-06;;;;;;;https://eventcatalog.ru/agency/yozo/;https://eventcatalog.ru/agency/event_agentstva/
1596;Z Team;;+7(862)291-72-17;;;;;;;https://eventcatalog.ru/agency/z_team/;https://eventcatalog.ru/agency/event_agentstva/
1597;Z-orange;;+7(495) 953-73-37 / +7(495) 502-43-05;;;;;;;https://eventcatalog.ru/agency/z-orange/;https://eventcatalog.ru/agency/event_agentstva/
1598;Z-orb;;+7(909)160-56-41;;;;;;;https://eventcatalog.ru/agency/z-orb/;https://eventcatalog.ru/agency/event_agentstva/
1599;Zavas-Event;;+7(966)005-02-35 / +7(495)128-29-77;;;;;;;https://eventcatalog.ru/agency/zavas-event/;https://eventcatalog.ru/agency/event_agentstva/
1600;Zavod;;+7(978)077-20-27;;;;;;;https://eventcatalog.ru/agency/zavod/;https://eventcatalog.ru/agency/event_agentstva/
1601;Zconcert;;+7(911)929-19-20;;;;;;;https://eventcatalog.ru/agency/zconcert/;https://eventcatalog.ru/agency/event_agentstva/
1602;Zebra;;+7(814) 278-22-00 / +7(911) 400-46-36;;;;;;;https://eventcatalog.ru/agency/zebra/;https://eventcatalog.ru/agency/event_agentstva/
1603;Zebra Teambuilding;;+7(8142) 78-22-00 / +7(911) 400-46-36;;;;;;;https://eventcatalog.ru/agency/zebra_teambuilding/;https://eventcatalog.ru/agency/event_agentstva/
1604;Zhivago production;;+7(909)659-18-47 / +7(977)832-61-06;;;;;;;https://eventcatalog.ru/agency/zhivago_production/;https://eventcatalog.ru/agency/event_agentstva/
1605;Zima;;+7(343)253-26-27;;;;;;;https://eventcatalog.ru/agency/zima/;https://eventcatalog.ru/agency/event_agentstva/
1606;Zoom marketing group;;+7(495) 983-00-09 / +7(926) 200-11-77;;;;;;;https://eventcatalog.ru/agency/zoom_marketing_group/;https://eventcatalog.ru/agency/event_agentstva/
1607;Zshow;;+7(928) 290-95-95;;;;;;;https://eventcatalog.ru/agency/zshow/;https://eventcatalog.ru/agency/event_agentstva/
1608;Zubrinov;;+7(910)435-34-69;;;;;;;https://eventcatalog.ru/agency/ochenj_siljnoe_agentstvo_pavla_zubrinova/;https://eventcatalog.ru/agency/event_agentstva/
1609;Zucker Studio;;+7(965)177-78-14;;;;;;;https://eventcatalog.ru/agency/zucker_studio/;https://eventcatalog.ru/agency/event_agentstva/
1610;А.Т.О.М.;;+7(812) 341-76-80 / +7(812) 926-60-04;;;;;;;https://eventcatalog.ru/agency/a_t_o_m/;https://eventcatalog.ru/agency/event_agentstva/
1611;А1;;+7(383) 263-42-22;;;;;;;https://eventcatalog.ru/agency/a1/;https://eventcatalog.ru/agency/event_agentstva/
1612;АRT-Proekt;;+7(495) 518-83-04;;;;;;;https://eventcatalog.ru/agency/art-proekt/;https://eventcatalog.ru/agency/event_agentstva/
1613;АБВ Шоу Про;;+7(499) 929-53-10 / +7(495) 663-74-47;;;;;;;https://eventcatalog.ru/agency/abv_shou_pro/;https://eventcatalog.ru/agency/event_agentstva/
1614;АБР;;+7(495)025-00-11;;;;;;;https://eventcatalog.ru/agency/abr/;https://eventcatalog.ru/agency/event_agentstva/
1615;Абрикосовый лев;;+7(495) 792-40-54;;;;;;;https://eventcatalog.ru/agency/abrikosovyy_lev/;https://eventcatalog.ru/agency/event_agentstva/
1616;Абсолют Pro;;+7(351) 247-58-93;;;;;;;https://eventcatalog.ru/agency/absolyut_pro/;https://eventcatalog.ru/agency/event_agentstva/
1617;Абсолют Арт Гранд;;+7(926) 113-49-59 / +7(910) 461-78-80;;;;;;;https://eventcatalog.ru/agency/absolyut_art_grand/;https://eventcatalog.ru/agency/event_agentstva/
1618;Авангард Центр;;+7(495) 927-02-47;;;;;;;https://eventcatalog.ru/agency/avangard_centr/;https://eventcatalog.ru/agency/event_agentstva/
1619;Авантаж;;+7(499) 762-73-01;;;;;;;https://eventcatalog.ru/agency/avantazh/;https://eventcatalog.ru/agency/event_agentstva/
1620;Авентура Омск;;+7(3812)66-40-40 / +7(800)200-69-99;;;;;;;https://eventcatalog.ru/agency/aventura_omsk/;https://eventcatalog.ru/agency/event_agentstva/
1621;Аврора;;+7(3952)25-10-15 / +7(902)511-74-27;;;;;;;https://eventcatalog.ru/agency/avrora/;https://eventcatalog.ru/agency/event_agentstva/
1622;Агентство Бизнес Культуры;;+7(343)361-34-90;;;;;;;https://eventcatalog.ru/agency/agentstvo_biznes_kuljtury/;https://eventcatalog.ru/agency/event_agentstva/
1623;Агентство Вызова Улыбок;;+7(495) 618-76-60 / +7(495) 500-76-46;;;;;;;https://eventcatalog.ru/agency/agentstvo_vyzova_ulybok/;https://eventcatalog.ru/agency/event_agentstva/
1624;Агентство креативных праздников;;+7(903) 138-83-41 / +7(903) 137-83-89;;;;;;;https://eventcatalog.ru/agency/agentstvo_kreativnyh_prazdnikov/;https://eventcatalog.ru/agency/event_agentstva/
1625;Агентство Праздник;;+7(495) 925-05-94;;;;;;;https://eventcatalog.ru/agency/agentstvo_prazdnik/;https://eventcatalog.ru/agency/event_agentstva/
1626;Агентство Разработки Рекламы;;+7(831) 433-36-71;;;;;;;https://eventcatalog.ru/agency/agentstvo_razrabotki_reklamy/;https://eventcatalog.ru/agency/event_agentstva/
1627;Агентство специальных проектов;;+7(495) 782-77-10 / +7(495) 723-02-23;;;;;;;https://eventcatalog.ru/agency/agentstvo_specialjnyh_proektov/;https://eventcatalog.ru/agency/event_agentstva/
1628;Агентство стратегических программ;;+7(495)679-82-07 / +7(495)679-82-09;;;;;;;https://eventcatalog.ru/agency/agentstvo_strategicheskih_programm/;https://eventcatalog.ru/agency/event_agentstva/
1629;Агентство Торжественных Событий;;+7(844) 250-10-05;;;;;;;https://eventcatalog.ru/agency/agentstvo_torzhestvennyh_sobytiy/;https://eventcatalog.ru/agency/event_agentstva/
1630;Агентство №1;;+7(913) 946-68-00;;;;;;;https://eventcatalog.ru/agency/agentstvo_1/;https://eventcatalog.ru/agency/event_agentstva/
1631;Агенттура;;+7(495) 510-68-53;;;;;;;https://eventcatalog.ru/agency/agenttura/;https://eventcatalog.ru/agency/event_agentstva/
1632;Агис плюс;;+7(916) 264-36-13 / +7(985) 779-28-09;;;;;;;https://eventcatalog.ru/agency/agis_plyus/;https://eventcatalog.ru/agency/event_agentstva/
1633;Адамант;;+7(963)978-87-78 / +7(925)118-93-11;;;;;;;https://eventcatalog.ru/agency/adamant/;https://eventcatalog.ru/agency/event_agentstva/
1634;Адекват;;+7(863) 231-09-27 / +7(918) 522-66-46;;;;;;;https://eventcatalog.ru/agency/adekvat-1/;https://eventcatalog.ru/agency/event_agentstva/
1635;Адекват;;+7(863) 231-09-27 / +7(918) 522-66-46;;;;;;;https://eventcatalog.ru/agency/adekvat/;https://eventcatalog.ru/agency/event_agentstva/
1636;Аделс Медиа;;+7(495)644-88-60 / +7(915)217-72-74;;;;;;;https://eventcatalog.ru/agency/adels_media/;https://eventcatalog.ru/agency/event_agentstva/
1637;Адреналиновое варенье;;+7(906)082-46-06;;;;;;;https://eventcatalog.ru/agency/adrenalinovoe_varenje/;https://eventcatalog.ru/agency/event_agentstva/
1638;Ажур-Ивент;;+7(926)080-09-00 / +7(495)971-75-71;;;;;;;https://eventcatalog.ru/agency/azhur-ivent/;https://eventcatalog.ru/agency/event_agentstva/
1639;Азбука праздника;;+7(908) 237-11-09 / +7(831) 413-08-63;;;;;;;https://eventcatalog.ru/agency/azbuka_prazdnika/;https://eventcatalog.ru/agency/event_agentstva/
1640;Азбука развелечений;;+7(495) 942-96-26 / +7(916) 657-97-58;;;;;;;https://eventcatalog.ru/agency/azbuka_razvelecheniy/;https://eventcatalog.ru/agency/event_agentstva/
1641;Азбука свадьбы;;+7(925)350-75-00;;;;;;;https://eventcatalog.ru/agency/azbuka_svadjby/;https://eventcatalog.ru/agency/event_agentstva/
1642;Академия дель Густо;;+7(903)968-67-88 / +7(495)968-67-88;;;;;;;https://eventcatalog.ru/agency/akademiya_delj_gusto/;https://eventcatalog.ru/agency/event_agentstva/
1643;Академия Праздника;;+7(909)999-56-27 / +7(916)577-71-41;;;;;;;https://eventcatalog.ru/agency/akademiya_prazdnika/;https://eventcatalog.ru/agency/event_agentstva/
1644;Академия Приключений;;+7(499)685-45-48;;;;;;;https://eventcatalog.ru/agency/akademiya_priklyucheniy/;https://eventcatalog.ru/agency/event_agentstva/
1645;Акварель;;+7(915) 299-14-74 / +7(905) 516-46-97;;;;;;;https://eventcatalog.ru/agency/akvarelj/;https://eventcatalog.ru/agency/event_agentstva/
1646;Акватория Счастья;;+7(495) 650-17-40 / +7(495) 650-92-56;;;;;;;https://eventcatalog.ru/agency/akvatoriya_schastjya/;https://eventcatalog.ru/agency/event_agentstva/
1647;Акрукс;;+7(495) 749-42-46;;;;;;;https://eventcatalog.ru/agency/akruks/;https://eventcatalog.ru/agency/event_agentstva/
1648;АКТМ;;+7(911) 935-35-00;;;;;;;https://eventcatalog.ru/agency/aktm/;https://eventcatalog.ru/agency/event_agentstva/
1649;Аладдин;;+7(916) 383-00-83;;;;;;;https://eventcatalog.ru/agency/aladdin/;https://eventcatalog.ru/agency/event_agentstva/
1650;Алалай;;8-800-775-26-50;;;;;;;https://eventcatalog.ru/agency/alalay/;https://eventcatalog.ru/agency/event_agentstva/
1651;Алена;;+7(495) 728-44-01 / +7(903) 526-03-04;;;;;;;https://eventcatalog.ru/agency/alena/;https://eventcatalog.ru/agency/event_agentstva/
1652;Алена Сахно;;+380(95)559-97-78 / +380(71)559-97-78;;;;;;;https://eventcatalog.ru/agency/alena_sahno/;https://eventcatalog.ru/agency/event_agentstva/
1653;Алиса;;+7(912)888-32-38;;;;;;;https://eventcatalog.ru/agency/alisa/;https://eventcatalog.ru/agency/event_agentstva/
1654;Аллегро;;+7(930) 830-02-86 / +7(492) 260-02-86;;;;;;;https://eventcatalog.ru/agency/allegro/;https://eventcatalog.ru/agency/event_agentstva/
1655;Алмаз;;+7(495)984-83-36;;;;;;;https://eventcatalog.ru/agency/almaz/;https://eventcatalog.ru/agency/event_agentstva/
1656;Альберт шоу;;+7(918)460-65-34 / +7(961)530-47-68;;;;;;;https://eventcatalog.ru/agency/aljbert_shou/;https://eventcatalog.ru/agency/event_agentstva/
1657;Альгеро;;+7(812)970-57-59;;;;;;;https://eventcatalog.ru/agency/aljgero/;https://eventcatalog.ru/agency/event_agentstva/
1658;Альянс Медиа;;+7(495) 502-39-90;;;;;;;https://eventcatalog.ru/agency/aljyans_media/;https://eventcatalog.ru/agency/event_agentstva/
1659;Алёна Ангилопова;;+7(985)744-82-84;;;;;;;https://eventcatalog.ru/agency/alena_angilopova/;https://eventcatalog.ru/agency/event_agentstva/
1660;Амантера;;+7(903)518-06-03 / +7(926)484-23-24;;;;;;;https://eventcatalog.ru/agency/amantera/;https://eventcatalog.ru/agency/event_agentstva/
1661;Амбер Групп;;+7(3452) 63-27-81;;;;;;;https://eventcatalog.ru/agency/amber_grupp/;https://eventcatalog.ru/agency/event_agentstva/
1662;Аметис;;+7(380) 654-26-00 / +7(067) 653-45-21;;;;;;;https://eventcatalog.ru/agency/ametis/;https://eventcatalog.ru/agency/event_agentstva/
1663;Аметист;;+7(985) 990-30-51;;;;;;;https://eventcatalog.ru/agency/ametist/;https://eventcatalog.ru/agency/event_agentstva/
1664;Амнезия;;+7(923)143-04-04;;;;;;;https://eventcatalog.ru/agency/amneziya/;https://eventcatalog.ru/agency/event_agentstva/
1665;АМР;;+7(916) 262-14-79;;;;;;;https://eventcatalog.ru/agency/amr/;https://eventcatalog.ru/agency/event_agentstva/
1666;Амур;;+7(953)699-99-77;;;;;;;https://eventcatalog.ru/agency/amur/;https://eventcatalog.ru/agency/event_agentstva/
1667;Амфион;;+7(495) 623-49-71 / +7(495) 623-49-74;;;;;;;https://eventcatalog.ru/agency/amfion/;https://eventcatalog.ru/agency/event_agentstva/
1668;Ананас;;+7(921)780-71-78;;;;;;;https://eventcatalog.ru/agency/ananas/;https://eventcatalog.ru/agency/event_agentstva/
1669;Ангелы Мегаполиса;;+7(926)215-84-50 / +7(926)205-05-77;;;;;;;https://eventcatalog.ru/agency/angely_megapolisa/;https://eventcatalog.ru/agency/event_agentstva/
1670;Ангелы Свадьбы;;+7(495)989-83-86 / +7(967)276-73-76;;;;;;;https://eventcatalog.ru/agency/angely_svadjby/;https://eventcatalog.ru/agency/event_agentstva/
1671;Анилэнд;;+7(964)394-69-72 / +7(812)309-34-35;;;;;;;https://eventcatalog.ru/agency/anilend/;https://eventcatalog.ru/agency/event_agentstva/
1672;Антарес Ивент;http://www.antares-event.ru;+7(495)782-71-12;;;;;;;https://eventcatalog.ru/agency/antares_ivent/;https://eventcatalog.ru/agency/event_agentstva/
1673;Антенна;;+7(812)909-59-38;;;;;;;https://eventcatalog.ru/agency/antenna/;https://eventcatalog.ru/agency/event_agentstva/
1674;Антонина Шоу;;+7(495) 728-44-59;;;;;;;https://eventcatalog.ru/agency/antonina_shou/;https://eventcatalog.ru/agency/event_agentstva/
1675;Антонов Шоу;;+7(495) 795-92-81;;;;;;;https://eventcatalog.ru/agency/antonov_shou/;https://eventcatalog.ru/agency/event_agentstva/
1676;Антреприза;;+7(911) 232-59-60;;;;;;;https://eventcatalog.ru/agency/antrepriza/;https://eventcatalog.ru/agency/event_agentstva/
1677;Ануш Ивент Дизайн;https://anushevent.ru;+7(925)518-87-79;;;;;;;https://eventcatalog.ru/agency/anush_ivent_dizayn/;https://eventcatalog.ru/agency/event_agentstva/
1678;Аншлаг;;+7(495) 514-38-65;;;;;;;https://eventcatalog.ru/agency/anshlag/;https://eventcatalog.ru/agency/event_agentstva/
1679;Апельсин;;+7(812) 579-48-04 / +7(812) 940-14-00;;;;;;;https://eventcatalog.ru/agency/apeljsin/;https://eventcatalog.ru/agency/event_agentstva/
1680;Апипяй;;+7(843)510-55-55;;;;;;;https://eventcatalog.ru/agency/apipyay/;https://eventcatalog.ru/agency/event_agentstva/
1681;Апипяй event agency;;+7(987)000-05-55;;;;;;;https://eventcatalog.ru/agency/apipyay_event_agency/;https://eventcatalog.ru/agency/event_agentstva/
1682;Апрель;;+7(499) 269-06-21 / +7(495) 749-89-28;;;;;;;https://eventcatalog.ru/agency/aprelj/;https://eventcatalog.ru/agency/event_agentstva/
1683;АрбуzZ;http://www.arbuz48.ru;+7(920)242-45-55;;;;;;;https://eventcatalog.ru/agency/arbuzz/;https://eventcatalog.ru/agency/event_agentstva/
1684;Арбуз шоу;;+7(495) 505-10-17;;;;;;;https://eventcatalog.ru/agency/arbuz_shou/;https://eventcatalog.ru/agency/event_agentstva/
1685;Арго Ивент;;+7(495)589-22-99;;;;;;;https://eventcatalog.ru/agency/argo_ivent/;https://eventcatalog.ru/agency/event_agentstva/
1686;Арктур шоу;;+7(495) 740-14-52 / +7(926) 236-38-30;;;;;;;https://eventcatalog.ru/agency/arktur_shou/;https://eventcatalog.ru/agency/event_agentstva/
1687;Арлекино СПБ;;+7(812)980-87-85 / +7(812)923-17-26;;;;;;;https://eventcatalog.ru/agency/arlekino_spb/;https://eventcatalog.ru/agency/event_agentstva/
1688;АрсПро;;+7(383) 213-11-31 / +7(383) 204-92-92;;;;;;;https://eventcatalog.ru/agency/arspro/;https://eventcatalog.ru/agency/event_agentstva/
1689;Арт Альянс;;+7(499)110-10-27 / +7(499)909-99-99;;;;;;;https://eventcatalog.ru/agency/art_aljyans/;https://eventcatalog.ru/agency/event_agentstva/
1690;Арт Атмосфера;;+7(495)532-47-23 / +7(925)321-41-48;;;;;;;https://eventcatalog.ru/agency/art_atmosfera/;https://eventcatalog.ru/agency/event_agentstva/
1691;Арт Бизнес;;+7(861) 278-23-51 / +7(961) 508-99-24;;;;;;;https://eventcatalog.ru/agency/art_biznes/;https://eventcatalog.ru/agency/event_agentstva/
1692;Арт Бюро pro;;+7(906) 257-32-79;;;;;;;https://eventcatalog.ru/agency/art_byuro_pro/;https://eventcatalog.ru/agency/event_agentstva/
1693;Арт Лайф Виктори;;+7(495) 779-66-40 / +7(495) 719-01-29;;;;;;;https://eventcatalog.ru/agency/art_layf_viktori/;https://eventcatalog.ru/agency/event_agentstva/
1694;АРТ Мафия;;+7(062) 208-33-03;;;;;;;https://eventcatalog.ru/agency/art_mafiya/;https://eventcatalog.ru/agency/event_agentstva/
1695;Арт Мегаполис;;+7(499)707-79-88 / +7(906)644-94-39;;;;;;;https://eventcatalog.ru/agency/art_megapolis/;https://eventcatalog.ru/agency/event_agentstva/
1696;Арт Нева;;+7(812)922-15-91 / +7(812)987-25-57;;;;;;;https://eventcatalog.ru/agency/art_neva/;https://eventcatalog.ru/agency/event_agentstva/
1697;Арт Премиум;;+7(831)217-11-03;;;;;;;https://eventcatalog.ru/agency/art_premium/;https://eventcatalog.ru/agency/event_agentstva/
1698;Арт Собрание;;+7(812)369-17-76 / +7(921)740-07-83;;;;;;;https://eventcatalog.ru/agency/art_sobranie/;https://eventcatalog.ru/agency/event_agentstva/
1699;Арт Фьюжн Мастерская;;+7(903)588-97-62 / +7(906)674-43-15;;;;;;;https://eventcatalog.ru/agency/art_fjyuzhn_masterskaya/;https://eventcatalog.ru/agency/event_agentstva/
1700;Арт Шедевр;;+7(812) 244-20-50 / +7(812) 954-34-03;;;;;;;https://eventcatalog.ru/agency/art_shedevr/;https://eventcatalog.ru/agency/event_agentstva/
1701;Арт Экстрим Клуб;;+7(495) 748-71-32;;;;;;;https://eventcatalog.ru/agency/art_ekstrim_klub/;https://eventcatalog.ru/agency/event_agentstva/
1702;Арт Юнион;;+7(495) 625-60-15 / +7(495) 212-15-03;;;;;;;https://eventcatalog.ru/agency/art_yunion/;https://eventcatalog.ru/agency/event_agentstva/
1703;Арт-бюро событий;;+7(343)310-24-29 / +7(912)232-79-93;;;;;;;https://eventcatalog.ru/agency/art-byuro_sobytiy/;https://eventcatalog.ru/agency/event_agentstva/
1704;Арт-Взгляд;;+7(495) 518-28-36;;;;;;;https://eventcatalog.ru/agency/art-vzglyad/;https://eventcatalog.ru/agency/event_agentstva/
1705;Арт-Галактика;;+7(916) 370-73-79;;;;;;;https://eventcatalog.ru/agency/art-galaktika/;https://eventcatalog.ru/agency/event_agentstva/
1706;АРТ-Галактика_;;+7(473) 239-53-10 / +7(904) 210-36-18;;;;;;;https://eventcatalog.ru/agency/art-galaktika-1/;https://eventcatalog.ru/agency/event_agentstva/
1707;Арт-Гармония;;+7(495) 544-82-80 / +7(495) 222-65-84;;;;;;;https://eventcatalog.ru/agency/art-garmoniya/;https://eventcatalog.ru/agency/event_agentstva/
1708;Арт-группа Апельсин;;+7(910) 584-14-87;;;;;;;https://eventcatalog.ru/agency/art-gruppa_apeljsin/;https://eventcatalog.ru/agency/event_agentstva/
1709;Арт-диско;;+7(495) 507-83-92 / +7(495) 507-83-95;;;;;;;https://eventcatalog.ru/agency/art-disko/;https://eventcatalog.ru/agency/event_agentstva/
1710;Арт-инициатива;;+7(910)410-54-54 / +7(916)633-37-37;;;;;;;https://eventcatalog.ru/agency/art-iniciativa/;https://eventcatalog.ru/agency/event_agentstva/
1711;Арт-корп ОКО;;+7(499)579-90-10 / +7(985)761-44-75;;;;;;;https://eventcatalog.ru/agency/art-korp_oko/;https://eventcatalog.ru/agency/event_agentstva/
1712;Арт-Пикник;;+7(846) 211-00-03;;;;;;;https://eventcatalog.ru/agency/art-piknik/;https://eventcatalog.ru/agency/event_agentstva/
1713;Арт-Премьер;;+7(3412) 45-06-66;;;;;;;https://eventcatalog.ru/agency/art-premjer/;https://eventcatalog.ru/agency/event_agentstva/
1714;АРТ-Ресурс;;+7(921) 900-02-76 / +7(812) 438-33-08;;;;;;;https://eventcatalog.ru/agency/art-resurs/;https://eventcatalog.ru/agency/event_agentstva/
1715;Арт-Студия Премьер;;+7(495) 506-39-80 / +7(495) 545-73-76;;;;;;;https://eventcatalog.ru/agency/art-studiya_premjer/;https://eventcatalog.ru/agency/event_agentstva/
1716;АРТ-Формула;;+7(495)617-39-46;;;;;;;https://eventcatalog.ru/agency/art-formula/;https://eventcatalog.ru/agency/event_agentstva/
1717;Артvisit;;+7(919)722-02-76 / +7(495)923-70-10;;;;;;;https://eventcatalog.ru/agency/artvisit/;https://eventcatalog.ru/agency/event_agentstva/
1718;Арта;;+7(812) 954-36-90 / +7(812) 928-87-87;;;;;;;https://eventcatalog.ru/agency/arta/;https://eventcatalog.ru/agency/event_agentstva/
1719;АртАктив;;+7(812) 993-30-64;;;;;;;https://eventcatalog.ru/agency/artaktiv/;https://eventcatalog.ru/agency/event_agentstva/
1720;АртВегас;;+7(495) 766-04-89 / +7(915) 314-30-14;;;;;;;https://eventcatalog.ru/agency/artvegas/;https://eventcatalog.ru/agency/event_agentstva/
1721;Артель-Медиа;;+7(861)274-77-96 / +7(900)264-55-64;;;;;;;https://eventcatalog.ru/agency/artelj-media/;https://eventcatalog.ru/agency/event_agentstva/
1722;АртеФакТ;;+7(812) 923-75-37;;;;;;;https://eventcatalog.ru/agency/artefakt/;https://eventcatalog.ru/agency/event_agentstva/
1723;Артист;;+7(495) 725-97-73;;;;;;;https://eventcatalog.ru/agency/artist/;https://eventcatalog.ru/agency/event_agentstva/
1724;Артисты из Беларуси;;+375(29)679-78-53;;;;;;;https://eventcatalog.ru/agency/artisty_iz_belarusi/;https://eventcatalog.ru/agency/event_agentstva/
1725;АРТиШОК;;+7(911) 920-63-92;;;;;;;https://eventcatalog.ru/agency/artishok-2/;https://eventcatalog.ru/agency/event_agentstva/
1726;АртКантора;;+7(029) 259-73-25 / +7(044) 596-39-58;;;;;;;https://eventcatalog.ru/agency/artkantora/;https://eventcatalog.ru/agency/event_agentstva/
1727;АртЛандия;;+7(812) 983-64-32 / +7(911) 231-39-41;;;;;;;https://eventcatalog.ru/agency/artlandiya/;https://eventcatalog.ru/agency/event_agentstva/
1728;АртПаб;;+7(495)124-84-94;;;;;;;https://eventcatalog.ru/agency/artpab/;https://eventcatalog.ru/agency/event_agentstva/
1729;АртПир;;+7(499)755-63-16;;;;;;;https://eventcatalog.ru/agency/artpir/;https://eventcatalog.ru/agency/event_agentstva/
1730;АртПраздник;;+7(926) 848-43-08;;;;;;;https://eventcatalog.ru/agency/artprazdnik/;https://eventcatalog.ru/agency/event_agentstva/
1731;АртСделка;;+7(918)253-28-43 / +886-1242-2303;;;;;;;https://eventcatalog.ru/agency/artsdelka/;https://eventcatalog.ru/agency/event_agentstva/
1732;Артфест;;+7(916)687-02-89 / +7(495)255-34-35;;;;;;;https://eventcatalog.ru/agency/artfest/;https://eventcatalog.ru/agency/event_agentstva/
1733;Артфиеста;;+7(495) 764 95 22 / +7(910) 456 08 80;;;;;;;https://eventcatalog.ru/agency/artfiesta/;https://eventcatalog.ru/agency/event_agentstva/
1734;Артъ Праздник;;+7(916) 393-24-16 / +7(931) 244-90-20;;;;;;;https://eventcatalog.ru/agency/art_prazdnik/;https://eventcatalog.ru/agency/event_agentstva/
1735;Артэ Компани;;+7(495) 729-98-31 / +7(495) 235-29-46;;;;;;;https://eventcatalog.ru/agency/arte_kompani/;https://eventcatalog.ru/agency/event_agentstva/
1736;Архдиалог;;+7(905)707-15-85 / +7(926)659-82-30;;;;;;;https://eventcatalog.ru/agency/arhdialog/;https://eventcatalog.ru/agency/event_agentstva/
1737;Архимедиа;;+7(495)532-65-36;;;;;;;https://eventcatalog.ru/agency/arhimedia/;https://eventcatalog.ru/agency/event_agentstva/
1738;Архитектоника;;+7(995)508-15-86;;;;;;;https://eventcatalog.ru/agency/arhitektonika/;https://eventcatalog.ru/agency/event_agentstva/
1739;Арчер;;+7(495) 660-51-56;;;;;;;https://eventcatalog.ru/agency/archer/;https://eventcatalog.ru/agency/event_agentstva/
1740;АС Парад;;+7(4212)75-88-95 / +7(4212)93-80-66;;;;;;;https://eventcatalog.ru/agency/as_parad/;https://eventcatalog.ru/agency/event_agentstva/
1741;АС Студио;;+7(495) 656-22-09 / +7(495) 411-32-66;;;;;;;https://eventcatalog.ru/agency/as_studio/;https://eventcatalog.ru/agency/event_agentstva/
1742;АС-маркетинг;;+7(384) 244-15-55 / +7(384) 244-15-41;;;;;;;https://eventcatalog.ru/agency/as-marketing/;https://eventcatalog.ru/agency/event_agentstva/
1743;Ассамблея;;+7(812) 313-26-16 / +7(921) 341-50-44;;;;;;;https://eventcatalog.ru/agency/assambleya/;https://eventcatalog.ru/agency/event_agentstva/
1744;АСТА Трэвел;;+7(812)303-88-88;;;;;;;https://eventcatalog.ru/agency/asta_trevel/;https://eventcatalog.ru/agency/event_agentstva/
1745;Аффинити;;+7(902)506-88-54 / +7(902)506-88-53;;;;;;;https://eventcatalog.ru/agency/affiniti/;https://eventcatalog.ru/agency/event_agentstva/
1746;АЭРгрупп;;+7(495) 545-35-16 / +7(495) 544-54-58;;;;;;;https://eventcatalog.ru/agency/aergrupp/;https://eventcatalog.ru/agency/event_agentstva/
1747;Аэро Клуб Тур;;+7(495)744-11-70 / +7(495)744-11-66;;;;;;;https://eventcatalog.ru/agency/aero_klub_tur/;https://eventcatalog.ru/agency/event_agentstva/
1748;Аэробус;;+7(351) 235-62-24 / +7(351) 235-80-47;;;;;;;https://eventcatalog.ru/agency/aerobus/;https://eventcatalog.ru/agency/event_agentstva/
1749;Аэроплан;;+7(833) 237-52-33 / +7(833) 237-52-17;;;;;;;https://eventcatalog.ru/agency/aeroplan/;https://eventcatalog.ru/agency/event_agentstva/
1750;Аэросервис-Пермь;;+7(906) 888-86-78;;;;;;;https://eventcatalog.ru/agency/aeroservis-permj/;https://eventcatalog.ru/agency/event_agentstva/
1751;Бастики;;+7(848) 268-54-75 / +7(848) 271-85-00;;;;;;;https://eventcatalog.ru/agency/bastiki/;https://eventcatalog.ru/agency/event_agentstva/
1752;Бастэт;;+7(495) 629-81-70 / +7(495) 502-29-60;;;;;;;https://eventcatalog.ru/agency/bastet/;https://eventcatalog.ru/agency/event_agentstva/
1753;БАШ праздник;;+7(917) 737-07-00;;;;;;;https://eventcatalog.ru/agency/bash_prazdnik/;https://eventcatalog.ru/agency/event_agentstva/
1754;Без Баяна;;+7(964)704-51-01;;;;;;;https://eventcatalog.ru/agency/bez_bayana/;https://eventcatalog.ru/agency/event_agentstva/
1755;Без ума от счастья;;+7(812) 983-58-84;;;;;;;https://eventcatalog.ru/agency/bez_uma_ot_schastjya/;https://eventcatalog.ru/agency/event_agentstva/
1756;Белая Ворона Москва;;+7(926) 865-05-72;;;;;;;https://eventcatalog.ru/agency/belaya_vorona_moskva/;https://eventcatalog.ru/agency/event_agentstva/
1757;БелПремьер;;+7(904)530-70-00;;;;;;;https://eventcatalog.ru/agency/belpremjer/;https://eventcatalog.ru/agency/event_agentstva/
1758;Белый карандаш;;+7(495) 646-00-42;;;;;;;https://eventcatalog.ru/agency/belyy_karandash/;https://eventcatalog.ru/agency/event_agentstva/
1759;Биг Виллидж;;+7(3812)66-18-58 / +7(3812)66-18-59;;;;;;;https://eventcatalog.ru/agency/big_villidzh/;https://eventcatalog.ru/agency/event_agentstva/
1760;Биг Джек;http://bigjack24.ru;+7(985)760-08-01;https://www.instagram.com/big.jack.team/;;;https://vk.com/big.jack.team;;;https://eventcatalog.ru/agency/big_dzhek/;https://eventcatalog.ru/agency/event_agentstva/
1761;Бизнес Диалог;;+7(495) 988-28-01 / +7(495) 988-18-00;;;;;;;https://eventcatalog.ru/agency/biznes_dialog/;https://eventcatalog.ru/agency/event_agentstva/
1762;Бизнес Ивент Ту Бизнес;;+7(812)449-36-21;;;;;;;https://eventcatalog.ru/agency/biznes_ivent_tu_biznes/;https://eventcatalog.ru/agency/event_agentstva/
1763;Бизнес класс;;+7(812) 438-22-48;;;;;;;https://eventcatalog.ru/agency/biznes_klass/;https://eventcatalog.ru/agency/event_agentstva/
1764;Бизнес Решение;;+7(910)525-24-53 / +7(4842)40-09-50;;;;;;;https://eventcatalog.ru/agency/biznes_reshenie/;https://eventcatalog.ru/agency/event_agentstva/
1765;Бизнес Спорт;;+7(986) 107-73-23;;;;;;;https://eventcatalog.ru/agency/biznes_sport/;https://eventcatalog.ru/agency/event_agentstva/
1766;БисКонцерт;;+7(841) 229-87-70;;;;;;;https://eventcatalog.ru/agency/biskoncert/;https://eventcatalog.ru/agency/event_agentstva/
1767;Блэк Милк Эвент;;+7(812)922-55-95;;;;;;;https://eventcatalog.ru/agency/blek_milk_event/;https://eventcatalog.ru/agency/event_agentstva/
1768;Бобр Добр;;+7(925)849-32-57;;;;;;;https://eventcatalog.ru/agency/bobr_dobr/;https://eventcatalog.ru/agency/event_agentstva/
1769;Большая Медведица;;+7(4812) 405-152 / +7(920) 666-66-99;;;;;;;https://eventcatalog.ru/agency/boljshaya_medvedica/;https://eventcatalog.ru/agency/event_agentstva/
1770;Большое событие;;+7(495)587-41-23 / +7(925)664-55-74;;;;;;;https://eventcatalog.ru/agency/boljshoe_sobytie/;https://eventcatalog.ru/agency/event_agentstva/
1771;Бомба;;+7(861)253-79-95;;;;;;;https://eventcatalog.ru/agency/bomba/;https://eventcatalog.ru/agency/event_agentstva/
1772;Брайт!;;+7(343) 310-03-00;;;;;;;https://eventcatalog.ru/agency/brayt/;https://eventcatalog.ru/agency/event_agentstva/
1773;Братья Райт;;+7(921) 438-03-71;;;;;;;https://eventcatalog.ru/agency/bratjya_rayt/;https://eventcatalog.ru/agency/event_agentstva/
1774;Брачо;;+7(938)470-33-35;;;;;;;https://eventcatalog.ru/agency/bracho/;https://eventcatalog.ru/agency/event_agentstva/
1775;Бременские музыканты;;+7(495) 921-30-85;;;;;;;https://eventcatalog.ru/agency/bremenskie_muzykanty/;https://eventcatalog.ru/agency/event_agentstva/
1776;Бриллиант;;+7(351)230-85-59 / +7(351)248-57-18;;;;;;;https://eventcatalog.ru/agency/brilliant/;https://eventcatalog.ru/agency/event_agentstva/
1777;Бритва;;+7(000)000-00-00;;;;;;;https://eventcatalog.ru/agency/britva/;https://eventcatalog.ru/agency/event_agentstva/
1778;Брусилов;;+7(495) 640-25-77 / +7(985) 238-74-61;;;;;;;https://eventcatalog.ru/agency/brusilov/;https://eventcatalog.ru/agency/event_agentstva/
1779;Брусника;;+7(937)151-22-41;;;;;;;https://eventcatalog.ru/agency/brusnika/;https://eventcatalog.ru/agency/event_agentstva/
1780;БСК АПЕКС;;+7(812)716-70-09 / +7(812)612-40-45;;;;;;;https://eventcatalog.ru/agency/bsk_apeks/;https://eventcatalog.ru/agency/event_agentstva/
1781;Будет Весело;;+7(495) 741-16-25;;;;;;;https://eventcatalog.ru/agency/budet_veselo/;https://eventcatalog.ru/agency/event_agentstva/
1782;Бумажный Самолет;;+7(988)242-42-97;;;;;;;https://eventcatalog.ru/agency/bumazhnyy_samolet/;https://eventcatalog.ru/agency/event_agentstva/
1783;Бумфетти;;+7(927)692-59-27 / +7(937)986-93-11;;;;;;;https://eventcatalog.ru/agency/bumfetti/;https://eventcatalog.ru/agency/event_agentstva/
1784;Бурлеск;;+7(843) 200-96-84;;;;;;;https://eventcatalog.ru/agency/burlesk/;https://eventcatalog.ru/agency/event_agentstva/
1785;Бутик Идей;;+7(495) 638-54-39;;;;;;;https://eventcatalog.ru/agency/butik_idey/;https://eventcatalog.ru/agency/event_agentstva/
1786;Бутик Праздников;;+7(495) 729-98-72;;;;;;;https://eventcatalog.ru/agency/butik_prazdnikov/;https://eventcatalog.ru/agency/event_agentstva/
1787;Былина;;+7(812)954-09-35 / +7(931)381-51-93;;;;;;;https://eventcatalog.ru/agency/bylina/;https://eventcatalog.ru/agency/event_agentstva/
1788;Бюро Креативных Событий;;+7(495) 728-28-82;;;;;;;https://eventcatalog.ru/agency/byuro_kreativnyh_sobytiy/;https://eventcatalog.ru/agency/event_agentstva/
1789;Бюро путешествий и экскурсий;;+7(903)484-74-61 / +7(8672)99-40-04;;;;;;;https://eventcatalog.ru/agency/byuro_puteshestviy_i_ekskursiy/;https://eventcatalog.ru/agency/event_agentstva/
1790;Агентства;http://orphus.ru;;;;;;;;https://eventcatalog.ru/agency/byuro_schastjya/;https://eventcatalog.ru/agency/event_agentstva/
1791;Бюро Технологий Развития;;+7(495) 517-62-83;;;;;;;https://eventcatalog.ru/agency/byuro_tehnologiy_razvitiya/;https://eventcatalog.ru/agency/event_agentstva/
1792;В гостях у Шляпника;;+7(928)103-01-75;;;;;;;https://eventcatalog.ru/agency/v_gostyah_u_shlyapnika/;https://eventcatalog.ru/agency/event_agentstva/
1793;ВалентиноС;;+38(067)960-70-07 / +38(067)314-01-95;;;;;;;https://eventcatalog.ru/agency/valentinos/;https://eventcatalog.ru/agency/event_agentstva/
1794;Валерий Князев;;+7(495) 509-22-55 / +7(903) 648-89-78;;;;;;;https://eventcatalog.ru/agency/valeriy_knyazev/;https://eventcatalog.ru/agency/event_agentstva/
1795;Варенье;;+7(926)136-92-70;;;;;;;https://eventcatalog.ru/agency/varenje/;https://eventcatalog.ru/agency/event_agentstva/
1796;Вартекс;;+7(905) 269-65-55 / +7(812) 334-88-97;;;;;;;https://eventcatalog.ru/agency/varteks/;https://eventcatalog.ru/agency/event_agentstva/
1797;Вау Агентство;;+7(499)490-70-88;;;;;;;https://eventcatalog.ru/agency/vau_agentstvo/;https://eventcatalog.ru/agency/event_agentstva/
1798;ВашиПчёлки;;+7(812) 454-70-71;;;;;;;https://eventcatalog.ru/agency/vashipchelki/;https://eventcatalog.ru/agency/event_agentstva/
1799;Вдохновение;;+380(96)954-53-75 / +380(63)134-42-50;;;;;;;https://eventcatalog.ru/agency/vdohnovenie/;https://eventcatalog.ru/agency/event_agentstva/
1800;Вездеход;;+7(495) 545-41-00;;;;;;;https://eventcatalog.ru/agency/vezdehod/;https://eventcatalog.ru/agency/event_agentstva/
1801;Вектор развития;;+7(401) 237-35-90 / +7(401) 237-37-90;;;;;;;https://eventcatalog.ru/agency/vektor_razvitiya/;https://eventcatalog.ru/agency/event_agentstva/
1802;Велес;;+7(495) 997-94-56;;;;;;;https://eventcatalog.ru/agency/veles/;https://eventcatalog.ru/agency/event_agentstva/
1803;Венчание;;+7(844)250-23-28 / +7(960)885-26-48;;;;;;;https://eventcatalog.ru/agency/venchanie/;https://eventcatalog.ru/agency/event_agentstva/
1804;Вери Пупери;;+7(952)621-72-72;;;;;;;https://eventcatalog.ru/agency/veri_puperi/;https://eventcatalog.ru/agency/event_agentstva/
1805;Вертикаль;;+7(4872) 38-42-50 / +7(4872) 70-17-71;;;;;;;https://eventcatalog.ru/agency/vertikalj/;https://eventcatalog.ru/agency/event_agentstva/
1806;Веселая Гуляночка;;+7(067) 394-39-91 / +7(044) 544-17-97;;;;;;;https://eventcatalog.ru/agency/veselaya_gulyanochka/;https://eventcatalog.ru/agency/event_agentstva/
1807;Веселая Компания;;+7(495) 979-02-92 / +7(495) 510-78-08;;;;;;;https://eventcatalog.ru/agency/veselaya_kompaniya/;https://eventcatalog.ru/agency/event_agentstva/
1808;Веселушки;;+7(383) 375-10-92 / +7(923) 775-10-92;;;;;;;https://eventcatalog.ru/agency/veselushki/;https://eventcatalog.ru/agency/event_agentstva/
1809;Веселье детям;;+7(926)081-14-43;;;;;;;https://eventcatalog.ru/agency/veselje_detyam/;https://eventcatalog.ru/agency/event_agentstva/
1810;Веснушка;;+7 (495) 5180729;;;;;;;https://eventcatalog.ru/agency/vesnushka/;https://eventcatalog.ru/agency/event_agentstva/
1811;Весёлая затея;;+7(351) 270-22-20;;;;;;;https://eventcatalog.ru/agency/veselaya_zateya/;https://eventcatalog.ru/agency/event_agentstva/
1812;Весёлый Ослик;;+7(916)208-22-23 / +7(914)673-75-40;;;;;;;https://eventcatalog.ru/agency/veselyy_oslik/;https://eventcatalog.ru/agency/event_agentstva/
1813;Весёлый Шурик;;+7(495) 729-98-72 / +7(495) 589-56-60;;;;;;;https://eventcatalog.ru/agency/veselyy_shurik/;https://eventcatalog.ru/agency/event_agentstva/
1814;Вечеринка 80;;+7(495)178-26-20;;;;;;;https://eventcatalog.ru/agency/vecherinka_80/;https://eventcatalog.ru/agency/event_agentstva/
1815;Взгляни на мир по-другому;;+7(963)699-36-83;;;;;;;https://eventcatalog.ru/agency/vzglyani_na_mir_po-drugomu/;https://eventcatalog.ru/agency/event_agentstva/
1816;Взрослые игры;;+7(38044) 272-41-3 / +7(38067) 402-79-08;;;;;;;https://eventcatalog.ru/agency/vzroslye_igry/;https://eventcatalog.ru/agency/event_agentstva/
1817;Виктория Премиум;;+7(495) 721-81-41;;;;;;;https://eventcatalog.ru/agency/viktoriya_premium/;https://eventcatalog.ru/agency/event_agentstva/
1818;ВИП-Концерт;;+7(495) 973-40-40 / +7(963) 753-32-31;;;;;;;https://eventcatalog.ru/agency/vip-koncert/;https://eventcatalog.ru/agency/event_agentstva/
1819;Витязь;;+7(4872)39-57-01;;;;;;;https://eventcatalog.ru/agency/vityazj/;https://eventcatalog.ru/agency/event_agentstva/
1820;ВКН;;+7(495) 510-73-51;;;;;;;https://eventcatalog.ru/agency/vkn/;https://eventcatalog.ru/agency/event_agentstva/
1821;Вместе;;+7(916)537-55-00 / +7(913)370-00-10;;;;;;;https://eventcatalog.ru/agency/vmeste/;https://eventcatalog.ru/agency/event_agentstva/
1822;Вместе Алтай;;+7(962)825-34-44;;;;;;;https://eventcatalog.ru/agency/vmeste_altay/;https://eventcatalog.ru/agency/event_agentstva/
1823;Вместе Красноярск;;+7(913)047-00-10;;;;;;;https://eventcatalog.ru/agency/vmeste_krasnoyarsk/;https://eventcatalog.ru/agency/event_agentstva/
1824;Вместе Новосибирск;;+7(913)370-00-10;;;;;;;https://eventcatalog.ru/agency/vmeste_novosibirsk/;https://eventcatalog.ru/agency/event_agentstva/
1825;Воздух;;+7(383)381-92-50;;;;;;;https://eventcatalog.ru/agency/vozduh/;https://eventcatalog.ru/agency/event_agentstva/
1826;Волшебная история;;+7(495)790-99-29;;;;;;;https://eventcatalog.ru/agency/volshebnaya_istoriya/;https://eventcatalog.ru/agency/event_agentstva/
1827;Волшебная сказка;;+7(812)989-16-42;;;;;;;https://eventcatalog.ru/agency/volshebnaya_skazka/;https://eventcatalog.ru/agency/event_agentstva/
1828;Волшебник;;+7(495)935-77-53 / +7(495)509-90-70;;;;;;;https://eventcatalog.ru/agency/volshebnik/;https://eventcatalog.ru/agency/event_agentstva/
1829;Вольный Сокол;;+7(920) 477-49-90;;;;;;;https://eventcatalog.ru/agency/voljnyy_sokol/;https://eventcatalog.ru/agency/event_agentstva/
1830;Вот Здорово!;;+7(495) 721-09-41 / +7(903) 726-54-10;;;;;;;https://eventcatalog.ru/agency/vot_zdorovo/;https://eventcatalog.ru/agency/event_agentstva/
1831;Время Веселья;;+7(499)502-25-50;;;;;;;https://eventcatalog.ru/agency/vremya_veseljya/;https://eventcatalog.ru/agency/event_agentstva/
1832;Время праздника;;+7(495) 542-73-92 / +7(926) 245-09-97;;;;;;;https://eventcatalog.ru/agency/vremya_prazdnika/;https://eventcatalog.ru/agency/event_agentstva/
1833;Время Событий.РФ;;+7(495) 543-28-56;;;;;;;https://eventcatalog.ru/agency/vremya_sobytiy_rf/;https://eventcatalog.ru/agency/event_agentstva/
1834;Вручение.ру;;+7(495) 744-44-77;;;;;;;https://eventcatalog.ru/agency/vruchenie_ru/;https://eventcatalog.ru/agency/event_agentstva/
1835;Всегда праздник;;+7(499) 390-57-86 / +7(926) 848-43-08;;;;;;;https://eventcatalog.ru/agency/vsegda_prazdnik/;https://eventcatalog.ru/agency/event_agentstva/
1836;Всероссийский центр организации мероприятий;;+7(800)200-61-30;;;;;;;https://eventcatalog.ru/agency/vserossiyskiy_centr_organizacii_meropriyatiy/;https://eventcatalog.ru/agency/event_agentstva/
1837;Всякий случай;;+7(495)790-03-90 / +7(499)277-79-14;;;;;;;https://eventcatalog.ru/agency/vsyakiy_sluchay/;https://eventcatalog.ru/agency/event_agentstva/
1838;Вуаля;;+7(910)223-33-09;;;;;;;https://eventcatalog.ru/agency/vualya/;https://eventcatalog.ru/agency/event_agentstva/
1839;Вхороводе;;+7(495)776-37-79 / +7(985)776-37-79;;;;;;;https://eventcatalog.ru/agency/vhorovode/;https://eventcatalog.ru/agency/event_agentstva/
1840;Высокие Развлечения;;+7(926) 206-83-32 / +7(901) 532-74-24;;;;;;;https://eventcatalog.ru/agency/vysokie_razvlecheniya/;https://eventcatalog.ru/agency/event_agentstva/
1841;Выход;;+7(812) 925-21-41;;;;;;;https://eventcatalog.ru/agency/vyhod/;https://eventcatalog.ru/agency/event_agentstva/
1842;Выход Уфа;;+7(347)266-60-47;;;;;;;https://eventcatalog.ru/agency/vyhod_ufa/;https://eventcatalog.ru/agency/event_agentstva/
1843;Вэлкам!;;+7(4852) 90-92-93 / +7(4852) 94-17-90;;;;;;;https://eventcatalog.ru/agency/velkam/;https://eventcatalog.ru/agency/event_agentstva/
1844;Галактика;;+7(499) 145-65-03;;;;;;;https://eventcatalog.ru/agency/galaktika/;https://eventcatalog.ru/agency/event_agentstva/
1845;Галерея Праздников;;+7(4872) 25-17-62 / +7(903) 697-27-62;;;;;;;https://eventcatalog.ru/agency/galereya_prazdnikov/;https://eventcatalog.ru/agency/event_agentstva/
1846;Галерея Событий;;+7(495) 749-74-89;;;;;;;https://eventcatalog.ru/agency/galereya_sobytiy/;https://eventcatalog.ru/agency/event_agentstva/
1847;Гамма;;+7(499) 347-32-49;;;;;;;https://eventcatalog.ru/agency/gamma-1/;https://eventcatalog.ru/agency/event_agentstva/
1848;Гефест Event Новосибирск;http://www.gefestevent.ru;+7(383)235-90-90;;;;;;;https://eventcatalog.ru/agency/gefest_event_novosibirsk/;https://eventcatalog.ru/agency/event_agentstva/
1849;Гильдия мастеров;;+7(812) 333-25-41 / +7(812) 600-00-69;;;;;;;https://eventcatalog.ru/agency/giljdiya_masterov/;https://eventcatalog.ru/agency/event_agentstva/
1850;ГК Event PRO;;+7(988)246-45-54;;;;;;;https://eventcatalog.ru/agency/gk_event_pro/;https://eventcatalog.ru/agency/event_agentstva/
1851;ГК Indigo;;+7(383) 362-90-70 / +7(983) 121-19-14;;;;;;;https://eventcatalog.ru/agency/gk_indigo/;https://eventcatalog.ru/agency/event_agentstva/
1852;ГК Реклама Сочи;;+7(862) 298-58-63;;;;;;;https://eventcatalog.ru/agency/gk_reklama_sochi/;https://eventcatalog.ru/agency/event_agentstva/
1853;Глобус;;+7(968)033-30-00;;;;;;;https://eventcatalog.ru/agency/globus/;https://eventcatalog.ru/agency/event_agentstva/
1854;Глубинка Holiday;;+7(8162) 94-88-44 / +7(921) 707-55-18;;;;;;;https://eventcatalog.ru/agency/glubinka_holiday/;https://eventcatalog.ru/agency/event_agentstva/
1855;Голливуд;;+7(987)825-29-33 / +7(987)736-89-83;;;;;;;https://eventcatalog.ru/agency/gollivud/;https://eventcatalog.ru/agency/event_agentstva/
1856;Город мечты Москва;;+7(495)664-98-44 / +7(985)729-12-34;;;;;;;https://eventcatalog.ru/agency/gorod_mechty_moskva/;https://eventcatalog.ru/agency/event_agentstva/
1857;Город Праздников;http://www.artgorodprazdnik.ru;+7(916)591-79-32;;;;;;;https://eventcatalog.ru/agency/gorod_prazdnikov/;https://eventcatalog.ru/agency/event_agentstva/
1858;ГорячО;;+7(902) 717-16-12 / +7(845) 290-79-79;;;;;;;https://eventcatalog.ru/agency/goryacho/;https://eventcatalog.ru/agency/event_agentstva/
1859;Грани;;+7(915)144-04-31 / +7(926)206-85-37;;;;;;;https://eventcatalog.ru/agency/grani/;https://eventcatalog.ru/agency/event_agentstva/
1860;Графит;;+7(961)539-75-65;;;;;;;https://eventcatalog.ru/agency/grafit/;https://eventcatalog.ru/agency/event_agentstva/
1861;Грильяж;;+7(926)467-13-07;;;;;;;https://eventcatalog.ru/agency/griljyazh/;https://eventcatalog.ru/agency/event_agentstva/
1862;Группа компаний Праздник;;+7(391) 211-61-91 / +7(391) 220-64-82;;;;;;;https://eventcatalog.ru/agency/gruppa_kompaniy_prazdnik/;https://eventcatalog.ru/agency/event_agentstva/
1863;Группа Компаний Тера Эвент;;+7(495) 749-04-98;;;;;;;https://eventcatalog.ru/agency/gruppa_kompaniy_tera_event/;https://eventcatalog.ru/agency/event_agentstva/
1864;Груши Project;;+7(923)430-34-32;;;;;;;https://eventcatalog.ru/agency/grushi_project/;https://eventcatalog.ru/agency/event_agentstva/
1865;Гуд Бренд;;+7(831)414-28-40;;;;;;;https://eventcatalog.ru/agency/gud_brend/;https://eventcatalog.ru/agency/event_agentstva/
1866;Д.С.Компания развлечений;;+7(495) 688-11-38;;;;;;;https://eventcatalog.ru/agency/d_s_kompaniya_razvlecheniy/;https://eventcatalog.ru/agency/event_agentstva/
1867;Даллас и Партнеры;;+7(800)500-94-43;;;;;;;https://eventcatalog.ru/agency/dallas_i_partnery/;https://eventcatalog.ru/agency/event_agentstva/
1868;Дана;;+7(383)299-11-91 / +7(383)201-08-63;;;;;;;https://eventcatalog.ru/agency/dana/;https://eventcatalog.ru/agency/event_agentstva/
1869;Дарбис;;+7(495) 524-96-00 / +7(926) 845-02-12;;;;;;;https://eventcatalog.ru/agency/darbis/;https://eventcatalog.ru/agency/event_agentstva/
1870;Дари;;+7(861)292-23-51 / +7(905)401-88-99;;;;;;;https://eventcatalog.ru/agency/dari/;https://eventcatalog.ru/agency/event_agentstva/
1871;Два Товарища;;+380(57)700-03-09 / +380(95)564-51-87;;;;;;;https://eventcatalog.ru/agency/dva_tovariwa/;https://eventcatalog.ru/agency/event_agentstva/
1872;Де Жа Вю;;+7(495) 799-66-62 / +7(906) 051-51-15;;;;;;;https://eventcatalog.ru/agency/de_zha_vyu/;https://eventcatalog.ru/agency/event_agentstva/
1873;Дежа Вю;;+7(495)177-14-32 / +7(903) 281-12-30;;;;;;;https://eventcatalog.ru/agency/dezha_vyu/;https://eventcatalog.ru/agency/event_agentstva/
1874;Действие;http://liveactiongame.ru;+7(812)313-29-87 / +7(911)201-42-42;;;;;;;https://eventcatalog.ru/agency/deystvie/;https://eventcatalog.ru/agency/event_agentstva/
1875;Деловая среда;;+7(901)708-60-40;;;;;;;https://eventcatalog.ru/agency/delovaya_sreda/;https://eventcatalog.ru/agency/event_agentstva/
1876;Дельфин;;+7(950)905-57-03 / +7(953)973-11-00;;;;;;;https://eventcatalog.ru/agency/deljfin/;https://eventcatalog.ru/agency/event_agentstva/
1877;День Варенья.RU;;+7(495) 532-80-04;;;;;;;https://eventcatalog.ru/agency/denj_varenjya_ru/;https://eventcatalog.ru/agency/event_agentstva/
1878;День Х;;+7(843)250-15-35 / +7(950)329-74-84;;;;;;;https://eventcatalog.ru/agency/denj_h/;https://eventcatalog.ru/agency/event_agentstva/
1879;Дерево Сказок;;+7(926)709-29-90;;;;;;;https://eventcatalog.ru/agency/derevo_skazok/;https://eventcatalog.ru/agency/event_agentstva/
1880;Детские праздники;;+7(952)095-41-00 / +7(999)525-80-00;;;;;;;https://eventcatalog.ru/agency/detskie_prazdniki/;https://eventcatalog.ru/agency/event_agentstva/
1881;Джей Кей Ивент;;+7(846) 231-39-91 / +7(927) 002-63-45;;;;;;;https://eventcatalog.ru/agency/dzhey_key_ivent/;https://eventcatalog.ru/agency/event_agentstva/
1882;Джей Комм;;+7(495)766-51-65;;;;;;;https://eventcatalog.ru/agency/dzhey_komm/;https://eventcatalog.ru/agency/event_agentstva/
1883;Джулия;;+7(495) 763-25-49 / +7(916) 681-00-81;;;;;;;https://eventcatalog.ru/agency/dzhuliya/;https://eventcatalog.ru/agency/event_agentstva/
1884;Диал;;+7(921) 375-44-17 / +7(812) 325-12-74;;;;;;;https://eventcatalog.ru/agency/dial/;https://eventcatalog.ru/agency/event_agentstva/
1885;Дива;;+7(495) 661-71-91 / +7(495) 978-87-19;;;;;;;https://eventcatalog.ru/agency/diva/;https://eventcatalog.ru/agency/event_agentstva/
1886;Дивербиум;;+7(926)039-63-72 / +7(985)957-21-00;;;;;;;https://eventcatalog.ru/agency/diverbium/;https://eventcatalog.ru/agency/event_agentstva/
1887;Дикие сказки;;+7(916)266-92-57;;;;;;;https://eventcatalog.ru/agency/dikie_skazki/;https://eventcatalog.ru/agency/event_agentstva/
1888;Димакс;;+7(4912) 296-696 / +7(920) 985-33-30;;;;;;;https://eventcatalog.ru/agency/dimaks/;https://eventcatalog.ru/agency/event_agentstva/
1889;ДиМарт;;+7(495) 755-32-72 / +7(495) 316-33-85;;;;;;;https://eventcatalog.ru/agency/dimart/;https://eventcatalog.ru/agency/event_agentstva/
1890;Династия;;+7(926)625-37-05 / +7(968)793-77-35;;;;;;;https://eventcatalog.ru/agency/dinastiya/;https://eventcatalog.ru/agency/event_agentstva/
1891;Дипломат Сервис;;+7(38044) 495-28-58 / +7(38044) 496-59-19;;;;;;;https://eventcatalog.ru/agency/diplomat_servis/;https://eventcatalog.ru/agency/event_agentstva/
1892;Директория;;+7(812)677-55-90;;;;;;;https://eventcatalog.ru/agency/direktoriya/;https://eventcatalog.ru/agency/event_agentstva/
1893;ДИС;;+7(812) 974-89-07 / +7(962) 707-08-69;;;;;;;https://eventcatalog.ru/agency/dis/;https://eventcatalog.ru/agency/event_agentstva/
1894;Добрый Квест;;+7(981)735-37-53;;;;;;;https://eventcatalog.ru/agency/dobryy_kvest/;https://eventcatalog.ru/agency/event_agentstva/
1895;Дом Главной Виктории;;+7(903)008-59-53;;;;;;;https://eventcatalog.ru/agency/dom_glavnoy_viktorii/;https://eventcatalog.ru/agency/event_agentstva/
1896;Доминанта;;+7(38044) 288-27-26 / +7(38068) 599-93-66;;;;;;;https://eventcatalog.ru/agency/dominanta/;https://eventcatalog.ru/agency/event_agentstva/
1897;Доминанта 35;;+7(921) 143-67-26 / +7(921) 127-32-62;;;;;;;https://eventcatalog.ru/agency/dominanta_35/;https://eventcatalog.ru/agency/event_agentstva/
1898;Доминика;;+7(499) 619-85-28;;;;;;;https://eventcatalog.ru/agency/dominika/;https://eventcatalog.ru/agency/event_agentstva/
1899;Дрим Про;;+7(4852)42-77-39;;;;;;;https://eventcatalog.ru/agency/drim_pro/;https://eventcatalog.ru/agency/event_agentstva/
1900;Другое агентство;;+7(911)748-66-97;;;;;;;https://eventcatalog.ru/agency/drugoe_agentstvo/;https://eventcatalog.ru/agency/event_agentstva/
1901;Друзья Холдинг;;+7(922)111-40-99;;;;;;;https://eventcatalog.ru/agency/druzjya_holding/;https://eventcatalog.ru/agency/event_agentstva/
1902;Душа компании;;+7(903) 726-89-32 / +7(926) 406-55-06;;;;;;;https://eventcatalog.ru/agency/dusha_kompanii/;https://eventcatalog.ru/agency/event_agentstva/
1903;Евро Холдинг;;+7(861)251-04-62 / +7(905)470-70-30;;;;;;;https://eventcatalog.ru/agency/evro_holding/;https://eventcatalog.ru/agency/event_agentstva/
1904;Енот;;+7(343)351-72-81;;;;;;;https://eventcatalog.ru/agency/enot/;https://eventcatalog.ru/agency/event_agentstva/
1905;Есть Повод;;+7(495) 507-47-17 / +7(903) 615-51-50;;;;;;;https://eventcatalog.ru/agency/estj_povod/;https://eventcatalog.ru/agency/event_agentstva/
1906;ЕЦБР;;+7(343) 290-26-21 / +7(343) 286-02-16;;;;;;;https://eventcatalog.ru/agency/ecbr/;https://eventcatalog.ru/agency/event_agentstva/
1907;Жар-птица;;+7(929)503-31-30;;;;;;;https://eventcatalog.ru/agency/zhar-ptica/;https://eventcatalog.ru/agency/event_agentstva/
1908;Живая Сцена;;;;;;;;;https://eventcatalog.ru/agency/zhivaya_scena/;https://eventcatalog.ru/agency/event_agentstva/
1909;Живое дело;;+7(38044) 418-62-82;;;;;;;https://eventcatalog.ru/agency/zhivoe_delo/;https://eventcatalog.ru/agency/event_agentstva/
1910;Жизнь прекрасна;;+7(913)112-22-12;;;;;;;https://eventcatalog.ru/agency/zhiznj_prekrasna/;https://eventcatalog.ru/agency/event_agentstva/
1911;Жиксан;;+7(495) 452-49-23 / +7(903) 710-45-85;;;;;;;https://eventcatalog.ru/agency/zhiksan/;https://eventcatalog.ru/agency/event_agentstva/
1912;Жили Были;;+7(916)599-10-01;;;;;;;https://eventcatalog.ru/agency/zhili_byli/;https://eventcatalog.ru/agency/event_agentstva/
1913;Жираф;;+7(917)042-56-33;;;;;;;https://eventcatalog.ru/agency/zhiraf/;https://eventcatalog.ru/agency/event_agentstva/
1914;Забава продакшн;;+7(499)390-06-46 / +7(925)390-06-46;;;;;;;https://eventcatalog.ru/agency/zabava_prodakshn/;https://eventcatalog.ru/agency/event_agentstva/
1915;Заводной апельсин;;+7(916)302-58-93 / +7(916)829-67-70;;;;;;;https://eventcatalog.ru/agency/zavodnoy_apeljsin/;https://eventcatalog.ru/agency/event_agentstva/
1916;Заводной мандарин;;+7(812) 956-51-80 / +7(812) 363-24-27;;;;;;;https://eventcatalog.ru/agency/zavodnoy_mandarin/;https://eventcatalog.ru/agency/event_agentstva/
1917;Заводные Выходные;;+7(499)955-43-17 / +7(904)055-55-51;;;;;;;https://eventcatalog.ru/agency/zavodnye_vyhodnye/;https://eventcatalog.ru/agency/event_agentstva/
1918;Завтра Праздник;;+7(495)642-42-17 / +7(915)383-98-85;;;;;;;https://eventcatalog.ru/agency/zavtra-prazdnik/;https://eventcatalog.ru/agency/event_agentstva/
1919;Зажигай.ру;;+7(495) 585-05-05 / +7(495) 740-16-31;;;;;;;https://eventcatalog.ru/agency/zazhigay_ru/;https://eventcatalog.ru/agency/event_agentstva/
1920;Зазеркалье;;+7(921)574-84-85;;;;;;;https://eventcatalog.ru/agency/zazerkalje/;https://eventcatalog.ru/agency/event_agentstva/
1921;Заказать корпоратив;;+7(988)558-44-56;;;;;;;https://eventcatalog.ru/agency/zakazatj_korporativ/;https://eventcatalog.ru/agency/event_agentstva/
1922;Затейка;;+7(927)109-01-59 / +7(8452)25-41-07;;;;;;;https://eventcatalog.ru/agency/zateyka/;https://eventcatalog.ru/agency/event_agentstva/
1923;Звездный город;;+7(927)032-23-19 / +7(843)526-55-65;;;;;;;https://eventcatalog.ru/agency/zvezdnyy_gorod/;https://eventcatalog.ru/agency/event_agentstva/
1924;Звездочка;;+7(495) 669-99-31;;;;;;;https://eventcatalog.ru/agency/zvezdochka/;https://eventcatalog.ru/agency/event_agentstva/
1925;Звезды XXI века;;+7(495) 626-22-99 / +7(495) 792-77-31;;;;;;;https://eventcatalog.ru/agency/zvezdy_xxi_veka/;https://eventcatalog.ru/agency/event_agentstva/
1926;Зеленый театр;;+7(915) 123-35-33 / +7(985) 316-33-55;;;;;;;https://eventcatalog.ru/agency/zelenyy_teatr/;https://eventcatalog.ru/agency/event_agentstva/
1927;Золотая Антилопа;;+7(909)019-32-19;;;;;;;https://eventcatalog.ru/agency/zolotaya_antilopa/;https://eventcatalog.ru/agency/event_agentstva/
1928;Золотое решение;;+7(920)287-71-91;;;;;;;https://eventcatalog.ru/agency/zolotoe_reshenie/;https://eventcatalog.ru/agency/event_agentstva/
1929;ИDEЯ Fix;;+7(351) 245-30-51 / +7(351) 772-81-98;;;;;;;https://eventcatalog.ru/agency/ideya_fix/;https://eventcatalog.ru/agency/event_agentstva/
1930;ИDЕЯ-FIX;;+7(913) 007-19-28;;;;;;;https://eventcatalog.ru/agency/ideya-fix/;https://eventcatalog.ru/agency/event_agentstva/
1931;Иваси;;+7(917)794-6999;;;;;;;https://eventcatalog.ru/agency/event-byuro_ivasi/;https://eventcatalog.ru/agency/event_agentstva/
1932;Ивенемент;;+7(982)694-69-03;;;;;;;https://eventcatalog.ru/agency/ivenement/;https://eventcatalog.ru/agency/event_agentstva/
1933;Ивент Академия;;+7(093) 330-94-83 / +7(050) 152-72-27;;;;;;;https://eventcatalog.ru/agency/ivent_akademiya/;https://eventcatalog.ru/agency/event_agentstva/
1934;Ивент Дизайн;;+7(38044) 503-37-81 / +7(38044) 502-87-05;;;;;;;https://eventcatalog.ru/agency/ivent_dizayn/;https://eventcatalog.ru/agency/event_agentstva/
1935;Ивент Маркетинг;;+7(495) 913-21-50 / +7(495) 782-48-34;;;;;;;https://eventcatalog.ru/agency/ivent_marketing/;https://eventcatalog.ru/agency/event_agentstva/
1936;Ивент-Фарма;;+7(093) 741-00-47 / +7(067) 697-89-74;;;;;;;https://eventcatalog.ru/agency/ivent-farma/;https://eventcatalog.ru/agency/event_agentstva/
1937;Ивентис;;+7(496) 524-14-22;;;;;;;https://eventcatalog.ru/agency/iventis/;https://eventcatalog.ru/agency/event_agentstva/
1938;Игра;;+7(495) 506-32-73;;;;;;;https://eventcatalog.ru/agency/igra/;https://eventcatalog.ru/agency/event_agentstva/
1939;Игрокс;;+7(495)589-54-08;;;;;;;https://eventcatalog.ru/agency/igroks/;https://eventcatalog.ru/agency/event_agentstva/
1940;Игротека;;+7(347) 292-15-73 / +7(347) 292-15-24;;;;;;;https://eventcatalog.ru/agency/igroteka/;https://eventcatalog.ru/agency/event_agentstva/
1941;Идеал;;+7(415) 828-8;;;;;;;https://eventcatalog.ru/agency/ideal/;https://eventcatalog.ru/agency/event_agentstva/
1942;Идеальная свадьба;;+7(908)148-40-01;;;;;;;https://eventcatalog.ru/agency/idealjnaya_svadjba/;https://eventcatalog.ru/agency/event_agentstva/
1943;Идеальное торжество;;+7(951)184-90-84 / +7(3842)67-12-57;;;;;;;https://eventcatalog.ru/agency/idealjnoe_torzhestvo/;https://eventcatalog.ru/agency/event_agentstva/
1944;Идеальный праздник;;+7(495) 632-01-68 / +7(905) 777-00-04;;;;;;;https://eventcatalog.ru/agency/idealjnyy_prazdnik/;https://eventcatalog.ru/agency/event_agentstva/
1945;Идеи Ивента;;+7(831) 423-44-71 / +7(831) 278-95-66;;;;;;;https://eventcatalog.ru/agency/idei_iventa/;https://eventcatalog.ru/agency/event_agentstva/
1946;Идея Икс;;+7(499)110-21-92;;;;;;;https://eventcatalog.ru/agency/ideya_iks/;https://eventcatalog.ru/agency/event_agentstva/
1947;Идея Калуга;;+7(4842)55-10-21 / +7(953)313-99-99;;;;;;;https://eventcatalog.ru/agency/ideya_kaluga/;https://eventcatalog.ru/agency/event_agentstva/
1948;Изюм _;;+7(351) 776-85-00 / +7(351) 263-54-07;;;;;;;https://eventcatalog.ru/agency/izyum-1/;https://eventcatalog.ru/agency/event_agentstva/
1949;Иллюзион;;+7(812) 394-56-62;;;;;;;https://eventcatalog.ru/agency/illyuzion/;https://eventcatalog.ru/agency/event_agentstva/
1950;Имена Production;;+7(495) 544-80-17;;;;;;;https://eventcatalog.ru/agency/imena_production/;https://eventcatalog.ru/agency/event_agentstva/
1951;Империя Звезд;;+7(495)231-01-42 / +7(495)227-32-77;;;;;;;https://eventcatalog.ru/agency/imperiya_zvezd/;https://eventcatalog.ru/agency/event_agentstva/
1952;Империя Праздника;;+7(495) 648-64-15 / +7(962) 999-33-66;;;;;;;https://eventcatalog.ru/agency/imperiya_prazdnika/;https://eventcatalog.ru/agency/event_agentstva/
1953;Империя Праздников;;+7(925)561-18-27;;;;;;;https://eventcatalog.ru/agency/imperiya_prazdnikov/;https://eventcatalog.ru/agency/event_agentstva/
1954;Империя Развлечений;;+7(863) 240-30-70 / +7(863) 240-30-78;;;;;;;https://eventcatalog.ru/agency/imperiya_razvlecheniy/;https://eventcatalog.ru/agency/event_agentstva/
1955;Империя Развлечений _;;+7(495) 762-02-01 / +7(916) 679-02-01;;;;;;;https://eventcatalog.ru/agency/imperiya_razvlecheniy-1/;https://eventcatalog.ru/agency/event_agentstva/
1956;Империя Сочи;;+7(918)909-85-00 / +7(862)271-02-42;;;;;;;https://eventcatalog.ru/agency/imperiya_sochi/;https://eventcatalog.ru/agency/event_agentstva/
1957;Империя шоу;;+7(495) 662-96-30 / +7(926) 526-33-35;;;;;;;https://eventcatalog.ru/agency/imperiya_shou/;https://eventcatalog.ru/agency/event_agentstva/
1958;Империя шоу_;;+7(495) 741-80-01 / +7(495) 662-96-30;;;;;;;https://eventcatalog.ru/agency/imperiya_shou-1/;https://eventcatalog.ru/agency/event_agentstva/
1959;Импресарио;;+7(929)523-48-47 / +7(987)410-57-83;;;;;;;https://eventcatalog.ru/agency/impresario/;https://eventcatalog.ru/agency/event_agentstva/
1960;Импрессо;;+7(495) 229-30-76 / +7(495) 643-33-75;;;;;;;https://eventcatalog.ru/agency/impresso/;https://eventcatalog.ru/agency/event_agentstva/
1961;Индустрия Праздника;;+7(495) 611-61-34 / +7(495) 611-61-62;;;;;;;https://eventcatalog.ru/agency/industriya_prazdnika/;https://eventcatalog.ru/agency/event_agentstva/
1962;Индустрия Событий;;+7(903) 062-11-57;;;;;;;https://eventcatalog.ru/agency/industriya_sobytiy/;https://eventcatalog.ru/agency/event_agentstva/
1963;Инженеры События;;+7(904)513-17-73 / +7(911)212-83-75;;;;;;;https://eventcatalog.ru/agency/inzhenery_sobytiya/;https://eventcatalog.ru/agency/event_agentstva/
1964;Инкапри;;+7(922)155-86-59 / +7(916)544-58-68;;;;;;;https://eventcatalog.ru/agency/inkapri/;https://eventcatalog.ru/agency/event_agentstva/
1965;ИнПраздник;;+7(915) 200-57-57;;;;;;;https://eventcatalog.ru/agency/inprazdnik/;https://eventcatalog.ru/agency/event_agentstva/
1966;ИнтелСпорт;;+7(495) 514-42-32 / +7(926) 530-91-70;;;;;;;https://eventcatalog.ru/agency/intelsport/;https://eventcatalog.ru/agency/event_agentstva/
1967;Интершоу;;+7(343)222-00-55 / +7(343)222-00-99;;;;;;;https://eventcatalog.ru/agency/intershou/;https://eventcatalog.ru/agency/event_agentstva/
1968;Инфест;;+7(495) 495-50-78;;;;;;;https://eventcatalog.ru/agency/infest/;https://eventcatalog.ru/agency/event_agentstva/
1969;Искусство праздника;;+7(909) 306-00-17 / +7(903) 306-57-37;;;;;;;https://eventcatalog.ru/agency/iskusstvo_prazdnika/;https://eventcatalog.ru/agency/event_agentstva/
1970;Искусство событий;;+7(495) 766-39-31;;;;;;;https://eventcatalog.ru/agency/iskusstvo_sobytiy/;https://eventcatalog.ru/agency/event_agentstva/
1971;Исполнители желаний;;+7(495) 226-77-32 / +7(926) 984-90-10;;;;;;;https://eventcatalog.ru/agency/ispolniteli_zhelaniy/;https://eventcatalog.ru/agency/event_agentstva/
1972;Кавалери;;+7(845) 233-81-39;;;;;;;https://eventcatalog.ru/agency/kavaleri/;https://eventcatalog.ru/agency/event_agentstva/
1973;Каврус;;+7(495)201-52-43;;;;;;;https://eventcatalog.ru/agency/kavrus/;https://eventcatalog.ru/agency/event_agentstva/
1974;Какие Люди;;+7(3532)45-63-11 / +7(922)864-74-84;;;;;;;https://eventcatalog.ru/agency/kakie_lyudi/;https://eventcatalog.ru/agency/event_agentstva/
1975;Какнадо;;+7(812) 911-40-80 / +7(921) 916-22-63;;;;;;;https://eventcatalog.ru/agency/kaknado/;https://eventcatalog.ru/agency/event_agentstva/
1976;Камертон Art Event;;+7(968)913-72-87;;;;;;;https://eventcatalog.ru/agency/kamerton_art_event/;https://eventcatalog.ru/agency/event_agentstva/
1977;404 Тут ничего нет;;;;;;;;;https://eventcatalog.ru/agency/karambolj/;https://eventcatalog.ru/agency/event_agentstva/
1978;Карамель;;+7(910)487-24-25;;;;;;;https://eventcatalog.ru/agency/karamelj/;https://eventcatalog.ru/agency/event_agentstva/
1979;Карамель _;;+7(38066) 142-61-01 / +7(38050) 832-34-85;;;;;;;https://eventcatalog.ru/agency/karamelj-1/;https://eventcatalog.ru/agency/event_agentstva/
1980;Карнавал;;+7(343) 964-32-52;;;;;;;https://eventcatalog.ru/agency/karnaval/;https://eventcatalog.ru/agency/event_agentstva/
1981;КАРП;;+7(951)098-49-49 / +7(8422)27-79-79;;;;;;;https://eventcatalog.ru/agency/karp/;https://eventcatalog.ru/agency/event_agentstva/
1982;Карусель;;+7(985)999-30-07;;;;;;;https://eventcatalog.ru/agency/karuselj/;https://eventcatalog.ru/agency/event_agentstva/
1983;Карусель;;+7(499) 755-68-47 / +7(925) 700-17-72;;;;;;;https://eventcatalog.ru/agency/karuselj-3/;https://eventcatalog.ru/agency/event_agentstva/
1984;Карусель Желаний;;+7(908) 633-65-51;;;;;;;https://eventcatalog.ru/agency/karuselj_zhelaniy/;https://eventcatalog.ru/agency/event_agentstva/
1985;Карусель Праздника;;+7(499)390-28-40;;;;;;;https://eventcatalog.ru/agency/karuselj_prazdnika/;https://eventcatalog.ru/agency/event_agentstva/
1986;Карусель СПб;;+7(812) 902-36-00;;;;;;;https://eventcatalog.ru/agency/karuselj_spb/;https://eventcatalog.ru/agency/event_agentstva/
1987;Карусель-арт;;+7(925) 700-17-72;;;;;;;https://eventcatalog.ru/agency/karuselj-art/;https://eventcatalog.ru/agency/event_agentstva/
1988;Каша;;+7(846) 207-10-87;;;;;;;https://eventcatalog.ru/agency/kasha/;https://eventcatalog.ru/agency/event_agentstva/
1989;Кашт-сервис;;+7(38044) 353-44-4;;;;;;;https://eventcatalog.ru/agency/kasht-servis/;https://eventcatalog.ru/agency/event_agentstva/
1990;Квартет;;+7(495) 258-06-38;;;;;;;https://eventcatalog.ru/agency/kvartet/;https://eventcatalog.ru/agency/event_agentstva/
1991;КГрупп;;+7(495)233-70-20;;;;;;;https://eventcatalog.ru/agency/kgrupp/;https://eventcatalog.ru/agency/event_agentstva/
1992;Кекс;;+7(930)353-03-07;;;;;;;https://eventcatalog.ru/agency/keks/;https://eventcatalog.ru/agency/event_agentstva/
1993;Кивалл;;+7(495) 762-36-88 / +7(909) 996-96-96;;;;;;;https://eventcatalog.ru/agency/kivall/;https://eventcatalog.ru/agency/event_agentstva/
1994;КидсПраздник;;+7(495)227-58-55;;;;;;;https://eventcatalog.ru/agency/kidsprazdnik/;https://eventcatalog.ru/agency/event_agentstva/
1995;Киндермакс;;+7(495)229-31-71 / +7(495)722-81-24;;;;;;;https://eventcatalog.ru/agency/kindermaks/;https://eventcatalog.ru/agency/event_agentstva/
1996;КиноЛюбовь;;+7(916) 714-32-65;;;;;;;https://eventcatalog.ru/agency/kinolyubovj/;https://eventcatalog.ru/agency/event_agentstva/
1997;КировПраздник;;+7(8332)42-62-11 / +7(953)670-53-81;;;;;;;https://eventcatalog.ru/agency/kirovprazdnik/;https://eventcatalog.ru/agency/event_agentstva/
1998;Клюква;;+7(495) 933-21-13 / +7(495) 543-34-22;;;;;;;https://eventcatalog.ru/agency/klyukva/;https://eventcatalog.ru/agency/event_agentstva/
1999;КнязевЪ;;+7(495) 739-29-93;;;;;;;https://eventcatalog.ru/agency/knyazev/;https://eventcatalog.ru/agency/event_agentstva/
2000;Князевъ Спб;;+7(812) 309-27-31 / +7(921) 784-57-23;;;;;;;https://eventcatalog.ru/agency/knyazev_spb/;https://eventcatalog.ru/agency/event_agentstva/
2001;Колесница судеб;;+7(900)212-99-77 / +7(912)241-59-27;;;;;;;https://eventcatalog.ru/agency/kolesnica_sudeb/;https://eventcatalog.ru/agency/event_agentstva/
2002;Колесо;;+7(495) 795-88-60;;;;;;;https://eventcatalog.ru/agency/koleso/;https://eventcatalog.ru/agency/event_agentstva/
2003;Колибри;;+7(495) 763-21-46;;;;;;;https://eventcatalog.ru/agency/kolibri/;https://eventcatalog.ru/agency/event_agentstva/
2004;Колизей Моделс;;+380(93)660-95-55;;;;;;;https://eventcatalog.ru/agency/kolizey_models/;https://eventcatalog.ru/agency/event_agentstva/
2005;Колор Дэй;;+7(495) 506-91-68 / +7(495) 506-91-43;;;;;;;https://eventcatalog.ru/agency/kolor_dey/;https://eventcatalog.ru/agency/event_agentstva/
2006;Команданте;;+7(495)765-69-05 / +7(901)795-48-43;;;;;;;https://eventcatalog.ru/agency/komandante/;https://eventcatalog.ru/agency/event_agentstva/
2007;Комильфо;;+7(097)931-91-18;;;;;;;https://eventcatalog.ru/agency/komiljfo-1/;https://eventcatalog.ru/agency/event_agentstva/
2008;Комильфо _;;+7(495) 930-30-20 / +7(495) 749-79-41;;;;;;;https://eventcatalog.ru/agency/komiljfo/;https://eventcatalog.ru/agency/event_agentstva/
2009;Коммуникационная группа А.М.;;+7(495)956-31-16;;;;;;;https://eventcatalog.ru/agency/kommunikacionnaya_gruppa_a_m/;https://eventcatalog.ru/agency/event_agentstva/
2010;Кому Артист;;+7(925)477-17-00;;;;;;;https://eventcatalog.ru/agency/komu_artist/;https://eventcatalog.ru/agency/event_agentstva/
2011;Конгресс Визит Бюро Сочи;;+7(925)999-28-23 / +7(988)231-96-14;;;;;;;https://eventcatalog.ru/agency/kongress_vizit_byuro_sochi/;https://eventcatalog.ru/agency/event_agentstva/
2012;Конструктор Праздника;;+7(926) 133-06-63;;;;;;;https://eventcatalog.ru/agency/konstruktor_prazdnika/;https://eventcatalog.ru/agency/event_agentstva/
2013;Контора Ангелов;;+7(495)771-57-51;;;;;;;https://eventcatalog.ru/agency/kontora_angelov/;https://eventcatalog.ru/agency/event_agentstva/
2014;Конфорум;;+7(985)279-88-26 / +7(931)588-26-36;;;;;;;https://eventcatalog.ru/agency/konforum/;https://eventcatalog.ru/agency/event_agentstva/
2015;Концерт Сервис;;+7(495)220-66-11 / +7(919)777-22-50;;;;;;;https://eventcatalog.ru/agency/koncert_servis/;https://eventcatalog.ru/agency/event_agentstva/
2016;Королевская эпоха;;+7(926) 659-34-95 / +7(499) 347-43-53;;;;;;;https://eventcatalog.ru/agency/korolevskaya_epoha/;https://eventcatalog.ru/agency/event_agentstva/
2017;Королевский двор;;+7(985)380-80-40;;;;;;;https://eventcatalog.ru/agency/korolevskiy_dvor/;https://eventcatalog.ru/agency/event_agentstva/
2018;Королевство Улыбок;;+7(929)619-19-55;;;;;;;https://eventcatalog.ru/agency/korolevstvo_ulybok/;https://eventcatalog.ru/agency/event_agentstva/
2019;Корпоратив;;+7(495)777-22-36;;;;;;;https://eventcatalog.ru/agency/korporativ/;https://eventcatalog.ru/agency/event_agentstva/
2020;Корпоратив Близко;;+7(499)394-45-30;;;;;;;https://eventcatalog.ru/agency/korporativ_blizko/;https://eventcatalog.ru/agency/event_agentstva/
2021;Корпоратив.kz;;+7(727) 329-65-82 / +7(701) 493-60-59;;;;;;;https://eventcatalog.ru/agency/korporativ_kz/;https://eventcatalog.ru/agency/event_agentstva/
2022;Корпоративный театр;http://www.corporatetheatre.ru;+7(495)108-12-14;;;;;;;https://eventcatalog.ru/agency/korporativnyy_teatr/;https://eventcatalog.ru/agency/event_agentstva/
2023;Корпорация Праздников;;+7(937)225-41-07;;;;;;;https://eventcatalog.ru/agency/korporaciya_prazdnikov/;https://eventcatalog.ru/agency/event_agentstva/
2024;Корпорация праздников Омск;;+7(908)800-40-66 / +7(923)766-50-44;;;;;;;https://eventcatalog.ru/agency/korporaciya_prazdnikov_omsk/;https://eventcatalog.ru/agency/event_agentstva/
2025;Корпорация событий;;+7(424) 277-32-74 / +7(424) 272-31-50;;;;;;;https://eventcatalog.ru/agency/korporaciya_sobytiy/;https://eventcatalog.ru/agency/event_agentstva/
2026;Корпорация Событий СПб;;+7(812) 972-03-70 / +7(812) 331-06-90;;;;;;;https://eventcatalog.ru/agency/korporaciya_sobytiy_spb/;https://eventcatalog.ru/agency/event_agentstva/
2027;Космос;;+7(499) 579-90-34;;;;;;;https://eventcatalog.ru/agency/kosmos/;https://eventcatalog.ru/agency/event_agentstva/
2028;Кот событий;;+7 (910) 431-84-34;;;;;;;https://eventcatalog.ru/agency/kot_sobytiy/;https://eventcatalog.ru/agency/event_agentstva/
2029;КотБегемот;;+7(391) 294-37-96;;;;;;;https://eventcatalog.ru/agency/kotbegemot/;https://eventcatalog.ru/agency/event_agentstva/
2030;Кракатук;;+7(383)286-35-99 / +7(913)007-35-99;;;;;;;https://eventcatalog.ru/agency/krakatuk/;https://eventcatalog.ru/agency/event_agentstva/
2031;Краски;;+7(347) 257-81-87 / +7(989) 959-99-60;;;;;;;https://eventcatalog.ru/agency/kraski/;https://eventcatalog.ru/agency/event_agentstva/
2032;Креатив;;+7(900)016-68-98;;;;;;;https://eventcatalog.ru/agency/kreativ/;https://eventcatalog.ru/agency/event_agentstva/
2033;Креатив Арт Шоу;;+7(495) 220-30-63 / +7(926) 595-07-55;;;;;;;https://eventcatalog.ru/agency/kreativ_art_shou/;https://eventcatalog.ru/agency/event_agentstva/
2034;Креатив Индустрия;;+7(495) 643-96-70;;;;;;;https://eventcatalog.ru/agency/kreativ_industriya/;https://eventcatalog.ru/agency/event_agentstva/
2035;Креатив Медиа;;+7(495) 220-44-24;;;;;;;https://eventcatalog.ru/agency/kreativ_media/;https://eventcatalog.ru/agency/event_agentstva/
2036;Креатив центр;;+7(926) 476-00-06 / +7(915) 091-06-31;;;;;;;https://eventcatalog.ru/agency/kreativ_centr/;https://eventcatalog.ru/agency/event_agentstva/
2037;Креатив-Бюро Ильюшино;;+7(928) 279-66-69 / +7(863) 246-63-62;;;;;;;https://eventcatalog.ru/agency/kreativ-byuro_iljyushino/;https://eventcatalog.ru/agency/event_agentstva/
2038;Креативное агентство 495;;;;;;;;;https://eventcatalog.ru/agency/kreativnoe_agentstvo_495/;https://eventcatalog.ru/agency/event_agentstva/
2039;Крем Рекордс;;+7(495) 788-77-58 / +7(495) 518-52-88;;;;;;;https://eventcatalog.ru/agency/krem_rekords/;https://eventcatalog.ru/agency/event_agentstva/
2040;Кремль;;+ 7 985 435 22 61;;;;;;;https://eventcatalog.ru/agency/kremlj/;https://eventcatalog.ru/agency/event_agentstva/
2041;Крианта;;+7(499)391-11-10 / +7(925)428-70-53;;;;;;;https://eventcatalog.ru/agency/krianta/;https://eventcatalog.ru/agency/event_agentstva/
2042;Крылья;;+7(978)849-77-07 / +7(978)783-50-61;;;;;;;https://eventcatalog.ru/agency/kryljya/;https://eventcatalog.ru/agency/event_agentstva/
2043;Куба;http://www.kubagroup.ru;+7(342)204-30-14 / +7(342)215-05-40;;;;;;;https://eventcatalog.ru/agency/kuba/;https://eventcatalog.ru/agency/event_agentstva/
2044;КубаньЭкспо;;+7(861) 274-22-73 / +7(861) 274-22-70;;;;;;;https://eventcatalog.ru/agency/kubanjekspo/;https://eventcatalog.ru/agency/event_agentstva/
2045;Кубинский гость;;+7(812) 702-56-86 / +7(921) 936-66-78;;;;;;;https://eventcatalog.ru/agency/kubinskiy_gostj/;https://eventcatalog.ru/agency/event_agentstva/
2046;Кудрявцев Друг;;+7(925) 506-29-61 / +7(901) 545-45-35;;;;;;;https://eventcatalog.ru/agency/kudryavcev_drug/;https://eventcatalog.ru/agency/event_agentstva/
2047;Кудрявцев друг;;+78(495)363-42-23 / +78(901)545-45-35;;;;;;;https://eventcatalog.ru/agency/kudryavcev_drug-1/;https://eventcatalog.ru/agency/event_agentstva/
2048;Кузня Миров;;+7(921)347-70-11 / +7(911)033-20-28;;;;;;;https://eventcatalog.ru/agency/kuznya_mirov/;https://eventcatalog.ru/agency/event_agentstva/
2049;Кузьменков и Партнеры;;+7(499)579-80-95;;;;;;;https://eventcatalog.ru/agency/kuzjmenkov_i_partnery/;https://eventcatalog.ru/agency/event_agentstva/
2050;Кукарача;;+7(965)767-59-17 / +7(953)159-75-92;;;;;;;https://eventcatalog.ru/agency/kukaracha/;https://eventcatalog.ru/agency/event_agentstva/
2051;Кулинарная Студия Clever;;+7(495)278-02-20;;;;;;;https://eventcatalog.ru/agency/kulinarnaya_studiya_clever/;https://eventcatalog.ru/agency/event_agentstva/
2052;Культпросвет;;+7(347) 292-98-78 / +7(347) 292-32-69;;;;;;;https://eventcatalog.ru/agency/kuljtprosvet/;https://eventcatalog.ru/agency/event_agentstva/
2053;Кухня;;+7(962)686-92-55;;;;;;;https://eventcatalog.ru/agency/kuhnya/;https://eventcatalog.ru/agency/event_agentstva/
2054;Л.И.С.;;+7(916) 186-20-80 / +7(800) 775-13-97;;;;;;;https://eventcatalog.ru/agency/l_i_s/;https://eventcatalog.ru/agency/event_agentstva/
2055;Ла Ви;;+7(495) 797-17-61 / +7(985) 969-24-32;;;;;;;https://eventcatalog.ru/agency/la_vi/;https://eventcatalog.ru/agency/event_agentstva/
2056;Лаборатория 316;;+7(495)137-73-11 / +7(968)858-37-25;;;;;;;https://eventcatalog.ru/agency/laboratoriya_316/;https://eventcatalog.ru/agency/event_agentstva/
2057;Лаборатория Art Field;;+7(495) 772-05-47;;;;;;;https://eventcatalog.ru/agency/laboratoriya_art_field/;https://eventcatalog.ru/agency/event_agentstva/
2058;Лаборатория идей Киры Пяткиной;;+7(903)268-44-77 / +7(926)464-81-23;;;;;;;https://eventcatalog.ru/agency/laboratoriya_idey_kiry_pyatkinoy/;https://eventcatalog.ru/agency/event_agentstva/
2059;Лаборатория Механик;;+7(915)230-36-08;;;;;;;https://eventcatalog.ru/agency/laboratoriya_mehanik/;https://eventcatalog.ru/agency/event_agentstva/
2060;Лаборатория музыки;;+7(937)201-21-01 / +7(986)958-32-57;;;;;;;https://eventcatalog.ru/agency/laboratoriya_muzyki/;https://eventcatalog.ru/agency/event_agentstva/
2061;Лавка Чудес;;+7(925)585-70-33;;;;;;;https://eventcatalog.ru/agency/lavka_chudes/;https://eventcatalog.ru/agency/event_agentstva/
2062;Лавстория;;+7(913)417-91-63 / +7(951)591-76-80;;;;;;;https://eventcatalog.ru/agency/lavstoriya/;https://eventcatalog.ru/agency/event_agentstva/
2063;Ладья;;+7(915)152-41-24;;;;;;;https://eventcatalog.ru/agency/ladjya/;https://eventcatalog.ru/agency/event_agentstva/
2064;Лазертаг Клуб;;+7(499)390-94-24 / +7(926)916-04-59;;;;;;;https://eventcatalog.ru/agency/lazertag_klub/;https://eventcatalog.ru/agency/event_agentstva/
2065;ЛаймЭвент;;+7(911)922-55-01 / +7(951)653-57-53;;;;;;;https://eventcatalog.ru/agency/laymevent/;https://eventcatalog.ru/agency/event_agentstva/
2066;ЛарАн;;+7(903)587-87-79;;;;;;;https://eventcatalog.ru/agency/laran/;https://eventcatalog.ru/agency/event_agentstva/
2067;Левиафан;;+7(995)890-75-50 / +7(929)106-73-87;;;;;;;https://eventcatalog.ru/agency/leviafan/;https://eventcatalog.ru/agency/event_agentstva/
2068;Левый берег;;+7(391) 2-963-981;;;;;;;https://eventcatalog.ru/agency/levyy_bereg-1/;https://eventcatalog.ru/agency/event_agentstva/
2069;Левый берег _;;+7(391) 296-92-92;;;;;;;https://eventcatalog.ru/agency/levyy_bereg/;https://eventcatalog.ru/agency/event_agentstva/
2070;Легко;;+7(963)344-44-49 / +7(904)512-46-18;;;;;;;https://eventcatalog.ru/agency/legko/;https://eventcatalog.ru/agency/event_agentstva/
2071;ЛенАрт;;+7(812)925-25-20 / +7(812)925-25-94;;;;;;;https://eventcatalog.ru/agency/lenart/;https://eventcatalog.ru/agency/event_agentstva/
2072;ЛенКонцерт;;+7(812) 703-18-87;;;;;;;https://eventcatalog.ru/agency/lenkoncert/;https://eventcatalog.ru/agency/event_agentstva/
2073;Леонкавалло;;+7(812) 323-23-21;;;;;;;https://eventcatalog.ru/agency/leonkavallo/;https://eventcatalog.ru/agency/event_agentstva/
2074;Лестница;;+7(495) 509-22-83;;;;;;;https://eventcatalog.ru/agency/lestnica/;https://eventcatalog.ru/agency/event_agentstva/
2075;Летим;https://leteam.moscow;+7(499)302-01-19;;;;;;;https://eventcatalog.ru/agency/letim/;https://eventcatalog.ru/agency/event_agentstva/
2076;Лига событий;;+7(495) 988-44-56;;;;;;;https://eventcatalog.ru/agency/liga_sobytiy/;https://eventcatalog.ru/agency/event_agentstva/
2077;Лигал Энтертеймент Лайсенз;;+7(495)661-61-89;;;;;;;https://eventcatalog.ru/agency/ligal_enterteyment_laysenz/;https://eventcatalog.ru/agency/event_agentstva/
2078;Лимонад;;+7(916)718-05-70;;;;;;;https://eventcatalog.ru/agency/limonad/;https://eventcatalog.ru/agency/event_agentstva/
2079;Лимонад Харьков;;+7(095) 188-71-50 / +7(093) 143-83-18;;;;;;;https://eventcatalog.ru/agency/limonad_harjkov/;https://eventcatalog.ru/agency/event_agentstva/
2080;Линкор;;+7(903)799-28-50;;;;;;;https://eventcatalog.ru/agency/linkor/;https://eventcatalog.ru/agency/event_agentstva/
2081;Лира;;+7(499)272-40-54;;;;;;;https://eventcatalog.ru/agency/lira/;https://eventcatalog.ru/agency/event_agentstva/
2082;Лунный Свет;;+7(812) 528-54-03 / +7(952) 399-91-13;;;;;;;https://eventcatalog.ru/agency/lunnyy_svet/;https://eventcatalog.ru/agency/event_agentstva/
2083;Лусинэ Вартанова;;+7(863)261-56-96 / +7(918)505-95-50;;;;;;;https://eventcatalog.ru/agency/lusine_vartanova/;https://eventcatalog.ru/agency/event_agentstva/
2084;Лучшее;;+7(981)919-20-18 / +7(921)654-57-31;;;;;;;https://eventcatalog.ru/agency/luchshee/;https://eventcatalog.ru/agency/event_agentstva/
2085;Лучшее Время;;+7(495) 741-92-93;;;;;;;https://eventcatalog.ru/agency/luchshee_vremya/;https://eventcatalog.ru/agency/event_agentstva/
2086;Люди и события;;+7(495)795-11-36 / +7(903)795-11-36;;;;;;;https://eventcatalog.ru/agency/lyudi_i_sobytiya/;https://eventcatalog.ru/agency/event_agentstva/
2087;Люди и события ивент;;+7(495)144-14-25;;;;;;;https://eventcatalog.ru/agency/lyudi_i_sobytiya_ivent/;https://eventcatalog.ru/agency/event_agentstva/
2088;Ля-Мур;;+7(918)860-90-37;;;;;;;https://eventcatalog.ru/agency/lya-mur/;https://eventcatalog.ru/agency/event_agentstva/
2089;МiceLink;;+7(495) 509-28-61;;;;;;;https://eventcatalog.ru/agency/micelink/;https://eventcatalog.ru/agency/event_agentstva/
2090;Магнит;;+7(3842) 33-43-44 / +7(3842) 36-70-36;;;;;;;https://eventcatalog.ru/agency/magnit/;https://eventcatalog.ru/agency/event_agentstva/
2091;Мадам Кураж;;+7(495) 740-53-33;;;;;;;https://eventcatalog.ru/agency/madam_kurazh/;https://eventcatalog.ru/agency/event_agentstva/
2092;Майер;;+7(926) 539-23-27;;;;;;;https://eventcatalog.ru/agency/mayer/;https://eventcatalog.ru/agency/event_agentstva/
2093;Макро ивент;;+7(495) 504-22-09;;;;;;;https://eventcatalog.ru/agency/makro_ivent/;https://eventcatalog.ru/agency/event_agentstva/
2094;Макс Шоу;;+7(495) 926-05-55 / +7(916) 150-54-43;;;;;;;https://eventcatalog.ru/agency/maks_shou/;https://eventcatalog.ru/agency/event_agentstva/
2095;Максимум;;+7(495) 797-11-13;;;;;;;https://eventcatalog.ru/agency/maksimum/;https://eventcatalog.ru/agency/event_agentstva/
2096;Максимус;;+7(495) 978-23-88;;;;;;;https://eventcatalog.ru/agency/maksimus/;https://eventcatalog.ru/agency/event_agentstva/
2097;МаксРелакс;;+7(495) 229-31-71;;;;;;;https://eventcatalog.ru/agency/maksrelaks/;https://eventcatalog.ru/agency/event_agentstva/
2098;Малако;;+7(812) 921-23-48;;;;;;;https://eventcatalog.ru/agency/malako/;https://eventcatalog.ru/agency/event_agentstva/
2099;Малина;;+7(918) 098-87-77 / +7(861) 259-56-09;;;;;;;https://eventcatalog.ru/agency/malina/;https://eventcatalog.ru/agency/event_agentstva/
2100;Мамантёнок;;+7(925)894-64-31;;;;;;;https://eventcatalog.ru/agency/mamantenok/;https://eventcatalog.ru/agency/event_agentstva/
2101;Мандарин;;+7(38056) 790-10-9 / +7(38067) 563-85-5;;;;;;;https://eventcatalog.ru/agency/mandarin/;https://eventcatalog.ru/agency/event_agentstva/
2102;Мануфактура;;+7(903)110-80-27 / +7(495)646-85-23;;;;;;;https://eventcatalog.ru/agency/manufaktura/;https://eventcatalog.ru/agency/event_agentstva/
2103;МАО;;+7(499) 253-49-01 / +7(916) 280-42-40;;;;;;;https://eventcatalog.ru/agency/mao/;https://eventcatalog.ru/agency/event_agentstva/
2104;Марабу;;+7(931) 295-52-53;;;;;;;https://eventcatalog.ru/agency/marabu/;https://eventcatalog.ru/agency/event_agentstva/
2105;Марианна;;+7(495) 778-51-47 / +7(916) 393-23-07;;;;;;;https://eventcatalog.ru/agency/marianna/;https://eventcatalog.ru/agency/event_agentstva/
2106;Марина Румянцева;;+7(952) 202-20-80;;;;;;;https://eventcatalog.ru/agency/marina_rumyanceva/;https://eventcatalog.ru/agency/event_agentstva/
2107;Маркетинг Арм;;+7(495)787-57-78 / +7(967)179-95-25;;;;;;;https://eventcatalog.ru/agency/marketing_arm/;https://eventcatalog.ru/agency/event_agentstva/
2108;Маркетинг Сервис;;+7(345) 260-16-26;;;;;;;https://eventcatalog.ru/agency/marketing_servis/;https://eventcatalog.ru/agency/event_agentstva/
2109;Мармелад;;+7(495)249-33-09;;;;;;;https://eventcatalog.ru/agency/marmelad/;https://eventcatalog.ru/agency/event_agentstva/
2110;Март;;+7(961)589-22-44 / +7(989)823-95-35;;;;;;;https://eventcatalog.ru/agency/mart/;https://eventcatalog.ru/agency/event_agentstva/
2111;Мартовский Кот;;+7(920)276-29-61;;;;;;;https://eventcatalog.ru/agency/martovskiy_kot/;https://eventcatalog.ru/agency/event_agentstva/
2112;Маска;;+7(846) 273-87-54;;;;;;;https://eventcatalog.ru/agency/maska/;https://eventcatalog.ru/agency/event_agentstva/
2113;Маска33;;+7(904) 034-77-35;;;;;;;https://eventcatalog.ru/agency/maska33/;https://eventcatalog.ru/agency/event_agentstva/
2114;Массовик затейник;;+7(495) 723-03-52 / +7(915) 466-40-97;;;;;;;https://eventcatalog.ru/agency/massovik_zateynik/;https://eventcatalog.ru/agency/event_agentstva/
2115;Маст;;+84-95-7661-290;;;;;;;https://eventcatalog.ru/agency/mast/;https://eventcatalog.ru/agency/event_agentstva/
2116;Мастер События;;+7(495) 790-98-90;;;;;;;https://eventcatalog.ru/agency/master_sobytiya/;https://eventcatalog.ru/agency/event_agentstva/
2117;Мастер Шоу;;+7(812) 921-04-70 / +7(921) 755-21-68;;;;;;;https://eventcatalog.ru/agency/master_shou/;https://eventcatalog.ru/agency/event_agentstva/
2118;Мастера Настроений;;+7(495) 509-66-82 / +7(903) 509-66-82;;;;;;;https://eventcatalog.ru/agency/mastera_nastroeniy/;https://eventcatalog.ru/agency/event_agentstva/
2119;Мастерская;;+7(495)722-39-86;;;;;;;https://eventcatalog.ru/agency/masterskaya/;https://eventcatalog.ru/agency/event_agentstva/
2120;Мастерская PRаздников;;+7(8452) 535-008 / +7(8452) 536-059;;;;;;;https://eventcatalog.ru/agency/masterskaya_prazdnikov/;https://eventcatalog.ru/agency/event_agentstva/
2121;Мастерская Актульных Мероприятий;;+7(950) 031-46-93 / +7(812) 900-81-18;;;;;;;https://eventcatalog.ru/agency/masterskaya_aktuljnyh_meropriyatiy/;https://eventcatalog.ru/agency/event_agentstva/
2122;Мастерская Креатива;;+7(495) 641-53-78;;;;;;;https://eventcatalog.ru/agency/masterskaya_kreativa/;https://eventcatalog.ru/agency/event_agentstva/
2123;Мастерская Мгновений Евгении Алтынбаевой;;+7(812) 982-30-57 / +7(981) 812-23-43;;;;;;;https://eventcatalog.ru/agency/masterskaya_mgnoveniy_evgenii_altynbaevoy/;https://eventcatalog.ru/agency/event_agentstva/
2124;Мастерская праздника;;+7(495) 649-02-99 / +7(903) 610-46-00;;;;;;;https://eventcatalog.ru/agency/masterskaya_prazdnika/;https://eventcatalog.ru/agency/event_agentstva/
2125;Мастерская праздников Дарьи Сторожевой;;+7(495) 643-98-89 / +7(926) 713-80-16;;;;;;;https://eventcatalog.ru/agency/masterskaya_prazdnikov_darji_storozhevoy/;https://eventcatalog.ru/agency/event_agentstva/
2126;Мастерская свадеб;;+7(4742)39-24-49;;;;;;;https://eventcatalog.ru/agency/masterskaya_svadeb/;https://eventcatalog.ru/agency/event_agentstva/
2127;Мастерская Свадеб Сергиев-Посад;;+7(926)379-69-34 / +7(968)435-68-59;;;;;;;https://eventcatalog.ru/agency/masterskaya_svadeb_sergiev-posad/;https://eventcatalog.ru/agency/event_agentstva/
2128;Мастерская Сказок;;+7(495) 998-21-17;;;;;;;https://eventcatalog.ru/agency/masterskaya_skazok/;https://eventcatalog.ru/agency/event_agentstva/
2129;Мастерская Событий;;+7(923)293-25-23;;;;;;;https://eventcatalog.ru/agency/masterskaya_sobytiy/;https://eventcatalog.ru/agency/event_agentstva/
2130;Мастерская чудес _;;+7(863) 275-31-56 / +7(904) 448-93-60;;;;;;;https://eventcatalog.ru/agency/masterskaya_chudes-1/;https://eventcatalog.ru/agency/event_agentstva/
2131;Мастерская Ярких Событий;;+7(351) 238-61-20 / +7(351) 233-61-20;;;;;;;https://eventcatalog.ru/agency/masterskaya_yarkih_sobytiy/;https://eventcatalog.ru/agency/event_agentstva/
2132;Матрёшка;;+7(916)372-74-82 / +7(964)646-72-56;;;;;;;https://eventcatalog.ru/agency/matreshka/;https://eventcatalog.ru/agency/event_agentstva/
2133;Матрёшка Краснодар;;+7(952)810-02-56 / +7(918)256-06-69;;;;;;;https://eventcatalog.ru/agency/matreshka_krasnodar/;https://eventcatalog.ru/agency/event_agentstva/
2134;Матрёшки;;+7(812)600-94-76 / +7(812)953-48-87;;;;;;;https://eventcatalog.ru/agency/matreshki/;https://eventcatalog.ru/agency/event_agentstva/
2135;Медведь;http://www.medvedband.com;+7(3812)63-53-93 / +7(913)644-84-02;;;;;;;https://eventcatalog.ru/agency/medvedj/;https://eventcatalog.ru/agency/event_agentstva/
2136;Медиа Группа М8;;+7(965) 468-44-44 / +7(928) 446-90-20;;;;;;;https://eventcatalog.ru/agency/media_gruppa_m8/;https://eventcatalog.ru/agency/event_agentstva/
2137;Медор;;+7(495)933-97-32;;;;;;;https://eventcatalog.ru/agency/medor/;https://eventcatalog.ru/agency/event_agentstva/
2138;Мелодия праздника;;+7(812) 923-51-31 / +7(812) 923-51-91;;;;;;;https://eventcatalog.ru/agency/melodiya_prazdnika/;https://eventcatalog.ru/agency/event_agentstva/
2139;Мелофон;;+7(495)772-55-05 / +7(495)988-20-10;;;;;;;https://eventcatalog.ru/agency/melofon/;https://eventcatalog.ru/agency/event_agentstva/
2140;Мельба;;+7(906)058-63-07 / +7(915)196-99-46;;;;;;;https://eventcatalog.ru/agency/meljba/;https://eventcatalog.ru/agency/event_agentstva/
2141;Мельница;;+7(495) 649-45-48 / +7(495) 380-36-31;;;;;;;https://eventcatalog.ru/agency/meljnica/;https://eventcatalog.ru/agency/event_agentstva/
2142;Менеджмент Инноваций;;+7(495) 765-24-48;;;;;;;https://eventcatalog.ru/agency/menedzhment_innovaciy/;https://eventcatalog.ru/agency/event_agentstva/
2143;Меридеал;;+7(499)340-47-08 / +7(499)398-04-96;;;;;;;https://eventcatalog.ru/agency/merideal/;https://eventcatalog.ru/agency/event_agentstva/
2144;Мероприятие.ru;;+7(495)771-61-87;;;;;;;https://eventcatalog.ru/agency/meropriyatie_ru/;https://eventcatalog.ru/agency/event_agentstva/
2145;Местные;;+7(301) 263-21-42;;;;;;;https://eventcatalog.ru/agency/mestnye/;https://eventcatalog.ru/agency/event_agentstva/
2146;Мечты сбываются;;+7(098) 598-29-29;;;;;;;https://eventcatalog.ru/agency/mechty_sbyvayutsya/;https://eventcatalog.ru/agency/event_agentstva/
2147;МиллениуМ;;+7(961)251-75-54;;;;;;;https://eventcatalog.ru/agency/millenium/;https://eventcatalog.ru/agency/event_agentstva/
2148;МиМиДомик;;+7(495)729-68-18;;;;;;;https://eventcatalog.ru/agency/mimidomik/;https://eventcatalog.ru/agency/event_agentstva/
2149;МиниПраздник;;+7(812) 945-15-94;;;;;;;https://eventcatalog.ru/agency/miniprazdnik/;https://eventcatalog.ru/agency/event_agentstva/
2150;Министерство Событий;;+7(495) 410-61-90;;;;;;;https://eventcatalog.ru/agency/ministerstvo_sobytiy/;https://eventcatalog.ru/agency/event_agentstva/
2151;Мир Праздника;;+7(863) 269-85-46 / +7(928) 226-95-40;;;;;;;https://eventcatalog.ru/agency/mir_prazdnika/;https://eventcatalog.ru/agency/event_agentstva/
2152;Мир праздника!;;+7(863) 262-70-68 / +7(863) 269-85-46;;;;;;;https://eventcatalog.ru/agency/mir_prazdnika-1/;https://eventcatalog.ru/agency/event_agentstva/
2153;Мир Праздникоff;;+7(918) 476-48-58 / +7(962) 859-49-39;;;;;;;https://eventcatalog.ru/agency/mir_prazdnikoff/;https://eventcatalog.ru/agency/event_agentstva/
2154;Мир Событий;;+7(495) 695-83-27 / +7(965) 173-86-07;;;;;;;https://eventcatalog.ru/agency/mir_sobytiy/;https://eventcatalog.ru/agency/event_agentstva/
2155;Мир Торжеств;;+7(925)391-57-92;;;;;;;https://eventcatalog.ru/agency/mir_torzhestv/;https://eventcatalog.ru/agency/event_agentstva/
2156;Мир чудес;;+7(812)984-30-12;;;;;;;https://eventcatalog.ru/agency/mir_chudes/;https://eventcatalog.ru/agency/event_agentstva/
2157;Мираж-Медиа;;+78 (3842) 33-01-61 / +78 (902) 983-01-61;;;;;;;https://eventcatalog.ru/agency/mirazh-media/;https://eventcatalog.ru/agency/event_agentstva/
2158;МирОн-Праздник;;+7(495) 670-90-64 / +7(495) 968-67-96;;;;;;;https://eventcatalog.ru/agency/miron-prazdnik/;https://eventcatalog.ru/agency/event_agentstva/
2159;Мистер и миссис Шмидт;;+7(815) 275-00-64;;;;;;;https://eventcatalog.ru/agency/mister_i_missis_shmidt/;https://eventcatalog.ru/agency/event_agentstva/
2160;Мистер Праздник;;+7(926)588-00-44 / +7(495)749-96-77;;;;;;;https://eventcatalog.ru/agency/mister_prazdnik/;https://eventcatalog.ru/agency/event_agentstva/
2161;Мистерия Звука Украина;;+7(050) 331-27-77 / +7(093) 426-06-34;;;;;;;https://eventcatalog.ru/agency/misteriya_zvuka_ukraina/;https://eventcatalog.ru/agency/event_agentstva/
2162;Мозгва;;+7(495)211-42-42 / +7(977)148-90-60;;;;;;;https://eventcatalog.ru/agency/mozgva/;https://eventcatalog.ru/agency/event_agentstva/
2163;МозгоИгры Квизиум;;+7(916)172-21-97;;;;;;;https://eventcatalog.ru/agency/mozgoigry_kvizium/;https://eventcatalog.ru/agency/event_agentstva/
2164;Море Радости;;+7(495)765-17-97 / +7(985)411-54-08;;;;;;;https://eventcatalog.ru/agency/more_radosti/;https://eventcatalog.ru/agency/event_agentstva/
2165;МореШоу;;+7 (495) 799-01-47 / +7 (903) 799-01-47;;;;;;;https://eventcatalog.ru/agency/moreshou/;https://eventcatalog.ru/agency/event_agentstva/
2166;Мориссот;;+7(925)506-01-49;;;;;;;https://eventcatalog.ru/agency/morissot/;https://eventcatalog.ru/agency/event_agentstva/
2167;Мосгорпраздник;;+7(495)749-67-77;;;;;;;https://eventcatalog.ru/agency/mosgorprazdnik/;https://eventcatalog.ru/agency/event_agentstva/
2168;Московская корпорация услуг;http://moscorus.rosfirm.ru;+7(963)638-23-68 / +7(909)650-54-00;;;;;;;https://eventcatalog.ru/agency/moskovskaya_korporaciya_uslug/;https://eventcatalog.ru/agency/event_agentstva/
2169;Московский бал;;+7(915)296-05-23 / +7(499)391-97-74;;;;;;;https://eventcatalog.ru/agency/moskovskiy_bal/;https://eventcatalog.ru/agency/event_agentstva/
2170;Московский Банкетный Флот;;+7(495) 744-00-06;;;;;;;https://eventcatalog.ru/agency/moskovskiy_banketnyy_flot/;https://eventcatalog.ru/agency/event_agentstva/
2171;Московский Союз Концертных Деятелей;;+7(903) 172-77-20 / +7(925) 589-80-14;;;;;;;https://eventcatalog.ru/agency/moskovskiy_soyuz_koncertnyh_deyateley/;https://eventcatalog.ru/agency/event_agentstva/
2172;Московское Городское Бюро Путешествий;;+7(495)502-11-33 / +7(495)502-11-31;;;;;;;https://eventcatalog.ru/agency/moskovskoe_gorodskoe_byuro_puteshestviy/;https://eventcatalog.ru/agency/event_agentstva/
2173;Мост Ивент;;+7(863)221-84-09;;;;;;;https://eventcatalog.ru/agency/most_ivent/;https://eventcatalog.ru/agency/event_agentstva/
2174;Моц-Арт;;+7(921)940-40-73;;;;;;;https://eventcatalog.ru/agency/moc-art/;https://eventcatalog.ru/agency/event_agentstva/
2175;МТG;;+7(846) 276-07-52 / +7(846) 276-07-90;;;;;;;https://eventcatalog.ru/agency/mtg/;https://eventcatalog.ru/agency/event_agentstva/
2176;Музыкальная Телеграмма;;+7(926)865-16-16 / +7(915)304-25-55;;;;;;;https://eventcatalog.ru/agency/muzykaljnaya_telegramma/;https://eventcatalog.ru/agency/event_agentstva/
2177;Мулен Руж;;+7(905)258-99-33;;;;;;;https://eventcatalog.ru/agency/mulen_ruzh/;https://eventcatalog.ru/agency/event_agentstva/
2178;Мульти Ландия;;+7(985)827-13-91;;;;;;;https://eventcatalog.ru/agency/muljti_landiya/;https://eventcatalog.ru/agency/event_agentstva/
2179;Мульти-Пульти;;+7(495)545-12-73 / +7(495)774-00-46;;;;;;;https://eventcatalog.ru/agency/muljti-puljti/;https://eventcatalog.ru/agency/event_agentstva/
2180;Мун Лайт;;+7(38044) 332-8-33 / +7(38063) 138-9-81;;;;;;;https://eventcatalog.ru/agency/mun_layt/;https://eventcatalog.ru/agency/event_agentstva/
2181;Муниципальный продюссерский центр;;+7(950) 803-11-11 / +7(950) 807-17-50;;;;;;;https://eventcatalog.ru/agency/municipaljnyy_prodyusserskiy_centr/;https://eventcatalog.ru/agency/event_agentstva/
2182;МУР;;+7(495)532-62-12;;;;;;;https://eventcatalog.ru/agency/mur/;https://eventcatalog.ru/agency/event_agentstva/
2183;Мы;;+7(495)975-79-27;;;;;;;https://eventcatalog.ru/agency/my/;https://eventcatalog.ru/agency/event_agentstva/
2184;Мы делаем движ;;+7(987)451-58-96;;;;;;;https://eventcatalog.ru/agency/my_delaem_dvizh/;https://eventcatalog.ru/agency/event_agentstva/
2185;Мята;;+7(906)142-20-89 / +7(8422)72-71-31;;;;;;;https://eventcatalog.ru/agency/myata/;https://eventcatalog.ru/agency/event_agentstva/
2186;Мёд;;+7(846)275-02-28 / +7(908)393-36-62;;;;;;;https://eventcatalog.ru/agency/med/;https://eventcatalog.ru/agency/event_agentstva/
2187;На Волне;;+7(495)137-85-75;;;;;;;https://eventcatalog.ru/agency/na_volne/;https://eventcatalog.ru/agency/event_agentstva/
2188;На100ящий праздник;;+7(928)270-22-05 / +7(928)270-67-11;;;;;;;https://eventcatalog.ru/agency/na100yawiy_prazdnik/;https://eventcatalog.ru/agency/event_agentstva/
2189;Настоящее Прошлое;;+7(495)227-76-65;;;;;;;https://eventcatalog.ru/agency/nastoyawee_proshloe/;https://eventcatalog.ru/agency/event_agentstva/
2190;Настроение;;+7(926)975-96-11;;;;;;;https://eventcatalog.ru/agency/nastroenie/;https://eventcatalog.ru/agency/event_agentstva/
2191;Наташа +;;+7(951) 795-70-61;;;;;;;https://eventcatalog.ru/agency/natasha/;https://eventcatalog.ru/agency/event_agentstva/
2192;Национальная Музыкальная Корпорация;;+7(921) 948-55-10;;;;;;;https://eventcatalog.ru/agency/nacionaljnaya_muzykaljnaya_korporaciya/;https://eventcatalog.ru/agency/event_agentstva/
2193;Наша команда;;+7(495) 937-23-17 / +7(495) 769-79-47;;;;;;;https://eventcatalog.ru/agency/nasha_komanda/;https://eventcatalog.ru/agency/event_agentstva/
2194;Наша Лига;;+7(499)322-30-50;;;;;;;https://eventcatalog.ru/agency/nasha_liga/;https://eventcatalog.ru/agency/event_agentstva/
2195;Наша Медиа;;+7(926) 324-09-05;;;;;;;https://eventcatalog.ru/agency/nasha_media/;https://eventcatalog.ru/agency/event_agentstva/
2196;Наши хлопоты;;+7(495)201-10-85;;;;;;;https://eventcatalog.ru/agency/nashi_hlopoty/;https://eventcatalog.ru/agency/event_agentstva/
2197;НБИ;;+7(812)315-11-40;;;;;;;https://eventcatalog.ru/agency/nbi/;https://eventcatalog.ru/agency/event_agentstva/
2198;НД Про;;+7(921)919-11-79;;;;;;;https://eventcatalog.ru/agency/nd_pro/;https://eventcatalog.ru/agency/event_agentstva/
2199;Не Скучай;;+7(926) 621-35-54 / +7(926) 335-35-85;;;;;;;https://eventcatalog.ru/agency/ne_skuchay/;https://eventcatalog.ru/agency/event_agentstva/
2200;Небеса;;+7(916) 547-79-55;;;;;;;https://eventcatalog.ru/agency/nebesa/;https://eventcatalog.ru/agency/event_agentstva/
2201;Нева Энтертейнмент;;+7(812)908-78-05 / +7(812)642-08-05;;;;;;;https://eventcatalog.ru/agency/neva_enterteynment/;https://eventcatalog.ru/agency/event_agentstva/
2202;Невская Феерия;;+7(812)702-71-87;;;;;;;https://eventcatalog.ru/agency/nevskaya_feeriya/;https://eventcatalog.ru/agency/event_agentstva/
2203;Неизведанный мир;;+7(812) 703-32-17;;;;;;;https://eventcatalog.ru/agency/neizvedannyy_mir/;https://eventcatalog.ru/agency/event_agentstva/
2204;Неко;;+7(843) 277-23-42 / +7(927) 415-15-28;;;;;;;https://eventcatalog.ru/agency/neko/;https://eventcatalog.ru/agency/event_agentstva/
2205;Нескучная компания;;+7(906)761-98-12;;;;;;;https://eventcatalog.ru/agency/neskuchnaya_kompaniya/;https://eventcatalog.ru/agency/event_agentstva/
2206;Нет Предела;;+7(812)702-76-66 / +7(911)999-48-30;;;;;;;https://eventcatalog.ru/agency/net_predela/;https://eventcatalog.ru/agency/event_agentstva/
2207;Никулина Ольга;;+7(908)908-25-67;;;;;;;https://eventcatalog.ru/agency/nikulina_oljga/;https://eventcatalog.ru/agency/event_agentstva/
2208;Нобилис;;+7(495) 500-71-15 / +7(499) 143-95-30;;;;;;;https://eventcatalog.ru/agency/nobilis/;https://eventcatalog.ru/agency/event_agentstva/
2209;Новое время;;+7(495) 514-80-82 / +7(495) 723-50-90;;;;;;;https://eventcatalog.ru/agency/novoe_vremya/;https://eventcatalog.ru/agency/event_agentstva/
2210;Новые Эмоции;;+7(499) 408-63-96 / +7(903) 799-99-13;;;;;;;https://eventcatalog.ru/agency/novye_emocii/;https://eventcatalog.ru/agency/event_agentstva/
2211;Новый Формат;;+7(950)787-05-15 / +7(3812)48-55-00;;;;;;;https://eventcatalog.ru/agency/novyy_format/;https://eventcatalog.ru/agency/event_agentstva/
2212;Ноги в руки;;+7(926) 775-84-83 / +7(926) 048-40-44;;;;;;;https://eventcatalog.ru/agency/nogi_v_ruki/;https://eventcatalog.ru/agency/event_agentstva/
2213;Нон Стоп;;+7(842) 267-47-18;;;;;;;https://eventcatalog.ru/agency/non_stop/;https://eventcatalog.ru/agency/event_agentstva/
2214;Ноу Хау;;+7(8452) 76-76-46 / +7(8452) 76-76-56;;;;;;;https://eventcatalog.ru/agency/nou_hau/;https://eventcatalog.ru/agency/event_agentstva/
2215;Нью Арт;;+375(29)337-13-35 / +375(17)236-61-61;;;;;;;https://eventcatalog.ru/agency/njyu_art/;https://eventcatalog.ru/agency/event_agentstva/
2216;О-ля-ля!;;+7(903) 623-75-11;;;;;;;https://eventcatalog.ru/agency/o-lya-lya/;https://eventcatalog.ru/agency/event_agentstva/
2217;О`Мега Арс;;+7(812) 493-53-11 / +7(812) 970-40-70;;;;;;;https://eventcatalog.ru/agency/o_mega_ars/;https://eventcatalog.ru/agency/event_agentstva/
2218;Облако;;+7(926)563-27-27;;;;;;;https://eventcatalog.ru/agency/oblako/;https://eventcatalog.ru/agency/event_agentstva/
2219;Обрий;;+7(38044) 587-61-53;;;;;;;https://eventcatalog.ru/agency/obriy/;https://eventcatalog.ru/agency/event_agentstva/
2220;Обьединённые медиасистемы;;+7(920) 686-09-58 / +7(4822) 50-98-87;;;;;;;https://eventcatalog.ru/agency/objedinennye_mediasistemy/;https://eventcatalog.ru/agency/event_agentstva/
2221;Огни Города;;+7(495)978-93-45 / +7(916)905-90-06;;;;;;;https://eventcatalog.ru/agency/ogni_goroda/;https://eventcatalog.ru/agency/event_agentstva/
2222;Одва;;+7(916) 787-65-25 / +7(499) 390-51-08;;;;;;;https://eventcatalog.ru/agency/odva/;https://eventcatalog.ru/agency/event_agentstva/
2223;Одиссей;;+7(925) 033-46-49;;;;;;;https://eventcatalog.ru/agency/odissey/;https://eventcatalog.ru/agency/event_agentstva/
2224;Одиссея;;;;;;;;;https://eventcatalog.ru/agency/odisseya/;https://eventcatalog.ru/agency/event_agentstva/
2225;Однажды...;;+7(4922) 32-56-35 / +7(903) 645-34-11;;;;;;;https://eventcatalog.ru/agency/odnazhdy/;https://eventcatalog.ru/agency/event_agentstva/
2226;Оле Лукойе;;+7(495) 648-88-37 / +7(495) 645-77-88;;;;;;;https://eventcatalog.ru/agency/ole_lukoye/;https://eventcatalog.ru/agency/event_agentstva/
2227;Оле-Лукойе;;+7(8452) 90-11-93;;;;;;;https://eventcatalog.ru/agency/ole-lukoye/;https://eventcatalog.ru/agency/event_agentstva/
2228;Оливье;;+7(995)789-22-79;;;;;;;https://eventcatalog.ru/agency/olivje/;https://eventcatalog.ru/agency/event_agentstva/
2229;ОМГ;;+7(495)374-61-77 / +7(495)374-61-56;;;;;;;https://eventcatalog.ru/agency/omg/;https://eventcatalog.ru/agency/event_agentstva/
2230;Оперативная компания;;+7(846)300-43-25 / +7(960)816-43-64;;;;;;;https://eventcatalog.ru/agency/operativnaya_kompaniya/;https://eventcatalog.ru/agency/event_agentstva/
2231;Оранжевый Круг;;+7(383)223-58-55 / +7(383)218-76-70;;;;;;;https://eventcatalog.ru/agency/oranzhevyy_krug/;https://eventcatalog.ru/agency/event_agentstva/
2232;Организатор;;+7(905)801-31-01 / +7(343)273-77-43;;;;;;;https://eventcatalog.ru/agency/organizator/;https://eventcatalog.ru/agency/event_agentstva/
2233;Оргмастер;;+7(916) 222-33-01 / +7(985) 222-16-20;;;;;;;https://eventcatalog.ru/agency/orgmaster/;https://eventcatalog.ru/agency/event_agentstva/
2234;Оскар;;+7(495) 999-78-07 / +7(925) 999-88-77;;;;;;;https://eventcatalog.ru/agency/oskar/;https://eventcatalog.ru/agency/event_agentstva/
2235;Оскар _;;+7(38062) 345-89-05 / +7(38050) 347-73-05;;;;;;;https://eventcatalog.ru/agency/oskar-1/;https://eventcatalog.ru/agency/event_agentstva/
2236;Остров детства;;+7(473) 269-50-70 / +7(473) 261-46-14;;;;;;;https://eventcatalog.ru/agency/ostrov_detstva/;https://eventcatalog.ru/agency/event_agentstva/
2237;От и До;;+7(953)515-77-99;;;;;;;https://eventcatalog.ru/agency/ot_i_do/;https://eventcatalog.ru/agency/event_agentstva/
2238;Отдохни по звездному;;+7(915) 228-84-51 / +7(985) 284-91-54;;;;;;;https://eventcatalog.ru/agency/otdohni_po_zvezdnomu/;https://eventcatalog.ru/agency/event_agentstva/
2239;Отдых по-русски;;+7(495) 724-79-93;;;;;;;https://eventcatalog.ru/agency/otdyh_po-russki/;https://eventcatalog.ru/agency/event_agentstva/
2240;Открытая коммуникационная группа;;+7(916)227-50-15 / +7(495)223-89-74;;;;;;;https://eventcatalog.ru/agency/otkrytaya_kommunikacionnaya_gruppa/;https://eventcatalog.ru/agency/event_agentstva/
2241;Открытый мир;;+7(812) 325-64-70;;;;;;;https://eventcatalog.ru/agency/otkrytyy_mir/;https://eventcatalog.ru/agency/event_agentstva/
2242;Отраслевые форумы;;+7(37517) 385-61-16 / +7(37517) 385-61-17;;;;;;;https://eventcatalog.ru/agency/otraslevye_forumy/;https://eventcatalog.ru/agency/event_agentstva/
2243;Ох Уж Эти Детки;;+7(909)997-81-86;;;;;;;https://eventcatalog.ru/agency/oh_uzh_eti_detki/;https://eventcatalog.ru/agency/event_agentstva/
2244;Палитра;;+7(495) 782-20-53;;;;;;;https://eventcatalog.ru/agency/palitra/;https://eventcatalog.ru/agency/event_agentstva/
2245;Палитра Сочи;;+7(918)449-74-76 / +7(967)317-06-03;;;;;;;https://eventcatalog.ru/agency/palitra_sochi/;https://eventcatalog.ru/agency/event_agentstva/
2246;ПАМ Studio;;+7(495) 979-23-83;;;;;;;https://eventcatalog.ru/agency/pam_studio/;https://eventcatalog.ru/agency/event_agentstva/
2247;Пан и Параваев;;+7(4212)20-03-23;;;;;;;https://eventcatalog.ru/agency/pan_i_paravaev/;https://eventcatalog.ru/agency/event_agentstva/
2248;ПапаДоволен;;+7(926) 348-87-42 / +7(495) 529-93-56;;;;;;;https://eventcatalog.ru/agency/papadovolen/;https://eventcatalog.ru/agency/event_agentstva/
2249;Парад;;+7(846) 244-11-01 / +7(846) 373-85-25;;;;;;;https://eventcatalog.ru/agency/parad/;https://eventcatalog.ru/agency/event_agentstva/
2250;Парадайз Медиа;;+7(474) 237-58-88;;;;;;;https://eventcatalog.ru/agency/paradayz_media/;https://eventcatalog.ru/agency/event_agentstva/
2251;Парадиз;;+7(4942)36-04-04;;;;;;;https://eventcatalog.ru/agency/paradiz/;https://eventcatalog.ru/agency/event_agentstva/
2252;Парапапарам;;+7(926)133-05-85 / +7(926)198-00-28;;;;;;;https://eventcatalog.ru/agency/parapaparam/;https://eventcatalog.ru/agency/event_agentstva/
2253;Паритет;;+7(812)324-16-44 / +7(921)410-21-21;;;;;;;https://eventcatalog.ru/agency/paritet/;https://eventcatalog.ru/agency/event_agentstva/
2254;Партнер Событий;;+7(499)990-10-41;;;;;;;https://eventcatalog.ru/agency/partner_sobytiy/;https://eventcatalog.ru/agency/event_agentstva/
2255;Пасифик медиа;;+7(423)230-08-76 / +7(423)230-22-77;;;;;;;https://eventcatalog.ru/agency/pasifik_media/;https://eventcatalog.ru/agency/event_agentstva/
2256;Пастила;;+7(910)480-38-98;;;;;;;https://eventcatalog.ru/agency/pastila/;https://eventcatalog.ru/agency/event_agentstva/
2257;Патилэнд;;+7(861)274-75-85 / +7(988)242-98-90;;;;;;;https://eventcatalog.ru/agency/patilend/;https://eventcatalog.ru/agency/event_agentstva/
2258;Пеппи Играет;;+7(351)261-71-28 / +7(906)892-96-97;;;;;;;https://eventcatalog.ru/agency/peppi_igraet/;https://eventcatalog.ru/agency/event_agentstva/
2259;Первая Праздничная Компания;;+7(926) 105-99-73;;;;;;;https://eventcatalog.ru/agency/pervaya_prazdnichnaya_kompaniya/;https://eventcatalog.ru/agency/event_agentstva/
2260;Первое event-агентство Серпухова;;+7(496) 776-29-77 / +7(903) 525-50-35;;;;;;;https://eventcatalog.ru/agency/pervoe_event-agentstvo_serpuhova/;https://eventcatalog.ru/agency/event_agentstva/
2261;Первое Агентство Развлечений;;+7(495) 775-99-87;;;;;;;https://eventcatalog.ru/agency/pervoe_agentstvo_razvlecheniy/;https://eventcatalog.ru/agency/event_agentstva/
2262;Первое Русское Фолк-Event-Агентство;;+7(925)506-60-32;;;;;;;https://eventcatalog.ru/agency/pervoe_russkoe_folk-event-agentstvo/;https://eventcatalog.ru/agency/event_agentstva/
2263;Перемена;;+7(812) 922-49-39 / +7(812) 982-90-32;;;;;;;https://eventcatalog.ru/agency/peremena/;https://eventcatalog.ru/agency/event_agentstva/
2264;Персона Грата;;+7(380) 322-61-15;;;;;;;https://eventcatalog.ru/agency/persona_grata/;https://eventcatalog.ru/agency/event_agentstva/
2265;ПерсонаГрата;;+7(803) 226-11-56;;;;;;;https://eventcatalog.ru/agency/personagrata/;https://eventcatalog.ru/agency/event_agentstva/
2266;Персонаж;;+7(495)961-36-03;;;;;;;https://eventcatalog.ru/agency/personazh/;https://eventcatalog.ru/agency/event_agentstva/
2267;Петербургские зори-4;;+7(911)921-05-60 / +7(812)641-05-61;;;;;;;https://eventcatalog.ru/agency/peterburgskie_zori-4/;https://eventcatalog.ru/agency/event_agentstva/
2268;Петерсарт;;+7(812) 316-56-21 / +7(812) 316-08-75;;;;;;;https://eventcatalog.ru/agency/petersart/;https://eventcatalog.ru/agency/event_agentstva/
2269;Петрушка;;+7(812) 744-37-68 / +7(812) 716-69-44;;;;;;;https://eventcatalog.ru/agency/petrushka/;https://eventcatalog.ru/agency/event_agentstva/
2270;ПИАРТ;;+7(812) 332-16-76;;;;;;;https://eventcatalog.ru/agency/piart/;https://eventcatalog.ru/agency/event_agentstva/
2271;Пикник;;+7(900)266-37-00 / +7(953)069-06-83;;;;;;;https://eventcatalog.ru/agency/piknik/;https://eventcatalog.ru/agency/event_agentstva/
2272;Пион;;+7(929)017-78-24;;;;;;;https://eventcatalog.ru/agency/pion/;https://eventcatalog.ru/agency/event_agentstva/
2273;Пироги;;+7(8442) 50-34-75 / +7(8442) 26-40-45;;;;;;;https://eventcatalog.ru/agency/pirogi/;https://eventcatalog.ru/agency/event_agentstva/
2274;Питерцы;;+7(812)917-49-77;;;;;;;https://eventcatalog.ru/agency/pitercy/;https://eventcatalog.ru/agency/event_agentstva/
2275;Планета Holiday;;+7(3122) 756-185 / +7(3122) 251-121;;;;;;;https://eventcatalog.ru/agency/planeta_holiday/;https://eventcatalog.ru/agency/event_agentstva/
2276;Планета Людей;;+7(915) 221-27-26;;;;;;;https://eventcatalog.ru/agency/planeta_lyudey/;https://eventcatalog.ru/agency/event_agentstva/
2277;Планета Праздников;;+7(4922)46-10-91;;;;;;;https://eventcatalog.ru/agency/planeta_prazdnikov/;https://eventcatalog.ru/agency/event_agentstva/
2278;Планета Сервис;;+7(495)509-66-86;;;;;;;https://eventcatalog.ru/agency/planeta_servis/;https://eventcatalog.ru/agency/event_agentstva/
2279;Планета Хохотака;;+7(495) 669-41-64;;;;;;;https://eventcatalog.ru/agency/planeta_hohotaka/;https://eventcatalog.ru/agency/event_agentstva/
2280;Погостите;;+7(495)737-47-55 / +7(800)777-01-24;;;;;;;https://eventcatalog.ru/agency/pogostite/;https://eventcatalog.ru/agency/event_agentstva/
2281;Подiя;;+7(056) 790-35-83 / +7(067) 630-01-24;;;;;;;https://eventcatalog.ru/agency/podiya/;https://eventcatalog.ru/agency/event_agentstva/
2282;Подъёжики Спб;;+7(812) 363-16-36;;;;;;;https://eventcatalog.ru/agency/podezhiki_spb/;https://eventcatalog.ru/agency/event_agentstva/
2283;Поздравлялки.ру;;+7(925) 070-50-07;;;;;;;https://eventcatalog.ru/agency/pozdravlyalki_ru/;https://eventcatalog.ru/agency/event_agentstva/
2284;Позитиff СПб;;+7(812)528-96-33 / +7(812)933-29-45;;;;;;;https://eventcatalog.ru/agency/pozitiff_spb/;https://eventcatalog.ru/agency/event_agentstva/
2285;Позитифф;;+7(812) 933-29-45 / +7(812) 914-69-94;;;;;;;https://eventcatalog.ru/agency/pozitiff/;https://eventcatalog.ru/agency/event_agentstva/
2286;Пойди-Пройди;;+7(906)777-41-99;;;;;;;https://eventcatalog.ru/agency/poydi-proydi/;https://eventcatalog.ru/agency/event_agentstva/
2287;Полигон;;+7(812)386-64-40;;;;;;;https://eventcatalog.ru/agency/poligon/;https://eventcatalog.ru/agency/event_agentstva/
2288;Полилог;;+7(495)258-20-45;;;;;;;https://eventcatalog.ru/agency/polilog/;https://eventcatalog.ru/agency/event_agentstva/
2289;Попкорн;;+7(903)118-92-50;;;;;;;https://eventcatalog.ru/agency/popkorn/;https://eventcatalog.ru/agency/event_agentstva/
2290;Пора в дорогу;;+7(044) 592-10-44 / +7(044) 228-38-28;;;;;;;https://eventcatalog.ru/agency/pora_v_dorogu/;https://eventcatalog.ru/agency/event_agentstva/
2291;Порадуем;;+7(863) 259-03-40 / +7(918) 569-26-04;;;;;;;https://eventcatalog.ru/agency/poraduem/;https://eventcatalog.ru/agency/event_agentstva/
2292;Порт;;+7(351) 721-74-87;;;;;;;https://eventcatalog.ru/agency/port/;https://eventcatalog.ru/agency/event_agentstva/
2293;Порт Верный;;+7(495) 508-50-28 / +7(495) 518-18-08;;;;;;;https://eventcatalog.ru/agency/port_vernyy/;https://eventcatalog.ru/agency/event_agentstva/
2294;Посольство праздника;;+7(812)665-51-06;;;;;;;https://eventcatalog.ru/agency/posoljstvo_prazdnika/;https://eventcatalog.ru/agency/event_agentstva/
2295;Посольство стиля;;+7(909) 900-76-76 / +7(495) 948-17-94;;;;;;;https://eventcatalog.ru/agency/posoljstvo_stilya/;https://eventcatalog.ru/agency/event_agentstva/
2296;Поставщики эмоций;;+7(985)520-76-20 / +7(915)071-01-55;;;;;;;https://eventcatalog.ru/agency/postavwiki_emociy/;https://eventcatalog.ru/agency/event_agentstva/
2297;Потехи Час;;+7(495) 518-69-96;;;;;;;https://eventcatalog.ru/agency/potehi_chas/;https://eventcatalog.ru/agency/event_agentstva/
2298;Пп;;+7(812)981-44-06;;;;;;;https://eventcatalog.ru/agency/pp/;https://eventcatalog.ru/agency/event_agentstva/
2299;Правда;;+7(812) 982-11-37 / +7(968) 181-69-06;;;;;;;https://eventcatalog.ru/agency/pravda/;https://eventcatalog.ru/agency/event_agentstva/
2300;ПраздниК;;+7(495) 925-05-94;;;;;;;https://eventcatalog.ru/agency/prazdnik/;https://eventcatalog.ru/agency/event_agentstva/
2301;Праздник 77;;+7(495) 734-99-13;;;;;;;https://eventcatalog.ru/agency/prazdnik_77/;https://eventcatalog.ru/agency/event_agentstva/
2302;Праздник _;;+7(499) 409-75-03;;;;;;;https://eventcatalog.ru/agency/prazdnik-8/;https://eventcatalog.ru/agency/event_agentstva/
2303;Праздник Pro Sib;;+7(983)403-05-70;;;;;;;https://eventcatalog.ru/agency/prazdnik_pro_sib/;https://eventcatalog.ru/agency/event_agentstva/
2304;Праздник XXI века;;+7(495) 669-92-13 / +7(926) 831-72-23;;;;;;;https://eventcatalog.ru/agency/prazdnik_xxi_veka/;https://eventcatalog.ru/agency/event_agentstva/
2305;Праздник без хлопот;;+7(916) 883-12-91;;;;;;;https://eventcatalog.ru/agency/prazdnik_bez_hlopot/;https://eventcatalog.ru/agency/event_agentstva/
2306;Праздник в стиле Шок;;+7(495)517-27-93;;;;;;;https://eventcatalog.ru/agency/prazdnik_v_stile_shok/;https://eventcatalog.ru/agency/event_agentstva/
2307;Праздник высокого полета;;+7(903) 309-09-30 / +7(846) 275-75-45;;;;;;;https://eventcatalog.ru/agency/prazdnik_vysokogo_poleta/;https://eventcatalog.ru/agency/event_agentstva/
2308;Праздник детям;;+7(649) 549-88-56;;;;;;;https://eventcatalog.ru/agency/prazdnik_detyam/;https://eventcatalog.ru/agency/event_agentstva/
2309;Праздник для всех;;+7(38056) 370-57-27 / +7(38067) 562-84-74;;;;;;;https://eventcatalog.ru/agency/prazdnik_dlya_vseh/;https://eventcatalog.ru/agency/event_agentstva/
2310;Праздник Жизни;;+7(495) 789-65-34 / +7(495) 734-99-13;;;;;;;https://eventcatalog.ru/agency/prazdnik_zhizni/;https://eventcatalog.ru/agency/event_agentstva/
2311;Праздник Здесь;;+7(843) 214-78-55 / +7(919) 635-70-94;;;;;;;https://eventcatalog.ru/agency/prazdnik_zdesj/;https://eventcatalog.ru/agency/event_agentstva/
2312;Праздник Мечты;;+7(812) 954-31-36;;;;;;;https://eventcatalog.ru/agency/prazdnik_mechty/;https://eventcatalog.ru/agency/event_agentstva/
2313;Праздник на пороге;;+7(050) 936-97-42 / +7(066) 635-60-48;;;;;;;https://eventcatalog.ru/agency/prazdnik_na_poroge/;https://eventcatalog.ru/agency/event_agentstva/
2314;Праздник от Чеширского Кота;;+7(3462) 520-443 / +7(912) 818-50-66;;;;;;;https://eventcatalog.ru/agency/prazdnik_ot_cheshirskogo_kota/;https://eventcatalog.ru/agency/event_agentstva/
2315;Праздник Плюс;;+7(812) 232-43-82 / +7(901) 301-10-00;;;;;;;https://eventcatalog.ru/agency/prazdnik_plyus/;https://eventcatalog.ru/agency/event_agentstva/
2316;Праздник Праздником;;+7(495)724-57-17;;;;;;;https://eventcatalog.ru/agency/prazdnik_prazdnikom/;https://eventcatalog.ru/agency/event_agentstva/
2317;Праздник РВ;;+7(812) 981-21-01 / +7(812) 981-31-01;;;;;;;https://eventcatalog.ru/agency/prazdnik_rv/;https://eventcatalog.ru/agency/event_agentstva/
2318;Праздник РФ;;+7(911) 939-75-10 / +7(812) 303-10-41;;;;;;;https://eventcatalog.ru/agency/prazdnik_rf/;https://eventcatalog.ru/agency/event_agentstva/
2319;Праздник Сервис;;+7(988)246-55-50 / +7(861)246-55-50;;;;;;;https://eventcatalog.ru/agency/prazdnik_servis/;https://eventcatalog.ru/agency/event_agentstva/
2320;Праздник Сочи;;+7(862)233-59-53;;;;;;;https://eventcatalog.ru/agency/prazdnik_sochi/;https://eventcatalog.ru/agency/event_agentstva/
2321;Праздник&Веселье;;+7(495) 226-25-85;;;;;;;https://eventcatalog.ru/agency/prazdnikandveselje/;https://eventcatalog.ru/agency/event_agentstva/
2322;Праздник-Арт;;+7(909)978-09-67 / +7(926)677-06-45;;;;;;;https://eventcatalog.ru/agency/prazdnik-art/;https://eventcatalog.ru/agency/event_agentstva/
2323;Праздник-Пeрмь;;+7(908)271-84-60;;;;;;;https://eventcatalog.ru/agency/prazdnik-permj/;https://eventcatalog.ru/agency/event_agentstva/
2324;Праздники в Хабаровске;;+7(962) 220-28-65 / +7(421) 260-28-65;;;;;;;https://eventcatalog.ru/agency/prazdniki_v_habarovske/;https://eventcatalog.ru/agency/event_agentstva/
2325;Праздники для детей;;+7(495) 662-96-30 / +7(495) 741-80-01;;;;;;;https://eventcatalog.ru/agency/prazdniki_dlya_detey/;https://eventcatalog.ru/agency/event_agentstva/
2326;ПраздникРу;;+7(905) 827-11-95 / +7(912) 818-81-77;;;;;;;https://eventcatalog.ru/agency/prazdnikru/;https://eventcatalog.ru/agency/event_agentstva/
2327;Праздничное Агентство Карамеля;;+7(950)458-78-13;;;;;;;https://eventcatalog.ru/agency/prazdnichnoe_agentstvo_karamelya/;https://eventcatalog.ru/agency/event_agentstva/
2328;Праздничное агентство Краски;;+7(495) 968-65-78;;;;;;;https://eventcatalog.ru/agency/prazdnichnoe_agentstvo_kraski/;https://eventcatalog.ru/agency/event_agentstva/
2329;Праздничное Агентство Наталии Бочаровой;;+7(495)741-63-90 / +7(926)533-98-92;;;;;;;https://eventcatalog.ru/agency/prazdnichnoe_agentstvo_natalii_bocharovoy/;https://eventcatalog.ru/agency/event_agentstva/
2330;Праздничный бутик;;+7(495) 545-45-16;;;;;;;https://eventcatalog.ru/agency/prazdnichnyy_butik/;https://eventcatalog.ru/agency/event_agentstva/
2331;Праздничный Город;;+7(905)208-55-54 / +7(905)207-29-80;;;;;;;https://eventcatalog.ru/agency/prazdnichnyy_gorod/;https://eventcatalog.ru/agency/event_agentstva/
2332;Праздничный Дом 2000;;+7(495) 970-33-24 / +7(905) 550-46-58;;;;;;;https://eventcatalog.ru/agency/prazdnichnyy_dom_2000/;https://eventcatalog.ru/agency/event_agentstva/
2333;Праздничный кортеж;;+7(925) 805-84-48;;;;;;;https://eventcatalog.ru/agency/prazdnichnyy_kortezh/;https://eventcatalog.ru/agency/event_agentstva/
2334;Праздничный отдел;;+7(495) 365-03-59;;;;;;;https://eventcatalog.ru/agency/prazdnichnyy_otdel/;https://eventcatalog.ru/agency/event_agentstva/
2335;Праздничный Универмаг;;+7(906) 723-23-91;;;;;;;https://eventcatalog.ru/agency/prazdnichnyy_univermag/;https://eventcatalog.ru/agency/event_agentstva/
2336;Праздные Люди;;+7(4852) 97-12-77 / +7(903) 646-05-41;;;;;;;https://eventcatalog.ru/agency/prazdnye_lyudi/;https://eventcatalog.ru/agency/event_agentstva/
2337;Празникус;;+7(926)697-87-91;;;;;;;https://eventcatalog.ru/agency/pr_praznikus/;https://eventcatalog.ru/agency/event_agentstva/
2338;Президент Шоу;;+7(926)237-90-92 / +7(916)196-84-53;;;;;;;https://eventcatalog.ru/agency/prezident_shou/;https://eventcatalog.ru/agency/event_agentstva/
2339;ПРЕМЬЕР;;+7(342)227-44-71 / +7(342)227-44-77;;;;;;;https://eventcatalog.ru/agency/agentstvo_kommunikaciy_premjer/;https://eventcatalog.ru/agency/event_agentstva/
2340;Премьер _;;+7(843) 248-68-98 / +7(843) 267-19-99;;;;;;;https://eventcatalog.ru/agency/premjer-4/;https://eventcatalog.ru/agency/event_agentstva/
2341;Премьер Тревел;;+7(925)517-92-29;;;;;;;https://eventcatalog.ru/agency/premjer_trevel/;https://eventcatalog.ru/agency/event_agentstva/
2342;Престиж;;+7(347) 292-01-10 / +7(347) 225-88-10;;;;;;;https://eventcatalog.ru/agency/prestizh/;https://eventcatalog.ru/agency/event_agentstva/
2343;Привилегия;;+7(495) 971-25-29 / +7(916) 532-63-17;;;;;;;https://eventcatalog.ru/agency/privilegiya/;https://eventcatalog.ru/agency/event_agentstva/
2344;Привилегия new;;+7(495) 971-25-29 / +7(916) 532-63-17;;;;;;;https://eventcatalog.ru/agency/privilegiya_new/;https://eventcatalog.ru/agency/event_agentstva/
2345;Примеро;;+7(495) 772-63-38 / +7(926) 901-89-21;;;;;;;https://eventcatalog.ru/agency/primero/;https://eventcatalog.ru/agency/event_agentstva/
2346;Про-линия;;+7(4852)37-01-86;;;;;;;https://eventcatalog.ru/agency/pro-liniya/;https://eventcatalog.ru/agency/event_agentstva/
2347;Продавец счастья;http://www.happyseller.ru;+7(4742)71-00-99 / +7(903)699-65-35;;;;;;;https://eventcatalog.ru/agency/prodavec_schastjya/;https://eventcatalog.ru/agency/event_agentstva/
2348;Продюсерская компания;;+7(499) 248-81-01;;;;;;;https://eventcatalog.ru/agency/prodyuserskaya_kompaniya/;https://eventcatalog.ru/agency/event_agentstva/
2349;Продюсерский центр;;+7(343) 268-99-66 / +7(922) 218-88-86;;;;;;;https://eventcatalog.ru/agency/prodyuserskiy_centr/;https://eventcatalog.ru/agency/event_agentstva/
2350;Продюсерский центр Игоря Сандлера;;+7(926) 204-19-53;;;;;;;https://eventcatalog.ru/agency/prodyuserskiy_centr_igorya_sandlera/;https://eventcatalog.ru/agency/event_agentstva/
2351;Продюсерский центр Эдуарда Соловьева;;+7(985) 766-98-96 / +7(910) 458-24-42;;;;;;;https://eventcatalog.ru/agency/prodyuserskiy_centr_eduarda_solovjeva/;https://eventcatalog.ru/agency/event_agentstva/
2352;Проект Show;;+7(903) 574-33-44 / +7(905) 533-17-01;;;;;;;https://eventcatalog.ru/agency/proekt_show/;https://eventcatalog.ru/agency/event_agentstva/
2353;Проект#1;;+7(846)989-13-18;;;;;;;https://eventcatalog.ru/agency/proekt_1/;https://eventcatalog.ru/agency/event_agentstva/
2354;Проект-Х;;+7(861)204-89-76;;;;;;;https://eventcatalog.ru/agency/proekt-h/;https://eventcatalog.ru/agency/event_agentstva/
2355;Проекта;;+7(495) 773-46-02;;;;;;;https://eventcatalog.ru/agency/proekta/;https://eventcatalog.ru/agency/event_agentstva/
2356;Проекты для вас;;+7(912)265-71-45;;;;;;;https://eventcatalog.ru/agency/proekty_dlya_vas/;https://eventcatalog.ru/agency/event_agentstva/
2357;Прожектор;;+7(4912)41-91-08;;;;;;;https://eventcatalog.ru/agency/prozhektor/;https://eventcatalog.ru/agency/event_agentstva/
2358;Прома;;+7(343) 350-00-73;;;;;;;https://eventcatalog.ru/agency/proma/;https://eventcatalog.ru/agency/event_agentstva/
2359;Промо Юнит;;+7(905)209-33-81;;;;;;;https://eventcatalog.ru/agency/promo_yunit/;https://eventcatalog.ru/agency/event_agentstva/
2360;Промо-команда;;+7(391)211-96-69;;;;;;;https://eventcatalog.ru/agency/promo-komanda/;https://eventcatalog.ru/agency/event_agentstva/
2361;Промострана;;+7(495)280-09-71 / +7(926)590-78-38;;;;;;;https://eventcatalog.ru/agency/promostrana/;https://eventcatalog.ru/agency/event_agentstva/
2362;Промоушн ДВ;;+7(914)538-66-01 / +7(914)550-02-01;;;;;;;https://eventcatalog.ru/agency/promoushn_dv/;https://eventcatalog.ru/agency/event_agentstva/
2363;ПромЭкспо;;+7(495) 921-35-07 / +7(495) 662-53-15;;;;;;;https://eventcatalog.ru/agency/promekspo/;https://eventcatalog.ru/agency/event_agentstva/
2364;Проспер;;+7(395) 294-12-51 / +7(395) 276-27-75;;;;;;;https://eventcatalog.ru/agency/prosper/;https://eventcatalog.ru/agency/event_agentstva/
2365;Просто;;+7(4212) 661-333 / +7(914) 182-87-84;;;;;;;https://eventcatalog.ru/agency/prosto/;https://eventcatalog.ru/agency/event_agentstva/
2366;Простые люди;;+7(906) 085-15-24 / +7(909) 903-70-70;;;;;;;https://eventcatalog.ru/agency/prostye_lyudi/;https://eventcatalog.ru/agency/event_agentstva/
2367;Пруфикс;;+7(499)350-01-94;;;;;;;https://eventcatalog.ru/agency/prufiks/;https://eventcatalog.ru/agency/event_agentstva/
2368;Прятки Event Studio;;+7(916)183-42-19;;;;;;;https://eventcatalog.ru/agency/pryatki_event_studio/;https://eventcatalog.ru/agency/event_agentstva/
2369;Птица в руке;;+7(495) 514-47-86 / +7(916) 665-75-92;;;;;;;https://eventcatalog.ru/agency/ptica_v_ruke/;https://eventcatalog.ru/agency/event_agentstva/
2370;Птички;;+7(903)710-14-98;;;;;;;https://eventcatalog.ru/agency/ptichki/;https://eventcatalog.ru/agency/event_agentstva/
2371;Пумба-Юмба;;+7(38096) 788-84-72;;;;;;;https://eventcatalog.ru/agency/pumba-yumba/;https://eventcatalog.ru/agency/event_agentstva/
2372;Пунш;;+7(056) 374-74-47 / +7(097) 961-65-99;;;;;;;https://eventcatalog.ru/agency/punsh/;https://eventcatalog.ru/agency/event_agentstva/
2373;Пунш!;;+7(097) 961-65-99;;;;;;;https://eventcatalog.ru/agency/punsh-1/;https://eventcatalog.ru/agency/event_agentstva/
2374;Путешествие в Средневековье;;+7(032) 225-83-79 / +7(097) 701-50-51;;;;;;;https://eventcatalog.ru/agency/puteshestvie_v_srednevekovje/;https://eventcatalog.ru/agency/event_agentstva/
2375;ПЦ Премьер;;+7(343) 222-02-32 / +7(343) 264-83-69;;;;;;;https://eventcatalog.ru/agency/pc_premjer/;https://eventcatalog.ru/agency/event_agentstva/
2376;Пэйнтлэнд Парк;;+7(495) 926-81-11 / +7(495) 741-20-88;;;;;;;https://eventcatalog.ru/agency/peyntlend_park/;https://eventcatalog.ru/agency/event_agentstva/
2377;Пять Звезд;;+7(495)744-11-50;;;;;;;https://eventcatalog.ru/agency/pyatj_zvezd/;https://eventcatalog.ru/agency/event_agentstva/
2378;Рehome;;+7(812) 947-70-19;;;;;;;https://eventcatalog.ru/agency/rehome/;https://eventcatalog.ru/agency/event_agentstva/
2379;РА Zoom;;+7(495) 981-48-38;;;;;;;https://eventcatalog.ru/agency/ra_zoom/;https://eventcatalog.ru/agency/event_agentstva/
2380;Радуга;;+7(351) 255-57-17 / +7(922) 697-81-88;;;;;;;https://eventcatalog.ru/agency/raduga/;https://eventcatalog.ru/agency/event_agentstva/
2381;Радуга _;;+7(916) 160-44-60 / +7(496) 644-49-28;;;;;;;https://eventcatalog.ru/agency/raduga-1/;https://eventcatalog.ru/agency/event_agentstva/
2382;Радуга Eventa;;+7(495) 507 56 99 / +7(495) 544-78-89;;;;;;;https://eventcatalog.ru/agency/raduga_eventa/;https://eventcatalog.ru/agency/event_agentstva/
2383;Радуга Желаний;;+7(3952)93-23-22 / +7(904)155-98-87;;;;;;;https://eventcatalog.ru/agency/raduga_zhelaniy/;https://eventcatalog.ru/agency/event_agentstva/
2384;Развеселим;;+7(985) 255-25-59 / +7(915) 255-25-59;;;;;;;https://eventcatalog.ru/agency/razveselim/;https://eventcatalog.ru/agency/event_agentstva/
2385;Разгуляй;;+7(495) 768-20-53 / +7(905) 568-33-05;;;;;;;https://eventcatalog.ru/agency/razgulyay/;https://eventcatalog.ru/agency/event_agentstva/
2386;Распутин;;+7(383) 269-28-45 / +7(923) 108-80-13;;;;;;;https://eventcatalog.ru/agency/rasputin/;https://eventcatalog.ru/agency/event_agentstva/
2387;Ратоборцы;;+7(495) 589-54-41 / +7(903) 220-62-00;;;;;;;https://eventcatalog.ru/agency/ratoborcy/;https://eventcatalog.ru/agency/event_agentstva/
2388;Реинфо;;+7(862)262-20-42;;;;;;;https://eventcatalog.ru/agency/reinfo/;https://eventcatalog.ru/agency/event_agentstva/
2389;Рейтинг;;+7(831)419-53-24 / +7(831)419-77-20;;;;;;;https://eventcatalog.ru/agency/reyting/;https://eventcatalog.ru/agency/event_agentstva/
2390;Рекламафф;;+7(495) 998-17-03 / +7(916) 814-25-67;;;;;;;https://eventcatalog.ru/agency/reklamaff/;https://eventcatalog.ru/agency/event_agentstva/
2391;Рекламная группа Мы;;+7(911) 457-74-92 / +7(401) 221-32-03;;;;;;;https://eventcatalog.ru/agency/reklamnaya_gruppa_my/;https://eventcatalog.ru/agency/event_agentstva/
2392;Респектив;;+7(487) 238-41-52;;;;;;;https://eventcatalog.ru/agency/respektiv/;https://eventcatalog.ru/agency/event_agentstva/
2393;РЕСТ;;+7(924)210-17-00 / +7(4212)61-12-03;;;;;;;https://eventcatalog.ru/agency/rest/;https://eventcatalog.ru/agency/event_agentstva/
2394;РиМ;;+7(495) 258-47-57 / +7(906) 729-23-11;;;;;;;https://eventcatalog.ru/agency/rim/;https://eventcatalog.ru/agency/event_agentstva/
2395;Риц-Медиа;;+7(342) 294-32-73;;;;;;;https://eventcatalog.ru/agency/ric-media/;https://eventcatalog.ru/agency/event_agentstva/
2396;Родные Просторы;;+7(495) 784-92-00 / +7(495) 643-89-12;;;;;;;https://eventcatalog.ru/agency/rodnye_prostory/;https://eventcatalog.ru/agency/event_agentstva/
2397;Розовый слон;;+7(906)058-27-64 / +7(916)567-59-07;;;;;;;https://eventcatalog.ru/agency/rozovyy_slon/;https://eventcatalog.ru/agency/event_agentstva/
2398;Роксбери Клуб;;+7(901) 523-89-40;;;;;;;https://eventcatalog.ru/agency/roksberi_klub/;https://eventcatalog.ru/agency/event_agentstva/
2399;Росарт групп;;+7(499) 978-11-34;;;;;;;https://eventcatalog.ru/agency/rosart_grupp/;https://eventcatalog.ru/agency/event_agentstva/
2400;РосИвент;;+7(963)755-10-55 / +7(925)003-76-71;;;;;;;https://eventcatalog.ru/agency/rosivent/;https://eventcatalog.ru/agency/event_agentstva/
2401;РосКомПраздник;;+7(863) 255-99-59;;;;;;;https://eventcatalog.ru/agency/roskomprazdnik/;https://eventcatalog.ru/agency/event_agentstva/
2402;Росмедиа;;+7(495)778-10-09;;;;;;;https://eventcatalog.ru/agency/rosmedia/;https://eventcatalog.ru/agency/event_agentstva/
2403;Российская Компания Событий;;+7(951) 592-79-05;;;;;;;https://eventcatalog.ru/agency/rossiyskaya_kompaniya_sobytiy/;https://eventcatalog.ru/agency/event_agentstva/
2404;Рука и сердце;;+7(499)343-71-34;;;;;;;https://eventcatalog.ru/agency/ruka_i_serdce/;https://eventcatalog.ru/agency/event_agentstva/
2405;Русская Ивенторская Компания;;+7(915) 417-77-41 / +7(915) 410-00-41;;;;;;;https://eventcatalog.ru/agency/russkaya_iventorskaya_kompaniya/;https://eventcatalog.ru/agency/event_agentstva/
2406;Русские Забавы;;+7(964)579-59-59;;;;;;;https://eventcatalog.ru/agency/russkie_zabavy/;https://eventcatalog.ru/agency/event_agentstva/
2407;Русский Ивент;;+7(812) 921-26-00 / +7(906) 243-80-00;;;;;;;https://eventcatalog.ru/agency/russkiy_ivent/;https://eventcatalog.ru/agency/event_agentstva/
2408;Русский праздник;;+7(911)248-71-98 / +7(911)931-20-42;;;;;;;https://eventcatalog.ru/agency/russkiy_prazdnik/;https://eventcatalog.ru/agency/event_agentstva/
2409;Русский стиль;;+7(903) 736-34-45;;;;;;;https://eventcatalog.ru/agency/russkiy_stilj/;https://eventcatalog.ru/agency/event_agentstva/
2410;Рыжая ворона;;+7(950) 476-47-47 / +7(902) 833-56-22;;;;;;;https://eventcatalog.ru/agency/ryzhaya_vorona/;https://eventcatalog.ru/agency/event_agentstva/
2411;Рыжий Апельсин;;+7(926)753-57-67 / +7(916)345-03-08;;;;;;;https://eventcatalog.ru/agency/ryzhiy_apeljsin/;https://eventcatalog.ru/agency/event_agentstva/
2412;Саид Афра;;+7(965) 305-28-35 / +7(926) 013-73-85;;;;;;;https://eventcatalog.ru/agency/said_afra/;https://eventcatalog.ru/agency/event_agentstva/
2413;Саймон;;+7(914) 497-72-20;;;;;;;https://eventcatalog.ru/agency/saymon/;https://eventcatalog.ru/agency/event_agentstva/
2414;Салон изящных поздравлений Лидии Бушуевой;;+7(926) 071-85-57;;;;;;;https://eventcatalog.ru/agency/salon_izyawnyh_pozdravleniy_lidii_bushuevoy/;https://eventcatalog.ru/agency/event_agentstva/
2415;Сам;;+7(495)226-88-55 / +7(919)777-02-92;;;;;;;https://eventcatalog.ru/agency/sam/;https://eventcatalog.ru/agency/event_agentstva/
2416;Сара;;+7(495)776-32-27 / +7(985)776-32-27;;;;;;;https://eventcatalog.ru/agency/sara/;https://eventcatalog.ru/agency/event_agentstva/
2417;Сачковский Хаус;;+7(891) 275-99-55;;;;;;;https://eventcatalog.ru/agency/sachkovskiy_haus/;https://eventcatalog.ru/agency/event_agentstva/
2418;СВ-Арт;;+7(903)432-80-72 / +7(918)591-09-57;;;;;;;https://eventcatalog.ru/agency/sv-art/;https://eventcatalog.ru/agency/event_agentstva/
2419;Свабный Гуру;;+7(499)394-37-38;;;;;;;https://eventcatalog.ru/agency/svabnyy_guru/;https://eventcatalog.ru/agency/event_agentstva/
2420;Свадебное агентство Гарика Шаповалова;;+7(499)755-81-36;;;;;;;https://eventcatalog.ru/agency/svadebnoe_agentstvo_garika_shapovalova/;https://eventcatalog.ru/agency/event_agentstva/
2421;Свадебное агентство Ксении Молокановой;;+7(977)885-50-53;;;;;;;https://eventcatalog.ru/agency/svadebnoe_agentstvo_ksenii_molokanovoy/;https://eventcatalog.ru/agency/event_agentstva/
2422;Свадебные Инженеры;;+7(911)212-83-75 / +7(904)513-17-73;;;;;;;https://eventcatalog.ru/agency/svadebnye_inzhenery/;https://eventcatalog.ru/agency/event_agentstva/
2423;Свадьба TV;;+7(918) 463-55-90;;;;;;;https://eventcatalog.ru/agency/svadjba_tv/;https://eventcatalog.ru/agency/event_agentstva/
2424;Свадьба Мечты;;+7(909) 974-74-40;;;;;;;https://eventcatalog.ru/agency/svadjba_mechty/;https://eventcatalog.ru/agency/event_agentstva/
2425;Свадьба Петербург;;+7(911)925-47-22;;;;;;;https://eventcatalog.ru/agency/svadjba_peterburg/;https://eventcatalog.ru/agency/event_agentstva/
2426;Свадьбы ручной работы;;+7(495) 227-35-37;;;;;;;https://eventcatalog.ru/agency/svadjby_ruchnoy_raboty/;https://eventcatalog.ru/agency/event_agentstva/
2427;Сверхновая;;+7(831) 413-79-17;;;;;;;https://eventcatalog.ru/agency/sverhnovaya/;https://eventcatalog.ru/agency/event_agentstva/
2428;Светлые Головы;;+7(922) 728-40-24 / +7(952) 728-76-28;;;;;;;https://eventcatalog.ru/agency/svetlye_golovy-1/;https://eventcatalog.ru/agency/event_agentstva/
2429;Светлые головы;;+7(922) 728-40-24 / +7(952) 728-76-28;;;;;;;https://eventcatalog.ru/agency/svetlye_golovy/;https://eventcatalog.ru/agency/event_agentstva/
2430;Светский;;+7(937)282-37-82;;;;;;;https://eventcatalog.ru/agency/svetskiy/;https://eventcatalog.ru/agency/event_agentstva/
2431;Светский раут;;+7(499) 408-25-16;;;;;;;https://eventcatalog.ru/agency/svetskiy_raut/;https://eventcatalog.ru/agency/event_agentstva/
2432;Свои люди;;+7(343)288-26-42;;;;;;;https://eventcatalog.ru/agency/svoi_lyudi/;https://eventcatalog.ru/agency/event_agentstva/
2433;Свои Люди Сочи;;+7(985)417-65-54 / +7(862)233-25-30;;;;;;;https://eventcatalog.ru/agency/svoi_lyudi_sochi/;https://eventcatalog.ru/agency/event_agentstva/
2434;Своя История;;+7(961)631-00-31;;;;;;;https://eventcatalog.ru/agency/svoya_istoriya/;https://eventcatalog.ru/agency/event_agentstva/
2435;Свыше;;+7(812)715-27-67;;;;;;;https://eventcatalog.ru/agency/svyshe/;https://eventcatalog.ru/agency/event_agentstva/
2436;Связи;;+7(495)198-91-89;;;;;;;https://eventcatalog.ru/agency/svyazi/;https://eventcatalog.ru/agency/event_agentstva/
2437;Северная Пальмира;;+7(812) 449-01-59 / +7(812) 448-36-27;;;;;;;https://eventcatalog.ru/agency/severnaya_paljmira/;https://eventcatalog.ru/agency/event_agentstva/
2438;Северное сияние;;+7(343) 222-00-55 / +7(343) 222-00-99;;;;;;;https://eventcatalog.ru/agency/severnoe_siyanie/;https://eventcatalog.ru/agency/event_agentstva/
2439;Седора;;+7(495)778-95-53;;;;;;;https://eventcatalog.ru/agency/sedora/;https://eventcatalog.ru/agency/event_agentstva/
2440;Секрет успеха;;+7(495) 364-10-20 / +7(915) 190-23-84;;;;;;;https://eventcatalog.ru/agency/sekret_uspeha/;https://eventcatalog.ru/agency/event_agentstva/
2441;Сектор;;+7(495) 695-69-25 / +7(495) 691-71-21;;;;;;;https://eventcatalog.ru/agency/sektor/;https://eventcatalog.ru/agency/event_agentstva/
2442;Семицветик;;+7(903)277-72-03;;;;;;;https://eventcatalog.ru/agency/semicvetik/;https://eventcatalog.ru/agency/event_agentstva/
2443;Сервис Событий С4;;+7(495)544-51-33;;;;;;;https://eventcatalog.ru/agency/servis_sobytiy_s4/;https://eventcatalog.ru/agency/event_agentstva/
2444;Серж и Барбара;;+7(861)292-01-14;;;;;;;https://eventcatalog.ru/agency/serzh_i_barbara/;https://eventcatalog.ru/agency/event_agentstva/
2445;Серпантин;;+7(831) 413-87-67 / +7(951) 909-39-09;;;;;;;https://eventcatalog.ru/agency/serpantin/;https://eventcatalog.ru/agency/event_agentstva/
2446;Сильная Реклама;;+7(865) 251-07-07 / +7(865) 250-07-07;;;;;;;https://eventcatalog.ru/agency/siljnaya_reklama/;https://eventcatalog.ru/agency/event_agentstva/
2447;Сити Квест;;+7(050) 333-69-27 / +7(044) 223-13-01;;;;;;;https://eventcatalog.ru/agency/siti_kvest/;https://eventcatalog.ru/agency/event_agentstva/
2448;СитиШоу;;+7(351)731-70-51 / +7(904)800-87-94;;;;;;;https://eventcatalog.ru/agency/sitishou/;https://eventcatalog.ru/agency/event_agentstva/
2449;Скажена Котяка;;+7(044) 222-86-80 / +7(067) 353-66-55;;;;;;;https://eventcatalog.ru/agency/skazhena_kotyaka/;https://eventcatalog.ru/agency/event_agentstva/
2450;Сказка в гости;;+7(910)407-28-99;;;;;;;https://eventcatalog.ru/agency/skazka_v_gosti/;https://eventcatalog.ru/agency/event_agentstva/
2451;Сказочный город;;+7(916)991-00-25;;;;;;;https://eventcatalog.ru/agency/skazochnyy_gorod/;https://eventcatalog.ru/agency/event_agentstva/
2452;Сказочный праздник;;+7(916)798-18-30 / +7(968)704-77-49;;;;;;;https://eventcatalog.ru/agency/skazochnyy_prazdnik/;https://eventcatalog.ru/agency/event_agentstva/
2453;Слон;;+7(904) 641-92-02 / +7(812) 716-23-67;;;;;;;https://eventcatalog.ru/agency/slon/;https://eventcatalog.ru/agency/event_agentstva/
2454;Слоновая кость;;+7(812)982-00-42;;;;;;;https://eventcatalog.ru/agency/slonovaya_kostj/;https://eventcatalog.ru/agency/event_agentstva/
2455;Смайл;;+7(925)800-83-42;;;;;;;https://eventcatalog.ru/agency/smayl/;https://eventcatalog.ru/agency/event_agentstva/
2456;Смайлик;;+380(96)955-07-17 / +380(63)614-10-36;;;;;;;https://eventcatalog.ru/agency/smaylik/;https://eventcatalog.ru/agency/event_agentstva/
2457;Смешарики;;+7(926) 009-24-77 / +7(916) 783-81-02;;;;;;;https://eventcatalog.ru/agency/smeshariki/;https://eventcatalog.ru/agency/event_agentstva/
2458;Смешинки;;+7(380) 443-60-10;;;;;;;https://eventcatalog.ru/agency/smeshinki/;https://eventcatalog.ru/agency/event_agentstva/
2459;Событие;;+7(812) 622-05-30 / +7(906) 252-66-20;;;;;;;https://eventcatalog.ru/agency/sobytie/;https://eventcatalog.ru/agency/event_agentstva/
2460;Событие _;;+7(4212) 60-26-06 / +7 (962) 2 202 606;;;;;;;https://eventcatalog.ru/agency/sobytie-2/;https://eventcatalog.ru/agency/event_agentstva/
2461;Событие __;;+7(843) 240-26-02;;;;;;;https://eventcatalog.ru/agency/sobytie-3/;https://eventcatalog.ru/agency/event_agentstva/
2462;СОВА;;+7(926)338-49-33;;;;;;;https://eventcatalog.ru/agency/sova/;https://eventcatalog.ru/agency/event_agentstva/
2463;Содействие;;+7(495) 504-25-17;;;;;;;https://eventcatalog.ru/agency/sodeystvie/;https://eventcatalog.ru/agency/event_agentstva/
2464;Содружество московских музыкантов;;+7(495) 180-21-48 / +7(495) 647-99-34;;;;;;;https://eventcatalog.ru/agency/sodruzhestvo_moskovskih_muzykantov/;https://eventcatalog.ru/agency/event_agentstva/
2465;Созвездие АРТ;;+7(905) 757-91-22;;;;;;;https://eventcatalog.ru/agency/sozvezdie_art/;https://eventcatalog.ru/agency/event_agentstva/
2466;Солдатовы-свадьбы;;+7(908)286-22-23 / +7(910)717-06-20;;;;;;;https://eventcatalog.ru/agency/soldatovy-svadjby/;https://eventcatalog.ru/agency/event_agentstva/
2467;Солнечный круг;;+7(38067) 624-29-4;;;;;;;https://eventcatalog.ru/agency/solnechnyy_krug/;https://eventcatalog.ru/agency/event_agentstva/
2468;Солнечный Смех;;+7(916) 161-80-22 / +7(965) 288-77-28;;;;;;;https://eventcatalog.ru/agency/solnechnyy_smeh/;https://eventcatalog.ru/agency/event_agentstva/
2469;Сочи Арт;;+7(918) 400-87-11;;;;;;;https://eventcatalog.ru/agency/sochi_art/;https://eventcatalog.ru/agency/event_agentstva/
2470;Сочи-Адлер;;+7(988)503-77-46;;;;;;;https://eventcatalog.ru/agency/sochi-adler/;https://eventcatalog.ru/agency/event_agentstva/
2471;Сочинение;;+7(918)404-09-26 / +7(965)475-49-58;;;;;;;https://eventcatalog.ru/agency/sochinenie/;https://eventcatalog.ru/agency/event_agentstva/
2472;СПОРТ В ТЕБЕ;;+7(495)662-96-13;;;;;;;https://eventcatalog.ru/agency/sport_v_tebe/;https://eventcatalog.ru/agency/event_agentstva/
2473;Способный;;+7(985)786-01-45;;;;;;;https://eventcatalog.ru/agency/sposobnyy/;https://eventcatalog.ru/agency/event_agentstva/
2474;Стандарту.нет;;+7(902)482-78-54 / +7(902)483-81-21;;;;;;;https://eventcatalog.ru/agency/standartu_net/;https://eventcatalog.ru/agency/event_agentstva/
2475;СтандартФарма;;+7(861) 945-55-45 / +7(861) 243-18-66;;;;;;;https://eventcatalog.ru/agency/standartfarma/;https://eventcatalog.ru/agency/event_agentstva/
2476;СтарСити;;+7(383)375-59-50;;;;;;;https://eventcatalog.ru/agency/starsiti/;https://eventcatalog.ru/agency/event_agentstva/
2477;Статус Лаб;;+7(495)111-11-11;;;;;;;https://eventcatalog.ru/agency/status_lab/;https://eventcatalog.ru/agency/event_agentstva/
2478;Стильный каприз;;+7(343) 290-96-19 / +7(909) 00-11-919;;;;;;;https://eventcatalog.ru/agency/stiljnyy_kapriz/;https://eventcatalog.ru/agency/event_agentstva/
2479;СТО Конгресс;;+7(495)646-01-55;;;;;;;https://eventcatalog.ru/agency/sto_kongress/;https://eventcatalog.ru/agency/event_agentstva/
2480;Столичная фабрика праздника;;+7(903) 228-00-45 / +7(926) 422-70-17;;;;;;;https://eventcatalog.ru/agency/stolichnaya_fabrika_prazdnika/;https://eventcatalog.ru/agency/event_agentstva/
2481;Страна OZ;;+7(912) 444-77-07 / +7(912) 856-88-55;;;;;;;https://eventcatalog.ru/agency/strana_oz/;https://eventcatalog.ru/agency/event_agentstva/
2482;Студия праздника Fiesta;;+7(495)789-26-04 / +7(916)453-49-23;;;;;;;https://eventcatalog.ru/agency/studiya_prazdnika_fiesta/;https://eventcatalog.ru/agency/event_agentstva/
2483;Студия Праздника Елены Фаенок;;+7(904) 308-52-92 / +7(351) 238-32-88;;;;;;;https://eventcatalog.ru/agency/studiya_prazdnika_eleny_faenok/;https://eventcatalog.ru/agency/event_agentstva/
2484;Студия Праздников;;+7(926) 614-29-90;;;;;;;https://eventcatalog.ru/agency/studiya_prazdnikov/;https://eventcatalog.ru/agency/event_agentstva/
2485;Студия РТ+;;+7(495) 682-47-72 / +7(495) 686-07-83;;;;;;;https://eventcatalog.ru/agency/studiya_rt/;https://eventcatalog.ru/agency/event_agentstva/
2486;Студия Сюрприз;;+7(831)422-81-04 / +7(831)422-81-05;;;;;;;https://eventcatalog.ru/agency/studiya_syurpriz/;https://eventcatalog.ru/agency/event_agentstva/
2487;Студия Труфальдино;;+7(495) 931-90-02;;;;;;;https://eventcatalog.ru/agency/studiya_trufaljdino/;https://eventcatalog.ru/agency/event_agentstva/
2488;Студия хорошего настроения;;+7(495) 518-57-90 / +7(495) 597-23-24;;;;;;;https://eventcatalog.ru/agency/studiya_horoshego_nastroeniya/;https://eventcatalog.ru/agency/event_agentstva/
2489;Сфера влияния;;+7(812) 332-97-60;;;;;;;https://eventcatalog.ru/agency/sfera_vliyaniya/;https://eventcatalog.ru/agency/event_agentstva/
2490;Сцена. Арт-агентство.;;+7(495) 638-08-87 / +7(926) 523-19-68;;;;;;;https://eventcatalog.ru/agency/scena_art-agentstvo/;https://eventcatalog.ru/agency/event_agentstva/
2491;Счастливы вместе;;+7(938) 104-34-77 / +7(928) 177-87-99;;;;;;;https://eventcatalog.ru/agency/schastlivy_vmeste/;https://eventcatalog.ru/agency/event_agentstva/
2492;Счастливый Слон;;+7(914)899-29-97 / +7(902)171-92-61;;;;;;;https://eventcatalog.ru/agency/schastlivyy_slon/;https://eventcatalog.ru/agency/event_agentstva/
2493;Счастье;;+7(926)102-15-14;;;;;;;https://eventcatalog.ru/agency/schastje/;https://eventcatalog.ru/agency/event_agentstva/
2494;Т.Е.М.А.;;+7(926)520-61-40;;;;;;;https://eventcatalog.ru/agency/t_e_m_a/;https://eventcatalog.ru/agency/event_agentstva/
2495;Тангаж;;+7(499) 734-05-71 / +7(495) 772-21-76;;;;;;;https://eventcatalog.ru/agency/tangazh/;https://eventcatalog.ru/agency/event_agentstva/
2496;Тандем;;+7(343)379-58-77 / +7(912)293-38-87;;;;;;;https://eventcatalog.ru/agency/tandem/;https://eventcatalog.ru/agency/event_agentstva/
2497;Тандем Краснодар;;+7(918)435-92-96 / +7(928)272-77-96;;;;;;;https://eventcatalog.ru/agency/tandem_krasnodar/;https://eventcatalog.ru/agency/event_agentstva/
2498;Танец Цветов;;+7(962)950-13-87 / +7(916)113-18-52;;;;;;;https://eventcatalog.ru/agency/tanec_cvetov/;https://eventcatalog.ru/agency/event_agentstva/
2499;Танцующий Город;;+7(499) 390-93-63 / +7(903) 613-25-11;;;;;;;https://eventcatalog.ru/agency/tancuyuwiy_gorod/;https://eventcatalog.ru/agency/event_agentstva/
2500;Творческая группа Люди Добрые;;+7(988)248-22-00;;;;;;;https://eventcatalog.ru/agency/tvorcheskaya_gruppa_lyudi_dobrye/;https://eventcatalog.ru/agency/event_agentstva/
2501;Творческая лаборатория Е5;;+7(918)330-43-43 / +5__-_____;;;;;;;https://eventcatalog.ru/agency/tvorcheskaya_laboratoriya_e5/;https://eventcatalog.ru/agency/event_agentstva/
2502;Творческая студия Оксаны Юровских;;+7(343) 213-14-20 / +7(343) 287-06-24;;;;;;;https://eventcatalog.ru/agency/tvorcheskaya_studiya_oksany_yurovskih/;https://eventcatalog.ru/agency/event_agentstva/
2503;Театр Праздника;;+7(916)869-48-97 / +7(926)127-53-39;;;;;;;https://eventcatalog.ru/agency/teatr_prazdnika/;https://eventcatalog.ru/agency/event_agentstva/
2504;Театр Праздников;;+7(495)778-33-33 / +7(495)950-55-41;;;;;;;https://eventcatalog.ru/agency/teatr_prazdnikov/;https://eventcatalog.ru/agency/event_agentstva/
2505;Театромания;;+7(495)105-97-12;;;;;;;https://eventcatalog.ru/agency/teatromaniya/;https://eventcatalog.ru/agency/event_agentstva/
2506;Тема;;+7(904)288-19-90;;;;;;;https://eventcatalog.ru/agency/tema/;https://eventcatalog.ru/agency/event_agentstva/
2507;Тень Чехова;;+7(917)246-53-05 / +7(987)274-91-32;;;;;;;https://eventcatalog.ru/agency/tenj_chehova/;https://eventcatalog.ru/agency/event_agentstva/
2508;Тера Эвент;;+7(495) 749-04-98 / +7(910) 606-02-23;;;;;;;https://eventcatalog.ru/agency/tera_event/;https://eventcatalog.ru/agency/event_agentstva/
2509;Терем-праздник;;+7(812)380-93-23 / +7(812)951-48-18;;;;;;;https://eventcatalog.ru/agency/terem-prazdnik/;https://eventcatalog.ru/agency/event_agentstva/
2510;ТЕС;;+7(911) 151-01-07 / +7(911) 845-97-92;;;;;;;https://eventcatalog.ru/agency/tes/;https://eventcatalog.ru/agency/event_agentstva/
2511;Технология игр;;+7(495) 225 44 23;;;;;;;https://eventcatalog.ru/agency/tehnologiya_igr/;https://eventcatalog.ru/agency/event_agentstva/
2512;Тим Билдинг Клуб;;+7(812)361-56-55 / +7(812)703-80-58;;;;;;;https://eventcatalog.ru/agency/tim_bilding_klub/;https://eventcatalog.ru/agency/event_agentstva/
2513;Тимлайнер;;+7(495) 720-97-77 / +7(903) 210-12-12;;;;;;;https://eventcatalog.ru/agency/timlayner/;https://eventcatalog.ru/agency/event_agentstva/
2514;Титан;;+7(926) 204-07-88;;;;;;;https://eventcatalog.ru/agency/titan-1/;https://eventcatalog.ru/agency/event_agentstva/
2515;ТО КГБ;;+7(495)799-59-95 / +7(926)364-82-22;;;;;;;https://eventcatalog.ru/agency/to_kgb/;https://eventcatalog.ru/agency/event_agentstva/
2516;То что надо;;+7(495) 943-61-71;;;;;;;https://eventcatalog.ru/agency/to_chto_nado/;https://eventcatalog.ru/agency/event_agentstva/
2517;ТОК;;+7(963)778-67-77;;;;;;;https://eventcatalog.ru/agency/tok/;https://eventcatalog.ru/agency/event_agentstva/
2518;Тоника;;+7(812) 677-06-49 / +7(812) 677-06-39;;;;;;;https://eventcatalog.ru/agency/tonika/;https://eventcatalog.ru/agency/event_agentstva/
2519;Топотун;;+7(905) 708-44-29;;;;;;;https://eventcatalog.ru/agency/topotun/;https://eventcatalog.ru/agency/event_agentstva/
2520;Торжество;;+7(495) 778-90-86 / +7(901) 578-90-86;;;;;;;https://eventcatalog.ru/agency/torzhestvo/;https://eventcatalog.ru/agency/event_agentstva/
2521;Торжество DeLuxe;;+7(908)634-01-65;;;;;;;https://eventcatalog.ru/agency/torzhestvo_deluxe/;https://eventcatalog.ru/agency/event_agentstva/
2522;Точка;;+7(921)634-43-36 / +7(921)183-66-05;;;;;;;https://eventcatalog.ru/agency/tochka/;https://eventcatalog.ru/agency/event_agentstva/
2523;Три Человека;;+7(963) 999-07-07;;;;;;;https://eventcatalog.ru/agency/tri_cheloveka/;https://eventcatalog.ru/agency/event_agentstva/
2524;Триплан;;+7(495)605-26-73 / +7(916)659-68-45;;;;;;;https://eventcatalog.ru/agency/triplan/;https://eventcatalog.ru/agency/event_agentstva/
2525;Тритон;;+7(495) 665-76-56 / +7(915) 422-78-89;;;;;;;https://eventcatalog.ru/agency/triton/;https://eventcatalog.ru/agency/event_agentstva/
2526;Триумф;;+7(495) 225-95-77;;;;;;;https://eventcatalog.ru/agency/triumf/;https://eventcatalog.ru/agency/event_agentstva/
2527;Триумф. Статусные мероприятия;;+7(343) 380-02-19 / +7(343) 219-53-53;;;;;;;https://eventcatalog.ru/agency/triumf_statusnye_meropriyatiya/;https://eventcatalog.ru/agency/event_agentstva/
2528;Триэль;;+7(909) 957-57-76;;;;;;;https://eventcatalog.ru/agency/trielj/;https://eventcatalog.ru/agency/event_agentstva/
2529;Трудоголики;http://www.tbtl.ru;+7(343)213-73-39;;;;;;;https://eventcatalog.ru/agency/trudogoliki/;https://eventcatalog.ru/agency/event_agentstva/
2530;Труффальдино;;+7(495) 220-05-37;;;;;;;https://eventcatalog.ru/agency/truffaljdino/;https://eventcatalog.ru/agency/event_agentstva/
2531;Туса на 5+;;+7(915) 553-75-55 / +7(915) 553-23-45;;;;;;;https://eventcatalog.ru/agency/tusa_na_5/;https://eventcatalog.ru/agency/event_agentstva/
2532;Улыбака;;+7(923)730-01-93 / +7(952)912-39-88;;;;;;;https://eventcatalog.ru/agency/ulybaka/;https://eventcatalog.ru/agency/event_agentstva/
2533;Улыбка;;+7(495) 746-79-75 / +7(495) 953-37-98;;;;;;;https://eventcatalog.ru/agency/ulybka/;https://eventcatalog.ru/agency/event_agentstva/
2534;Ульянов;;+7(38056) 401-51-5;;;;;;;https://eventcatalog.ru/agency/uljyanov/;https://eventcatalog.ru/agency/event_agentstva/
2535;Умный праздник;;+7(499)391-06-14 / +7(925)391-06-14;;;;;;;https://eventcatalog.ru/agency/umnyy_prazdnik/;https://eventcatalog.ru/agency/event_agentstva/
2536;Ура;;+7(383)223-34-54 / +7(923)123-10-03;;;;;;;https://eventcatalog.ru/agency/agentstvo_sobytiy_ura/;https://eventcatalog.ru/agency/event_agentstva/
2537;Урафабрик;;+7(391) 274-61-06 / +7(391) 240-07-09;;;;;;;https://eventcatalog.ru/agency/urafabrik/;https://eventcatalog.ru/agency/event_agentstva/
2538;Успех;;+7(495) 772-97-25 / +7(910) 426-66-58;;;;;;;https://eventcatalog.ru/agency/uspeh/;https://eventcatalog.ru/agency/event_agentstva/
2539;Устинова Екатерина;;+7(926) 781-46-68 / +7(926) 178-99-63;;;;;;;https://eventcatalog.ru/agency/ustinova_ekaterina/;https://eventcatalog.ru/agency/event_agentstva/
2540;Устроим Праздник;;+7(391) 272-48-20;;;;;;;https://eventcatalog.ru/agency/ustroim_prazdnik/;https://eventcatalog.ru/agency/event_agentstva/
2541;УчКом.рф;;+7(495) 643-55-76;;;;;;;https://eventcatalog.ru/agency/uchkom_rf/;https://eventcatalog.ru/agency/event_agentstva/
2542;Фабрика грёз;;+7(926)526-38-20;;;;;;;https://eventcatalog.ru/agency/fabrika_grez/;https://eventcatalog.ru/agency/event_agentstva/
2543;Фабрика Детских Праздников;;+7(812)935-57-26 / +7(931)310-79-07;;;;;;;https://eventcatalog.ru/agency/fabrika_detskih_prazdnikov/;https://eventcatalog.ru/agency/event_agentstva/
2544;Фабрика Настроений;;+7(919) 644-66-33 / +7(843) 296-63-22;;;;;;;https://eventcatalog.ru/agency/fabrika_nastroeniy/;https://eventcatalog.ru/agency/event_agentstva/
2545;Фабрика настроения;;+7(351) 230-86-69;;;;;;;https://eventcatalog.ru/agency/fabrika_nastroeniya/;https://eventcatalog.ru/agency/event_agentstva/
2546;Фабрика Праздника;;+7(922)614-39-80 / +7(343)213-88-86;;;;;;;https://eventcatalog.ru/agency/fabrika_prazdnika/;https://eventcatalog.ru/agency/event_agentstva/
2547;Фабрика развлечений;;+7(4942)36-04-04 / +7(4942)50-06-23;;;;;;;https://eventcatalog.ru/agency/fabrika_razvlecheniy/;https://eventcatalog.ru/agency/event_agentstva/
2548;Фабрика Событий;;+7(495)212-06-56 / +7(905)526-77-59;;;;;;;https://eventcatalog.ru/agency/fabrika_sobytiy/;https://eventcatalog.ru/agency/event_agentstva/
2549;Фан-Клоунс;;+7(916) 591-79-32;;;;;;;https://eventcatalog.ru/agency/fan-klouns/;https://eventcatalog.ru/agency/event_agentstva/
2550;Фан-Тайм;;+7(495) 978-78-57 / +7(967) 159-11-54;;;;;;;https://eventcatalog.ru/agency/fan-taym/;https://eventcatalog.ru/agency/event_agentstva/
2551;ФанКомпот;;+7(499) 202-06-61 / +7(916) 591-79-32;;;;;;;https://eventcatalog.ru/agency/fankompot/;https://eventcatalog.ru/agency/event_agentstva/
2552;Фантазия;;+7(383) 216-01-66 / +7(383) 292-58-57;;;;;;;https://eventcatalog.ru/agency/fantaziya/;https://eventcatalog.ru/agency/event_agentstva/
2553;Федерация;;+7(495) 226-48-52;;;;;;;https://eventcatalog.ru/agency/federaciya/;https://eventcatalog.ru/agency/event_agentstva/
2554;Феерия;;+7(903) 350-79-09 / +7(917) 488-28-01;;;;;;;https://eventcatalog.ru/agency/feeriya/;https://eventcatalog.ru/agency/event_agentstva/
2555;Фейерверк;;+7(499) 390-10-05 / +7(499) 390-10-55;;;;;;;https://eventcatalog.ru/agency/feyerverk/;https://eventcatalog.ru/agency/event_agentstva/
2556;Фейерверк Волшебства;;+7(495) 743-99-70 / +7(916) 698-94-72;;;;;;;https://eventcatalog.ru/agency/feyerverk_volshebstva/;https://eventcatalog.ru/agency/event_agentstva/
2557;Фестиваль;;+78 903-120-78-75 / +7(809) 684-69-54;;;;;;;https://eventcatalog.ru/agency/festivalj/;https://eventcatalog.ru/agency/event_agentstva/
2558;Фестиваль-Парк;;+7(495) 645-76-73 / +7(926) 030-76-73;;;;;;;https://eventcatalog.ru/agency/festivalj-park/;https://eventcatalog.ru/agency/event_agentstva/
2559;Фиалка;;+380(93)977-98-98;;;;;;;https://eventcatalog.ru/agency/fialka/;https://eventcatalog.ru/agency/event_agentstva/
2560;ФКД консалт;;+7(985) 643-57-93;;;;;;;https://eventcatalog.ru/agency/fkd_konsalt/;https://eventcatalog.ru/agency/event_agentstva/
2561;Фламинго;;+7(495) 911-37-63 / +7(495) 632-79-76;;;;;;;https://eventcatalog.ru/agency/flamingo/;https://eventcatalog.ru/agency/event_agentstva/
2562;Фогель Консалтинг;;+7(8422) 98-72-22 / +7(8422) 41-44-33;;;;;;;https://eventcatalog.ru/agency/fogelj_konsalting/;https://eventcatalog.ru/agency/event_agentstva/
2563;Фокус;;+7(495) 784-65-04 / +7(495) 380-08-46;;;;;;;https://eventcatalog.ru/agency/fokus/;https://eventcatalog.ru/agency/event_agentstva/
2564;Фокус Покус;;+7(4712)31-25-28 / +7(910)731-25-28;;;;;;;https://eventcatalog.ru/agency/fokus_pokus/;https://eventcatalog.ru/agency/event_agentstva/
2565;Фокус-Покус;;+7(904)530-25-46 / +7(951)331-90-30;;;;;;;https://eventcatalog.ru/agency/fokus-pokus/;https://eventcatalog.ru/agency/event_agentstva/
2566;Фордевинд;;+7(862)296-05-10;;;;;;;https://eventcatalog.ru/agency/fordevind/;https://eventcatalog.ru/agency/event_agentstva/
2567;Формула Настроения;;+7(495) 671-95-07 / +7(495) 589-44-75;;;;;;;https://eventcatalog.ru/agency/formula_nastroeniya/;https://eventcatalog.ru/agency/event_agentstva/
2568;Формула праздника;;+7(495) 543-58-87 / +7(905) 733-46-92;;;;;;;https://eventcatalog.ru/agency/formula_prazdnika/;https://eventcatalog.ru/agency/event_agentstva/
2569;Формула Праздника _;;+7(812) 363-43-60 / +7(812) 926-26-32;;;;;;;https://eventcatalog.ru/agency/formula_prazdnika-1/;https://eventcatalog.ru/agency/event_agentstva/
2570;Формула счастья;;+7(38063) 463-75-10 / +7(38044) 569-60-90;;;;;;;https://eventcatalog.ru/agency/formula_schastjya/;https://eventcatalog.ru/agency/event_agentstva/
2571;Формула Успеха;;+7(38044) 383-83-43;;;;;;;https://eventcatalog.ru/agency/formula_uspeha/;https://eventcatalog.ru/agency/event_agentstva/
2572;Форт-M;;+7(495)681-89-24;;;;;;;https://eventcatalog.ru/agency/fort-m/;https://eventcatalog.ru/agency/event_agentstva/
2573;Фортуна;;+7(903)191-31-82;;;;;;;https://eventcatalog.ru/agency/fortuna/;https://eventcatalog.ru/agency/event_agentstva/
2574;Фрегат Клуб;;+7(495) 646-13-18;;;;;;;https://eventcatalog.ru/agency/fregat_klub/;https://eventcatalog.ru/agency/event_agentstva/
2575;Х-Теам;;+7(831) 430-55-62;;;;;;;https://eventcatalog.ru/agency/h-team/;https://eventcatalog.ru/agency/event_agentstva/
2576;Ха-Ха-Бум;;+7(938)128-23-14;;;;;;;https://eventcatalog.ru/agency/ha-ha-bum/;https://eventcatalog.ru/agency/event_agentstva/
2577;Хати;;+7(499) 616-68-90 / +7(916) 123-25-59;;;;;;;https://eventcatalog.ru/agency/hati/;https://eventcatalog.ru/agency/event_agentstva/
2578;Хит Пати;;+7(067) 921-22-14 / +7(066) 211-81-26;;;;;;;https://eventcatalog.ru/agency/hit_pati/;https://eventcatalog.ru/agency/event_agentstva/
2579;Хихишка;;+7(985)997-40-17 / +7(916)820-69-88;;;;;;;https://eventcatalog.ru/agency/hihishka/;https://eventcatalog.ru/agency/event_agentstva/
2580;Хлеб и Еда;;+7(495)665-84-06 / +7(966)138-87-44;;;;;;;https://eventcatalog.ru/agency/hleb_i_eda/;https://eventcatalog.ru/agency/event_agentstva/
2581;Ходжа-Арт;;+7(903) 750-60-65;;;;;;;https://eventcatalog.ru/agency/hodzha-art/;https://eventcatalog.ru/agency/event_agentstva/
2582;Хозяин-Барин;;+7(918) 417-06-65 / +7(918) 031-44-29;;;;;;;https://eventcatalog.ru/agency/hozyain-barin/;https://eventcatalog.ru/agency/event_agentstva/
2583;Хоро-show тур;;+7(918)619-08-08;;;;;;;https://eventcatalog.ru/agency/horo-show_tur/;https://eventcatalog.ru/agency/event_agentstva/
2584;Хорошее настроение;;+7(937) 577-19-95;;;;;;;https://eventcatalog.ru/agency/horoshee_nastroenie/;https://eventcatalog.ru/agency/event_agentstva/
2585;Хороший день;;+7(963) 831-34-44;;;;;;;https://eventcatalog.ru/agency/horoshiy_denj/;https://eventcatalog.ru/agency/event_agentstva/
2586;Хочу Слона;;+7(909)450-34-96 / +7(918)318-57-73;;;;;;;https://eventcatalog.ru/agency/hochu_slona/;https://eventcatalog.ru/agency/event_agentstva/
2587;Царская Забава;;+7(383) 375-43-10;;;;;;;https://eventcatalog.ru/agency/carskaya_zabava/;https://eventcatalog.ru/agency/event_agentstva/
2588;Центр городских Праздников;;+7(924)217-12-55 / +7(914)543-02-05;;;;;;;https://eventcatalog.ru/agency/centr_gorodskih_prazdnikov/;https://eventcatalog.ru/agency/event_agentstva/
2589;Центр культурных инициатив;;+7(927) 800-39-93 / +7(842) 224-92-20;;;;;;;https://eventcatalog.ru/agency/centr_kuljturnyh_iniciativ/;https://eventcatalog.ru/agency/event_agentstva/
2590;Центр Праздник;;+7(925) 030-51-20;;;;;;;https://eventcatalog.ru/agency/centr_prazdnik/;https://eventcatalog.ru/agency/event_agentstva/
2591;Центр Свадебного Сервиса;;+7(421) 231-67-76;;;;;;;https://eventcatalog.ru/agency/centr_svadebnogo_servisa/;https://eventcatalog.ru/agency/event_agentstva/
2592;Центр Событий;;+7(812) 926-98-96 / +7(921) 787-30-20;;;;;;;https://eventcatalog.ru/agency/centr_sobytiy/;https://eventcatalog.ru/agency/event_agentstva/
2593;Центр современных событий;;+7(4212)60-27-17 / +7(4212)77-55-97;;;;;;;https://eventcatalog.ru/agency/centr_sovremennyh_sobytiy/;https://eventcatalog.ru/agency/event_agentstva/
2594;Центральное Развлекательное Управление;;+7(495) 662-96-91;;;;;;;https://eventcatalog.ru/agency/centraljnoe_razvlekateljnoe_upravlenie/;https://eventcatalog.ru/agency/event_agentstva/
2595;ЦРТП Адмиралтейский;;+7(921) 586-21-56 / +7(921) 321-44-44;;;;;;;https://eventcatalog.ru/agency/crtp_admiralteyskiy/;https://eventcatalog.ru/agency/event_agentstva/
2596;Чап!;;+7(926)630-73-58 / +7(499)391-63-73;;;;;;;https://eventcatalog.ru/agency/chap/;https://eventcatalog.ru/agency/event_agentstva/
2597;Чаплин;;+7(351) 776-14-07;;;;;;;https://eventcatalog.ru/agency/chaplin/;https://eventcatalog.ru/agency/event_agentstva/
2598;Чародеи;;+7(499) 502-95-24;;;;;;;https://eventcatalog.ru/agency/charodei/;https://eventcatalog.ru/agency/event_agentstva/
2599;Частная коллекция;;+7(926) 877-91-21;;;;;;;https://eventcatalog.ru/agency/chastnaya_kollekciya/;https://eventcatalog.ru/agency/event_agentstva/
2600;Человек-праздник;;+7(952)966-40-06 / +7(4832)68-17-58;;;;;;;https://eventcatalog.ru/agency/chelovek-prazdnik/;https://eventcatalog.ru/agency/event_agentstva/
2601;Человеки;;+7(495) 647-82-28 / +7(903) 731-87-54;;;;;;;https://eventcatalog.ru/agency/cheloveki/;https://eventcatalog.ru/agency/event_agentstva/
2602;Черешня;;+7(499)390-43-52;;;;;;;https://eventcatalog.ru/agency/chereshnya/;https://eventcatalog.ru/agency/event_agentstva/
2603;Что празднуем?;https://4-event.ru;+7(495)998-18-12;;;;;;;https://eventcatalog.ru/agency/chto_prazdnuem/;https://eventcatalog.ru/agency/event_agentstva/
2604;Чудетство;;+7(931) 223-66-85;;;;;;;https://eventcatalog.ru/agency/chudetstvo/;https://eventcatalog.ru/agency/event_agentstva/
2605;Чудо Наука;;+7(911) 467-38-32 / +7(401) 290-05-37;;;;;;;https://eventcatalog.ru/agency/chudo_nauka/;https://eventcatalog.ru/agency/event_agentstva/
2606;Шаманы;;+7(909)256-69-69 / +7(4942)30-04-01;;;;;;;https://eventcatalog.ru/agency/shamany/;https://eventcatalog.ru/agency/event_agentstva/
2607;ШантИ;;+7(495) 646-50-59;;;;;;;https://eventcatalog.ru/agency/shanti/;https://eventcatalog.ru/agency/event_agentstva/
2608;Шедевр;;+7(965)325-88-57;;;;;;;https://eventcatalog.ru/agency/shedevr/;https://eventcatalog.ru/agency/event_agentstva/
2609;Шиколад;;+7(495) 231-43-01;;;;;;;https://eventcatalog.ru/agency/shikolad/;https://eventcatalog.ru/agency/event_agentstva/
2610;Шоколат;;+7(903) 239-19-39 / +7(903) 731-63-19;;;;;;;https://eventcatalog.ru/agency/shokolat/;https://eventcatalog.ru/agency/event_agentstva/
2611;Шоу сумасшедшего профессора Николя;;+7(812) 986-62-66;;;;;;;https://eventcatalog.ru/agency/shou_sumasshedshego_professora_nikolya/;https://eventcatalog.ru/agency/event_agentstva/
2612;Шоу-Индустрия;;+7(812)957-77-95;;;;;;;https://eventcatalog.ru/agency/shou-industriya/;https://eventcatalog.ru/agency/event_agentstva/
2613;Шоу-Сервис;;+7(3842) 33-04-77 / +7(904) 570-34-54;;;;;;;https://eventcatalog.ru/agency/shou-servis/;https://eventcatalog.ru/agency/event_agentstva/
2614;ШоуТайм;http://www.showt.ru;+7(915)624-24-40 / +7(906)648-14-41;;;;;;;https://eventcatalog.ru/agency/shoutaym/;https://eventcatalog.ru/agency/event_agentstva/
2615;Штаб Событий;;+7(812)336-42-14 / +7(812)926-31-77;;;;;;;https://eventcatalog.ru/agency/shtab_sobytiy/;https://eventcatalog.ru/agency/event_agentstva/
2616;Шу Ба;;+7(495) 508-75-69;;;;;;;https://eventcatalog.ru/agency/shu_ba/;https://eventcatalog.ru/agency/event_agentstva/
2617;Шульц;;+7(912) 632-64-67;;;;;;;https://eventcatalog.ru/agency/shuljc/;https://eventcatalog.ru/agency/event_agentstva/
2618;Шум;;+7(937)277-43-77 / +7(917)601-21-47;;;;;;;https://eventcatalog.ru/agency/shum/;https://eventcatalog.ru/agency/event_agentstva/
2619;Шёлк&Шоколад;;+7(812)985-79-68 / +7(921)868-94-38;;;;;;;https://eventcatalog.ru/agency/shelkandshokolad/;https://eventcatalog.ru/agency/event_agentstva/
2620;Щука;;+7(916)683-41-72 / +7(916)807-21-26;;;;;;;https://eventcatalog.ru/agency/wuka/;https://eventcatalog.ru/agency/event_agentstva/
2621;Эве Land;;+7(495) 924-09-22 / +7(985) 778-05-45;;;;;;;https://eventcatalog.ru/agency/eve_land/;https://eventcatalog.ru/agency/event_agentstva/
2622;Эвент территория;;+7(905) 514-88-88;;;;;;;https://eventcatalog.ru/agency/event_territoriya/;https://eventcatalog.ru/agency/event_agentstva/
2623;Эвента;;+7(905)685-65-55 / +7(980)356-38-46;;;;;;;https://eventcatalog.ru/agency/eventa/;https://eventcatalog.ru/agency/event_agentstva/
2624;Эвентаж;;+7(812)902-20-02 / +7(911)846-77-81;;;;;;;https://eventcatalog.ru/agency/eventazh/;https://eventcatalog.ru/agency/event_agentstva/
2625;Эвентал;;+7(499)502-70-88;;;;;;;https://eventcatalog.ru/agency/evental/;https://eventcatalog.ru/agency/event_agentstva/
2626;Эврика;;+7(812)973-35-45;;;;;;;https://eventcatalog.ru/agency/evrika/;https://eventcatalog.ru/agency/event_agentstva/
2627;Эддмо;;+7(499)390-13-46 / +7(937)005-87-03;;;;;;;https://eventcatalog.ru/agency/eddmo/;https://eventcatalog.ru/agency/event_agentstva/
2628;Эквилон;;+7(347)246-88-86;;;;;;;https://eventcatalog.ru/agency/ekvilon/;https://eventcatalog.ru/agency/event_agentstva/
2629;Эклиптика;;+7(383) 380-50-46;;;;;;;https://eventcatalog.ru/agency/ekliptika/;https://eventcatalog.ru/agency/event_agentstva/
2630;ЭКО-корпоративы;;+38(044) 227-44-88 / +38(097) 280-06-72;;;;;;;https://eventcatalog.ru/agency/eko-korporativy/;https://eventcatalog.ru/agency/event_agentstva/
2631;Экспертус;;+7(495)902-52-52;;;;;;;https://eventcatalog.ru/agency/ekspertus/;https://eventcatalog.ru/agency/event_agentstva/
2632;Эксперты Приключений;;+7(906) 734-53-22 / +7(985) 784-18-14;;;;;;;https://eventcatalog.ru/agency/eksperty_priklyucheniy/;https://eventcatalog.ru/agency/event_agentstva/
2633;Экспо-Линк;;+7(343) 216-32-30 / +7(343) 385-28-48;;;;;;;https://eventcatalog.ru/agency/ekspo-link/;https://eventcatalog.ru/agency/event_agentstva/
2634;Экстрим Туры;;+7(915) 223-01-61;;;;;;;https://eventcatalog.ru/agency/ekstrim_tury/;https://eventcatalog.ru/agency/event_agentstva/
2635;Элен и Ребята;;+7(914)613-23-71 / +7(961)956-71-48;;;;;;;https://eventcatalog.ru/agency/elen_i_rebyata/;https://eventcatalog.ru/agency/event_agentstva/
2636;Элир;;+7(910)468-27-10 / +7(496)752-53-01;;;;;;;https://eventcatalog.ru/agency/elir/;https://eventcatalog.ru/agency/event_agentstva/
2637;ЭЛИС;;+7(916) 609-84-76 / +7(926) 572-22-18;;;;;;;https://eventcatalog.ru/agency/elis/;https://eventcatalog.ru/agency/event_agentstva/
2638;Элит;;+7(928)467-84-44;;;;;;;https://eventcatalog.ru/agency/elit/;https://eventcatalog.ru/agency/event_agentstva/
2639;Элитарный Балаган;;+7(966)123-12-36 / +7(916)930-57-58;;;;;;;https://eventcatalog.ru/agency/elitarnyy_balagan/;https://eventcatalog.ru/agency/event_agentstva/
2640;Элкраф;;+7(383) 331-11-16 / +7(383) 331-16-17;;;;;;;https://eventcatalog.ru/agency/elkraf/;https://eventcatalog.ru/agency/event_agentstva/
2641;ЭЛС продакшн;http://www.elseproduction.ru;+7(495)727-18-32 / +7(495)771-06-92;;;;;;;https://eventcatalog.ru/agency/els_prodakshn/;https://eventcatalog.ru/agency/event_agentstva/
2642;Эль Студия;;+7(925)991-57-41 / +7(926)316-10-26;;;;;;;https://eventcatalog.ru/agency/elj_studiya/;https://eventcatalog.ru/agency/event_agentstva/
2643;Эльфики;;+7(921) 938-36-40;;;;;;;https://eventcatalog.ru/agency/eljfiki/;https://eventcatalog.ru/agency/event_agentstva/
2644;Энергия жизни;;+7(495) 351-69-21 / +7(495) 799-34-97;;;;;;;https://eventcatalog.ru/agency/energiya_zhizni/;https://eventcatalog.ru/agency/event_agentstva/
2645;Эпицентр Развлечений;;+7(495) 765-55-53 / +7(926) 563-28-10;;;;;;;https://eventcatalog.ru/agency/epicentr_razvlecheniy/;https://eventcatalog.ru/agency/event_agentstva/
2646;Этот Мир;;+7(499)550-00-21 / +7(495)724-17-90;;;;;;;https://eventcatalog.ru/agency/etot_mir/;https://eventcatalog.ru/agency/event_agentstva/
2647;Ювента;;+7(999)086-60-66;;;;;;;https://eventcatalog.ru/agency/yuventa/;https://eventcatalog.ru/agency/event_agentstva/
2648;Югор;;+7(928)317-08-40 / +7(8793)39-02-89;;;;;;;https://eventcatalog.ru/agency/yugor/;https://eventcatalog.ru/agency/event_agentstva/
2649;Югор Пятигорск;;+7(879) 397-40-09;;;;;;;https://eventcatalog.ru/agency/yugor_pyatigorsk/;https://eventcatalog.ru/agency/event_agentstva/
2650;Южный Фронт;;+7(863) 227-09-46;;;;;;;https://eventcatalog.ru/agency/yuzhnyy_front/;https://eventcatalog.ru/agency/event_agentstva/
2651;ЮЛав;;+7(968)078-64-78 / +7(965)385-32-73;;;;;;;https://eventcatalog.ru/agency/yulav/;https://eventcatalog.ru/agency/event_agentstva/
2652;Юликор;;+7(495)617-67-92 / +7(903)164-59-98;;;;;;;https://eventcatalog.ru/agency/yulikor/;https://eventcatalog.ru/agency/event_agentstva/
2653;Юниарт Трэвел;;+7(495) 797-35-54 / +7(495) 728-83-54;;;;;;;https://eventcatalog.ru/agency/yuniart_trevel/;https://eventcatalog.ru/agency/event_agentstva/
2654;Юниверс;;+7(4212)93-78-78;;;;;;;https://eventcatalog.ru/agency/yunivers/;https://eventcatalog.ru/agency/event_agentstva/
2655;Юнона;;+7(499) 241-06-18 / +7(901) 524-50-90;;;;;;;https://eventcatalog.ru/agency/yunona/;https://eventcatalog.ru/agency/event_agentstva/
2656;Юта - шоу;;+7(965)726-26-68 / +7(903)646-24-61;;;;;;;https://eventcatalog.ru/agency/yuta_-_shou/;https://eventcatalog.ru/agency/event_agentstva/
2657;Я творю;;+7(952)211-67-10 / +7(951)677-61-10;;;;;;;https://eventcatalog.ru/agency/ya_tvoryu/;https://eventcatalog.ru/agency/event_agentstva/
2658;ЯRkeyevent;;+7(495) 778-78-37;;;;;;;https://eventcatalog.ru/agency/yarkeyevent/;https://eventcatalog.ru/agency/event_agentstva/
2659;Ягода Event;;+7(911)231-23-47;;;;;;;https://eventcatalog.ru/agency/yagoda_event/;https://eventcatalog.ru/agency/event_agentstva/
2660;Ялта Шоу;;+7(978)842-24-98 / +7(065)426-22-14;;;;;;;https://eventcatalog.ru/agency/yalta_shou/;https://eventcatalog.ru/agency/event_agentstva/
2661;Яна;;+359(899)959-308 / +7(915)353-10-66;;;;;;;https://eventcatalog.ru/agency/yana/;https://eventcatalog.ru/agency/event_agentstva/
2662;ЯРиК;;+7(351)248-11-39 / +7(351)248-87-43;;;;;;;https://eventcatalog.ru/agency/yarik/;https://eventcatalog.ru/agency/event_agentstva/
2663;Ярило АРТ;;+7(977)494-77-40 / +7(917)588-05-35;;;;;;;https://eventcatalog.ru/agency/yarilo_art/;https://eventcatalog.ru/agency/event_agentstva/
2664;Яркий День;;+7(495) 987-37-38 / +7(495) 642-40-88;;;;;;;https://eventcatalog.ru/agency/yarkiy_denj/;https://eventcatalog.ru/agency/event_agentstva/
2665;Ярмарка развлечений;;+7(495) 974-74-39 / +7(495) 741-13-40;;;;;;;https://eventcatalog.ru/agency/yarmarka_razvlecheniy/;https://eventcatalog.ru/agency/event_agentstva/
2666;Яхтенные Сезоны;http://yseasons.ru;+7(921)329-64-06 / +7(812)900-36-14;;;;;;;https://eventcatalog.ru/agency/yahtennye_sezony/;https://eventcatalog.ru/agency/event_agentstva/
2667;ЁТМ;;+7(495)792-34-12;;;;;;;https://eventcatalog.ru/agency/etm/;https://eventcatalog.ru/agency/event_agentstva/
