id;company_name;source_url;website;phone;contact_source_url;enriched_batch
1;ПАО «Нефтяная Компания «Роснефть»;https://focus.kontur.ru/site/populyarnye-kompanii-v-focuse/moskva;https://www.rosneft.ru/;+7 (499) 517-88-99;https://www.rosneft.ru/about/contacts/;1
2;ООО «Лукойл-Резервнефтепродукт-Трейдинг»;https://focus.kontur.ru/site/populyarnye-kompanii-v-focuse/moskva;;;;
3;ООО «Специализированное Финансовое общество Развития Базовых Отраслей Промышленности»;https://focus.kontur.ru/site/populyarnye-kompanii-v-focuse/moskva;;;;
4;ООО «Кредит Свисс Секьюритиз (Москва)»;https://focus.kontur.ru/site/populyarnye-kompanii-v-focuse/moskva;;;;
5;ООО «Ренессанс Брокер»;https://focus.kontur.ru/site/populyarnye-kompanii-v-focuse/moskva;;+7 (812) 588-68-28;https://www.rusprofile.ru/id/2881462;2
6;ПАО «Мегафон»;https://focus.kontur.ru/site/populyarnye-kompanii-v-focuse/moskva;https://moscow.megafon.ru/help/contacts/;8 800 550‑05‑00;https://moscow.megafon.ru/help/contacts/;1
7;ООО «Анигма»;https://focus.kontur.ru/site/populyarnye-kompanii-v-focuse/moskva;http://www.merlion.com/;+7 (495) 981-84-84;https://www.rusprofile.ru/id/1227700622786;1
8;АО Инвестиционная Фирма «Олма»;https://focus.kontur.ru/site/populyarnye-kompanii-v-focuse/moskva;;;;
9;АО «Росэнерготорг»;https://focus.kontur.ru/site/populyarnye-kompanii-v-focuse/moskva;;;;
10;АО «федеральная Пассажирская Компания»;https://focus.kontur.ru/site/populyarnye-kompanii-v-focuse/moskva;;;;
11;ООО «СОЛАР»;https://focus.kontur.ru/site/populyarnye-kompanii-v-focuse/moskva;;;;
12;ООО «Ватага»;https://focus.kontur.ru/site/populyarnye-kompanii-v-focuse/moskva;https://vataga.trade/;+7 (499) 401-13-33;https://www.rusprofile.ru/id/11833615;1
13;ООО «Русинвест»;https://focus.kontur.ru/site/populyarnye-kompanii-v-focuse/moskva;;;;
14;ООО «МЕТРО Кэш энд Керри»;https://focus.kontur.ru/site/populyarnye-kompanii-v-focuse/moskva;https://metro-cc.ru/;8 (800) 700-10-77;https://metro-cc.ru/about/feedback;1
15;ООО «Т2 Мобайл»;https://focus.kontur.ru/site/populyarnye-kompanii-v-focuse/moskva;;;;
16;АО «Металлсервис»;https://focus.kontur.ru/site/populyarnye-kompanii-v-focuse/moskva;;;;
17;ПАО «Россети Московский Регион»;https://focus.kontur.ru/site/populyarnye-kompanii-v-focuse/moskva;;;;
18;ГУП Города Москвы «Московский Ордена Ленина и Ордена Трудового Красного Знамени Метрополитен Имени В.И.Ленина»;https://focus.kontur.ru/site/populyarnye-kompanii-v-focuse/moskva;https://mosmetro.ru/;+7 (495) 539-54-54;https://mosmetro.ru/;1
19;ПАО «Фосагро»;https://focus.kontur.ru/site/populyarnye-kompanii-v-focuse/moskva;https://www.phosagro.ru/;+7 (495) 232-96-89;https://phosagro.company/ru/contacts.html;1
20;АО «Дорожно-Строительная Компания «Автобан»;https://focus.kontur.ru/site/populyarnye-kompanii-v-focuse/moskva;;;;
21;АО «Концерн Воздушно-Космической Обороны «Алмаз — Антей»;https://focus.kontur.ru/site/populyarnye-kompanii-v-focuse/moskva;;;;
22;ООО «Газпром межрегионгаз Москва»;https://focus.kontur.ru/site/populyarnye-kompanii-v-focuse/moskva;;;;
23;АО «Авилон Автомобильная Группа»;https://focus.kontur.ru/site/populyarnye-kompanii-v-focuse/moskva;;;;
24;ООО «ИК ВЕЛЕС Капитал»;https://focus.kontur.ru/site/populyarnye-kompanii-v-focuse/moskva;http://www.veles-capital.ru/;+7 (495) 500-23-33;https://www.rusprofile.ru/id/959183;1
25;АО «Роснефтегаз»;https://focus.kontur.ru/site/populyarnye-kompanii-v-focuse/moskva;;+7 (926) 350-46-01;https://www.rusprofile.ru/id/901938;2
26;ООО Торговая компания «Ресурс-Юг»;https://focus.kontur.ru/site/populyarnye-kompanii-v-focuse/moskva;;;;
27;АО «Холдинговая Компания «Металлоинвест»;https://focus.kontur.ru/site/populyarnye-kompanii-v-focuse/moskva;http://www.metalloinvest.com/;+7 (495) 981-55-55;https://www.rusprofile.ru/id/1417937;1
28;ООО «Регион Финансовые Услуги»;https://focus.kontur.ru/site/populyarnye-kompanii-v-focuse/moskva;;;;
29;ООО «Мечел-Сервис»;https://focus.kontur.ru/site/populyarnye-kompanii-v-focuse/moskva;;;;
30;ООО «Инвестнефтетрейд»;https://focus.kontur.ru/site/populyarnye-kompanii-v-focuse/moskva;;;;
31;АО «Дом.РФ»;https://focus.kontur.ru/site/populyarnye-kompanii-v-focuse/moskva;;;;
32;АО «Металлокомплект-М»;https://focus.kontur.ru/site/populyarnye-kompanii-v-focuse/moskva;;+7 (8722) 67-39-53;https://www.rusprofile.ru/id/373802;2
33;АО «Арвиай (Рашен Венчур Инвестментс)»;https://focus.kontur.ru/site/populyarnye-kompanii-v-focuse/moskva;;;;
34;ООО «Модум-Транс»;https://focus.kontur.ru/site/populyarnye-kompanii-v-focuse/moskva;;;;
35;ООО «Трансстроймеханизация»;https://focus.kontur.ru/site/populyarnye-kompanii-v-focuse/moskva;;+7 (985) 991-39-48;https://www.rusprofile.ru/id/4366414;2
36;АО «Нефтяная Компания «Нефтиса»;https://focus.kontur.ru/site/populyarnye-kompanii-v-focuse/moskva;;+7 (3952) 53-33-00;https://www.rusprofile.ru/id/2657708;2
37;ООО «Самсунг Электроникс Рус Компани»;https://focus.kontur.ru/site/populyarnye-kompanii-v-focuse/moskva;;;;
38;АО «Байер»;https://focus.kontur.ru/site/populyarnye-kompanii-v-focuse/moskva;http://alligator.ru/;+7 (495) 925-75-53;https://www.rusprofile.ru/id/3169461;2
39;ООО «Дом.РФ Ипотечный Агент»;https://focus.kontur.ru/site/populyarnye-kompanii-v-focuse/moskva;;;;
40;ООО «Юнилевер Русь»;https://focus.kontur.ru/site/populyarnye-kompanii-v-focuse/moskva;;;;
41;АО «Атомэнергосбыт»;https://focus.kontur.ru/site/populyarnye-kompanii-v-focuse/moskva;;;;
42;АО «Военторг»;https://focus.kontur.ru/site/populyarnye-kompanii-v-focuse/moskva;;+7 (818) 223-17-14;https://www.rusprofile.ru/id/1618190;2
43;ООО «Витерра Рус»;https://focus.kontur.ru/site/populyarnye-kompanii-v-focuse/moskva;;;;
44;ООО «Продимекс»;https://focus.kontur.ru/site/populyarnye-kompanii-v-focuse/moskva;;;;
45;ПАО «Фортум»;https://focus.kontur.ru/site/populyarnye-kompanii-v-focuse/moskva;;+7 (4832) 29-43-49;https://www.rusprofile.ru/id/1618693;2
46;ООО «РН-Аэро»;https://focus.kontur.ru/site/populyarnye-kompanii-v-focuse/moskva;;;;
47;ООО «Объединенная Строительная Компания 1520»;https://focus.kontur.ru/site/populyarnye-kompanii-v-focuse/moskva;;;;
48;ООО «Локотех-Сервис»;https://focus.kontur.ru/site/populyarnye-kompanii-v-focuse/moskva;;;;
49;ООО «Джонсон & Джонсон»;https://focus.kontur.ru/site/populyarnye-kompanii-v-focuse/moskva;;;;
50;ООО «ЛУКОЙЛ-Резервнефтепродукт»;https://focus.kontur.ru/site/populyarnye-kompanii-v-focuse/moskva;;;;
51;ООО «Компания СИМ-авто»;https://focus.kontur.ru/site/populyarnye-kompanii-v-focuse/moskva;;;;
52;ООО «Интернэшнл Тобакко Групп»;https://focus.kontur.ru/site/populyarnye-kompanii-v-focuse/moskva;;;;
53;ООО «Объединенные кондитеры»;https://focus.kontur.ru/site/populyarnye-kompanii-v-focuse/moskva;;;;
54;Ассоциация Врачей Авиационной Медицины;https://focus.kontur.ru/site/populyarnye-kompanii-v-focuse/moskva;;;;
55;ООО «Алан»;https://focus.kontur.ru/site/populyarnye-kompanii-v-focuse/moskva;http://alaninfo.ru/;+7 (910) 289-10-48;https://www.rusprofile.ru/id/1227700225510;1
56;ООО «Комацу СНГ»;https://focus.kontur.ru/site/populyarnye-kompanii-v-focuse/moskva;;+7 (908) 612-78-72;https://www.rusprofile.ru/id/2466573;2
57;ООО «Голд Стрим»;https://focus.kontur.ru/site/populyarnye-kompanii-v-focuse/moskva;;;;
58;ООО «ДЖИЛИ-МОТОРС»;https://focus.kontur.ru/site/populyarnye-kompanii-v-focuse/moskva;;;;
59;ООО «Кнс Групп»;https://focus.kontur.ru/site/populyarnye-kompanii-v-focuse/moskva;;;;
60;АО «Внешнеэкономическое Объединение «Промсырьеимпорт»;https://focus.kontur.ru/site/populyarnye-kompanii-v-focuse/moskva;;;;
61;АО «Рнг»;https://focus.kontur.ru/site/populyarnye-kompanii-v-focuse/moskva;;;;
62;ООО «Хайер Электрикал Эпплаенсис Рус»;https://focus.kontur.ru/site/populyarnye-kompanii-v-focuse/moskva;;;;
63;ООО «ДИХАУС»;https://focus.kontur.ru/site/populyarnye-kompanii-v-focuse/moskva;;;;
64;ООО «Грейн Гейтс»;https://focus.kontur.ru/site/populyarnye-kompanii-v-focuse/moskva;;;;
65;ООО «Купишуз»;https://focus.kontur.ru/site/populyarnye-kompanii-v-focuse/moskva;;;;
66;АО «Талтэк»;https://focus.kontur.ru/site/populyarnye-kompanii-v-focuse/moskva;;;;
67;ООО «Авиакомпания «Победа»;https://focus.kontur.ru/site/populyarnye-kompanii-v-focuse/moskva;;+7 (499) 427-11-01;https://www.rusprofile.ru/id/9231687;1
68;ООО «Финансовая компания «Линия Инвестиций»;https://focus.kontur.ru/site/populyarnye-kompanii-v-focuse/moskva;;;;
69;ООО «Домашний Интерьер»;https://focus.kontur.ru/site/populyarnye-kompanii-v-focuse/moskva;;;;
70;ООО «Инвестиционная Компания «Арсенал»;https://focus.kontur.ru/site/populyarnye-kompanii-v-focuse/moskva;;;;
71;ООО «Сибирская Интернет Компания»;https://focus.kontur.ru/site/populyarnye-kompanii-v-focuse/moskva;;+7 (83445) 2-28-47;https://www.rusprofile.ru/id/3652127;2
72;ООО «БМВ Русланд Трейдинг»;https://focus.kontur.ru/site/populyarnye-kompanii-v-focuse/moskva;;+7 (924) 662-16-13;https://www.rusprofile.ru/id/3924591;2
73;АО «Объединенная Транспортно-Логистическая Компания — Евразийский Железнодорожный Альянс»;https://focus.kontur.ru/site/populyarnye-kompanii-v-focuse/moskva;;;;
74;АО «Мерседес-Бенц Рус»;https://focus.kontur.ru/site/populyarnye-kompanii-v-focuse/moskva;;;;
75;ПАО «Научно-Производственное Объединение «Алмаз» Имени Академика А.А.Расплетина»;https://focus.kontur.ru/site/populyarnye-kompanii-v-focuse/moskva;;;;
76;ООО «Анттек»;https://focus.kontur.ru/site/populyarnye-kompanii-v-focuse/moskva;;;;
77;ООО «АТАК»;https://focus.kontur.ru/site/populyarnye-kompanii-v-focuse/moskva;;;;
78;ООО «Остин»;https://focus.kontur.ru/site/populyarnye-kompanii-v-focuse/moskva;;;;
79;АО «Росжелдорпроект»;https://focus.kontur.ru/site/populyarnye-kompanii-v-focuse/moskva;;;;
80;АО «Инвестиционная Компания «Регион»;https://focus.kontur.ru/site/populyarnye-kompanii-v-focuse/moskva;;;;
81;ООО Торговый Дом Нефтьмагистраль;https://focus.kontur.ru/site/populyarnye-kompanii-v-focuse/moskva;;;;
82;ООО «Рево Чардж Рус»;https://focus.kontur.ru/site/populyarnye-kompanii-v-focuse/moskva;https://экотри.рф/;41888292848;https://www.rusprofile.ru/id/10541793;2
83;АО «Черкизовский Мясоперерабатывающий Завод»;https://focus.kontur.ru/site/populyarnye-kompanii-v-focuse/moskva;;;;
84;ООО «Сантел»;https://focus.kontur.ru/site/populyarnye-kompanii-v-focuse/moskva;;;;
85;ООО «Торговый Дом «Тула-Сталь»;https://focus.kontur.ru/site/populyarnye-kompanii-v-focuse/moskva;;+7 (922) 770-30-25;https://www.rusprofile.ru/id/11496700;2
86;АО «Рн Холдинг»;https://focus.kontur.ru/site/populyarnye-kompanii-v-focuse/moskva;;;;
87;ООО «Лукойл-Маринбункер»;https://focus.kontur.ru/site/populyarnye-kompanii-v-focuse/moskva;;+7 (8622) 38-71-30;https://www.rusprofile.ru/id/10806268;1
88;ООО «Эна Инвест»;https://focus.kontur.ru/site/populyarnye-kompanii-v-focuse/moskva;;;;
89;ООО «Дс Строй»;https://focus.kontur.ru/site/populyarnye-kompanii-v-focuse/moskva;;+7 (41142) 4-11-35;https://www.rusprofile.ru/id/7220484;2
90;ООО «РУСЭНЕРГОРЕСУРС»;https://focus.kontur.ru/site/populyarnye-kompanii-v-focuse/moskva;;;;
91;ООО «УК Национального коневодческого союза»;https://focus.kontur.ru/site/populyarnye-kompanii-v-focuse/moskva;;+7 (965) 529-21-08;https://www.rusprofile.ru/id/598439;2
92;ООО «МАКСИМА ГРУПП»;https://focus.kontur.ru/site/populyarnye-kompanii-v-focuse/moskva;;;;
93;ООО «Импориа Трейдинг»;https://focus.kontur.ru/site/populyarnye-kompanii-v-focuse/moskva;;;;
94;ООО «Петролеум Трейдинг»;https://focus.kontur.ru/site/populyarnye-kompanii-v-focuse/moskva;;+7 (347) 292-71-49;https://www.rusprofile.ru/id/6656341;2
95;ООО «Солнечный Свет»;https://focus.kontur.ru/site/populyarnye-kompanii-v-focuse/moskva;;;;
96;ООО «ГазЭнергоСервис»;https://focus.kontur.ru/site/populyarnye-kompanii-v-focuse/moskva;;;;
97;ООО «Рм Коммьюникейшн»;https://focus.kontur.ru/site/populyarnye-kompanii-v-focuse/moskva;;;;
98;ООО «РН-Бункер»;https://focus.kontur.ru/site/populyarnye-kompanii-v-focuse/moskva;;;;
99;ООО «АНТ ЯПЫ»;https://focus.kontur.ru/site/populyarnye-kompanii-v-focuse/moskva;;;;
100;ПАО «Московская Городская Телефонная Сеть»;https://focus.kontur.ru/site/populyarnye-kompanii-v-focuse/moskva;;;;
101;ОАО «Объединенные электротехнические заводы»;https://focus.kontur.ru/site/populyarnye-kompanii-v-focuse/moskva;;;;
102;АО «Энергосбытовая Компания «Восток»;https://focus.kontur.ru/site/populyarnye-kompanii-v-focuse/moskva;;;;
103;ООО «Букмекерская Контора «Пари»;https://focus.kontur.ru/site/populyarnye-kompanii-v-focuse/moskva;;;;
104;АО «Фодд»;https://focus.kontur.ru/site/populyarnye-kompanii-v-focuse/moskva;;;;
105;ООО «Лента-Центр»;https://focus.kontur.ru/site/populyarnye-kompanii-v-focuse/moskva;;;;
106;АО «Государственный Космический Научно-Производственный Центр Имени М.В. Хруничева»;https://focus.kontur.ru/site/populyarnye-kompanii-v-focuse/moskva;;;;
107;ООО «Энергия Нефтегазового Сервиса»;https://focus.kontur.ru/site/populyarnye-kompanii-v-focuse/moskva;;;;
108;ООО «Русагротранс»;https://focus.kontur.ru/site/populyarnye-kompanii-v-focuse/moskva;;;;
109;АО «Пик-Индустрия»;https://focus.kontur.ru/site/populyarnye-kompanii-v-focuse/moskva;;;;
110;ООО «Салют»;https://focus.kontur.ru/site/populyarnye-kompanii-v-focuse/moskva;;;;
111;ФГУП «Росморпорт»;https://focus.kontur.ru/site/populyarnye-kompanii-v-focuse/moskva;;+7 (495) 359-33-09;https://www.rusprofile.ru/id/315414;2
112;ООО «АПТЕКА-А.в.е»;https://focus.kontur.ru/site/populyarnye-kompanii-v-focuse/moskva;http://www.asuimp.com/;+7 (495) 949-35-64;https://www.rusprofile.ru/id/5525377;2
113;ООО «АМКапитал»;https://focus.kontur.ru/site/populyarnye-kompanii-v-focuse/moskva;;;;
114;ООО «Старттех»;https://focus.kontur.ru/site/populyarnye-kompanii-v-focuse/moskva;;+7 (3843) 72-22-87;https://www.rusprofile.ru/id/7056158;2
115;ООО «Торговый Дом БМЗ»;https://focus.kontur.ru/site/populyarnye-kompanii-v-focuse/moskva;http://www.sssu.ru/;+7 (8636) 22-17-40;https://www.rusprofile.ru/id/617056;2
116;ООО «Бизнес Телеком-Импорт»;https://focus.kontur.ru/site/populyarnye-kompanii-v-focuse/moskva;;;;
117;ООО «Тева»;https://focus.kontur.ru/site/populyarnye-kompanii-v-focuse/moskva;;+7 (4242) 42-90-51;https://www.rusprofile.ru/id/1967550;2
118;ООО «Горенье БТ»;https://focus.kontur.ru/site/populyarnye-kompanii-v-focuse/moskva;;;;
119;АО «Открытие Брокер»;https://focus.kontur.ru/site/populyarnye-kompanii-v-focuse/moskva;;;;
120;ООО «Центр Планирования и Управления Мтр»;https://focus.kontur.ru/site/populyarnye-kompanii-v-focuse/moskva;;;;
121;ООО «Библио-Глобус Туроператор»;https://focus.kontur.ru/site/populyarnye-kompanii-v-focuse/moskva;;+7 (4232) 49-91-01;https://www.rusprofile.ru/id/6892980;2
122;АО «Рош-Москва»;https://focus.kontur.ru/site/populyarnye-kompanii-v-focuse/moskva;;;;
123;АО «Русская Рыбная Компания»;https://focus.kontur.ru/site/populyarnye-kompanii-v-focuse/moskva;http://12.34.ds.3535.ru/;+7 (8442) 90-55-48;https://www.rusprofile.ru/id/2105302;2
124;ООО «Оккам Си Эс»;https://focus.kontur.ru/site/populyarnye-kompanii-v-focuse/moskva;;;;
125;ООО Научно-Производственная Торговая Компания «Объединенная Сырьевая Компания»;https://focus.kontur.ru/site/populyarnye-kompanii-v-focuse/moskva;;;;
126;ООО «Константа Торг»;https://focus.kontur.ru/site/populyarnye-kompanii-v-focuse/moskva;;;;
127;ООО «Сиарсиси Рус»;https://focus.kontur.ru/site/populyarnye-kompanii-v-focuse/moskva;;+7 (4012) 34-93-75;https://www.rusprofile.ru/id/10617941;2
128;ООО «Уэз-Строй»;https://focus.kontur.ru/site/populyarnye-kompanii-v-focuse/moskva;;;;
129;ООО «ТФН»;https://focus.kontur.ru/site/populyarnye-kompanii-v-focuse/moskva;;;;
130;ООО Авиапредприятие «Газпром авиа»;https://focus.kontur.ru/site/populyarnye-kompanii-v-focuse/moskva;;+7 (38453) 6-18-43;https://www.rusprofile.ru/id/1879039;2
131;АО Вертикаль;https://focus.kontur.ru/site/populyarnye-kompanii-v-focuse/moskva;;;;
132;ООО «Олимп-Трейд»;https://focus.kontur.ru/site/populyarnye-kompanii-v-focuse/moskva;;;;
133;ООО «реСтор»;https://focus.kontur.ru/site/populyarnye-kompanii-v-focuse/moskva;;;;
134;ООО «Консонанс»;https://focus.kontur.ru/site/populyarnye-kompanii-v-focuse/moskva;;;;
135;АО «Первый Канал»;https://focus.kontur.ru/site/populyarnye-kompanii-v-focuse/moskva;;;;
136;ООО «Берингер Ингельхайм»;https://focus.kontur.ru/site/populyarnye-kompanii-v-focuse/moskva;;;;
137;ООО «Торговый Дом Логос»;https://focus.kontur.ru/site/populyarnye-kompanii-v-focuse/moskva;;;;
138;АО «Бетэлтранс»;https://focus.kontur.ru/site/populyarnye-kompanii-v-focuse/moskva;http://maou33.online/;+7 (4012) 33-86-74;https://www.rusprofile.ru/id/1467236;2
139;ООО «СюйГун Ру»;https://focus.kontur.ru/site/populyarnye-kompanii-v-focuse/moskva;;;;
140;ООО «Дск-Производство»;https://focus.kontur.ru/site/populyarnye-kompanii-v-focuse/moskva;;;;
141;ООО «Такеда Фармасьютикалс»;https://focus.kontur.ru/site/populyarnye-kompanii-v-focuse/moskva;;;;
142;ООО «Пирелли Тайр Руссия»;https://focus.kontur.ru/site/populyarnye-kompanii-v-focuse/moskva;;+7 (84593) 7-02-42;https://www.rusprofile.ru/id/5545288;2
143;ООО «Металлоломная Компания ОМК-ЭкоМеталл»;https://focus.kontur.ru/site/populyarnye-kompanii-v-focuse/moskva;https://resosearch.ru/;+7 (923) 155-50-00;https://www.rusprofile.ru/id/4832438;2
144;ООО «Строительное Управление — 10»;https://focus.kontur.ru/site/populyarnye-kompanii-v-focuse/moskva;;;;
145;АО «Глаксосмиткляйн Хелскер»;https://focus.kontur.ru/site/populyarnye-kompanii-v-focuse/moskva;;;;
146;ООО «Яндекс.Заправки»;https://focus.kontur.ru/site/populyarnye-kompanii-v-focuse/moskva;;;;
147;ООО «Элкат»;https://focus.kontur.ru/site/populyarnye-kompanii-v-focuse/moskva;;;;
148;ООО «СИБУР»;https://focus.kontur.ru/site/populyarnye-kompanii-v-focuse/moskva;;;;
149;ЗАО «ПрофитМед»;https://focus.kontur.ru/site/populyarnye-kompanii-v-focuse/moskva;;;;
150;ООО «Яндекс.Еда»;https://focus.kontur.ru/site/populyarnye-kompanii-v-focuse/moskva;;;;
151;ООО «УТС ТехноНИКОЛЬ»;https://focus.kontur.ru/site/populyarnye-kompanii-v-focuse/moskva;;;;
152;ООО «ПромГазСервис»;https://focus.kontur.ru/site/populyarnye-kompanii-v-focuse/moskva;;;;
153;ООО «Еаптека»;https://focus.kontur.ru/site/populyarnye-kompanii-v-focuse/moskva;;+7 (351) 265-75-00;https://www.rusprofile.ru/id/7272481;2
154;ООО «Берлин-Хеми/А. Менарини»;https://focus.kontur.ru/site/populyarnye-kompanii-v-focuse/moskva;;;;
155;ООО «ТЕХНОПАРК — Центр»;https://focus.kontur.ru/site/populyarnye-kompanii-v-focuse/moskva;;;;
156;АО «Нэпт»;https://focus.kontur.ru/site/populyarnye-kompanii-v-focuse/moskva;;+7 (983) 604-45-99;https://www.rusprofile.ru/id/1018466;2
157;ООО «Нгду Восточная Сибирь»;https://focus.kontur.ru/site/populyarnye-kompanii-v-focuse/moskva;;;;
158;ООО «Стройконсалтгрупп»;https://focus.kontur.ru/site/populyarnye-kompanii-v-focuse/moskva;;;;
159;АО «Русатом Автоматизированные Системы Управления»;https://focus.kontur.ru/site/populyarnye-kompanii-v-focuse/moskva;;;;
160;ООО «БорисХоф 1»;https://focus.kontur.ru/site/populyarnye-kompanii-v-focuse/moskva;;;;
161;ООО «Монарх»;https://focus.kontur.ru/site/populyarnye-kompanii-v-focuse/moskva;;;;
162;ООО «Специализированный Застройщик «Прайм Парк»;https://focus.kontur.ru/site/populyarnye-kompanii-v-focuse/moskva;;;;
163;ФГУП «Всероссийская государственная телевизионная и радиовещательная компания»;https://focus.kontur.ru/site/populyarnye-kompanii-v-focuse/moskva;;;;
164;АО «Московская Инженерно-Строительная Компания»;https://focus.kontur.ru/site/populyarnye-kompanii-v-focuse/moskva;;;;
165;АО «Авто-Евро»;https://focus.kontur.ru/site/populyarnye-kompanii-v-focuse/moskva;;;;
166;АО «Сеть Телевизионных Станций»;https://focus.kontur.ru/site/populyarnye-kompanii-v-focuse/moskva;;+7 (495) 959-77-22;https://www.rusprofile.ru/id/4038780;2
167;ООО «Терем»;https://focus.kontur.ru/site/populyarnye-kompanii-v-focuse/moskva;;+7 (83534) 2-13-15;https://www.rusprofile.ru/id/1876467;2
168;ООО «Техмашюнит»;https://focus.kontur.ru/site/populyarnye-kompanii-v-focuse/moskva;;;;
169;ООО «Торговый Дом «Объединенная Вагонная Компания»;https://focus.kontur.ru/site/populyarnye-kompanii-v-focuse/moskva;;;;
170;ООО «ТК-Виктория»;https://focus.kontur.ru/site/populyarnye-kompanii-v-focuse/moskva;;;;
171;ООО «ШИНСЕРВИС»;https://focus.kontur.ru/site/populyarnye-kompanii-v-focuse/moskva;;;;
172;АО «Бамтоннельстрой-Мост»;https://focus.kontur.ru/site/populyarnye-kompanii-v-focuse/moskva;;;;
173;ООО «Сб Финанс Холдинг»;https://focus.kontur.ru/site/populyarnye-kompanii-v-focuse/moskva;;;;
174;ООО «Сеть топливных карт «Петрол Плюс»;https://focus.kontur.ru/site/populyarnye-kompanii-v-focuse/moskva;;;;
175;АО «Научно-Исследовательский и Конструкторский Институт Монтажной Технологии — Атомстрой»;https://focus.kontur.ru/site/populyarnye-kompanii-v-focuse/moskva;;;;
176;ООО «Инвестиционная Компания «Прогресс-Капитал»;https://focus.kontur.ru/site/populyarnye-kompanii-v-focuse/moskva;;+7 (86370) 2-15-52;https://www.rusprofile.ru/id/932003;2
177;ООО «Мт Руссия»;https://focus.kontur.ru/site/populyarnye-kompanii-v-focuse/moskva;;;;
178;ООО «Нордметалл»;https://focus.kontur.ru/site/populyarnye-kompanii-v-focuse/moskva;;;;
179;АО «Рособоронэкспорт»;https://focus.kontur.ru/site/populyarnye-kompanii-v-focuse/moskva;;;;
180;АО «Сандоз»;https://focus.kontur.ru/site/populyarnye-kompanii-v-focuse/moskva;;;;
181;АО «Монолит-Фундаментстрой»;https://focus.kontur.ru/site/populyarnye-kompanii-v-focuse/moskva;;;;
182;ООО «ИДС Боржоми»;https://focus.kontur.ru/site/populyarnye-kompanii-v-focuse/moskva;;;;
183;ООО «НТС «Градиент»;https://focus.kontur.ru/site/populyarnye-kompanii-v-focuse/moskva;;;;
184;ООО «Везерфорд»;https://focus.kontur.ru/site/populyarnye-kompanii-v-focuse/moskva;;;;
185;ООО «Софтехно»;https://focus.kontur.ru/site/populyarnye-kompanii-v-focuse/moskva;http://www.lipetskoblvodokanal.ru/;+7 (4742) 48-60-76;https://www.rusprofile.ru/id/4189077;2
186;ООО «Доширак Рус»;https://focus.kontur.ru/site/populyarnye-kompanii-v-focuse/moskva;;+7 (34261) 4-41-69;https://www.rusprofile.ru/id/861878;2
187;ООО «Мечел-Транс»;https://focus.kontur.ru/site/populyarnye-kompanii-v-focuse/moskva;;+7 (49654) 3-13-51;https://www.rusprofile.ru/id/748793;2
188;АО «Точка»;https://focus.kontur.ru/site/populyarnye-kompanii-v-focuse/moskva;;;;
189;ООО «Строительное управление №112»;https://focus.kontur.ru/site/populyarnye-kompanii-v-focuse/moskva;;+7 (8512) 58-71-90;https://www.rusprofile.ru/id/3698838;2
190;АО «Ветроэнергетическая Отдельная Генерирующая Компания»;https://focus.kontur.ru/site/populyarnye-kompanii-v-focuse/moskva;;;;
191;АО «Социум Трейд»;https://focus.kontur.ru/site/populyarnye-kompanii-v-focuse/moskva;;;;
192;АО «Лакса Трейдинг»;https://focus.kontur.ru/site/populyarnye-kompanii-v-focuse/moskva;;+7 (834) 382-21-52;https://www.rusprofile.ru/id/1207700478259;2
193;ООО «Рутэк»;https://focus.kontur.ru/site/populyarnye-kompanii-v-focuse/moskva;;;;
194;ООО «Серволюкс Восток»;https://focus.kontur.ru/site/populyarnye-kompanii-v-focuse/moskva;;;;
195;ООО «МАКИТА»;https://focus.kontur.ru/site/populyarnye-kompanii-v-focuse/moskva;;;;
196;ООО «Волга Груп»;https://focus.kontur.ru/site/populyarnye-kompanii-v-focuse/moskva;;;;
197;ООО «Промомед Дм»;https://focus.kontur.ru/site/populyarnye-kompanii-v-focuse/moskva;;;;
198;АО «ТД-Экопродукт»;https://focus.kontur.ru/site/populyarnye-kompanii-v-focuse/moskva;;;;
199;ООО «ТЗК АЭРОФЬЮЭЛЗ»;https://focus.kontur.ru/site/populyarnye-kompanii-v-focuse/moskva;;;;
200;ООО «Элком-Электро»;https://focus.kontur.ru/site/populyarnye-kompanii-v-focuse/moskva;;;;
201;ООО «ДЕЛИВЕРИ КЛАБ»;https://focus.kontur.ru/site/populyarnye-kompanii-v-focuse/moskva;;;;
202;ООО «АльмакорГруп»;https://focus.kontur.ru/site/populyarnye-kompanii-v-focuse/moskva;;;;
203;ООО «Фарверк»;https://focus.kontur.ru/site/populyarnye-kompanii-v-focuse/moskva;;+7 (920) 815-05-30;https://www.rusprofile.ru/id/1217700301631;2
204;ООО «КОМОС ГРУПП»;https://focus.kontur.ru/site/populyarnye-kompanii-v-focuse/moskva;;;;
205;ООО «Экомилк»;https://focus.kontur.ru/site/populyarnye-kompanii-v-focuse/moskva;;;;
206;ООО «САП СНГ»;https://focus.kontur.ru/site/populyarnye-kompanii-v-focuse/moskva;;;;
207;ООО «ПЕТРОтрейд»;https://focus.kontur.ru/site/populyarnye-kompanii-v-focuse/moskva;;;;
208;ООО «Фармфорвард»;https://focus.kontur.ru/site/populyarnye-kompanii-v-focuse/moskva;;;;
209;ООО «Инновационная Сервисная Компания «ПетроИнжиниринг»;https://focus.kontur.ru/site/populyarnye-kompanii-v-focuse/moskva;;;;
210;ООО «Галастор»;https://focus.kontur.ru/site/populyarnye-kompanii-v-focuse/moskva;;;;
211;АО «Промстройконтракт»;https://focus.kontur.ru/site/populyarnye-kompanii-v-focuse/moskva;;;;
212;ООО «Рекитт Бенкизер Хэлскэр»;https://focus.kontur.ru/site/populyarnye-kompanii-v-focuse/moskva;;;;
213;АО «Росгеология»;https://focus.kontur.ru/site/populyarnye-kompanii-v-focuse/moskva;;+7 (8553) 38-42-44;https://www.rusprofile.ru/id/3292644;2
214;ПАО «Нефтегазовая Компания «Славнефть»;https://focus.kontur.ru/site/populyarnye-kompanii-v-focuse/moskva;;;;
215;АО «Орматек»;https://focus.kontur.ru/site/populyarnye-kompanii-v-focuse/moskva;;;;
216;АО «Мостотрест-Сервис»;https://focus.kontur.ru/site/populyarnye-kompanii-v-focuse/moskva;;;;
217;АО «Лп Транс»;https://focus.kontur.ru/site/populyarnye-kompanii-v-focuse/moskva;;;;
218;ООО «Нафта-Центр»;https://focus.kontur.ru/site/populyarnye-kompanii-v-focuse/moskva;;;;
219;ООО «Ржд-Транспортная Безопасность»;https://focus.kontur.ru/site/populyarnye-kompanii-v-focuse/moskva;;;;
220;ООО «Цифровая Логистика»;https://focus.kontur.ru/site/populyarnye-kompanii-v-focuse/moskva;;+7 (964) 508-17-69;https://www.rusprofile.ru/id/11365324;2
221;ООО «ЛАНД»;https://focus.kontur.ru/site/populyarnye-kompanii-v-focuse/moskva;https://lubvasilek49.edumsko.ru/;+7 (495) 557-78-77;https://www.rusprofile.ru/id/2241001;2
222;ООО «Молсбыт»;https://focus.kontur.ru/site/populyarnye-kompanii-v-focuse/moskva;;;;
223;АО «Сг-Транс»;https://focus.kontur.ru/site/populyarnye-kompanii-v-focuse/moskva;;;;
224;АО «Компэл»;https://focus.kontur.ru/site/populyarnye-kompanii-v-focuse/moskva;;;;
225;ООО «ГПБ — факторинг»;https://focus.kontur.ru/site/populyarnye-kompanii-v-focuse/moskva;;;;
226;ООО «Газнефтетрэйдинг»;https://focus.kontur.ru/site/populyarnye-kompanii-v-focuse/moskva;;;;
227;ООО «Агро Эксперт Груп»;https://focus.kontur.ru/site/populyarnye-kompanii-v-focuse/moskva;;;;
228;ООО «Горстройсити»;https://focus.kontur.ru/site/populyarnye-kompanii-v-focuse/moskva;;;;
229;ООО «Специализированный Застройщик «Пионер-1»;https://focus.kontur.ru/site/populyarnye-kompanii-v-focuse/moskva;;+7 (84646) 2-10-11;https://www.rusprofile.ru/id/11416832;2
230;ООО «Байерсдорф»;https://focus.kontur.ru/site/populyarnye-kompanii-v-focuse/moskva;;;;
231;ООО «Инвестиционная Компания «Вивайт»;https://focus.kontur.ru/site/populyarnye-kompanii-v-focuse/moskva;;;;
232;ООО «Просвещение»;https://focus.kontur.ru/site/populyarnye-kompanii-v-focuse/moskva;;;;
233;ООО «Медтроник»;https://focus.kontur.ru/site/populyarnye-kompanii-v-focuse/moskva;;+7 (921) 245-82-74;https://www.rusprofile.ru/id/1907444;2
234;ООО «Касторама РУС»;https://focus.kontur.ru/site/populyarnye-kompanii-v-focuse/moskva;;+7 (812) 334-96-64;https://www.rusprofile.ru/id/3166186;2
235;ООО «АЛОКОЗАЙ-ИНТЕРНЕШНЛ»;https://focus.kontur.ru/site/populyarnye-kompanii-v-focuse/moskva;;;;
236;ООО «Научно-Производственная Компания Химстройэнерго»;https://focus.kontur.ru/site/populyarnye-kompanii-v-focuse/moskva;;;;
237;ООО «Лабиринт-М»;https://focus.kontur.ru/site/populyarnye-kompanii-v-focuse/moskva;;;;
238;ООО «Генериум-Некст»;https://focus.kontur.ru/site/populyarnye-kompanii-v-focuse/moskva;;+7 (812) 319-31-36;https://www.rusprofile.ru/id/11554662;2
239;АО «Северсталь Менеджмент»;https://focus.kontur.ru/site/populyarnye-kompanii-v-focuse/moskva;;;;
240;ООО «С-Импортс»;https://focus.kontur.ru/site/populyarnye-kompanii-v-focuse/moskva;;;;
241;ООО «СТАЛЬЭКС»;https://focus.kontur.ru/site/populyarnye-kompanii-v-focuse/moskva;;;;
242;ООО «СМС Трафик»;https://focus.kontur.ru/site/populyarnye-kompanii-v-focuse/moskva;;;;
243;ООО «Зарубежнефть-Добыча Харьяга»;https://focus.kontur.ru/site/populyarnye-kompanii-v-focuse/moskva;;;;
244;АО «Смерфит Каппа Рус»;https://focus.kontur.ru/site/populyarnye-kompanii-v-focuse/moskva;;;;
245;ЗАО «Торговая компания «Химпэк»;https://focus.kontur.ru/site/populyarnye-kompanii-v-focuse/moskva;;;;
246;ООО «Лаборатория Гемотест»;https://focus.kontur.ru/site/populyarnye-kompanii-v-focuse/moskva;;;;
247;ООО «МСД Фармасьютикалс»;https://focus.kontur.ru/site/populyarnye-kompanii-v-focuse/moskva;;;;
248;ООО «Айэфсиэм Групп»;https://focus.kontur.ru/site/populyarnye-kompanii-v-focuse/moskva;;;;
249;ООО «Примафарм»;https://focus.kontur.ru/site/populyarnye-kompanii-v-focuse/moskva;;;;
250;ООО «Лидер-М»;https://focus.kontur.ru/site/populyarnye-kompanii-v-focuse/moskva;;;;
251;ООО «Букмекерская контора «Марафон»;https://focus.kontur.ru/site/populyarnye-kompanii-v-focuse/moskva;;;;
252;ООО «Формула-ФР»;https://focus.kontur.ru/site/populyarnye-kompanii-v-focuse/moskva;;;;
253;ООО «Империал Даймонд»;https://focus.kontur.ru/site/populyarnye-kompanii-v-focuse/moskva;;;;
254;ООО «Торговый Дом Эко-Культура»;https://focus.kontur.ru/site/populyarnye-kompanii-v-focuse/moskva;;;;
255;ООО «Хартия»;https://focus.kontur.ru/site/populyarnye-kompanii-v-focuse/moskva;;;;
256;АО «Ренейссанс Констракшн»;https://focus.kontur.ru/site/populyarnye-kompanii-v-focuse/moskva;;;;
257;ООО «Скания Лизинг»;https://focus.kontur.ru/site/populyarnye-kompanii-v-focuse/moskva;;;;
258;ООО «Вектор Рейл Инвест»;https://focus.kontur.ru/site/populyarnye-kompanii-v-focuse/moskva;;;;
259;ООО «ЦЕНТРОПОЛИМЕР»;https://focus.kontur.ru/site/populyarnye-kompanii-v-focuse/moskva;;;;
260;ООО «Ртк Цифровые Технологии»;https://focus.kontur.ru/site/populyarnye-kompanii-v-focuse/moskva;;+7 (86167) 6-57-14;https://www.rusprofile.ru/id/11379083;2
261;ООО «РН-Карт»;https://focus.kontur.ru/site/populyarnye-kompanii-v-focuse/moskva;;;;
262;ООО «Кемпартнерс»;https://focus.kontur.ru/site/populyarnye-kompanii-v-focuse/moskva;;;;
263;ООО «МосВторМет»;https://focus.kontur.ru/site/populyarnye-kompanii-v-focuse/moskva;;;;
264;АО «Ай-Теко»;https://focus.kontur.ru/site/populyarnye-kompanii-v-focuse/moskva;;;;
265;ООО «ЮНАЙТЭД ТРЭЙДИНГ»;https://focus.kontur.ru/site/populyarnye-kompanii-v-focuse/moskva;;;;
266;ООО «Каршеринг Руссия»;https://focus.kontur.ru/site/populyarnye-kompanii-v-focuse/moskva;;+7 (904) 622-77-72;https://www.rusprofile.ru/id/7604975;2
267;ООО «Коммерц Инвестментс»;https://focus.kontur.ru/site/populyarnye-kompanii-v-focuse/moskva;;;;
268;ООО «ТЕХНО-ОЙЛ ПЛЮС»;https://focus.kontur.ru/site/populyarnye-kompanii-v-focuse/moskva;;;;
269;ООО «Компания БИС»;https://focus.kontur.ru/site/populyarnye-kompanii-v-focuse/moskva;;+7 (41145) 2-11-46;https://www.rusprofile.ru/id/3807613;2
270;ООО «ЭСАБ»;https://focus.kontur.ru/site/populyarnye-kompanii-v-focuse/moskva;;+7 (812) 567-54-33;https://www.rusprofile.ru/id/4195568;2
271;ООО «МАСТЕРФУД»;https://focus.kontur.ru/site/populyarnye-kompanii-v-focuse/moskva;;;;
272;ООО «Орифлэйм Косметикс»;https://focus.kontur.ru/site/populyarnye-kompanii-v-focuse/moskva;;;;
273;ООО «Партнеры Ноябрьск»;https://focus.kontur.ru/site/populyarnye-kompanii-v-focuse/moskva;;;;
274;АО «Сбербанк — Технологии»;https://focus.kontur.ru/site/populyarnye-kompanii-v-focuse/moskva;;;;
275;ООО «Авито Тех»;https://focus.kontur.ru/site/populyarnye-kompanii-v-focuse/moskva;;;;
276;АО «Главный Научный Инновационный Внедренческий Центр»;https://focus.kontur.ru/site/populyarnye-kompanii-v-focuse/moskva;;;;
277;ООО «Спортлото»;https://focus.kontur.ru/site/populyarnye-kompanii-v-focuse/moskva;;;;
278;ООО «Национальная Фабрика Ипотеки»;https://focus.kontur.ru/site/populyarnye-kompanii-v-focuse/moskva;;;;
279;ООО «Мип-Строй № 2»;https://focus.kontur.ru/site/populyarnye-kompanii-v-focuse/moskva;;;;
280;ООО «Курс Груп Дистрибьюшн»;https://focus.kontur.ru/site/populyarnye-kompanii-v-focuse/moskva;;;;
281;ООО «Сименс Здравоохранение»;https://focus.kontur.ru/site/populyarnye-kompanii-v-focuse/moskva;;;;
282;ООО «Миттен»;https://focus.kontur.ru/site/populyarnye-kompanii-v-focuse/moskva;;;;
283;ООО «НАУЧНО-ПФ «МАТЕРИА МЕДИКА ХОЛДИНГ»;https://focus.kontur.ru/site/populyarnye-kompanii-v-focuse/moskva;;;;
284;ООО «Электрорешения»;https://focus.kontur.ru/site/populyarnye-kompanii-v-focuse/moskva;;;;
285;ООО «НетКрэкер»;https://focus.kontur.ru/site/populyarnye-kompanii-v-focuse/moskva;;;;
286;ООО «Кву»;https://focus.kontur.ru/site/populyarnye-kompanii-v-focuse/moskva;;;;
287;ООО «Лаборатория Алисы»;https://focus.kontur.ru/site/populyarnye-kompanii-v-focuse/moskva;;;;
288;ООО «ДжиИ Хэлскеа»;https://focus.kontur.ru/site/populyarnye-kompanii-v-focuse/moskva;;;;
289;ООО «Мобис Партс СНГ»;https://focus.kontur.ru/site/populyarnye-kompanii-v-focuse/moskva;;+7 (495) 951-90-24;https://www.rusprofile.ru/id/4378437;2
290;ООО «ЭббВи»;https://focus.kontur.ru/site/populyarnye-kompanii-v-focuse/moskva;;;;
291;ООО «Алгол ДВ»;https://focus.kontur.ru/site/populyarnye-kompanii-v-focuse/moskva;;;;
292;ООО «Северная Грузовая Компания»;https://focus.kontur.ru/site/populyarnye-kompanii-v-focuse/moskva;;+7 (4822) 77-70-00;https://www.rusprofile.ru/id/2598359;2
293;ООО «Асна»;https://focus.kontur.ru/site/populyarnye-kompanii-v-focuse/moskva;;;;
294;ООО «Интелтрейд»;https://focus.kontur.ru/site/populyarnye-kompanii-v-focuse/moskva;;;;
295;ООО Транспортная Компания «Руслан-1»;https://focus.kontur.ru/site/populyarnye-kompanii-v-focuse/moskva;;;;
296;ФГУП «Военизированная горноспасательная часть»;https://focus.kontur.ru/site/populyarnye-kompanii-v-focuse/moskva;;;;
297;ООО «Европапир»;https://focus.kontur.ru/site/populyarnye-kompanii-v-focuse/moskva;;;;
298;ООО «Онтэкс РУ»;https://focus.kontur.ru/site/populyarnye-kompanii-v-focuse/moskva;;;;
299;ООО Авиационная компания «Авиастар-ТУ»;https://focus.kontur.ru/site/populyarnye-kompanii-v-focuse/moskva;;;;
300;АО «Омк-Сервис»;https://focus.kontur.ru/site/populyarnye-kompanii-v-focuse/moskva;;;;
301;АО «Торговый Дом «Партнер»;https://focus.kontur.ru/site/populyarnye-kompanii-v-focuse/moskva;;+7 (963) 611-05-87;https://www.rusprofile.ru/id/3185868;2
302;ООО «Лукойл-Технологии»;https://focus.kontur.ru/site/populyarnye-kompanii-v-focuse/moskva;;;;
303;АО «Дэлмар Трейдинг»;https://focus.kontur.ru/site/populyarnye-kompanii-v-focuse/moskva;;+7 (83631) 4-00-36;https://www.rusprofile.ru/id/1237700160081;2
304;ООО «Хиквижн»;https://focus.kontur.ru/site/populyarnye-kompanii-v-focuse/moskva;;+7 (922) 145-18-40;https://www.rusprofile.ru/id/7458004;2
305;ООО «Евраз Торговая Компания»;https://focus.kontur.ru/site/populyarnye-kompanii-v-focuse/moskva;;;;
306;ООО «Промстрой»;https://focus.kontur.ru/site/populyarnye-kompanii-v-focuse/moskva;;;;
307;ООО «Скайтек Медиа»;https://focus.kontur.ru/site/populyarnye-kompanii-v-focuse/moskva;;;;
308;ООО «Специализированный Застройщик «Тирон»;https://focus.kontur.ru/site/populyarnye-kompanii-v-focuse/moskva;;;;
309;ООО Специализированный Застройщик «Нагатинский Парк»;https://focus.kontur.ru/site/populyarnye-kompanii-v-focuse/moskva;;+7 (84366) 3-33-08;https://www.rusprofile.ru/id/10249732;2
310;ООО «Стройкомплекс»;https://focus.kontur.ru/site/populyarnye-kompanii-v-focuse/moskva;;;;
311;ООО «Специализированный Застройщик «Альтера Парк»;https://focus.kontur.ru/site/populyarnye-kompanii-v-focuse/moskva;;+7 (81372) 5-83-51;https://www.rusprofile.ru/id/8553490;2
312;ООО Торговая Компания «Мультипро»;https://focus.kontur.ru/site/populyarnye-kompanii-v-focuse/moskva;;;;
313;ООО «Телеканал ТВ3»;https://focus.kontur.ru/site/populyarnye-kompanii-v-focuse/moskva;;;;
314;ООО «Меркатор Холдинг»;https://focus.kontur.ru/site/populyarnye-kompanii-v-focuse/moskva;;+7 (499) 141-87-53;https://www.rusprofile.ru/id/1804528;2
315;ООО «ФармЛайн»;https://focus.kontur.ru/site/populyarnye-kompanii-v-focuse/moskva;;;;
316;ООО «Аук»;https://focus.kontur.ru/site/populyarnye-kompanii-v-focuse/moskva;;;;
317;ООО «ЭОС»;https://focus.kontur.ru/site/populyarnye-kompanii-v-focuse/moskva;;;;
318;Государственная Корпорация по Космической Деятельности «Роскосмос»;https://focus.kontur.ru/site/populyarnye-kompanii-v-focuse/moskva;;;;
319;АО СК «Ритейл»;https://focus.kontur.ru/site/populyarnye-kompanii-v-focuse/moskva;;;;
320;ООО «АКЦЕПТ» (Телевизионный канал РЕН ТВ);https://focus.kontur.ru/site/populyarnye-kompanii-v-focuse/moskva;;;;
321;ООО «Кволити Ойл Сервис»;https://focus.kontur.ru/site/populyarnye-kompanii-v-focuse/moskva;;;;
322;ООО «ЭСПЕРАНС»;https://focus.kontur.ru/site/populyarnye-kompanii-v-focuse/moskva;;;;
323;ООО «Ростелеком Информационные Технологии»;https://focus.kontur.ru/site/populyarnye-kompanii-v-focuse/moskva;;;;
324;ООО «Тэк-Энерго»;https://focus.kontur.ru/site/populyarnye-kompanii-v-focuse/moskva;;;;
325;ООО «ИПСЕН»;https://focus.kontur.ru/site/populyarnye-kompanii-v-focuse/moskva;;;;
326;ООО «Сбербанк-Сервис»;https://focus.kontur.ru/site/populyarnye-kompanii-v-focuse/moskva;;;;
327;ООО «Урал Логистика»;https://focus.kontur.ru/site/populyarnye-kompanii-v-focuse/moskva;;;;
328;ООО «Сделай Своими Руками»;https://focus.kontur.ru/site/populyarnye-kompanii-v-focuse/moskva;;;;
329;ООО «Дёке Трейд Маркетинг»;https://focus.kontur.ru/site/populyarnye-kompanii-v-focuse/moskva;;;;
330;ООО «Кровснаб»;https://focus.kontur.ru/site/populyarnye-kompanii-v-focuse/moskva;;;;
331;ООО «РН-Учет»;https://focus.kontur.ru/site/populyarnye-kompanii-v-focuse/moskva;;;;
332;АО «Оборонэнерго»;https://focus.kontur.ru/site/populyarnye-kompanii-v-focuse/moskva;;;;
333;ООО «Элевел»;https://focus.kontur.ru/site/populyarnye-kompanii-v-focuse/moskva;;;;
334;ООО «СтройКонтинент»;https://focus.kontur.ru/site/populyarnye-kompanii-v-focuse/moskva;;;;
335;ООО «Медиа Инстинкт Баинг Сервис»;https://focus.kontur.ru/site/populyarnye-kompanii-v-focuse/moskva;;;;
336;АО «Хоневелл»;https://focus.kontur.ru/site/populyarnye-kompanii-v-focuse/moskva;;;;
337;ООО «ДАИЧИ»;https://focus.kontur.ru/site/populyarnye-kompanii-v-focuse/moskva;;;;
338;ООО «Белония М»;https://focus.kontur.ru/site/populyarnye-kompanii-v-focuse/moskva;;;;
339;ООО «БалтАвтоТрейд-М»;https://focus.kontur.ru/site/populyarnye-kompanii-v-focuse/moskva;;;;
340;ООО «Спорт Форум»;https://focus.kontur.ru/site/populyarnye-kompanii-v-focuse/moskva;;;;
341;ООО «КРОСТ-Д»;https://focus.kontur.ru/site/populyarnye-kompanii-v-focuse/moskva;;;;
342;ООО «Ваньхуа Боршодкем Рус»;https://focus.kontur.ru/site/populyarnye-kompanii-v-focuse/moskva;;;;
343;ООО «Акрос»;https://focus.kontur.ru/site/populyarnye-kompanii-v-focuse/moskva;;+7 (383) 287-55-40;https://www.rusprofile.ru/id/2632974;2
344;ООО «Делл»;https://focus.kontur.ru/site/populyarnye-kompanii-v-focuse/moskva;;;;
345;ООО «Ремгазкоммуникации»;https://focus.kontur.ru/site/populyarnye-kompanii-v-focuse/moskva;;;;
346;ЗАО «Микояновский мясокомбинат»;https://focus.kontur.ru/site/populyarnye-kompanii-v-focuse/moskva;;;;
347;ООО «Ориент Хоусхолд Апплиансес»;https://focus.kontur.ru/site/populyarnye-kompanii-v-focuse/moskva;;;;
348;ООО «Сервис-Интегратор»;https://focus.kontur.ru/site/populyarnye-kompanii-v-focuse/moskva;;;;
349;ООО «Производственное Объединение «Трансгаз»;https://focus.kontur.ru/site/populyarnye-kompanii-v-focuse/moskva;;+7 (951) 751-55-95;https://www.rusprofile.ru/id/7342438;2
350;ООО «Фармлогистика»;https://focus.kontur.ru/site/populyarnye-kompanii-v-focuse/moskva;;;;
351;АО «Новая Мода»;https://focus.kontur.ru/site/populyarnye-kompanii-v-focuse/moskva;;;;
352;ООО «Мажор Групп»;https://focus.kontur.ru/site/populyarnye-kompanii-v-focuse/moskva;http://trade-group.su/;+7 (495) 166-77-33;https://www.rusprofile.ru/id/6038144;2
353;ООО «Дейлсфорд Мёрчант Агро»;https://focus.kontur.ru/site/populyarnye-kompanii-v-focuse/moskva;;;;
354;ООО Микрофинансовая Компания «Отп Финанс»;https://focus.kontur.ru/site/populyarnye-kompanii-v-focuse/moskva;;;;
355;ЗАО «Болид»;https://focus.kontur.ru/site/populyarnye-kompanii-v-focuse/moskva;;;;
356;АО «Стокманн»;https://focus.kontur.ru/site/populyarnye-kompanii-v-focuse/moskva;;+7 (4967) 64-08-87;https://www.rusprofile.ru/id/1991386;2
357;ООО «Технологии Доверия — Консультирование»;https://focus.kontur.ru/site/populyarnye-kompanii-v-focuse/moskva;;;;
358;ООО «Алмаз»;https://focus.kontur.ru/site/populyarnye-kompanii-v-focuse/moskva;;;;
359;ООО «Легат»;https://focus.kontur.ru/site/populyarnye-kompanii-v-focuse/moskva;;;;
360;ООО «Делоникс-Групп»;https://focus.kontur.ru/site/populyarnye-kompanii-v-focuse/moskva;;+7 (831) 277-98-76;https://www.rusprofile.ru/id/11967169;2
361;ООО «ЮТУН-РУС»;https://focus.kontur.ru/site/populyarnye-kompanii-v-focuse/moskva;;;;
362;АО «Дхл Интернешнл»;https://focus.kontur.ru/site/populyarnye-kompanii-v-focuse/moskva;;;;
363;ООО Торговая Компания «Ресурс-Волга»;https://focus.kontur.ru/site/populyarnye-kompanii-v-focuse/moskva;;;;
364;ООО «Монарх-Укс»;https://focus.kontur.ru/site/populyarnye-kompanii-v-focuse/moskva;;;;
365;ООО «Экспомобилити»;https://focus.kontur.ru/site/populyarnye-kompanii-v-focuse/moskva;;;;
366;Фонд «Росконгресс»;https://focus.kontur.ru/site/populyarnye-kompanii-v-focuse/moskva;;;;
367;ПАО «Инвестиционная Компания Ик Русс-Инвест»;https://focus.kontur.ru/site/populyarnye-kompanii-v-focuse/moskva;;;;
368;ООО «Межрегиональное Агентство Рынка Электроэнергии и Мощности»;https://focus.kontur.ru/site/populyarnye-kompanii-v-focuse/moskva;;;;
369;АО Торгово-Выставочный Комплекс «Авиапарк»;https://focus.kontur.ru/site/populyarnye-kompanii-v-focuse/moskva;;;;
370;ООО «У Сервис +»;https://focus.kontur.ru/site/populyarnye-kompanii-v-focuse/moskva;;;;
371;ООО «ЭГИС-РУС»;https://focus.kontur.ru/site/populyarnye-kompanii-v-focuse/moskva;;;;
372;ООО «Кабэлк»;https://focus.kontur.ru/site/populyarnye-kompanii-v-focuse/moskva;;;;
373;ООО «Алиот»;https://focus.kontur.ru/site/populyarnye-kompanii-v-focuse/moskva;;;;
374;ООО «Дс Коммьюникейшн»;https://focus.kontur.ru/site/populyarnye-kompanii-v-focuse/moskva;;+7 (383) 332-21-50;https://www.rusprofile.ru/id/11109539;2
375;ООО «Юпитер»;https://focus.kontur.ru/site/populyarnye-kompanii-v-focuse/moskva;;+7 (812) 322-44-29;https://www.rusprofile.ru/id/3521094;2
376;ООО «Аструм»;https://focus.kontur.ru/site/populyarnye-kompanii-v-focuse/moskva;;;;
377;ООО «ОСК»;https://focus.kontur.ru/site/populyarnye-kompanii-v-focuse/moskva;;+7 (495) 471-32-94;https://www.rusprofile.ru/id/3245366;2
378;ООО «Кофейный Дом «ХОРСЪ»;https://focus.kontur.ru/site/populyarnye-kompanii-v-focuse/moskva;;;;
379;ООО «Симбат»;https://focus.kontur.ru/site/populyarnye-kompanii-v-focuse/moskva;;;;
380;ООО «Спецкомпани»;https://focus.kontur.ru/site/populyarnye-kompanii-v-focuse/moskva;;;;
381;ООО «ИМПОРТТЕЛЕКОМ»;https://focus.kontur.ru/site/populyarnye-kompanii-v-focuse/moskva;;;;
382;ООО «КАПИТЕЛЬ»;https://focus.kontur.ru/site/populyarnye-kompanii-v-focuse/moskva;;;;
383;ООО «Сервионика»;https://focus.kontur.ru/site/populyarnye-kompanii-v-focuse/moskva;;;;
384;ГУП города Москвы Автокомбинат санитарного транспорта «Мосавтосантранс» Департамента здравоохранения города Москвы;https://focus.kontur.ru/site/populyarnye-kompanii-v-focuse/moskva;;+7 (81664) 4-56-41;https://www.rusprofile.ru/id/1347694;2
385;ООО «Научно-Исследовательский Экспертный Центр»;https://focus.kontur.ru/site/populyarnye-kompanii-v-focuse/moskva;;;;
386;ООО «Мдг Трейд»;https://focus.kontur.ru/site/populyarnye-kompanii-v-focuse/moskva;;;;
387;ООО «Евраз»;https://focus.kontur.ru/site/populyarnye-kompanii-v-focuse/moskva;;;;
388;ООО «Каскад»;https://focus.kontur.ru/site/populyarnye-kompanii-v-focuse/moskva;;+7 (81841) 2-17-11;https://www.rusprofile.ru/id/1207700255520;2
389;ООО «Строймонтаж»;https://focus.kontur.ru/site/populyarnye-kompanii-v-focuse/moskva;;;;
390;АО «Главкосмос»;https://focus.kontur.ru/site/populyarnye-kompanii-v-focuse/moskva;;;;
391;ООО «Технологический Центр Дойче Банка»;https://focus.kontur.ru/site/populyarnye-kompanii-v-focuse/moskva;;;;
392;ООО «Управление Снабжения Транспортного Строительства»;https://focus.kontur.ru/site/populyarnye-kompanii-v-focuse/moskva;http://kubanpneumatic.ru/;+7 (800) 555-39-10;https://www.rusprofile.ru/id/4829966;2
393;ООО «Витомэк»;https://focus.kontur.ru/site/populyarnye-kompanii-v-focuse/moskva;;+7 (3473) 22-51-49;https://www.rusprofile.ru/id/7541923;2
394;ООО «Промрегионразвитие»;https://focus.kontur.ru/site/populyarnye-kompanii-v-focuse/moskva;;;;
395;ООО «Директ Трейд»;https://focus.kontur.ru/site/populyarnye-kompanii-v-focuse/moskva;;;;
396;ООО «АУВИКС»;https://focus.kontur.ru/site/populyarnye-kompanii-v-focuse/moskva;;;;
397;ООО «КАПИТАЛ ГРУП»;https://focus.kontur.ru/site/populyarnye-kompanii-v-focuse/moskva;;;;
398;ООО «Авоська-два»;https://focus.kontur.ru/site/populyarnye-kompanii-v-focuse/moskva;;;;
399;ООО «Ситиконсалт»;https://focus.kontur.ru/site/populyarnye-kompanii-v-focuse/moskva;;;;
400;ООО «Орма Групп»;https://focus.kontur.ru/site/populyarnye-kompanii-v-focuse/moskva;;;;
401;ООО «КОНТРОЛ лизинг»;https://focus.kontur.ru/site/populyarnye-kompanii-v-focuse/moskva;;;;
402;ООО «Оптима»;https://focus.kontur.ru/site/populyarnye-kompanii-v-focuse/moskva;;;;
403;АО по Производству Мостовых Железобетонных Конструкций «Мостожелезобетонконструкция»;https://focus.kontur.ru/site/populyarnye-kompanii-v-focuse/moskva;;;;
404;ООО «Газпромнефть — Энергосервис»;https://focus.kontur.ru/site/populyarnye-kompanii-v-focuse/moskva;;;;
405;ООО «Орис Пром»;https://focus.kontur.ru/site/populyarnye-kompanii-v-focuse/moskva;;;;
406;АО Научно-Технический Центр «Ландата»;https://focus.kontur.ru/site/populyarnye-kompanii-v-focuse/moskva;;;;
407;АО «Уралвагонзавод-Транс»;https://focus.kontur.ru/site/populyarnye-kompanii-v-focuse/moskva;;;;
408;ООО «Транспортная Группа «Русждтранс»;https://focus.kontur.ru/site/populyarnye-kompanii-v-focuse/moskva;;;;
409;ООО «Камоцци Пневматика»;https://focus.kontur.ru/site/populyarnye-kompanii-v-focuse/moskva;;+7 (4752) 72-90-42;https://www.rusprofile.ru/id/2427695;2
410;ООО «МСК Энерго»;https://focus.kontur.ru/site/populyarnye-kompanii-v-focuse/moskva;;;;
411;ООО «Манежная площадь»;https://focus.kontur.ru/site/populyarnye-kompanii-v-focuse/moskva;;;;
412;ООО «АВТОВОДОКАНАЛ»;https://focus.kontur.ru/site/populyarnye-kompanii-v-focuse/moskva;;;;
413;ООО «ТРАНС СИНЕРГИЯ»;https://focus.kontur.ru/site/populyarnye-kompanii-v-focuse/moskva;;;;
414;ООО «Совкомбанк Факторинг»;https://focus.kontur.ru/site/populyarnye-kompanii-v-focuse/moskva;;;;
415;ООО «Торгово-Промышленная Компания «Кама»;https://focus.kontur.ru/site/populyarnye-kompanii-v-focuse/moskva;;;;
416;ООО «Русэлпром Менеджмент»;https://focus.kontur.ru/site/populyarnye-kompanii-v-focuse/moskva;http://ds-roslavl-rodnochok.gov67.ru/;+7 (48134) 6-67-38;https://www.rusprofile.ru/id/3418568;2
417;АО «Ямалдорстрой»;https://focus.kontur.ru/site/populyarnye-kompanii-v-focuse/moskva;;;;
418;ООО «Коммерческо-ПФ «МИЛОРАДА»;https://focus.kontur.ru/site/populyarnye-kompanii-v-focuse/moskva;;;;
419;ООО «Клик.ру»;https://focus.kontur.ru/site/populyarnye-kompanii-v-focuse/moskva;;;;
420;ООО «ЭкспертСтройПроект»;https://focus.kontur.ru/site/populyarnye-kompanii-v-focuse/moskva;;;;
421;ООО «ЭНКА ТЦ»;https://focus.kontur.ru/site/populyarnye-kompanii-v-focuse/moskva;https://stroysnabgrupp.ru/;+7 (900-132-52-65;https://www.rusprofile.ru/id/4393425;2
422;АО «Поляны»;https://focus.kontur.ru/site/populyarnye-kompanii-v-focuse/moskva;;;;
423;АО «Рт-Охрана»;https://focus.kontur.ru/site/populyarnye-kompanii-v-focuse/moskva;;;;
424;АО «Россети Цифра»;https://focus.kontur.ru/site/populyarnye-kompanii-v-focuse/moskva;;;;
425;ООО «Московский завод «ФИЗПРИБОР»;https://focus.kontur.ru/site/populyarnye-kompanii-v-focuse/moskva;;;;
426;ООО «МясновЪ — 77»;https://focus.kontur.ru/site/populyarnye-kompanii-v-focuse/moskva;;;;
427;ООО «Яндекс.Облако»;https://focus.kontur.ru/site/populyarnye-kompanii-v-focuse/moskva;;;;
428;ООО «Торговый дом «Глобал Фудс»;https://focus.kontur.ru/site/populyarnye-kompanii-v-focuse/moskva;;;;
429;ООО «Торгово-Закупочная Компания Овк»;https://focus.kontur.ru/site/populyarnye-kompanii-v-focuse/moskva;;;;
430;ООО «Ками-Групп»;https://focus.kontur.ru/site/populyarnye-kompanii-v-focuse/moskva;;;;
431;ООО «Св Ритейл»;https://focus.kontur.ru/site/populyarnye-kompanii-v-focuse/moskva;;;;
432;ООО «Волга»;https://focus.kontur.ru/site/populyarnye-kompanii-v-focuse/moskva;;+7 (913) 010-96-48;https://www.rusprofile.ru/id/10992860;2
433;АО «Инфолинк»;https://focus.kontur.ru/site/populyarnye-kompanii-v-focuse/moskva;;;;
434;ООО «Системный софт»;https://focus.kontur.ru/site/populyarnye-kompanii-v-focuse/moskva;;;;
435;ООО «Альянс Проджектс»;https://focus.kontur.ru/site/populyarnye-kompanii-v-focuse/moskva;;;;
436;АО «Текон-Инжиниринг»;https://focus.kontur.ru/site/populyarnye-kompanii-v-focuse/moskva;;;;
437;ФГУП «Федеральный Экологический Оператор»;https://focus.kontur.ru/site/populyarnye-kompanii-v-focuse/moskva;;;;
438;АО «Эркафарм»;https://focus.kontur.ru/site/populyarnye-kompanii-v-focuse/moskva;;;;
439;ООО «Специализированный Застройщик «Дельта Ком»;https://focus.kontur.ru/site/populyarnye-kompanii-v-focuse/moskva;;;;
440;ООО «РэйлТех»;https://focus.kontur.ru/site/populyarnye-kompanii-v-focuse/moskva;;+7 (968) 810-35-74;https://www.rusprofile.ru/id/4439778;2
441;ООО «Строительно-монтажное управление №7»;https://focus.kontur.ru/site/populyarnye-kompanii-v-focuse/moskva;;;;
442;ООО «ЮСИДЖИ»;https://focus.kontur.ru/site/populyarnye-kompanii-v-focuse/moskva;;+7 (903) 503-66-21;https://www.rusprofile.ru/id/2458197;2
443;Специализированный Застройщик «Мссз» (АО);https://focus.kontur.ru/site/populyarnye-kompanii-v-focuse/moskva;;;;
444;ООО «Пиксель»;https://focus.kontur.ru/site/populyarnye-kompanii-v-focuse/moskva;;;;
445;АО «Научно-Исследовательский и Проектно-Конструкторский Институт Информатизации, Автоматизации и Связи На Железнодорожном Транспорте»;https://focus.kontur.ru/site/populyarnye-kompanii-v-focuse/moskva;;;;
446;ООО «Проаптека»;https://focus.kontur.ru/site/populyarnye-kompanii-v-focuse/moskva;;;;
447;ООО «Риттер Спорт Шоколад»;https://focus.kontur.ru/site/populyarnye-kompanii-v-focuse/moskva;;;;
448;ООО «РУССКОЕ ВЕНЧУРНОЕ ОБЩЕСТВО»;https://focus.kontur.ru/site/populyarnye-kompanii-v-focuse/moskva;;;;
449;АО «Тринфико»;https://focus.kontur.ru/site/populyarnye-kompanii-v-focuse/moskva;;;;
450;ООО «Траст 2»;https://focus.kontur.ru/site/populyarnye-kompanii-v-focuse/moskva;;;;
451;ООО «Издательство АСТ»;https://focus.kontur.ru/site/populyarnye-kompanii-v-focuse/moskva;;;;
452;ООО «Сириал Партнерс Рус»;https://focus.kontur.ru/site/populyarnye-kompanii-v-focuse/moskva;;;;
453;ООО «Самсунг Сдс Рус»;https://focus.kontur.ru/site/populyarnye-kompanii-v-focuse/moskva;;;;
454;ООО «Бизнесинформ»;https://focus.kontur.ru/site/populyarnye-kompanii-v-focuse/moskva;;;;
455;ООО «Автомир ФВ»;https://focus.kontur.ru/site/populyarnye-kompanii-v-focuse/moskva;;+7 (963) 109-61-19;https://www.rusprofile.ru/id/180538;2
456;АО «ВНИИ Радиотехники»;https://focus.kontur.ru/site/populyarnye-kompanii-v-focuse/moskva;;+7 (908) 255-00-00;https://www.rusprofile.ru/id/3417308;2
457;ООО «АВИАФЛЮИД интернешнл»;https://focus.kontur.ru/site/populyarnye-kompanii-v-focuse/moskva;;+7 (904) 403-68-75;https://www.rusprofile.ru/id/1192997;2
458;ООО «Строй Техно Инженеринг»;https://focus.kontur.ru/site/populyarnye-kompanii-v-focuse/moskva;;+7 (3952) 65-04-36;https://www.rusprofile.ru/id/5936793;2
459;ООО «Гефест Агро»;https://focus.kontur.ru/site/populyarnye-kompanii-v-focuse/moskva;;;;
460;ООО «РЕЙЛ1520»;https://focus.kontur.ru/site/populyarnye-kompanii-v-focuse/moskva;;;;
461;ООО «Лабиринт.РУ»;https://focus.kontur.ru/site/populyarnye-kompanii-v-focuse/moskva;;;;
462;ООО «Виатрис»;https://focus.kontur.ru/site/populyarnye-kompanii-v-focuse/moskva;;;;
463;ООО «Мастернефть-Сервис»;https://focus.kontur.ru/site/populyarnye-kompanii-v-focuse/moskva;;+7 (49247) 2-45-65;https://www.rusprofile.ru/id/1207700182470;2
464;ООО «Анкор Финтек»;https://focus.kontur.ru/site/populyarnye-kompanii-v-focuse/moskva;;;;
465;АО по Наладке, Совершенствованию Эксплуатации и Организации Управления Атомных Станций «Атомтехэнерго»;https://focus.kontur.ru/site/populyarnye-kompanii-v-focuse/moskva;;;;
466;ООО «Белтранслогистик»;https://focus.kontur.ru/site/populyarnye-kompanii-v-focuse/moskva;;;;
467;АО «Группа Компаний «Монолит»;https://focus.kontur.ru/site/populyarnye-kompanii-v-focuse/moskva;;;;
468;ООО «Квант»;https://focus.kontur.ru/site/populyarnye-kompanii-v-focuse/moskva;;;;
469;ООО «Оператор-Црпт»;https://focus.kontur.ru/site/populyarnye-kompanii-v-focuse/moskva;;;;
470;ООО «Сюльдюкар Геологоразведка»;https://focus.kontur.ru/site/populyarnye-kompanii-v-focuse/moskva;;+7 (4732) 40-50-24;https://www.rusprofile.ru/id/10988769;2
471;ООО «Каспиан»;https://focus.kontur.ru/site/populyarnye-kompanii-v-focuse/moskva;;;;
472;ООО «Рэдмэджик»;https://focus.kontur.ru/site/populyarnye-kompanii-v-focuse/moskva;;+7 (831) 227-09-43;https://www.rusprofile.ru/id/11331060;2
473;ООО «Дортех»;https://focus.kontur.ru/site/populyarnye-kompanii-v-focuse/moskva;;;;
474;ООО «Маркет-Тв»;https://focus.kontur.ru/site/populyarnye-kompanii-v-focuse/moskva;;;;
475;АО Научно-Инвестиционный Центр «Кабельные Технологии»;https://focus.kontur.ru/site/populyarnye-kompanii-v-focuse/moskva;;;;
476;ООО «Международная Группа Компаний «Световые Технологии»;https://focus.kontur.ru/site/populyarnye-kompanii-v-focuse/moskva;;;;
477;ЗАО «ЧИП и ДИП»;https://focus.kontur.ru/site/populyarnye-kompanii-v-focuse/moskva;;;;
478;ООО «Ксерокс (СНГ)»;https://focus.kontur.ru/site/populyarnye-kompanii-v-focuse/moskva;;;;
479;ООО «Нойтэк Лоджистикс Рус»;https://focus.kontur.ru/site/populyarnye-kompanii-v-focuse/moskva;;;;
480;ООО «Лидеа Рус»;https://focus.kontur.ru/site/populyarnye-kompanii-v-focuse/moskva;;;;
481;ООО «УГМК-Транс»;https://focus.kontur.ru/site/populyarnye-kompanii-v-focuse/moskva;;;;
482;ООО «СтарКапитал»;https://focus.kontur.ru/site/populyarnye-kompanii-v-focuse/moskva;;+7 (812) 919-54-54;https://www.rusprofile.ru/id/1998310;2
483;ООО «Джиэм Трейдинг»;https://focus.kontur.ru/site/populyarnye-kompanii-v-focuse/moskva;;;;
484;АО «Трест Гидромонтаж»;https://focus.kontur.ru/site/populyarnye-kompanii-v-focuse/moskva;https://www.list-org.com/company/2081475;+7 (49439) 2-19-31;https://www.rusprofile.ru/id/2259865;2
485;ООО «Регард Мск»;https://focus.kontur.ru/site/populyarnye-kompanii-v-focuse/moskva;;;;
486;ООО «СФ НИВА»;https://focus.kontur.ru/site/populyarnye-kompanii-v-focuse/moskva;;;;
487;ООО «Мс-Групп»;https://focus.kontur.ru/site/populyarnye-kompanii-v-focuse/moskva;;;;
488;АО Холдинговая Компания «Главное Всерегиональное Строительное Управление «Центр»;https://focus.kontur.ru/site/populyarnye-kompanii-v-focuse/moskva;;;;
489;ООО «ТрансЛес»;https://focus.kontur.ru/site/populyarnye-kompanii-v-focuse/moskva;;;;
490;ООО «Барус»;https://focus.kontur.ru/site/populyarnye-kompanii-v-focuse/moskva;;;;
491;ООО «Эксист-Закупка»;https://focus.kontur.ru/site/populyarnye-kompanii-v-focuse/moskva;;+7 (3452) 76-47-05;https://www.rusprofile.ru/id/10856209;2
492;АО «Форт»;https://focus.kontur.ru/site/populyarnye-kompanii-v-focuse/moskva;;;;
493;ООО «Енигюн»;https://focus.kontur.ru/site/populyarnye-kompanii-v-focuse/moskva;;;;
494;ООО «Истлайнсевен»;https://focus.kontur.ru/site/populyarnye-kompanii-v-focuse/moskva;;;;
495;ООО «Ангелинская Нефте База»;https://focus.kontur.ru/site/populyarnye-kompanii-v-focuse/moskva;;;;
496;ООО «Виолан»;https://focus.kontur.ru/site/populyarnye-kompanii-v-focuse/moskva;;;;
497;ООО «Маштехстрой»;https://focus.kontur.ru/site/populyarnye-kompanii-v-focuse/moskva;;;;
498;АО «Кондитерско-Булочный Комбинат «Черёмушки»;https://focus.kontur.ru/site/populyarnye-kompanii-v-focuse/moskva;;;;
499;ООО «Донской текстиль»;https://focus.kontur.ru/site/populyarnye-kompanii-v-focuse/moskva;;;;
500;ООО «ЭР ЛИКИД»;https://focus.kontur.ru/site/populyarnye-kompanii-v-focuse/moskva;;;;
501;ООО «Икс 5 Диджитал»;https://focus.kontur.ru/site/populyarnye-kompanii-v-focuse/moskva;;;;
502;ООО «Фортуна»;https://focus.kontur.ru/site/populyarnye-kompanii-v-focuse/moskva;;;;
503;АО «Специализированный Застройщик «Столичный Комплекс»;https://focus.kontur.ru/site/populyarnye-kompanii-v-focuse/moskva;;;;
504;ООО «Азимут»;https://focus.kontur.ru/site/populyarnye-kompanii-v-focuse/moskva;;;;
505;ООО «Реинвент»;https://focus.kontur.ru/site/populyarnye-kompanii-v-focuse/moskva;;;;
506;ООО «АСПЕКТ»;https://focus.kontur.ru/site/populyarnye-kompanii-v-focuse/moskva;;;;
507;ООО «Новые Транспортные Системы»;https://focus.kontur.ru/site/populyarnye-kompanii-v-focuse/moskva;;;;
508;ООО «Печагин Продукт»;https://focus.kontur.ru/site/populyarnye-kompanii-v-focuse/moskva;;;;
509;АО «Внешстройимпорт»;https://focus.kontur.ru/site/populyarnye-kompanii-v-focuse/moskva;;;;
510;ООО Торговая Компания «Альмагест»;https://focus.kontur.ru/site/populyarnye-kompanii-v-focuse/moskva;;;;
511;АО «Национальный Экологический Оператор»;https://focus.kontur.ru/site/populyarnye-kompanii-v-focuse/moskva;;;;
512;ООО «СОНАР»;https://focus.kontur.ru/site/populyarnye-kompanii-v-focuse/moskva;;;;
513;ООО «Ашан Флай-Сибирь»;https://focus.kontur.ru/site/populyarnye-kompanii-v-focuse/moskva;;;;
514;ООО «Аим Менеджмент»;https://focus.kontur.ru/site/populyarnye-kompanii-v-focuse/moskva;;;;
515;ООО «Главная линия»;https://focus.kontur.ru/site/populyarnye-kompanii-v-focuse/moskva;;+7 (8212) 57-04-36;https://www.rusprofile.ru/id/4831840;2
516;ООО «Торговая Компания «Основа»;https://focus.kontur.ru/site/populyarnye-kompanii-v-focuse/moskva;;;;
517;ПАО «Русолово»;https://focus.kontur.ru/site/populyarnye-kompanii-v-focuse/moskva;;;;
518;ЗАО Научно-производственное объединение «ГАРАНТ»;https://focus.kontur.ru/site/populyarnye-kompanii-v-focuse/moskva;;;;
519;ООО «Софтлайн Проекты»;https://focus.kontur.ru/site/populyarnye-kompanii-v-focuse/moskva;;;;
520;АО «1 Ювелирная Сеть»;https://focus.kontur.ru/site/populyarnye-kompanii-v-focuse/moskva;;;;
521;АО «Денвью Лимитэд»;https://focus.kontur.ru/site/populyarnye-kompanii-v-focuse/moskva;;;;
522;ООО «СоюзДонСтрой»;https://focus.kontur.ru/site/populyarnye-kompanii-v-focuse/moskva;;;;
523;АО «Трансвудсервис»;https://focus.kontur.ru/site/populyarnye-kompanii-v-focuse/moskva;;+7 (491) 439-52-23;https://www.rusprofile.ru/id/3240401;2
524;АО «Комтэк»;https://focus.kontur.ru/site/populyarnye-kompanii-v-focuse/moskva;;;;
525;ООО «РоДен»;https://focus.kontur.ru/site/populyarnye-kompanii-v-focuse/moskva;;;;
526;АО «Ведомственная Охрана Росатома»;https://focus.kontur.ru/site/populyarnye-kompanii-v-focuse/moskva;;;;
527;ООО СК «Альфа Строй»;https://focus.kontur.ru/site/populyarnye-kompanii-v-focuse/moskva;;;;
528;ООО «Етс-М»;https://focus.kontur.ru/site/populyarnye-kompanii-v-focuse/moskva;;;;
529;АО «Московское Протезно-Ортопедическое предприятие»;https://focus.kontur.ru/site/populyarnye-kompanii-v-focuse/moskva;;;;
530;ООО «Диптранс»;https://focus.kontur.ru/site/populyarnye-kompanii-v-focuse/moskva;;;;
531;ООО «Сибирская генерирующая компания»;https://focus.kontur.ru/site/populyarnye-kompanii-v-focuse/moskva;;;;
532;ООО «Вектор»;https://focus.kontur.ru/site/populyarnye-kompanii-v-focuse/moskva;;;;
533;ООО «ПетролКомпани»;https://focus.kontur.ru/site/populyarnye-kompanii-v-focuse/moskva;;;;
534;ООО «Азот Трейдинг»;https://focus.kontur.ru/site/populyarnye-kompanii-v-focuse/moskva;;+7 (8452) 20-63-10;https://www.rusprofile.ru/id/3934137;2
535;ООО «СтройСтандарт»;https://focus.kontur.ru/site/populyarnye-kompanii-v-focuse/moskva;;;;
536;ООО УК «Сигналсервис»;https://focus.kontur.ru/site/populyarnye-kompanii-v-focuse/moskva;;;;
537;АО «Отэко»;https://focus.kontur.ru/site/populyarnye-kompanii-v-focuse/moskva;;;;
538;ООО «Глобал Трейдинг Инновейшенс»;https://focus.kontur.ru/site/populyarnye-kompanii-v-focuse/moskva;;;;
539;ООО «Ав Майнинг»;https://focus.kontur.ru/site/populyarnye-kompanii-v-focuse/moskva;;;;
540;ООО «Развитие Малых Форматов»;https://focus.kontur.ru/site/populyarnye-kompanii-v-focuse/moskva;;;;
541;ООО «ИнфоБип»;https://focus.kontur.ru/site/populyarnye-kompanii-v-focuse/moskva;;;;
542;ООО «Строительно-Инжиниринговая Компания Монолитного Индивидуального Строительства»;https://focus.kontur.ru/site/populyarnye-kompanii-v-focuse/moskva;;;;
543;ООО «Москапстрой-Инжиниринг»;https://focus.kontur.ru/site/populyarnye-kompanii-v-focuse/moskva;;;;
544;ООО «ВодоходЪ»;https://focus.kontur.ru/site/populyarnye-kompanii-v-focuse/moskva;;;;
545;ООО «Волирон»;https://focus.kontur.ru/site/populyarnye-kompanii-v-focuse/moskva;;;;
546;ООО ТК «Софийская»;https://focus.kontur.ru/site/populyarnye-kompanii-v-focuse/moskva;;+7 (965) 970-95-78;https://www.rusprofile.ru/id/7618025;2
547;Государственное бюджетное учреждение здравоохранения города Москвы «Московский научно-практический Центр дерматовенерологии и косметологии Департамента здравоохранения города Москвы»;https://focus.kontur.ru/site/populyarnye-kompanii-v-focuse/moskva;;;;
548;ООО «Русский Стандарт — Сервис»;https://focus.kontur.ru/site/populyarnye-kompanii-v-focuse/moskva;;;;
549;ООО «ФККГруп»;https://focus.kontur.ru/site/populyarnye-kompanii-v-focuse/moskva;;;;
550;АО «Информационные Технологии и Коммуникационные Системы»;https://focus.kontur.ru/site/populyarnye-kompanii-v-focuse/moskva;;;;
551;ООО «Гранолюкс»;https://focus.kontur.ru/site/populyarnye-kompanii-v-focuse/moskva;;;;
552;ООО «Газпром Телеком»;https://focus.kontur.ru/site/populyarnye-kompanii-v-focuse/moskva;;;;
553;АО «Смартлог»;https://focus.kontur.ru/site/populyarnye-kompanii-v-focuse/moskva;;;;
554;ООО «Научно-производственное объединение «Путевые технологии»;https://focus.kontur.ru/site/populyarnye-kompanii-v-focuse/moskva;;+7 (38451) 5-81-86;https://www.rusprofile.ru/id/2863013;2
555;ООО Специализированный Застройщик «Галактика»;https://focus.kontur.ru/site/populyarnye-kompanii-v-focuse/moskva;;;;
556;ООО «Второй Ветропарк Фрв»;https://focus.kontur.ru/site/populyarnye-kompanii-v-focuse/moskva;;;;
557;АО «Авиазапчасть»;https://focus.kontur.ru/site/populyarnye-kompanii-v-focuse/moskva;;;;
558;ООО «ЛитРес»;https://focus.kontur.ru/site/populyarnye-kompanii-v-focuse/moskva;;;;
559;ЗАО «НОРСИ-ТРАНС»;https://focus.kontur.ru/site/populyarnye-kompanii-v-focuse/moskva;;+7 (812) 716-94-41;https://www.rusprofile.ru/id/339072;2
560;ООО «Айти Проект»;https://focus.kontur.ru/site/populyarnye-kompanii-v-focuse/moskva;;;;
561;ООО «Петросинтез»;https://focus.kontur.ru/site/populyarnye-kompanii-v-focuse/moskva;;;;
562;ООО «Промышленный Альянс»;https://focus.kontur.ru/site/populyarnye-kompanii-v-focuse/moskva;;;;
563;АО Мтз Трансмаш;https://focus.kontur.ru/site/populyarnye-kompanii-v-focuse/moskva;;;;
564;ООО «Фаттура»;https://focus.kontur.ru/site/populyarnye-kompanii-v-focuse/moskva;;;;
565;ООО «Тинькофф Мобайл»;https://focus.kontur.ru/site/populyarnye-kompanii-v-focuse/moskva;;+7 (919) 600-05-56;https://www.rusprofile.ru/id/10944272;2
566;ООО «Спецобъединение Юго-Запад»;https://focus.kontur.ru/site/populyarnye-kompanii-v-focuse/moskva;;;;
567;ООО «Ай.Эр.Эм.Си.»;https://focus.kontur.ru/site/populyarnye-kompanii-v-focuse/moskva;;;;
568;АО «Инфаприм»;https://focus.kontur.ru/site/populyarnye-kompanii-v-focuse/moskva;;;;
569;ООО «БИЗНЕС И ИНВЕСТИЦИИ»;https://focus.kontur.ru/site/populyarnye-kompanii-v-focuse/moskva;;;;
570;ООО «Стил Икс»;https://focus.kontur.ru/site/populyarnye-kompanii-v-focuse/moskva;;;;
571;ООО «Национальная Топливная Процессинговая Компания»;https://focus.kontur.ru/site/populyarnye-kompanii-v-focuse/moskva;;;;
572;ООО «ЛОДЕ»;https://focus.kontur.ru/site/populyarnye-kompanii-v-focuse/moskva;;;;
573;ООО «Цифровые Медицинские Сервисы»;https://focus.kontur.ru/site/populyarnye-kompanii-v-focuse/moskva;;;;
574;ООО «Специальные стали и сплавы»;https://focus.kontur.ru/site/populyarnye-kompanii-v-focuse/moskva;;;;
575;АО «Нитро Сибирь»;https://focus.kontur.ru/site/populyarnye-kompanii-v-focuse/moskva;;;;
576;ООО «Стройжилпром»;https://focus.kontur.ru/site/populyarnye-kompanii-v-focuse/moskva;;;;
577;АО «Группа Гмс»;https://focus.kontur.ru/site/populyarnye-kompanii-v-focuse/moskva;;;;
578;ООО «ПОЛАР»;https://focus.kontur.ru/site/populyarnye-kompanii-v-focuse/moskva;;;;
579;АО «Деловой Квартал»;https://focus.kontur.ru/site/populyarnye-kompanii-v-focuse/moskva;;;;
580;ООО «Феникс Ресурс»;https://focus.kontur.ru/site/populyarnye-kompanii-v-focuse/moskva;;;;
581;ООО «Тардисфарм»;https://focus.kontur.ru/site/populyarnye-kompanii-v-focuse/moskva;;+7 (831) 462-33-63;https://www.rusprofile.ru/id/11890240;2
582;ЗАО «Арктос Петролеум»;https://focus.kontur.ru/site/populyarnye-kompanii-v-focuse/moskva;;;;
583;ООО «Неотехника»;https://focus.kontur.ru/site/populyarnye-kompanii-v-focuse/moskva;;;;
584;ООО «НОВЫЕ ТЕХНОЛОГИИ ЦВЕТНОЙ МЕТАЛЛУРГИИ»;https://focus.kontur.ru/site/populyarnye-kompanii-v-focuse/moskva;;;;
585;ООО «НьюТек Сервисез»;https://focus.kontur.ru/site/populyarnye-kompanii-v-focuse/moskva;;+7 (3537) 44-02-49;https://www.rusprofile.ru/id/4395666;2
586;ООО «Производственно-Строительный Комбинат №14»;https://focus.kontur.ru/site/populyarnye-kompanii-v-focuse/moskva;;;;
587;ООО «ВИРТГЕН-ИНТЕРНАЦИОНАЛЬ-СЕРВИС»;https://focus.kontur.ru/site/populyarnye-kompanii-v-focuse/moskva;;;;
588;ООО «Напитки ТрансСервис»;https://focus.kontur.ru/site/populyarnye-kompanii-v-focuse/moskva;;;;
589;ООО «Эй-Си-Рейл»;https://focus.kontur.ru/site/populyarnye-kompanii-v-focuse/moskva;;;;
590;ООО «Про Восток»;https://focus.kontur.ru/site/populyarnye-kompanii-v-focuse/moskva;;;;
591;ООО «Столичная Строительная Компания»;https://focus.kontur.ru/site/populyarnye-kompanii-v-focuse/moskva;;;;
592;ООО «Сб Благосостояние»;https://focus.kontur.ru/site/populyarnye-kompanii-v-focuse/moskva;;;;
593;АО «Строй-Трест»;https://focus.kontur.ru/site/populyarnye-kompanii-v-focuse/moskva;;;;
594;АО «Универсальная Лизинговая Компания»;https://focus.kontur.ru/site/populyarnye-kompanii-v-focuse/moskva;;;;
595;ООО «Телс-Рус»;https://focus.kontur.ru/site/populyarnye-kompanii-v-focuse/moskva;;+7 (921) 952-61-12;https://www.rusprofile.ru/id/11416877;2
596;АО «Транскласссервис»;https://focus.kontur.ru/site/populyarnye-kompanii-v-focuse/moskva;;+7 (8142) 59-41-94;https://www.rusprofile.ru/id/3683380;2
597;ООО «ДРИВИКС»;https://focus.kontur.ru/site/populyarnye-kompanii-v-focuse/moskva;;;;
598;ООО «Шмитц Каргобулл Руссланд»;https://focus.kontur.ru/site/populyarnye-kompanii-v-focuse/moskva;;;;
599;ООО «Профсервистрейд»;https://focus.kontur.ru/site/populyarnye-kompanii-v-focuse/moskva;;;;
600;ООО «Трио Климат»;https://focus.kontur.ru/site/populyarnye-kompanii-v-focuse/moskva;;;;
601;АО «Ситиматик»;https://focus.kontur.ru/site/populyarnye-kompanii-v-focuse/moskva;;;;
602;ООО «Восточный»;https://focus.kontur.ru/site/populyarnye-kompanii-v-focuse/moskva;;;;
603;ООО «Ру-Веб. Инвестиции»;https://focus.kontur.ru/site/populyarnye-kompanii-v-focuse/moskva;;;;
604;ООО «Мтк»;https://focus.kontur.ru/site/populyarnye-kompanii-v-focuse/moskva;;;;
605;ООО «Смарт Бэттериз»;https://focus.kontur.ru/site/populyarnye-kompanii-v-focuse/moskva;;;;
606;ООО «Стройник»;https://focus.kontur.ru/site/populyarnye-kompanii-v-focuse/moskva;;;;
607;ООО «Игл Энерджи»;https://focus.kontur.ru/site/populyarnye-kompanii-v-focuse/moskva;;+7 (38355) 4-11-18;https://www.rusprofile.ru/id/1217700289223;2
608;АО «Строительная Компания Флан-М»;https://focus.kontur.ru/site/populyarnye-kompanii-v-focuse/moskva;;;;
609;ООО «ОМИА УРАЛ»;https://focus.kontur.ru/site/populyarnye-kompanii-v-focuse/moskva;;;;
610;ООО «Сибна»;https://focus.kontur.ru/site/populyarnye-kompanii-v-focuse/moskva;;;;
611;ООО «Геокс Рус»;https://focus.kontur.ru/site/populyarnye-kompanii-v-focuse/moskva;;;;
612;ООО «Транснефть Надзор»;https://focus.kontur.ru/site/populyarnye-kompanii-v-focuse/moskva;;;;
613;ООО «Якутстройпроект»;https://focus.kontur.ru/site/populyarnye-kompanii-v-focuse/moskva;;;;
614;ООО «Компания «Элитгрупп»;https://focus.kontur.ru/site/populyarnye-kompanii-v-focuse/moskva;;;;
615;ООО «Техконсур»;https://focus.kontur.ru/site/populyarnye-kompanii-v-focuse/moskva;;;;
616;АО «Резинекс Рус»;https://focus.kontur.ru/site/populyarnye-kompanii-v-focuse/moskva;;+7 (985) 220-92-00;https://www.rusprofile.ru/id/315502;2
617;ООО «Сырных Дел Мастер»;https://focus.kontur.ru/site/populyarnye-kompanii-v-focuse/moskva;;;;
618;ООО «Партнер»;https://focus.kontur.ru/site/populyarnye-kompanii-v-focuse/moskva;;;;
619;ООО «Кондитерская фабрика «ПОБЕДА»;https://focus.kontur.ru/site/populyarnye-kompanii-v-focuse/moskva;;;;
620;ООО «Энки Констракшн»;https://focus.kontur.ru/site/populyarnye-kompanii-v-focuse/moskva;;+7 (47363) 2-19-25;https://www.rusprofile.ru/id/11075080;2
621;ООО «Специализированный Застройщик «Самолет-Алхимово»;https://focus.kontur.ru/site/populyarnye-kompanii-v-focuse/moskva;;;;
622;ООО «Триумф»;https://focus.kontur.ru/site/populyarnye-kompanii-v-focuse/moskva;;;;
623;АО «Шенкер»;https://focus.kontur.ru/site/populyarnye-kompanii-v-focuse/moskva;;;;
624;ООО «Морские Ресурсы»;https://focus.kontur.ru/site/populyarnye-kompanii-v-focuse/moskva;;;;
625;ООО «Регион Ритейл»;https://focus.kontur.ru/site/populyarnye-kompanii-v-focuse/moskva;;;;
626;АО «Мэри Кэй»;https://focus.kontur.ru/site/populyarnye-kompanii-v-focuse/moskva;;;;
627;ООО «Интер Рао — Инжиниринг»;https://focus.kontur.ru/site/populyarnye-kompanii-v-focuse/moskva;;;;
628;ООО «Группа Компаний Современные Экологические Технологии»;https://focus.kontur.ru/site/populyarnye-kompanii-v-focuse/moskva;;;;
629;ООО БауТекс;https://focus.kontur.ru/site/populyarnye-kompanii-v-focuse/moskva;;;;
630;ООО Группа Компаний «АльянсСпецстрой»;https://focus.kontur.ru/site/populyarnye-kompanii-v-focuse/moskva;;;;
631;ООО «Ордена Трудового Красного Знамени хлебозавод им.В. П. Зотова»;https://focus.kontur.ru/site/populyarnye-kompanii-v-focuse/moskva;;;;
632;ООО «Транспорт девелопмент групп»;https://focus.kontur.ru/site/populyarnye-kompanii-v-focuse/moskva;;;;
633;ООО «Евраз Стил Билдинг»;https://focus.kontur.ru/site/populyarnye-kompanii-v-focuse/moskva;;;;
634;ООО «ПрофильДоорс»;https://focus.kontur.ru/site/populyarnye-kompanii-v-focuse/moskva;;;;
635;ООО «Эдвансед Трансформейшн Консалтинг»;https://focus.kontur.ru/site/populyarnye-kompanii-v-focuse/moskva;;;;
636;ООО «Промсоюз»;https://focus.kontur.ru/site/populyarnye-kompanii-v-focuse/moskva;;;;
637;ООО «РУССКАЯ НЕФТЕТОПЛИВНАЯ КОМПАНИЯ»;https://focus.kontur.ru/site/populyarnye-kompanii-v-focuse/moskva;;;;
638;ООО «Стройтехинжиниринг»;https://focus.kontur.ru/site/populyarnye-kompanii-v-focuse/moskva;;;;
639;ООО «ОПТИК-КЛУБ»;https://focus.kontur.ru/site/populyarnye-kompanii-v-focuse/moskva;;;;
640;ФГУП «Предприятие по поставкам продукции Управления делами Президента Российской Федерации»;https://focus.kontur.ru/site/populyarnye-kompanii-v-focuse/moskva;;;;
641;ООО «Пошк»;https://focus.kontur.ru/site/populyarnye-kompanii-v-focuse/moskva;;;;
642;ООО «Гс Констракшен»;https://focus.kontur.ru/site/populyarnye-kompanii-v-focuse/moskva;;;;
643;ООО «Волна»;https://focus.kontur.ru/site/populyarnye-kompanii-v-focuse/moskva;;;;
644;ООО «Компания «Агора»;https://focus.kontur.ru/site/populyarnye-kompanii-v-focuse/moskva;;;;
645;ООО «Люблино Девелопмент»;https://focus.kontur.ru/site/populyarnye-kompanii-v-focuse/moskva;;;;
646;ООО «СТМ-Групп»;https://focus.kontur.ru/site/populyarnye-kompanii-v-focuse/moskva;;;;
647;ООО «Уральская транспортная компания»;https://focus.kontur.ru/site/populyarnye-kompanii-v-focuse/moskva;;;;
648;ООО «Вк Цифровые Технологии»;https://focus.kontur.ru/site/populyarnye-kompanii-v-focuse/moskva;;;;
649;ООО «МастерКард»;https://focus.kontur.ru/site/populyarnye-kompanii-v-focuse/moskva;;;;
650;ООО Нк «Транс-Ойл»;https://focus.kontur.ru/site/populyarnye-kompanii-v-focuse/moskva;;;;
651;ООО «Р-Строй»;https://focus.kontur.ru/site/populyarnye-kompanii-v-focuse/moskva;;;;
652;АО «Первый Канал. Всемирная Сеть»;https://focus.kontur.ru/site/populyarnye-kompanii-v-focuse/moskva;;;;
653;ООО Торговый Дом «Сибирский Промышленный Холдинг»;https://focus.kontur.ru/site/populyarnye-kompanii-v-focuse/moskva;;;;
654;АО «Форум Электро»;https://focus.kontur.ru/site/populyarnye-kompanii-v-focuse/moskva;;;;
655;ООО «Бина Групп»;https://focus.kontur.ru/site/populyarnye-kompanii-v-focuse/moskva;;;;
656;ООО «Ньюфэшн»;https://focus.kontur.ru/site/populyarnye-kompanii-v-focuse/moskva;;;;
657;ООО «Мир Бакалеи»;https://focus.kontur.ru/site/populyarnye-kompanii-v-focuse/moskva;;;;
658;ООО «ВИЛЬД РОССИЯ»;https://focus.kontur.ru/site/populyarnye-kompanii-v-focuse/moskva;;;;
659;АО «Тввд»;https://focus.kontur.ru/site/populyarnye-kompanii-v-focuse/moskva;;;;
660;АО «УК Эфко»;https://focus.kontur.ru/site/populyarnye-kompanii-v-focuse/moskva;;;;
661;ООО «Вино он-лайн АГ»;https://focus.kontur.ru/site/populyarnye-kompanii-v-focuse/moskva;;;;
662;ООО «Автопрофит»;https://focus.kontur.ru/site/populyarnye-kompanii-v-focuse/moskva;;;;
663;ООО «Агропромтрейд»;https://focus.kontur.ru/site/populyarnye-kompanii-v-focuse/moskva;;;;
664;ООО «Арт Авиа»;https://focus.kontur.ru/site/populyarnye-kompanii-v-focuse/moskva;;;;
665;АО «Специализированный Застройщик «Лосиноостровский Завод Строительных Материалов и Конструкций»;https://focus.kontur.ru/site/populyarnye-kompanii-v-focuse/moskva;;;;
666;ООО «А сериал»;https://focus.kontur.ru/site/populyarnye-kompanii-v-focuse/moskva;;;;
667;АО «Концерн Радиостроения «Вега»;https://focus.kontur.ru/site/populyarnye-kompanii-v-focuse/moskva;;;;
668;ООО «РИМЕРА-Сервис»;https://focus.kontur.ru/site/populyarnye-kompanii-v-focuse/moskva;;;;
669;ООО «РУСТЭК-МАГИСТРАЛЬ»;https://focus.kontur.ru/site/populyarnye-kompanii-v-focuse/moskva;;;;
670;ООО «М Партс»;https://focus.kontur.ru/site/populyarnye-kompanii-v-focuse/moskva;;;;
671;Федеральное государственное бюджетное учреждение «Рослесинфорг»;https://focus.kontur.ru/site/populyarnye-kompanii-v-focuse/moskva;;;;
672;ООО «Бимбо Кьюэсар Рус»;https://focus.kontur.ru/site/populyarnye-kompanii-v-focuse/moskva;;;;
673;ООО «ЭкоЛесПром»;https://focus.kontur.ru/site/populyarnye-kompanii-v-focuse/moskva;;;;
674;ООО «Терра Групп»;https://focus.kontur.ru/site/populyarnye-kompanii-v-focuse/moskva;;;;
675;АО «Саско-Навигатор»;https://focus.kontur.ru/site/populyarnye-kompanii-v-focuse/moskva;;;;
676;ООО «Нова Групп»;https://focus.kontur.ru/site/populyarnye-kompanii-v-focuse/moskva;;;;
677;ООО «Строительная Компания №1»;https://focus.kontur.ru/site/populyarnye-kompanii-v-focuse/moskva;;;;
678;АО «Железнодорожная Торговая Компания»;https://focus.kontur.ru/site/populyarnye-kompanii-v-focuse/moskva;;;;
679;ООО «Баланс-консалт»;https://focus.kontur.ru/site/populyarnye-kompanii-v-focuse/moskva;;;;
680;ООО «Четвертый Ветропарк Фрв»;https://focus.kontur.ru/site/populyarnye-kompanii-v-focuse/moskva;;;;
681;ООО «Протектор»;https://focus.kontur.ru/site/populyarnye-kompanii-v-focuse/moskva;;;;
682;ООО «ГПА Инжиниринг»;https://focus.kontur.ru/site/populyarnye-kompanii-v-focuse/moskva;;;;
683;ООО «Юви Мск»;https://focus.kontur.ru/site/populyarnye-kompanii-v-focuse/moskva;;;;
684;АО «Бриксо»;https://focus.kontur.ru/site/populyarnye-kompanii-v-focuse/moskva;;;;
685;АО «Высокотехнологический НИИ Неорганических Материалов Имени Академика А.А. Бочвара»;https://focus.kontur.ru/site/populyarnye-kompanii-v-focuse/moskva;;;;
686;ООО «Специализированный Застройщик «Кварта»;https://focus.kontur.ru/site/populyarnye-kompanii-v-focuse/moskva;;;;
687;ООО «Котон Текстиль»;https://focus.kontur.ru/site/populyarnye-kompanii-v-focuse/moskva;;;;
688;ООО «Актион-диджитал»;https://focus.kontur.ru/site/populyarnye-kompanii-v-focuse/moskva;;;;
689;ООО «Филье Проперти»;https://focus.kontur.ru/site/populyarnye-kompanii-v-focuse/moskva;;;;
690;АО Научно-Инженерное предприятие «Информзащита»;https://focus.kontur.ru/site/populyarnye-kompanii-v-focuse/moskva;;;;
691;АО «Регионы-Энтертейнмент»;https://focus.kontur.ru/site/populyarnye-kompanii-v-focuse/moskva;;;;
692;ООО «Фрезениус Каби»;https://focus.kontur.ru/site/populyarnye-kompanii-v-focuse/moskva;;;;
693;ООО «Торговый Дом АДЛ»;https://focus.kontur.ru/site/populyarnye-kompanii-v-focuse/moskva;;;;
694;ООО «Эксперт»;https://focus.kontur.ru/site/populyarnye-kompanii-v-focuse/moskva;;;;
695;ООО «Сибмол»;https://focus.kontur.ru/site/populyarnye-kompanii-v-focuse/moskva;;;;
696;ООО «Строймашпром»;https://focus.kontur.ru/site/populyarnye-kompanii-v-focuse/moskva;;;;
697;ООО «Холдинг Протэк»;https://focus.kontur.ru/site/populyarnye-kompanii-v-focuse/moskva;;;;
698;ООО «Белорусская Сахарная Компания»;https://focus.kontur.ru/site/populyarnye-kompanii-v-focuse/moskva;;;;
699;ООО «Творческое производственное объединение Ред Медиа»;https://focus.kontur.ru/site/populyarnye-kompanii-v-focuse/moskva;;;;
700;ООО «Рублевский Парк»;https://focus.kontur.ru/site/populyarnye-kompanii-v-focuse/moskva;;;;
701;ООО «Спецстройтехнологии-М»;https://focus.kontur.ru/site/populyarnye-kompanii-v-focuse/moskva;;;;
702;ООО «Буровая Компания ПНГ»;https://focus.kontur.ru/site/populyarnye-kompanii-v-focuse/moskva;;;;
703;ООО «Кворум»;https://focus.kontur.ru/site/populyarnye-kompanii-v-focuse/moskva;;;;
704;ООО «Агро-Система»;https://focus.kontur.ru/site/populyarnye-kompanii-v-focuse/moskva;;;;
705;ООО «Кормовит»;https://focus.kontur.ru/site/populyarnye-kompanii-v-focuse/moskva;;;;
706;ООО «Интердисп Рус»;https://focus.kontur.ru/site/populyarnye-kompanii-v-focuse/moskva;;;;
707;ООО «Рст-Генподряд»;https://focus.kontur.ru/site/populyarnye-kompanii-v-focuse/moskva;;;;
708;ООО «Стройнефтегазовая Компания»;https://focus.kontur.ru/site/populyarnye-kompanii-v-focuse/moskva;;;;
709;ООО «Сиренц Глобал Мерчантс Восток»;https://focus.kontur.ru/site/populyarnye-kompanii-v-focuse/moskva;;;;
710;ООО «Стальные Решения»;https://focus.kontur.ru/site/populyarnye-kompanii-v-focuse/moskva;;;;
711;ООО «Яндекс.Доставка Холдинг»;https://focus.kontur.ru/site/populyarnye-kompanii-v-focuse/moskva;;;;
712;ООО «Нв-Сервис»;https://focus.kontur.ru/site/populyarnye-kompanii-v-focuse/moskva;;;;
713;ООО «Вито-1»;https://focus.kontur.ru/site/populyarnye-kompanii-v-focuse/moskva;;;;
714;АО «УКС инженерных коммуникаций, сооружений и дорог»;https://focus.kontur.ru/site/populyarnye-kompanii-v-focuse/moskva;;;;
715;ООО «Трапеза»;https://focus.kontur.ru/site/populyarnye-kompanii-v-focuse/moskva;;;;
716;ООО «Нефтика-Кард»;https://focus.kontur.ru/site/populyarnye-kompanii-v-focuse/moskva;;;;
717;ООО «ОССТЕМ»;https://focus.kontur.ru/site/populyarnye-kompanii-v-focuse/moskva;;;;
718;АО «3м Россия»;https://focus.kontur.ru/site/populyarnye-kompanii-v-focuse/moskva;;;;
719;ООО «АЛЛТЕК»;https://focus.kontur.ru/site/populyarnye-kompanii-v-focuse/moskva;;;;
720;ООО «Арвм»;https://focus.kontur.ru/site/populyarnye-kompanii-v-focuse/moskva;;;;
721;ООО «ЭйрТрансс»;https://focus.kontur.ru/site/populyarnye-kompanii-v-focuse/moskva;;;;
722;ООО «Фармаконтур»;https://focus.kontur.ru/site/populyarnye-kompanii-v-focuse/moskva;;;;
723;ООО «Центр управления проектами Чебоксарского электроаппаратного завода»;https://focus.kontur.ru/site/populyarnye-kompanii-v-focuse/moskva;;;;
724;АО «Торговый Дом Ббк»;https://focus.kontur.ru/site/populyarnye-kompanii-v-focuse/moskva;;;;
725;ООО «ЭВЕРЕСТ»;https://focus.kontur.ru/site/populyarnye-kompanii-v-focuse/moskva;;;;
726;ООО «ХАТБЕР-М»;https://focus.kontur.ru/site/populyarnye-kompanii-v-focuse/moskva;;;;
727;ООО «Корвет Нефтегазовое Оборудование»;https://focus.kontur.ru/site/populyarnye-kompanii-v-focuse/moskva;;;;
728;ООО «Автодор-Инжиниринг»;https://focus.kontur.ru/site/populyarnye-kompanii-v-focuse/moskva;;;;
729;ООО «РОЗА МИРА»;https://focus.kontur.ru/site/populyarnye-kompanii-v-focuse/moskva;;;;
730;ООО «Итерн»;https://focus.kontur.ru/site/populyarnye-kompanii-v-focuse/moskva;;;;
731;ООО «Жаров Групп»;https://focus.kontur.ru/site/populyarnye-kompanii-v-focuse/moskva;;;;
732;АО «Автобау»;https://focus.kontur.ru/site/populyarnye-kompanii-v-focuse/moskva;;;;
733;ООО «Сбт-Альянс»;https://focus.kontur.ru/site/populyarnye-kompanii-v-focuse/moskva;;;;
734;ООО «Русбизнесстрой»;https://focus.kontur.ru/site/populyarnye-kompanii-v-focuse/moskva;;;;
735;ООО «МЕДИА КЛУБ»;https://focus.kontur.ru/site/populyarnye-kompanii-v-focuse/moskva;;;;
736;ООО «Таврида Электрик»;https://focus.kontur.ru/site/populyarnye-kompanii-v-focuse/moskva;;;;
737;ООО «Абакан Эир»;https://focus.kontur.ru/site/populyarnye-kompanii-v-focuse/moskva;;;;
738;ООО «Ситистафф»;https://focus.kontur.ru/site/populyarnye-kompanii-v-focuse/moskva;;;;
739;ООО «Котани»;https://focus.kontur.ru/site/populyarnye-kompanii-v-focuse/moskva;;;;
740;АО «48 Управление Наладочных Работ»;https://focus.kontur.ru/site/populyarnye-kompanii-v-focuse/moskva;;;;
741;ООО «Икстрим»;https://focus.kontur.ru/site/populyarnye-kompanii-v-focuse/moskva;;;;
742;ООО «Клиника ЛМС»;https://focus.kontur.ru/site/populyarnye-kompanii-v-focuse/moskva;;;;
743;ООО «Мофарм»;https://focus.kontur.ru/site/populyarnye-kompanii-v-focuse/moskva;;;;
744;ООО «Русфен»;https://focus.kontur.ru/site/populyarnye-kompanii-v-focuse/moskva;;;;
745;ООО «АВТОАЛЬЯНС»;https://focus.kontur.ru/site/populyarnye-kompanii-v-focuse/moskva;;;;
746;ООО «Ингкома»;https://focus.kontur.ru/site/populyarnye-kompanii-v-focuse/moskva;;;;
747;ООО «КВАРТАЛ 674-675»;https://focus.kontur.ru/site/populyarnye-kompanii-v-focuse/moskva;;;;
748;ООО «Монарх Бизнес Клуб-Мск»;https://focus.kontur.ru/site/populyarnye-kompanii-v-focuse/moskva;;;;
749;ООО «Оптовая Швейная Компания»;https://focus.kontur.ru/site/populyarnye-kompanii-v-focuse/moskva;;;;
750;ООО «Глобал Импорт»;https://focus.kontur.ru/site/populyarnye-kompanii-v-focuse/moskva;;;;
751;АО «Желдоравтоматизация»;https://focus.kontur.ru/site/populyarnye-kompanii-v-focuse/moskva;;;;
752;АО «Лифтконнект»;https://focus.kontur.ru/site/populyarnye-kompanii-v-focuse/moskva;;;;
753;ООО «Адв Бенчмарк»;https://focus.kontur.ru/site/populyarnye-kompanii-v-focuse/moskva;;;;
754;ООО «Кузница»;https://focus.kontur.ru/site/populyarnye-kompanii-v-focuse/moskva;;;;
755;ООО «Ассоциация строителей Амуро-Якутской магистрали»;https://focus.kontur.ru/site/populyarnye-kompanii-v-focuse/moskva;;;;
756;ООО «ЮСБ Фарма Логистикс»;https://focus.kontur.ru/site/populyarnye-kompanii-v-focuse/moskva;;;;
757;ООО «Юнион»;https://focus.kontur.ru/site/populyarnye-kompanii-v-focuse/moskva;;;;
758;ООО «Строй Керамика Сервис»;https://focus.kontur.ru/site/populyarnye-kompanii-v-focuse/moskva;;;;
759;АО «Гвардиола»;https://focus.kontur.ru/site/populyarnye-kompanii-v-focuse/moskva;;;;
760;ООО «Связь-Телеком»;https://focus.kontur.ru/site/populyarnye-kompanii-v-focuse/moskva;;;;
761;ООО «Развлекательный Онлайн-Сервис»;https://focus.kontur.ru/site/populyarnye-kompanii-v-focuse/moskva;;;;
762;ООО «ЗабДорСтрой»;https://focus.kontur.ru/site/populyarnye-kompanii-v-focuse/moskva;;;;
763;ООО «ФОРС — Центр разработки»;https://focus.kontur.ru/site/populyarnye-kompanii-v-focuse/moskva;;;;
764;ООО «Нефтегазсервис»;https://focus.kontur.ru/site/populyarnye-kompanii-v-focuse/moskva;;;;
765;ООО «Фонбет Тв»;https://focus.kontur.ru/site/populyarnye-kompanii-v-focuse/moskva;;;;
766;ООО «Филд Форс Групп Рус»;https://focus.kontur.ru/site/populyarnye-kompanii-v-focuse/moskva;;;;
767;ООО «Прайм Топ Индастри»;https://focus.kontur.ru/site/populyarnye-kompanii-v-focuse/moskva;;;;
768;ООО «ПКФ Контур»;https://focus.kontur.ru/site/populyarnye-kompanii-v-focuse/moskva;;;;
769;ООО «Компания Арго»;https://focus.kontur.ru/site/populyarnye-kompanii-v-focuse/moskva;;;;
770;Аккредитованное Образовательное Частное учреждение Высшего Образования «Московский Финансово-Юридический Университет Мфюа»;https://focus.kontur.ru/site/populyarnye-kompanii-v-focuse/moskva;;;;
771;ООО «ЮНОТЭК»;https://focus.kontur.ru/site/populyarnye-kompanii-v-focuse/moskva;;;;
772;АО «Клиника К+31»;https://focus.kontur.ru/site/populyarnye-kompanii-v-focuse/moskva;;;;
773;ОАО «Нефтяной фонд промышленной реконструкции и развития»;https://focus.kontur.ru/site/populyarnye-kompanii-v-focuse/moskva;;;;
774;ООО «Ветростройдеталь»;https://focus.kontur.ru/site/populyarnye-kompanii-v-focuse/moskva;;;;
775;ООО «ФОРТЛЭНД»;https://focus.kontur.ru/site/populyarnye-kompanii-v-focuse/moskva;;;;
776;ООО «Главкапстрой»;https://focus.kontur.ru/site/populyarnye-kompanii-v-focuse/moskva;;;;
777;ООО «АВЕТА»;https://focus.kontur.ru/site/populyarnye-kompanii-v-focuse/moskva;;;;
778;ЗАО «НПК Эллирон»;https://focus.kontur.ru/site/populyarnye-kompanii-v-focuse/moskva;;;;
779;ООО «Делай Мебель»;https://focus.kontur.ru/site/populyarnye-kompanii-v-focuse/moskva;;;;
780;ООО «Трансэнергопром»;https://focus.kontur.ru/site/populyarnye-kompanii-v-focuse/moskva;;;;
781;ООО «СПЕЦПРОЕКТ-2»;https://focus.kontur.ru/site/populyarnye-kompanii-v-focuse/moskva;;;;
782;ООО «Гесс? Сиайэс»;https://focus.kontur.ru/site/populyarnye-kompanii-v-focuse/moskva;;;;
783;ООО «Региональное Управление Кмз»;https://focus.kontur.ru/site/populyarnye-kompanii-v-focuse/moskva;;;;
784;АО «Каширский Двор-Северянин»;https://focus.kontur.ru/site/populyarnye-kompanii-v-focuse/moskva;;;;
785;АО «Рта Эйр Энд Си»;https://focus.kontur.ru/site/populyarnye-kompanii-v-focuse/moskva;;;;
786;ООО «Живодан Рус»;https://focus.kontur.ru/site/populyarnye-kompanii-v-focuse/moskva;;;;
787;ООО «Строительно-монтажное управление № 8 Метростроя»;https://focus.kontur.ru/site/populyarnye-kompanii-v-focuse/moskva;;;;
788;ООО «Фроза Мск»;https://focus.kontur.ru/site/populyarnye-kompanii-v-focuse/moskva;;;;
789;ООО «Информ»;https://focus.kontur.ru/site/populyarnye-kompanii-v-focuse/moskva;;;;
790;ООО «АВТОПОРТ»;https://focus.kontur.ru/site/populyarnye-kompanii-v-focuse/moskva;;;;
791;ООО «Меркурий»;https://focus.kontur.ru/site/populyarnye-kompanii-v-focuse/moskva;;;;
792;ООО «Магистраль-Юг»;https://focus.kontur.ru/site/populyarnye-kompanii-v-focuse/moskva;;;;
793;ООО «Специализированный Застройщик «Перспектива Инвест Групп»;https://focus.kontur.ru/site/populyarnye-kompanii-v-focuse/moskva;;;;
794;ООО «НСК Огнеупор Холдинг»;https://focus.kontur.ru/site/populyarnye-kompanii-v-focuse/moskva;;;;
795;ООО «Пик-Логистика»;https://focus.kontur.ru/site/populyarnye-kompanii-v-focuse/moskva;;;;
796;АО «Еврохим-1 Функциональные Добавки»;https://focus.kontur.ru/site/populyarnye-kompanii-v-focuse/moskva;;;;
797;АО «Транснефть-Метрология»;https://focus.kontur.ru/site/populyarnye-kompanii-v-focuse/moskva;;;;
798;ЗАО «ФИРМА ГАЛЕН»;https://focus.kontur.ru/site/populyarnye-kompanii-v-focuse/moskva;;;;
799;ООО «Обухов Автоцентр»;https://focus.kontur.ru/site/populyarnye-kompanii-v-focuse/moskva;;;;
800;ООО «ЮниКредит Лизинг»;https://focus.kontur.ru/site/populyarnye-kompanii-v-focuse/moskva;;;;
801;ООО Миле СНГ;https://focus.kontur.ru/site/populyarnye-kompanii-v-focuse/moskva;;;;
802;ООО «АФ-Групп Торговая компания»;https://focus.kontur.ru/site/populyarnye-kompanii-v-focuse/moskva;;;;
803;ООО «Атол»;https://focus.kontur.ru/site/populyarnye-kompanii-v-focuse/moskva;;;;
804;ООО «Техностайл»;https://focus.kontur.ru/site/populyarnye-kompanii-v-focuse/moskva;;;;
805;ООО «САС Институт»;https://focus.kontur.ru/site/populyarnye-kompanii-v-focuse/moskva;;;;
806;ООО «Пилот МС»;https://focus.kontur.ru/site/populyarnye-kompanii-v-focuse/moskva;;;;
807;АО «Азимут»;https://focus.kontur.ru/site/populyarnye-kompanii-v-focuse/moskva;;;;
808;АО «Ионообменные Технологии»;https://focus.kontur.ru/site/populyarnye-kompanii-v-focuse/moskva;;;;
809;ООО «Алкогольная Производственная Компания»;https://focus.kontur.ru/site/populyarnye-kompanii-v-focuse/moskva;;;;
810;ООО «Ротекс-с»;https://focus.kontur.ru/site/populyarnye-kompanii-v-focuse/moskva;;;;
811;ООО «Торговая Компания «Виктория»;https://focus.kontur.ru/site/populyarnye-kompanii-v-focuse/moskva;;;;
812;ООО «Торговый Дом «Москворецкий»;https://focus.kontur.ru/site/populyarnye-kompanii-v-focuse/moskva;;;;
813;ООО «Гедеон Рихтер Фарма»;https://focus.kontur.ru/site/populyarnye-kompanii-v-focuse/moskva;;;;
814;ООО «Глобус»;https://focus.kontur.ru/site/populyarnye-kompanii-v-focuse/moskva;;;;
815;ООО «М-Промтех»;https://focus.kontur.ru/site/populyarnye-kompanii-v-focuse/moskva;;;;
816;АО «Аэрокомпозит»;https://focus.kontur.ru/site/populyarnye-kompanii-v-focuse/moskva;;;;
817;ООО «Инновационная Медицина»;https://focus.kontur.ru/site/populyarnye-kompanii-v-focuse/moskva;;;;
818;ООО «Ритейл Проперти 6»;https://focus.kontur.ru/site/populyarnye-kompanii-v-focuse/moskva;;;;
819;ЗАО «Теплый дом СМ»;https://focus.kontur.ru/site/populyarnye-kompanii-v-focuse/moskva;;;;
820;ООО «Делфуд»;https://focus.kontur.ru/site/populyarnye-kompanii-v-focuse/moskva;;;;
821;АО «Московский Центр Новых Технологий Телекоммуникаций»;https://focus.kontur.ru/site/populyarnye-kompanii-v-focuse/moskva;;;;
822;АО «Бик СНГ»;https://focus.kontur.ru/site/populyarnye-kompanii-v-focuse/moskva;;;;
823;ООО «ТРИУМФ»;https://focus.kontur.ru/site/populyarnye-kompanii-v-focuse/moskva;;;;
824;АО «Хлебозавод №16 (Специализированный Застройщик)»;https://focus.kontur.ru/site/populyarnye-kompanii-v-focuse/moskva;;;;
825;ООО «Астор»;https://focus.kontur.ru/site/populyarnye-kompanii-v-focuse/moskva;;;;
826;ООО «НТЦ Синергия»;https://focus.kontur.ru/site/populyarnye-kompanii-v-focuse/moskva;;;;
827;Федеральное автономное учреждение «Главное управление государственной экспертизы»;https://focus.kontur.ru/site/populyarnye-kompanii-v-focuse/moskva;;;;
828;АО «Связьстройдеталь»;https://focus.kontur.ru/site/populyarnye-kompanii-v-focuse/moskva;;;;
829;Производственно-коммерческое ООО фирма «АЛЬПАРИ»;https://focus.kontur.ru/site/populyarnye-kompanii-v-focuse/moskva;;;;
830;ООО «Отраслевой центр разработки и внедрения информационных систем»;https://focus.kontur.ru/site/populyarnye-kompanii-v-focuse/moskva;;;;
831;ООО «Оптик-Вижн»;https://focus.kontur.ru/site/populyarnye-kompanii-v-focuse/moskva;;;;
832;ООО «Вектор Дистрибьюшн»;https://focus.kontur.ru/site/populyarnye-kompanii-v-focuse/moskva;;;;
833;ООО «Витаминрус»;https://focus.kontur.ru/site/populyarnye-kompanii-v-focuse/moskva;;;;
834;ООО «Исси проджект»;https://focus.kontur.ru/site/populyarnye-kompanii-v-focuse/moskva;;;;
835;АО «Московское Конструкторское Бюро «Компас»;https://focus.kontur.ru/site/populyarnye-kompanii-v-focuse/moskva;;;;
836;ООО «Массимо Дутти»;https://focus.kontur.ru/site/populyarnye-kompanii-v-focuse/moskva;;;;
837;ООО «Гросс»;https://focus.kontur.ru/site/populyarnye-kompanii-v-focuse/moskva;;;;
838;ООО «Инвест Менеджмент»;https://focus.kontur.ru/site/populyarnye-kompanii-v-focuse/moskva;;;;
839;ООО «Тэкар Групп»;https://focus.kontur.ru/site/populyarnye-kompanii-v-focuse/moskva;;;;
840;ООО «ТНП-Менеджмент»;https://focus.kontur.ru/site/populyarnye-kompanii-v-focuse/moskva;;;;
841;ООО «Торговый Дом «Гринлайн»;https://focus.kontur.ru/site/populyarnye-kompanii-v-focuse/moskva;;;;
842;ФГУП «Московский Эндокринный Завод»;https://focus.kontur.ru/site/populyarnye-kompanii-v-focuse/moskva;;;;
843;ООО «Стар Гейт»;https://focus.kontur.ru/site/populyarnye-kompanii-v-focuse/moskva;;;;
844;ООО «ЛЕГО»;https://focus.kontur.ru/site/populyarnye-kompanii-v-focuse/moskva;;;;
845;ООО «ТСК Строительная Техника и Машины»;https://focus.kontur.ru/site/populyarnye-kompanii-v-focuse/moskva;;;;
846;ООО «Кенмер Градня»;https://focus.kontur.ru/site/populyarnye-kompanii-v-focuse/moskva;;;;
847;ООО «СоЭнерго+»;https://focus.kontur.ru/site/populyarnye-kompanii-v-focuse/moskva;;;;
848;ЗАО «Лидер» (Компания по управлению активами пенсионного фонда);https://focus.kontur.ru/site/populyarnye-kompanii-v-focuse/moskva;;;;
849;ООО «Мпс Комплексные Решения»;https://focus.kontur.ru/site/populyarnye-kompanii-v-focuse/moskva;;;;
850;ООО «Софтлайн Интеграция»;https://focus.kontur.ru/site/populyarnye-kompanii-v-focuse/moskva;;;;
851;ООО «Таксомоторный парк № 20»;https://focus.kontur.ru/site/populyarnye-kompanii-v-focuse/moskva;;;;
852;ООО «ЛМЛ и Ко»;https://focus.kontur.ru/site/populyarnye-kompanii-v-focuse/moskva;;;;
853;ООО «Логистик-Трейд»;https://focus.kontur.ru/site/populyarnye-kompanii-v-focuse/moskva;;;;
854;ООО «Фортис»;https://focus.kontur.ru/site/populyarnye-kompanii-v-focuse/moskva;;;;
855;ООО «Межрегионсбыт»;https://focus.kontur.ru/site/populyarnye-kompanii-v-focuse/moskva;;;;
856;ООО «Эй Си Нильсен»;https://focus.kontur.ru/site/populyarnye-kompanii-v-focuse/moskva;;;;
857;ООО «Стройсервис»;https://focus.kontur.ru/site/populyarnye-kompanii-v-focuse/moskva;;;;
858;ООО «Бизнес Групп»;https://focus.kontur.ru/site/populyarnye-kompanii-v-focuse/moskva;;;;
859;ООО «Айди Коллект»;https://focus.kontur.ru/site/populyarnye-kompanii-v-focuse/moskva;;;;
860;АО «Нвбс»;https://focus.kontur.ru/site/populyarnye-kompanii-v-focuse/moskva;;;;
861;ООО «Алгоритм Трейдинг»;https://focus.kontur.ru/site/populyarnye-kompanii-v-focuse/moskva;;;;
862;ООО «Специализированный Застройщик Академика Королева»;https://focus.kontur.ru/site/populyarnye-kompanii-v-focuse/moskva;;;;
863;ООО «ТК Вымпел»;https://focus.kontur.ru/site/populyarnye-kompanii-v-focuse/moskva;;;;
864;ООО «УК «Атон-менеджмент»;https://focus.kontur.ru/site/populyarnye-kompanii-v-focuse/moskva;;;;
865;ООО «Май.Геймз Девелопмент»;https://focus.kontur.ru/site/populyarnye-kompanii-v-focuse/moskva;;;;
866;ООО «Импайс»;https://focus.kontur.ru/site/populyarnye-kompanii-v-focuse/moskva;;;;
867;АО «Аксиома»;https://focus.kontur.ru/site/populyarnye-kompanii-v-focuse/moskva;;;;
868;ООО «Трейдер Дв»;https://focus.kontur.ru/site/populyarnye-kompanii-v-focuse/moskva;;;;
869;ООО «Торговый Дом Компания Дефендер»;https://focus.kontur.ru/site/populyarnye-kompanii-v-focuse/moskva;;;;
870;ООО НПП «Системы водоочистки»;https://focus.kontur.ru/site/populyarnye-kompanii-v-focuse/moskva;;;;
871;ООО «ФАРМИНА ПЕТ ФУДС»;https://focus.kontur.ru/site/populyarnye-kompanii-v-focuse/moskva;;;;
872;ООО Мс Интермарк Авто;https://focus.kontur.ru/site/populyarnye-kompanii-v-focuse/moskva;;;;
873;ООО «Промторг»;https://focus.kontur.ru/site/populyarnye-kompanii-v-focuse/moskva;;;;
874;АО Финансовая Группа «Эверест»;https://focus.kontur.ru/site/populyarnye-kompanii-v-focuse/moskva;;;;
875;ООО «Хай Вэй Групп»;https://focus.kontur.ru/site/populyarnye-kompanii-v-focuse/moskva;;;;
876;ООО «Лидер»;https://focus.kontur.ru/site/populyarnye-kompanii-v-focuse/moskva;;;;
877;ООО «Тн Трейд»;https://focus.kontur.ru/site/populyarnye-kompanii-v-focuse/moskva;;;;
878;ООО «Пивиэйч Сторс Рус»;https://focus.kontur.ru/site/populyarnye-kompanii-v-focuse/moskva;;;;
879;ООО «Технотранс»;https://focus.kontur.ru/site/populyarnye-kompanii-v-focuse/moskva;;;;
880;ООО «Ветеринарный Сервис»;https://focus.kontur.ru/site/populyarnye-kompanii-v-focuse/moskva;;;;
881;ООО «КРИПТО-ПРО»;https://focus.kontur.ru/site/populyarnye-kompanii-v-focuse/moskva;;;;
882;ООО «Атомэнергосбыт Бизнес»;https://focus.kontur.ru/site/populyarnye-kompanii-v-focuse/moskva;;;;
883;ООО «Спецэнергогрупп»;https://focus.kontur.ru/site/populyarnye-kompanii-v-focuse/moskva;;;;
884;ООО «Альма»;https://focus.kontur.ru/site/populyarnye-kompanii-v-focuse/moskva;;;;
885;ООО «Диалог Столица»;https://focus.kontur.ru/site/populyarnye-kompanii-v-focuse/moskva;;;;
886;ООО «Линия Защиты»;https://focus.kontur.ru/site/populyarnye-kompanii-v-focuse/moskva;;;;
887;ООО «Промнефтегазинжиниринг»;https://focus.kontur.ru/site/populyarnye-kompanii-v-focuse/moskva;;;;
888;АО «Торговый Дом «Свинпром»;https://focus.kontur.ru/site/populyarnye-kompanii-v-focuse/moskva;;;;
889;ООО «Торговая Компания «Абрис»;https://focus.kontur.ru/site/populyarnye-kompanii-v-focuse/moskva;;;;
890;ООО «Рн-Стройконтроль»;https://focus.kontur.ru/site/populyarnye-kompanii-v-focuse/moskva;;;;
891;ООО «ЧИБО СНГ»;https://focus.kontur.ru/site/populyarnye-kompanii-v-focuse/moskva;;;;
892;ООО «ЗООСТАНДАРТ»;https://focus.kontur.ru/site/populyarnye-kompanii-v-focuse/moskva;;;;
893;ООО «Мультимедийный Информационный Центр «Известия»;https://focus.kontur.ru/site/populyarnye-kompanii-v-focuse/moskva;;;;
894;АО «Укс»;https://focus.kontur.ru/site/populyarnye-kompanii-v-focuse/moskva;;;;
895;ООО «Интегрити Солюшнс»;https://focus.kontur.ru/site/populyarnye-kompanii-v-focuse/moskva;;;;
896;ООО «Полимеры»;https://focus.kontur.ru/site/populyarnye-kompanii-v-focuse/moskva;;;;
897;ООО «Корпорация Мосстройтранс»;https://focus.kontur.ru/site/populyarnye-kompanii-v-focuse/moskva;;;;
898;ООО «Стальпротектколор»;https://focus.kontur.ru/site/populyarnye-kompanii-v-focuse/moskva;;;;
899;ООО «Октан100»;https://focus.kontur.ru/site/populyarnye-kompanii-v-focuse/moskva;;;;
900;АО «Модный Континент»;https://focus.kontur.ru/site/populyarnye-kompanii-v-focuse/moskva;;;;
901;ООО «Агро-Нова»;https://focus.kontur.ru/site/populyarnye-kompanii-v-focuse/moskva;;;;
902;ООО «Смарт Менеджмент»;https://focus.kontur.ru/site/populyarnye-kompanii-v-focuse/moskva;;;;
903;ООО «Инокспоинт Групп»;https://focus.kontur.ru/site/populyarnye-kompanii-v-focuse/moskva;;;;
904;Автономная НО «Центр Развития Предпринимательства +»;https://focus.kontur.ru/site/populyarnye-kompanii-v-focuse/moskva;;;;
905;ООО «Панацея»;https://focus.kontur.ru/site/populyarnye-kompanii-v-focuse/moskva;;;;
906;ООО «Гха»;https://focus.kontur.ru/site/populyarnye-kompanii-v-focuse/moskva;;;;
907;ООО «А-Трейд»;https://focus.kontur.ru/site/populyarnye-kompanii-v-focuse/moskva;;;;
908;ООО «Лесная 27»;https://focus.kontur.ru/site/populyarnye-kompanii-v-focuse/moskva;;;;
909;ООО «Авто-Мс»;https://focus.kontur.ru/site/populyarnye-kompanii-v-focuse/moskva;;;;
910;ООО «Агропак»;https://focus.kontur.ru/site/populyarnye-kompanii-v-focuse/moskva;;;;
911;ООО «Тбсс»;https://focus.kontur.ru/site/populyarnye-kompanii-v-focuse/moskva;;;;
912;ООО «Сигнифай Евразия»;https://focus.kontur.ru/site/populyarnye-kompanii-v-focuse/moskva;;;;
913;ООО «Медипал Экспорт»;https://focus.kontur.ru/site/populyarnye-kompanii-v-focuse/moskva;;;;
914;АО «государственное НПП «Регион»;https://focus.kontur.ru/site/populyarnye-kompanii-v-focuse/moskva;;;;
915;ООО «МВПС-Сервис»;https://focus.kontur.ru/site/populyarnye-kompanii-v-focuse/moskva;;;;
916;ООО «КАМА-ПЛАСТИК»;https://focus.kontur.ru/site/populyarnye-kompanii-v-focuse/moskva;;;;
917;ООО «Стройсервис Дв»;https://focus.kontur.ru/site/populyarnye-kompanii-v-focuse/moskva;;;;
918;АО «Диалогнаука»;https://focus.kontur.ru/site/populyarnye-kompanii-v-focuse/moskva;;;;
919;ООО «Юлиус Майнл Руссланд»;https://focus.kontur.ru/site/populyarnye-kompanii-v-focuse/moskva;;;;
920;ООО «Инстанта Рус»;https://focus.kontur.ru/site/populyarnye-kompanii-v-focuse/moskva;;;;
921;ООО «Энергостройкомплекс»;https://focus.kontur.ru/site/populyarnye-kompanii-v-focuse/moskva;;;;
922;ООО «Инград Недвижимость»;https://focus.kontur.ru/site/populyarnye-kompanii-v-focuse/moskva;;;;
923;ООО «Пятнадцатый Ветропарк Фрв»;https://focus.kontur.ru/site/populyarnye-kompanii-v-focuse/moskva;;;;
924;ООО «Европлан Сервис»;https://focus.kontur.ru/site/populyarnye-kompanii-v-focuse/moskva;;;;
925;ООО «Системэйр»;https://focus.kontur.ru/site/populyarnye-kompanii-v-focuse/moskva;;;;
926;ООО «Находка»;https://focus.kontur.ru/site/populyarnye-kompanii-v-focuse/moskva;;;;
927;АО «Кифа»;https://focus.kontur.ru/site/populyarnye-kompanii-v-focuse/moskva;;;;
928;ООО «Восход»;https://focus.kontur.ru/site/populyarnye-kompanii-v-focuse/moskva;;;;
929;ООО «Стройгарант»;https://focus.kontur.ru/site/populyarnye-kompanii-v-focuse/moskva;;;;
930;ООО «Цифровые Технологии»;https://focus.kontur.ru/site/populyarnye-kompanii-v-focuse/moskva;;;;
931;ООО «Форест»;https://focus.kontur.ru/site/populyarnye-kompanii-v-focuse/moskva;;;;
932;ООО «Рн-Ведомственная Охрана»;https://focus.kontur.ru/site/populyarnye-kompanii-v-focuse/moskva;;;;
933;ООО «Базис»;https://focus.kontur.ru/site/populyarnye-kompanii-v-focuse/moskva;;;;
934;ООО «МИРУС МЕДИКАЛ»;https://focus.kontur.ru/site/populyarnye-kompanii-v-focuse/moskva;;;;
935;ООО «Комплексные Транспортно-Логистические Решения»;https://focus.kontur.ru/site/populyarnye-kompanii-v-focuse/moskva;;;;
936;ООО «ГлобалВит»;https://focus.kontur.ru/site/populyarnye-kompanii-v-focuse/moskva;;;;
937;ООО «Дотерра Рус»;https://focus.kontur.ru/site/populyarnye-kompanii-v-focuse/moskva;;;;
938;ЗАО «ЮНИДЕНТ»;https://focus.kontur.ru/site/populyarnye-kompanii-v-focuse/moskva;;;;
939;ПАО Группа Компаний «ТНС Энерго»;https://focus.kontur.ru/site/populyarnye-kompanii-v-focuse/moskva;;;;
940;ПАО «Торговый Дом «Холдинг-Центр»;https://focus.kontur.ru/site/populyarnye-kompanii-v-focuse/moskva;;;;
941;ООО «Интеллектуальные Системы»;https://focus.kontur.ru/site/populyarnye-kompanii-v-focuse/moskva;;;;
942;ООО «Востряково-2»;https://focus.kontur.ru/site/populyarnye-kompanii-v-focuse/moskva;;;;
943;ООО «КИОСЕРА Документ Солюшенз Рус»;https://focus.kontur.ru/site/populyarnye-kompanii-v-focuse/moskva;;;;
944;ООО внедренческая фирма «ЭЛНА»;https://focus.kontur.ru/site/populyarnye-kompanii-v-focuse/moskva;;;;
945;ООО «1С-Битрикс»;https://focus.kontur.ru/site/populyarnye-kompanii-v-focuse/moskva;;;;
946;ООО «Инвестторг»;https://focus.kontur.ru/site/populyarnye-kompanii-v-focuse/moskva;;;;
947;ООО «Стройгеохолдинг»;https://focus.kontur.ru/site/populyarnye-kompanii-v-focuse/moskva;;;;
948;ООО «Нк Джакс»;https://focus.kontur.ru/site/populyarnye-kompanii-v-focuse/moskva;;;;
949;ООО «Эден Гарден»;https://focus.kontur.ru/site/populyarnye-kompanii-v-focuse/moskva;;;;
950;ООО «Арада»;https://focus.kontur.ru/site/populyarnye-kompanii-v-focuse/moskva;;;;
951;ООО «Рунет Бизнес Системы»;https://focus.kontur.ru/site/populyarnye-kompanii-v-focuse/moskva;;;;
952;ООО «Домис-Л»;https://focus.kontur.ru/site/populyarnye-kompanii-v-focuse/moskva;;;;
953;ООО «Торговая Компания «Акм»»;https://focus.kontur.ru/site/populyarnye-kompanii-v-focuse/moskva;;;;
954;АО «Аэрофьюэлз»;https://focus.kontur.ru/site/populyarnye-kompanii-v-focuse/moskva;;;;
955;ООО «РУСВИНТОРГ»;https://focus.kontur.ru/site/populyarnye-kompanii-v-focuse/moskva;;;;
956;ООО «Госселайн Логистикс»;https://focus.kontur.ru/site/populyarnye-kompanii-v-focuse/moskva;;;;
957;ООО «Производственная Компания «Элитгрупп Инвест»;https://focus.kontur.ru/site/populyarnye-kompanii-v-focuse/moskva;;;;
958;ООО «Ритейл Сервис»;https://focus.kontur.ru/site/populyarnye-kompanii-v-focuse/moskva;;;;
959;ООО «Монарх Бизнес Клуб Логистик»;https://focus.kontur.ru/site/populyarnye-kompanii-v-focuse/moskva;;;;
960;ООО «Макситраст»;https://focus.kontur.ru/site/populyarnye-kompanii-v-focuse/moskva;;;;
961;ООО «УК «Элси»;https://focus.kontur.ru/site/populyarnye-kompanii-v-focuse/moskva;;;;
962;ООО «Автогарант»;https://focus.kontur.ru/site/populyarnye-kompanii-v-focuse/moskva;;;;
963;ООО «БЕКАМ»;https://focus.kontur.ru/site/populyarnye-kompanii-v-focuse/moskva;;;;
964;АО «Открытые Технологии 98»;https://focus.kontur.ru/site/populyarnye-kompanii-v-focuse/moskva;;;;
965;ООО «МПЗ «Москворецкий»;https://focus.kontur.ru/site/populyarnye-kompanii-v-focuse/moskva;;;;
966;ООО «Штрауманн»;https://focus.kontur.ru/site/populyarnye-kompanii-v-focuse/moskva;;;;
967;ООО «Много Лосося»;https://focus.kontur.ru/site/populyarnye-kompanii-v-focuse/moskva;;;;
968;ООО «ДС-Логистик»;https://focus.kontur.ru/site/populyarnye-kompanii-v-focuse/moskva;;;;
969;ООО «Движение-КОМИ»;https://focus.kontur.ru/site/populyarnye-kompanii-v-focuse/moskva;;;;
970;ООО «Славинвестстрой»;https://focus.kontur.ru/site/populyarnye-kompanii-v-focuse/moskva;;;;
971;ООО «Ханкук Тайр Рус»;https://focus.kontur.ru/site/populyarnye-kompanii-v-focuse/moskva;;;;
972;ООО «Легенда»;https://focus.kontur.ru/site/populyarnye-kompanii-v-focuse/moskva;;;;
973;ООО «Тлк Сэт»;https://focus.kontur.ru/site/populyarnye-kompanii-v-focuse/moskva;;;;
974;ООО «Чайна Форклифт»;https://focus.kontur.ru/site/populyarnye-kompanii-v-focuse/moskva;;;;
975;ООО «Моди»;https://focus.kontur.ru/site/populyarnye-kompanii-v-focuse/moskva;;;;
976;ООО «РБ Факторинг»;https://focus.kontur.ru/site/populyarnye-kompanii-v-focuse/moskva;;;;
977;ООО «Петротрейд-М»;https://focus.kontur.ru/site/populyarnye-kompanii-v-focuse/moskva;;;;
978;ООО «КУБ Евразия»;https://focus.kontur.ru/site/populyarnye-kompanii-v-focuse/moskva;;;;
979;ООО «Адванс»;https://focus.kontur.ru/site/populyarnye-kompanii-v-focuse/moskva;;;;
980;ООО «с 7 Трэвел Ритэйл»;https://focus.kontur.ru/site/populyarnye-kompanii-v-focuse/moskva;;;;
981;ООО «Мегаспорт»;https://focus.kontur.ru/site/populyarnye-kompanii-v-focuse/moskva;;;;
982;ООО «МеталлТорг»;https://focus.kontur.ru/site/populyarnye-kompanii-v-focuse/moskva;;;;
983;ООО «Стройкомплект»;https://focus.kontur.ru/site/populyarnye-kompanii-v-focuse/moskva;;;;
984;ООО «Торговый Дом Платформа»;https://focus.kontur.ru/site/populyarnye-kompanii-v-focuse/moskva;;;;
985;ООО «Кросс Трейдинг»;https://focus.kontur.ru/site/populyarnye-kompanii-v-focuse/moskva;;;;
986;ООО «Учи.ру»;https://focus.kontur.ru/site/populyarnye-kompanii-v-focuse/moskva;;;;
987;ООО «Твид Технолоджи»;https://focus.kontur.ru/site/populyarnye-kompanii-v-focuse/moskva;;;;
988;АО «Олимпийский Комплекс «Лужники»;https://focus.kontur.ru/site/populyarnye-kompanii-v-focuse/moskva;;;;
989;ООО «ТЕХПРОМКОМПЛЕКТ»;https://focus.kontur.ru/site/populyarnye-kompanii-v-focuse/moskva;;;;
990;ООО «Военторг-Ритейл»;https://focus.kontur.ru/site/populyarnye-kompanii-v-focuse/moskva;;;;
991;ООО «Карго Фер-Транс»;https://focus.kontur.ru/site/populyarnye-kompanii-v-focuse/moskva;;;;
992;ООО «Компания «ЭЛТА»;https://focus.kontur.ru/site/populyarnye-kompanii-v-focuse/moskva;;;;
993;ООО «Ксантис Фарма»;https://focus.kontur.ru/site/populyarnye-kompanii-v-focuse/moskva;;;;
994;ООО «Техно Экспорт Рус»;https://focus.kontur.ru/site/populyarnye-kompanii-v-focuse/moskva;;;;
995;ООО «Национальная Лизинговая Компания по Развитию Промышленности»;https://focus.kontur.ru/site/populyarnye-kompanii-v-focuse/moskva;;;;
996;ООО «Рускон»;https://focus.kontur.ru/site/populyarnye-kompanii-v-focuse/moskva;;;;
997;ООО «Ивоклар Вивадент»;https://focus.kontur.ru/site/populyarnye-kompanii-v-focuse/moskva;;;;
998;ООО «Контургазстрой»;https://focus.kontur.ru/site/populyarnye-kompanii-v-focuse/moskva;;;;
999;ООО «Хоум Стайл»;https://focus.kontur.ru/site/populyarnye-kompanii-v-focuse/moskva;;;;
1000;ООО «Новострой»;https://focus.kontur.ru/site/populyarnye-kompanii-v-focuse/moskva;;;;
1001;ООО «Юлтэк Групп»;https://focus.kontur.ru/site/populyarnye-kompanii-v-focuse/moskva;;;;
1002;ООО «Вольт Мдг»;https://focus.kontur.ru/site/populyarnye-kompanii-v-focuse/moskva;;;;
1003;ООО «Кмт»;https://focus.kontur.ru/site/populyarnye-kompanii-v-focuse/moskva;;;;
1004;ООО «СТ Нетворкинг»;https://focus.kontur.ru/site/populyarnye-kompanii-v-focuse/moskva;;;;
1005;ООО «Тор»;https://focus.kontur.ru/site/populyarnye-kompanii-v-focuse/moskva;;;;
1006;АО «Радиотехнический Институт Имени Академика А.Л. Минца»;https://focus.kontur.ru/site/populyarnye-kompanii-v-focuse/moskva;;;;
1007;ООО «Автоармика»;https://focus.kontur.ru/site/populyarnye-kompanii-v-focuse/moskva;;;;
1008;ООО «Электропро»;https://focus.kontur.ru/site/populyarnye-kompanii-v-focuse/moskva;;;;
1009;ООО «Мытищинский трубный завод»;https://focus.kontur.ru/site/populyarnye-kompanii-v-focuse/moskva;;;;
1010;ООО «Мптрэйд»;https://focus.kontur.ru/site/populyarnye-kompanii-v-focuse/moskva;;;;
1011;ООО «СЕТРА ЛУБРИКАНТС»;https://focus.kontur.ru/site/populyarnye-kompanii-v-focuse/moskva;;;;
1012;ООО «Метахим»;https://focus.kontur.ru/site/populyarnye-kompanii-v-focuse/moskva;;;;
1013;АО «Мейджерпак Рус»;https://focus.kontur.ru/site/populyarnye-kompanii-v-focuse/moskva;;;;
1014;ООО «ДИАПАЗОН»;https://focus.kontur.ru/site/populyarnye-kompanii-v-focuse/moskva;;;;
1015;ООО «Строительно-производственная компания «МЕГАПИР»;https://focus.kontur.ru/site/populyarnye-kompanii-v-focuse/moskva;;;;
1016;ООО «СК Торн»;https://focus.kontur.ru/site/populyarnye-kompanii-v-focuse/moskva;;;;
1017;АО «Рфк»;https://focus.kontur.ru/site/populyarnye-kompanii-v-focuse/moskva;;;;
1018;ООО «Амг-Электро»;https://focus.kontur.ru/site/populyarnye-kompanii-v-focuse/moskva;;;;
1019;ООО «Солар Секьюрити»;https://focus.kontur.ru/site/populyarnye-kompanii-v-focuse/moskva;;;;
1020;АО «Компания «Продукт-Сервис»;https://focus.kontur.ru/site/populyarnye-kompanii-v-focuse/moskva;;;;
1021;АО «Завод «Компонент»;https://focus.kontur.ru/site/populyarnye-kompanii-v-focuse/moskva;;;;
1022;ООО «Северный Речной Путь»;https://focus.kontur.ru/site/populyarnye-kompanii-v-focuse/moskva;;;;
1023;ООО «Дау Кемикал»;https://focus.kontur.ru/site/populyarnye-kompanii-v-focuse/moskva;;;;
1024;ФГУП «Федеральный центр по проектированию и развитию объектов ядерной медицины» Федерального медико-биологического агентства;https://focus.kontur.ru/site/populyarnye-kompanii-v-focuse/moskva;;;;
1025;ООО «Главстрой»;https://focus.kontur.ru/site/populyarnye-kompanii-v-focuse/moskva;;;;
1026;ООО «Смарт-вью»;https://focus.kontur.ru/site/populyarnye-kompanii-v-focuse/moskva;;;;
1027;ООО «ЛАН АТМсервис»;https://focus.kontur.ru/site/populyarnye-kompanii-v-focuse/moskva;;;;
1028;Медицинское Частное учреждение Дополнительного Профессионального Образования «Нефросовет»;https://focus.kontur.ru/site/populyarnye-kompanii-v-focuse/moskva;;;;
1029;ООО «Фагот»;https://focus.kontur.ru/site/populyarnye-kompanii-v-focuse/moskva;;;;
1030;ООО «Элитстрой»;https://focus.kontur.ru/site/populyarnye-kompanii-v-focuse/moskva;;;;
1031;ООО «Торговый Дом Ряжский Авторемонтный Завод»;https://focus.kontur.ru/site/populyarnye-kompanii-v-focuse/moskva;;;;
1032;ООО «Спектр»;https://focus.kontur.ru/site/populyarnye-kompanii-v-focuse/moskva;;;;
1033;ООО «Рекламное Агентство «Са Медиа»;https://focus.kontur.ru/site/populyarnye-kompanii-v-focuse/moskva;;;;
1034;ООО «Рдв Технолоджи»;https://focus.kontur.ru/site/populyarnye-kompanii-v-focuse/moskva;;;;
1035;ООО «Газпром Персонал»;https://focus.kontur.ru/site/populyarnye-kompanii-v-focuse/moskva;;;;
1036;ООО «Сб Киб Холдинг»;https://focus.kontur.ru/site/populyarnye-kompanii-v-focuse/moskva;;;;
1037;ООО «ТК Монтекс»;https://focus.kontur.ru/site/populyarnye-kompanii-v-focuse/moskva;;;;
1038;ООО «Европарк»;https://focus.kontur.ru/site/populyarnye-kompanii-v-focuse/moskva;;;;
1039;АО «Зинзивер-2000»;https://focus.kontur.ru/site/populyarnye-kompanii-v-focuse/moskva;;;;
1040;ООО «Рамблер Интернет Холдинг»;https://focus.kontur.ru/site/populyarnye-kompanii-v-focuse/moskva;;;;
1041;ООО «Саммит Агро»;https://focus.kontur.ru/site/populyarnye-kompanii-v-focuse/moskva;;;;
1042;ООО «Альянс-Энергия»;https://focus.kontur.ru/site/populyarnye-kompanii-v-focuse/moskva;;;;
1043;ООО «МЕДАНКО»;https://focus.kontur.ru/site/populyarnye-kompanii-v-focuse/moskva;;;;
1044;АО «Медиаскоп»;https://focus.kontur.ru/site/populyarnye-kompanii-v-focuse/moskva;;;;
1045;ООО «Компания Гранд Вижн»;https://focus.kontur.ru/site/populyarnye-kompanii-v-focuse/moskva;;;;
1046;АО «Государственный Специализированный Проектный Институт»;https://focus.kontur.ru/site/populyarnye-kompanii-v-focuse/moskva;;;;
1047;ООО «Ускорение Бизнеса»;https://focus.kontur.ru/site/populyarnye-kompanii-v-focuse/moskva;;;;
1048;ООО Торговый Дом «Абн»;https://focus.kontur.ru/site/populyarnye-kompanii-v-focuse/moskva;;;;
1049;ООО «Маркетинг Групп»;https://focus.kontur.ru/site/populyarnye-kompanii-v-focuse/moskva;;;;
1050;ООО «ЭКСТЕН МЕДИКАЛ»;https://focus.kontur.ru/site/populyarnye-kompanii-v-focuse/moskva;;;;
1051;ООО «ВИКОР»;https://focus.kontur.ru/site/populyarnye-kompanii-v-focuse/moskva;;;;
1052;ООО «ЭНЕРГОФИНСТРОЙ»;https://focus.kontur.ru/site/populyarnye-kompanii-v-focuse/moskva;;;;
1053;АО «Макомнет»;https://focus.kontur.ru/site/populyarnye-kompanii-v-focuse/moskva;;;;
1054;ООО «Втг Проектная Логистика»;https://focus.kontur.ru/site/populyarnye-kompanii-v-focuse/moskva;;;;
1055;ООО «ТД Шугар»;https://focus.kontur.ru/site/populyarnye-kompanii-v-focuse/moskva;;;;
1056;ООО «Югстрой»;https://focus.kontur.ru/site/populyarnye-kompanii-v-focuse/moskva;;;;
1057;АО «НПП Класс»;https://focus.kontur.ru/site/populyarnye-kompanii-v-focuse/moskva;;;;
1058;ООО «Амстрой-1»;https://focus.kontur.ru/site/populyarnye-kompanii-v-focuse/moskva;;;;
1059;ООО «Здоровье»;https://focus.kontur.ru/site/populyarnye-kompanii-v-focuse/moskva;;;;
1060;ООО «Т1»;https://focus.kontur.ru/site/populyarnye-kompanii-v-focuse/moskva;;;;
1061;ООО «Созвездие»;https://focus.kontur.ru/site/populyarnye-kompanii-v-focuse/moskva;;;;
1062;АО «Независимая Энергетическая Компания»;https://focus.kontur.ru/site/populyarnye-kompanii-v-focuse/moskva;;;;
1063;ООО «Производственное объединение «Обработка Цветных Металлов»;https://focus.kontur.ru/site/populyarnye-kompanii-v-focuse/moskva;;;;
1064;ООО «Пламя»;https://focus.kontur.ru/site/populyarnye-kompanii-v-focuse/moskva;;;;
1065;ООО «Протехмаркет»;https://focus.kontur.ru/site/populyarnye-kompanii-v-focuse/moskva;;;;
1066;ООО «Раминжиниринг»;https://focus.kontur.ru/site/populyarnye-kompanii-v-focuse/moskva;;;;
1067;ООО «Ступинский Торговый Дом»;https://focus.kontur.ru/site/populyarnye-kompanii-v-focuse/moskva;;;;
1068;ООО «ИНТЕРМОДЕ»;https://focus.kontur.ru/site/populyarnye-kompanii-v-focuse/moskva;;;;
1069;ООО «Аренда-Групп»;https://focus.kontur.ru/site/populyarnye-kompanii-v-focuse/moskva;;;;
1070;ООО «Строительная Компания «Вектор»;https://focus.kontur.ru/site/populyarnye-kompanii-v-focuse/moskva;;;;
1071;ООО «Нептун»;https://focus.kontur.ru/site/populyarnye-kompanii-v-focuse/moskva;;;;
1072;ООО «Дарс-Реновация»;https://focus.kontur.ru/site/populyarnye-kompanii-v-focuse/moskva;;;;
1073;ООО «Сантэн»;https://focus.kontur.ru/site/populyarnye-kompanii-v-focuse/moskva;;;;
1074;ООО «Компания Домком»;https://focus.kontur.ru/site/populyarnye-kompanii-v-focuse/moskva;;;;
1075;ООО «Ндк»;https://focus.kontur.ru/site/populyarnye-kompanii-v-focuse/moskva;;;;
1076;ООО «РечТрансЛогистик»;https://focus.kontur.ru/site/populyarnye-kompanii-v-focuse/moskva;;;;
1077;ООО «Вектрум»;https://focus.kontur.ru/site/populyarnye-kompanii-v-focuse/moskva;;;;
1078;ООО «ТУРБО-ТУЛС»;https://focus.kontur.ru/site/populyarnye-kompanii-v-focuse/moskva;;;;
1079;ООО «Центр Технологий Цод»;https://focus.kontur.ru/site/populyarnye-kompanii-v-focuse/moskva;;;;
1080;ООО «Норгус»;https://focus.kontur.ru/site/populyarnye-kompanii-v-focuse/moskva;;;;
1081;ООО «Ведис-Групп»;https://focus.kontur.ru/site/populyarnye-kompanii-v-focuse/moskva;;;;
1082;ООО «Клининговая компания»;https://focus.kontur.ru/site/populyarnye-kompanii-v-focuse/moskva;;;;
1083;ООО «Бализ Дизайн»;https://focus.kontur.ru/site/populyarnye-kompanii-v-focuse/moskva;;;;
1084;ООО «Бионорика»;https://focus.kontur.ru/site/populyarnye-kompanii-v-focuse/moskva;;;;
1085;ООО «ДС — Монолит»;https://focus.kontur.ru/site/populyarnye-kompanii-v-focuse/moskva;;;;
1086;АО «Медиа Велью»;https://focus.kontur.ru/site/populyarnye-kompanii-v-focuse/moskva;;;;
1087;ООО «Модультранс»;https://focus.kontur.ru/site/populyarnye-kompanii-v-focuse/moskva;;;;
1088;ООО «Рмк»;https://focus.kontur.ru/site/populyarnye-kompanii-v-focuse/moskva;;;;
1089;ООО «Евротэк»;https://focus.kontur.ru/site/populyarnye-kompanii-v-focuse/moskva;;;;
1090;ООО «Группа Компаний «Чистый Город»;https://focus.kontur.ru/site/populyarnye-kompanii-v-focuse/moskva;;;;
1091;ООО «Новатэк-Спг Топливо»;https://focus.kontur.ru/site/populyarnye-kompanii-v-focuse/moskva;;;;
1092;АО «Галополимер»;https://focus.kontur.ru/site/populyarnye-kompanii-v-focuse/moskva;;;;
1093;ООО «Парк Развлечений»;https://focus.kontur.ru/site/populyarnye-kompanii-v-focuse/moskva;;;;
1094;ООО «Би Фит»;https://focus.kontur.ru/site/populyarnye-kompanii-v-focuse/moskva;;;;
1095;ООО «Гпм Радио»;https://focus.kontur.ru/site/populyarnye-kompanii-v-focuse/moskva;;;;
1096;ЗАО «Ай Ко»;https://focus.kontur.ru/site/populyarnye-kompanii-v-focuse/moskva;;;;
1097;ООО «Комплект Айс»;https://focus.kontur.ru/site/populyarnye-kompanii-v-focuse/moskva;;;;
1098;ООО «Личи Рус»;https://focus.kontur.ru/site/populyarnye-kompanii-v-focuse/moskva;;;;
1099;ООО «Грейнфорд-Агро»;https://focus.kontur.ru/site/populyarnye-kompanii-v-focuse/moskva;;;;
1100;ООО «Мособлбетон»;https://focus.kontur.ru/site/populyarnye-kompanii-v-focuse/moskva;;;;
1101;ЗАО «Унигра»;https://focus.kontur.ru/site/populyarnye-kompanii-v-focuse/moskva;;;;
1102;ООО «Инженерная Геология»;https://focus.kontur.ru/site/populyarnye-kompanii-v-focuse/moskva;;;;
1103;ООО «СМЕГ Руссия»;https://focus.kontur.ru/site/populyarnye-kompanii-v-focuse/moskva;;;;
1104;АО «Европа Уно Трейд»;https://focus.kontur.ru/site/populyarnye-kompanii-v-focuse/moskva;;;;
1105;ООО «СтройСпецСила»;https://focus.kontur.ru/site/populyarnye-kompanii-v-focuse/moskva;;;;
1106;ООО «Игроник Диджитал»;https://focus.kontur.ru/site/populyarnye-kompanii-v-focuse/moskva;;;;
1107;ООО «Торговый Дом «Нижегородский Хлеб»;https://focus.kontur.ru/site/populyarnye-kompanii-v-focuse/moskva;;;;
1108;АО «Ламбумиз»;https://focus.kontur.ru/site/populyarnye-kompanii-v-focuse/moskva;;;;
1109;ООО «Банковские и Финансовые Системы»;https://focus.kontur.ru/site/populyarnye-kompanii-v-focuse/moskva;;;;
1110;ООО «Первая Горная Компания»;https://focus.kontur.ru/site/populyarnye-kompanii-v-focuse/moskva;;;;
1111;ООО «Маркетспейс»;https://focus.kontur.ru/site/populyarnye-kompanii-v-focuse/moskva;;;;
1112;ООО «Пондера-Индустри»;https://focus.kontur.ru/site/populyarnye-kompanii-v-focuse/moskva;;;;
1113;ООО «Фудэксперт»;https://focus.kontur.ru/site/populyarnye-kompanii-v-focuse/moskva;;;;
1114;ООО «АМ Трейд»;https://focus.kontur.ru/site/populyarnye-kompanii-v-focuse/moskva;;;;
1115;АО «УК «Первая»;https://focus.kontur.ru/site/populyarnye-kompanii-v-focuse/moskva;;;;
1116;ООО «Квадрат-С»;https://focus.kontur.ru/site/populyarnye-kompanii-v-focuse/moskva;;;;
1117;ЗАО «ЭЛЕКТОН»;https://focus.kontur.ru/site/populyarnye-kompanii-v-focuse/moskva;;;;
1118;ООО «Пмк-219»;https://focus.kontur.ru/site/populyarnye-kompanii-v-focuse/moskva;;;;
1119;АО «Фирма Энергозащита»;https://focus.kontur.ru/site/populyarnye-kompanii-v-focuse/moskva;;;;
1120;ООО «Мсп Факторинг»;https://focus.kontur.ru/site/populyarnye-kompanii-v-focuse/moskva;;;;
1121;ООО «СУЗУКИ МОТОР РУС»;https://focus.kontur.ru/site/populyarnye-kompanii-v-focuse/moskva;;;;
1122;ООО «Группа компаний «Авангард Сэйфети»;https://focus.kontur.ru/site/populyarnye-kompanii-v-focuse/moskva;;;;
1123;ООО «РН-Шельф-Арктика»;https://focus.kontur.ru/site/populyarnye-kompanii-v-focuse/moskva;;;;
1124;Потребительский Кооператив «Импульс»;https://focus.kontur.ru/site/populyarnye-kompanii-v-focuse/moskva;;;;
1125;ООО «Б1 — Информационные Технологии»;https://focus.kontur.ru/site/populyarnye-kompanii-v-focuse/moskva;;;;
1126;ООО «ЭТАЛОН-СПЕЦОДЕЖДА»;https://focus.kontur.ru/site/populyarnye-kompanii-v-focuse/moskva;;;;
1127;НАО «ТК «Сибкабель»;https://focus.kontur.ru/site/populyarnye-kompanii-v-focuse/moskva;;;;
1128;ООО «Объединенная Кондитерская Сеть»;https://focus.kontur.ru/site/populyarnye-kompanii-v-focuse/moskva;;;;
1129;ЗАО «АНАЛИТИКА»;https://focus.kontur.ru/site/populyarnye-kompanii-v-focuse/moskva;;;;
1130;ООО «Хб-Про»;https://focus.kontur.ru/site/populyarnye-kompanii-v-focuse/moskva;;;;
1131;ООО «Нитавто»;https://focus.kontur.ru/site/populyarnye-kompanii-v-focuse/moskva;;;;
1132;ООО «Торговый Дом «Акванет»;https://focus.kontur.ru/site/populyarnye-kompanii-v-focuse/moskva;;;;
1133;ООО «Альфа Директ сервис»;https://focus.kontur.ru/site/populyarnye-kompanii-v-focuse/moskva;;;;
1134;ООО «Альми»;https://focus.kontur.ru/site/populyarnye-kompanii-v-focuse/moskva;;;;
1135;ООО «Нортнефть»;https://focus.kontur.ru/site/populyarnye-kompanii-v-focuse/moskva;;;;
1136;ООО «Болеар»;https://focus.kontur.ru/site/populyarnye-kompanii-v-focuse/moskva;;;;
1137;ООО Втб Арена;https://focus.kontur.ru/site/populyarnye-kompanii-v-focuse/moskva;;;;
1138;ООО «Битех»;https://focus.kontur.ru/site/populyarnye-kompanii-v-focuse/moskva;;;;
1139;ООО «Ипсен Консьюмер Хелскеа»;https://focus.kontur.ru/site/populyarnye-kompanii-v-focuse/moskva;;;;
1140;ООО «Специализированный Застройщик «Фридом»;https://focus.kontur.ru/site/populyarnye-kompanii-v-focuse/moskva;;;;
1141;ООО «Атс Электрик»;https://focus.kontur.ru/site/populyarnye-kompanii-v-focuse/moskva;;;;
1142;ООО «Систематика»;https://focus.kontur.ru/site/populyarnye-kompanii-v-focuse/moskva;;;;
1143;АО «Во «Безопасность»;https://focus.kontur.ru/site/populyarnye-kompanii-v-focuse/moskva;;;;
1144;ООО «Артена»;https://focus.kontur.ru/site/populyarnye-kompanii-v-focuse/moskva;;;;
1145;ООО «Атитока-Строй»;https://focus.kontur.ru/site/populyarnye-kompanii-v-focuse/moskva;;;;
1146;ООО «Дайсон»;https://focus.kontur.ru/site/populyarnye-kompanii-v-focuse/moskva;;;;
1147;ООО «МПК Сплав»;https://focus.kontur.ru/site/populyarnye-kompanii-v-focuse/moskva;;;;
1148;ООО «Зет-Мед»;https://focus.kontur.ru/site/populyarnye-kompanii-v-focuse/moskva;;;;
1149;ООО Группа Компаний «Русминерал»;https://focus.kontur.ru/site/populyarnye-kompanii-v-focuse/moskva;;;;
1150;ООО «Медицина АльфаСтрахования»;https://focus.kontur.ru/site/populyarnye-kompanii-v-focuse/moskva;;;;
1151;ООО «М Кран»;https://focus.kontur.ru/site/populyarnye-kompanii-v-focuse/moskva;;;;
1152;ООО «Центр Инженерных Систем»;https://focus.kontur.ru/site/populyarnye-kompanii-v-focuse/moskva;;;;
1153;АО «Биннофарм»;https://focus.kontur.ru/site/populyarnye-kompanii-v-focuse/moskva;;;;
1154;Благотворительный Культурный Фонд «Новые Русские сезоны»;https://focus.kontur.ru/site/populyarnye-kompanii-v-focuse/moskva;;;;
1155;ООО «Дакар-Авто»;https://focus.kontur.ru/site/populyarnye-kompanii-v-focuse/moskva;;;;
1156;ООО «Технологические Системы и Оборудование»;https://focus.kontur.ru/site/populyarnye-kompanii-v-focuse/moskva;;;;
1157;ООО «Интер Групп»;https://focus.kontur.ru/site/populyarnye-kompanii-v-focuse/moskva;;;;
1158;ООО «Косметик Виа»;https://focus.kontur.ru/site/populyarnye-kompanii-v-focuse/moskva;;;;
1159;ООО «Юнивест»;https://focus.kontur.ru/site/populyarnye-kompanii-v-focuse/moskva;;;;
1160;ООО «Крайон»;https://focus.kontur.ru/site/populyarnye-kompanii-v-focuse/moskva;;;;
1161;ООО «СТРОЙ МОЛЛ ТРЕЙДИНГ»;https://focus.kontur.ru/site/populyarnye-kompanii-v-focuse/moskva;;;;
1162;АО «Интерфакс — Цифровые Решения»;https://focus.kontur.ru/site/populyarnye-kompanii-v-focuse/moskva;;;;
1163;ООО «КомТрансМаркет»;https://focus.kontur.ru/site/populyarnye-kompanii-v-focuse/moskva;;;;
1164;ООО Фирма «ДЕЛОС»;https://focus.kontur.ru/site/populyarnye-kompanii-v-focuse/moskva;;;;
1165;ООО «Авангард-Авто»;https://focus.kontur.ru/site/populyarnye-kompanii-v-focuse/moskva;;;;
1166;ООО «Плюс 05»;https://focus.kontur.ru/site/populyarnye-kompanii-v-focuse/moskva;;;;
1167;ООО «Глобал Контейнер Лоджистикс»;https://focus.kontur.ru/site/populyarnye-kompanii-v-focuse/moskva;;;;
1168;АО «Росбизнесконсалтинг»;https://focus.kontur.ru/site/populyarnye-kompanii-v-focuse/moskva;;;;
1169;ООО «Ибм Восточная Европа/Азия»;https://focus.kontur.ru/site/populyarnye-kompanii-v-focuse/moskva;;;;
1170;АО «Луговое»;https://focus.kontur.ru/site/populyarnye-kompanii-v-focuse/moskva;;;;
1171;ООО «УК Вк»;https://focus.kontur.ru/site/populyarnye-kompanii-v-focuse/moskva;;;;
1172;ООО «РАНД-ТРАНС»;https://focus.kontur.ru/site/populyarnye-kompanii-v-focuse/moskva;;;;
1173;ООО «Торговый Дом «Язм»;https://focus.kontur.ru/site/populyarnye-kompanii-v-focuse/moskva;;;;
1174;ООО «Оптово-Розничный Рынок «Садовод»;https://focus.kontur.ru/site/populyarnye-kompanii-v-focuse/moskva;;;;
1175;ООО «Кока-Кола Софт Дринк Консалтинг»;https://focus.kontur.ru/site/populyarnye-kompanii-v-focuse/moskva;;;;
1176;ООО «Вэлмо Рус»;https://focus.kontur.ru/site/populyarnye-kompanii-v-focuse/moskva;;;;
1177;АО «Ривьера»;https://focus.kontur.ru/site/populyarnye-kompanii-v-focuse/moskva;;;;
1178;ООО «Экспотехвзрыв Вм»;https://focus.kontur.ru/site/populyarnye-kompanii-v-focuse/moskva;;;;
1179;ООО «БРЕННТАГ»;https://focus.kontur.ru/site/populyarnye-kompanii-v-focuse/moskva;;;;
1180;АО «Инжиниринговая Компания Гидротехсервис»;https://focus.kontur.ru/site/populyarnye-kompanii-v-focuse/moskva;;;;
1181;АО «Приборы»;https://focus.kontur.ru/site/populyarnye-kompanii-v-focuse/moskva;;;;
1182;ООО «Генстрой»;https://focus.kontur.ru/site/populyarnye-kompanii-v-focuse/moskva;;;;
1183;ООО «ТД Меркурий»;https://focus.kontur.ru/site/populyarnye-kompanii-v-focuse/moskva;;;;
1184;ООО «Специализированный Застройщик «Московский Ипотечный Центр-Миц»;https://focus.kontur.ru/site/populyarnye-kompanii-v-focuse/moskva;;;;
1185;ООО «Виктория»;https://focus.kontur.ru/site/populyarnye-kompanii-v-focuse/moskva;;;;
1186;ООО «Логистика КС»;https://focus.kontur.ru/site/populyarnye-kompanii-v-focuse/moskva;;;;
1187;ООО «СКИФ»;https://focus.kontur.ru/site/populyarnye-kompanii-v-focuse/moskva;;;;
1188;АО «Научно-Производственная Компания «Криптонит»;https://focus.kontur.ru/site/populyarnye-kompanii-v-focuse/moskva;;;;
1189;ООО «Торговый Дом «Оптимист»;https://focus.kontur.ru/site/populyarnye-kompanii-v-focuse/moskva;;;;
1190;ООО «Строймонтажпроект»;https://focus.kontur.ru/site/populyarnye-kompanii-v-focuse/moskva;;;;
1191;ООО «Аби Продакшн»;https://focus.kontur.ru/site/populyarnye-kompanii-v-focuse/moskva;;;;
1192;ООО «Энерджайзер»;https://focus.kontur.ru/site/populyarnye-kompanii-v-focuse/moskva;;;;
1193;ООО «Балаковский Молочный Комбинат»;https://focus.kontur.ru/site/populyarnye-kompanii-v-focuse/moskva;;;;
1194;ООО «Герри Вебер»;https://focus.kontur.ru/site/populyarnye-kompanii-v-focuse/moskva;;;;
1195;ООО «Интеграция Нефтесервис»;https://focus.kontur.ru/site/populyarnye-kompanii-v-focuse/moskva;;;;
1196;ООО «АЛКАЛОИД-РУС»;https://focus.kontur.ru/site/populyarnye-kompanii-v-focuse/moskva;;;;
1197;ООО «Карабахский Базар»;https://focus.kontur.ru/site/populyarnye-kompanii-v-focuse/moskva;;;;
1198;ООО «Лог-Ист»;https://focus.kontur.ru/site/populyarnye-kompanii-v-focuse/moskva;;;;
1199;ООО «САБЛАЙН СЕРВИС»;https://focus.kontur.ru/site/populyarnye-kompanii-v-focuse/moskva;;;;
1200;АО «Сибпроект»;https://focus.kontur.ru/site/populyarnye-kompanii-v-focuse/moskva;;;;
1201;АО «Корпорация «Стратегические Пункты Управления»;https://focus.kontur.ru/site/populyarnye-kompanii-v-focuse/moskva;;;;
1202;ООО «Синерго»;https://focus.kontur.ru/site/populyarnye-kompanii-v-focuse/moskva;;;;
1203;ООО «Арктон Строй»;https://focus.kontur.ru/site/populyarnye-kompanii-v-focuse/moskva;;;;
1204;ООО «Торговый дом «Сково»;https://focus.kontur.ru/site/populyarnye-kompanii-v-focuse/moskva;;;;
1205;ООО «Автомир-54»;https://focus.kontur.ru/site/populyarnye-kompanii-v-focuse/moskva;;;;
1206;ООО «Офис-Центр»;https://focus.kontur.ru/site/populyarnye-kompanii-v-focuse/moskva;;;;
1207;ООО «Гейзер-Вита»;https://focus.kontur.ru/site/populyarnye-kompanii-v-focuse/moskva;;;;
1208;АО «Специальное Конструкторское Бюро «Истра»;https://focus.kontur.ru/site/populyarnye-kompanii-v-focuse/moskva;;;;
1209;ООО «Мегатракс»;https://focus.kontur.ru/site/populyarnye-kompanii-v-focuse/moskva;;;;
1210;ООО «Прайм»;https://focus.kontur.ru/site/populyarnye-kompanii-v-focuse/moskva;;;;
1211;ЗАО «МЕДИЭЙС»;https://focus.kontur.ru/site/populyarnye-kompanii-v-focuse/moskva;;;;
1212;АО Научно-Технический Центр «Модуль»;https://focus.kontur.ru/site/populyarnye-kompanii-v-focuse/moskva;;;;
1213;ООО «АДМИРАЛ МАРИТАЙМ»;https://focus.kontur.ru/site/populyarnye-kompanii-v-focuse/moskva;;;;
1214;ООО «Вертикальное интегрирование»;https://focus.kontur.ru/site/populyarnye-kompanii-v-focuse/moskva;;;;
1215;ООО «Дорожно-Инвестиционная Компания»;https://focus.kontur.ru/site/populyarnye-kompanii-v-focuse/moskva;;;;
1216;ООО «Мостоотряд-50»;https://focus.kontur.ru/site/populyarnye-kompanii-v-focuse/moskva;;;;
1217;ООО «Инжкапстрой»;https://focus.kontur.ru/site/populyarnye-kompanii-v-focuse/moskva;;;;
1218;ООО «Рбс»;https://focus.kontur.ru/site/populyarnye-kompanii-v-focuse/moskva;;;;
1219;ООО «Фурла Рус»;https://focus.kontur.ru/site/populyarnye-kompanii-v-focuse/moskva;;;;
1220;АО «Вюрт-Русь»;https://focus.kontur.ru/site/populyarnye-kompanii-v-focuse/moskva;;;;
1221;ООО «Продуктгарант»;https://focus.kontur.ru/site/populyarnye-kompanii-v-focuse/moskva;;;;
1222;ООО «Интегрированные маркетинговые услуги»;https://focus.kontur.ru/site/populyarnye-kompanii-v-focuse/moskva;;;;
1223;ООО «Новада»;https://focus.kontur.ru/site/populyarnye-kompanii-v-focuse/moskva;;;;
1224;ООО «Торговый Дом Атентус»;https://focus.kontur.ru/site/populyarnye-kompanii-v-focuse/moskva;;;;
1225;ООО Компания «Традиция-К»;https://focus.kontur.ru/site/populyarnye-kompanii-v-focuse/moskva;;;;
1226;ООО «Риннер»;https://focus.kontur.ru/site/populyarnye-kompanii-v-focuse/moskva;;;;
1227;ООО «Маввел»;https://focus.kontur.ru/site/populyarnye-kompanii-v-focuse/moskva;;;;
1228;ООО «Соната»;https://focus.kontur.ru/site/populyarnye-kompanii-v-focuse/moskva;;;;
1229;ООО «МЕДИ РУС»;https://focus.kontur.ru/site/populyarnye-kompanii-v-focuse/moskva;;;;
1230;АО «Вайт Медиа»;https://focus.kontur.ru/site/populyarnye-kompanii-v-focuse/moskva;;;;
1231;ООО «Ривер»;https://focus.kontur.ru/site/populyarnye-kompanii-v-focuse/moskva;;;;
1232;ООО «Проэкшн»;https://focus.kontur.ru/site/populyarnye-kompanii-v-focuse/moskva;;;;
1233;ООО «Графо Импекс»;https://focus.kontur.ru/site/populyarnye-kompanii-v-focuse/moskva;;;;
1234;ООО «Аэмз-Энерго»;https://focus.kontur.ru/site/populyarnye-kompanii-v-focuse/moskva;;;;
1235;ФГУП «Центральные научно-реставрационные проектные мастерские»;https://focus.kontur.ru/site/populyarnye-kompanii-v-focuse/moskva;;;;
1236;АО «Научно-Производственное Объединение «Центральный НИИ Технологии Машиностроения»;https://focus.kontur.ru/site/populyarnye-kompanii-v-focuse/moskva;;;;
1237;ООО «ТПК «Орион»;https://focus.kontur.ru/site/populyarnye-kompanii-v-focuse/moskva;;;;
1238;ООО «Медакцент»;https://focus.kontur.ru/site/populyarnye-kompanii-v-focuse/moskva;;;;
1239;ООО «Ивк Аир Групп»;https://focus.kontur.ru/site/populyarnye-kompanii-v-focuse/moskva;;;;
1240;ООО «Мордовский Свет»;https://focus.kontur.ru/site/populyarnye-kompanii-v-focuse/moskva;;;;
1241;ООО «Импорт Мода»;https://focus.kontur.ru/site/populyarnye-kompanii-v-focuse/moskva;;;;
1242;ООО «Глоубайт»;https://focus.kontur.ru/site/populyarnye-kompanii-v-focuse/moskva;;;;
1243;ООО «Алф Маркет»;https://focus.kontur.ru/site/populyarnye-kompanii-v-focuse/moskva;;;;
1244;ООО «Экспортбытхим»;https://focus.kontur.ru/site/populyarnye-kompanii-v-focuse/moskva;;;;
1245;ООО «Поляна»;https://focus.kontur.ru/site/populyarnye-kompanii-v-focuse/moskva;;;;
1246;ООО «Филиппо Берио Ру»;https://focus.kontur.ru/site/populyarnye-kompanii-v-focuse/moskva;;;;
1247;ООО «Цифровое телерадиовещание»;https://focus.kontur.ru/site/populyarnye-kompanii-v-focuse/moskva;;;;
1248;ООО «Сантафреш»;https://focus.kontur.ru/site/populyarnye-kompanii-v-focuse/moskva;;;;
1249;АО «Специализированный Застройщик «Стоа №4»;https://focus.kontur.ru/site/populyarnye-kompanii-v-focuse/moskva;;;;
1250;ООО «ДАФ Тракс Рус»;https://focus.kontur.ru/site/populyarnye-kompanii-v-focuse/moskva;;;;
1251;ООО «Севертранснеруд»;https://focus.kontur.ru/site/populyarnye-kompanii-v-focuse/moskva;;;;
1252;ООО «Адео.Про»;https://focus.kontur.ru/site/populyarnye-kompanii-v-focuse/moskva;;;;
1253;ФГУП «Морсвязьспутник»;https://focus.kontur.ru/site/populyarnye-kompanii-v-focuse/moskva;;;;
1254;ООО «Каракан Энерго Трейд»;https://focus.kontur.ru/site/populyarnye-kompanii-v-focuse/moskva;;;;
1255;ООО «Русская Земля»;https://focus.kontur.ru/site/populyarnye-kompanii-v-focuse/moskva;;;;
1256;ООО «Тмх Инжиниринг»;https://focus.kontur.ru/site/populyarnye-kompanii-v-focuse/moskva;;;;
1257;ООО «Газ — Ойл трейдинг»;https://focus.kontur.ru/site/populyarnye-kompanii-v-focuse/moskva;;;;
1258;ООО «Рубиконстрой»;https://focus.kontur.ru/site/populyarnye-kompanii-v-focuse/moskva;;;;
1259;ООО «Пик-Проект»;https://focus.kontur.ru/site/populyarnye-kompanii-v-focuse/moskva;;;;
1260;ООО Специализированный Застройщик «А Плейс Девелопмент»;https://focus.kontur.ru/site/populyarnye-kompanii-v-focuse/moskva;;;;
1261;ООО «Артэк Групп»;https://focus.kontur.ru/site/populyarnye-kompanii-v-focuse/moskva;;;;
1262;ООО «РК ЕвроПрестиж»;https://focus.kontur.ru/site/populyarnye-kompanii-v-focuse/moskva;;;;
1263;ООО «Урбан Кофикс Раша»;https://focus.kontur.ru/site/populyarnye-kompanii-v-focuse/moskva;;;;
1264;ООО «Тайфун»;https://focus.kontur.ru/site/populyarnye-kompanii-v-focuse/moskva;;;;
1265;ООО «Интер-Строй»;https://focus.kontur.ru/site/populyarnye-kompanii-v-focuse/moskva;;;;
1266;ООО «Омега Металл-ТД»;https://focus.kontur.ru/site/populyarnye-kompanii-v-focuse/moskva;;;;
1267;ООО «Стройпрогресс»;https://focus.kontur.ru/site/populyarnye-kompanii-v-focuse/moskva;;;;
1268;ООО «КАРО Фильм Менеджмент»;https://focus.kontur.ru/site/populyarnye-kompanii-v-focuse/moskva;;;;
1269;ПАО «Симпреал»;https://focus.kontur.ru/site/populyarnye-kompanii-v-focuse/moskva;;;;
1270;ООО «Завод Арматурных Изделий и Конструкций «Армикон»;https://focus.kontur.ru/site/populyarnye-kompanii-v-focuse/moskva;;;;
1271;ООО «АКРОН ПЛЮС»;https://focus.kontur.ru/site/populyarnye-kompanii-v-focuse/moskva;;;;
1272;ООО «РКС Нутцфарцойге»;https://focus.kontur.ru/site/populyarnye-kompanii-v-focuse/moskva;;;;
1273;ООО «Креп-Пласт»;https://focus.kontur.ru/site/populyarnye-kompanii-v-focuse/moskva;;;;
1274;ФГУП «Объединенный эколого-технологический и научно-исследовательский центр по обезвреживанию РАО и охране окружающей среды»;https://focus.kontur.ru/site/populyarnye-kompanii-v-focuse/moskva;;;;
1275;ООО «Агни Элевейторс Рус»;https://focus.kontur.ru/site/populyarnye-kompanii-v-focuse/moskva;;;;
1276;ООО «Армяспрод»;https://focus.kontur.ru/site/populyarnye-kompanii-v-focuse/moskva;;;;
1277;ООО «АТМ АЛЬЯНС»;https://focus.kontur.ru/site/populyarnye-kompanii-v-focuse/moskva;;;;
1278;ООО «Диагностика-М»;https://focus.kontur.ru/site/populyarnye-kompanii-v-focuse/moskva;;;;
1279;ООО «Р-Ген Производство»;https://focus.kontur.ru/site/populyarnye-kompanii-v-focuse/moskva;;;;
1280;ООО «Промпоставка-М»;https://focus.kontur.ru/site/populyarnye-kompanii-v-focuse/moskva;;;;
1281;ООО «Фортус»;https://focus.kontur.ru/site/populyarnye-kompanii-v-focuse/moskva;;;;
1282;ООО «Квазар»;https://focus.kontur.ru/site/populyarnye-kompanii-v-focuse/moskva;;;;
1283;ООО «Конструктор Групп»;https://focus.kontur.ru/site/populyarnye-kompanii-v-focuse/moskva;;;;
1284;ООО «Дтк»;https://focus.kontur.ru/site/populyarnye-kompanii-v-focuse/moskva;;;;
1285;ООО «КаргоАгроКом»;https://focus.kontur.ru/site/populyarnye-kompanii-v-focuse/moskva;;;;
1286;ООО «ЭлектроТехКомпани»;https://focus.kontur.ru/site/populyarnye-kompanii-v-focuse/moskva;;;;
1287;ООО «Матрикс-Технолоджи»;https://focus.kontur.ru/site/populyarnye-kompanii-v-focuse/moskva;;;;
1288;ООО «Рок Флоу Динамикс»;https://focus.kontur.ru/site/populyarnye-kompanii-v-focuse/moskva;;;;
1289;ООО «Пик-Менеджмент»;https://focus.kontur.ru/site/populyarnye-kompanii-v-focuse/moskva;;;;
1290;ООО «Торговый Дом СПК»;https://focus.kontur.ru/site/populyarnye-kompanii-v-focuse/moskva;;;;
1291;ООО «Декёнинк Рус»;https://focus.kontur.ru/site/populyarnye-kompanii-v-focuse/moskva;;;;
1292;АО «Медиа Инстинкт»;https://focus.kontur.ru/site/populyarnye-kompanii-v-focuse/moskva;;;;
1293;ООО «СИСТЕМА»;https://focus.kontur.ru/site/populyarnye-kompanii-v-focuse/moskva;;;;
1294;ООО «Тнт Экспресс Уорлдуайд (СНГ)»;https://focus.kontur.ru/site/populyarnye-kompanii-v-focuse/moskva;;;;
1295;ООО «Брокерский Альянс Независимых Трейдеров»;https://focus.kontur.ru/site/populyarnye-kompanii-v-focuse/moskva;;;;
1296;ООО «СИСТЕМА ОПЕРАТИВНОГО ЛИЗИНГА ТРАНСПОРТА»;https://focus.kontur.ru/site/populyarnye-kompanii-v-focuse/moskva;;;;
1297;ООО «Стройка+»;https://focus.kontur.ru/site/populyarnye-kompanii-v-focuse/moskva;;;;
1298;ООО «УРАЛСИБЭНЕРГОСТРОЙ»;https://focus.kontur.ru/site/populyarnye-kompanii-v-focuse/moskva;;;;
1299;ООО Торговая Компания «Промресурс»;https://focus.kontur.ru/site/populyarnye-kompanii-v-focuse/moskva;;;;
1300;ООО «Траст МК»;https://focus.kontur.ru/site/populyarnye-kompanii-v-focuse/moskva;;;;
1301;ООО «Юнисервис»;https://focus.kontur.ru/site/populyarnye-kompanii-v-focuse/moskva;;;;
1302;ООО «Польские машины»;https://focus.kontur.ru/site/populyarnye-kompanii-v-focuse/moskva;;;;
1303;ООО «Эль Грандес»;https://focus.kontur.ru/site/populyarnye-kompanii-v-focuse/moskva;;;;
1304;ООО «БиЭнТи Альянс»;https://focus.kontur.ru/site/populyarnye-kompanii-v-focuse/moskva;;;;
1305;ООО «СТЕКЛОНиТ Менеджмент»;https://focus.kontur.ru/site/populyarnye-kompanii-v-focuse/moskva;;;;
1306;ООО «Виджет Про»;https://focus.kontur.ru/site/populyarnye-kompanii-v-focuse/moskva;;;;
1307;ООО «Грандис»;https://focus.kontur.ru/site/populyarnye-kompanii-v-focuse/moskva;;;;
1308;АО «Управление Транспортных Перевозок»;https://focus.kontur.ru/site/populyarnye-kompanii-v-focuse/moskva;;;;
1309;ООО «ТехСтройКонтракт»;https://focus.kontur.ru/site/populyarnye-kompanii-v-focuse/moskva;;;;
1310;ООО «Примтекс»;https://focus.kontur.ru/site/populyarnye-kompanii-v-focuse/moskva;;;;
1311;ООО «Южно-Охтеурское»;https://focus.kontur.ru/site/populyarnye-kompanii-v-focuse/moskva;;;;
1312;ООО «Дарси»;https://focus.kontur.ru/site/populyarnye-kompanii-v-focuse/moskva;;;;
1313;ООО «Компьюлан»;https://focus.kontur.ru/site/populyarnye-kompanii-v-focuse/moskva;;;;
1314;АО «Ртдс Центр»;https://focus.kontur.ru/site/populyarnye-kompanii-v-focuse/moskva;;;;
1315;ООО «Рост-Алко»;https://focus.kontur.ru/site/populyarnye-kompanii-v-focuse/moskva;;;;
1316;ООО «Интер Рао-Управление Электрогенерацией»;https://focus.kontur.ru/site/populyarnye-kompanii-v-focuse/moskva;;;;
1317;АО «Центральный Совет по Туризму и Отдыху» (Холдинг);https://focus.kontur.ru/site/populyarnye-kompanii-v-focuse/moskva;;;;
1318;ООО «Лх Хаусис Рус»;https://focus.kontur.ru/site/populyarnye-kompanii-v-focuse/moskva;;;;
1319;ООО «Ликви Моли Руссланд»;https://focus.kontur.ru/site/populyarnye-kompanii-v-focuse/moskva;;;;
1320;ООО «Импрод»;https://focus.kontur.ru/site/populyarnye-kompanii-v-focuse/moskva;;;;
1321;ООО «БионаФарм»;https://focus.kontur.ru/site/populyarnye-kompanii-v-focuse/moskva;;;;
1322;ООО «Янта-Запад»;https://focus.kontur.ru/site/populyarnye-kompanii-v-focuse/moskva;;;;
1323;АО Компания «Торговый Дом Аллерген»;https://focus.kontur.ru/site/populyarnye-kompanii-v-focuse/moskva;;;;
1324;ООО «Скаенг»;https://focus.kontur.ru/site/populyarnye-kompanii-v-focuse/moskva;;;;
1325;ООО «Св Плюс»;https://focus.kontur.ru/site/populyarnye-kompanii-v-focuse/moskva;;;;
1326;ООО «РОГНЕДА-ТРЕЙД»;https://focus.kontur.ru/site/populyarnye-kompanii-v-focuse/moskva;;;;
1327;ООО «Бк Рус»;https://focus.kontur.ru/site/populyarnye-kompanii-v-focuse/moskva;;;;
1328;ООО «Инвестиционный Дом «Профактив»;https://focus.kontur.ru/site/populyarnye-kompanii-v-focuse/moskva;;;;
1329;ООО «Хасбро Раша»;https://focus.kontur.ru/site/populyarnye-kompanii-v-focuse/moskva;;;;
1330;АО «Мпс Инжиниринг»;https://focus.kontur.ru/site/populyarnye-kompanii-v-focuse/moskva;;;;
1331;ООО «Группа Компаний «Олимпроект»;https://focus.kontur.ru/site/populyarnye-kompanii-v-focuse/moskva;;;;
1332;АО «Тв Центр»;https://focus.kontur.ru/site/populyarnye-kompanii-v-focuse/moskva;;;;
1333;Автономная НО «Национальный Выставочный Оператор»;https://focus.kontur.ru/site/populyarnye-kompanii-v-focuse/moskva;;;;
1334;АО «Издательство «Российская Газета»;https://focus.kontur.ru/site/populyarnye-kompanii-v-focuse/moskva;;;;
1335;ООО «РСП-М»;https://focus.kontur.ru/site/populyarnye-kompanii-v-focuse/moskva;;;;
1336;ООО «Сб Сырьевой Трейдинг»;https://focus.kontur.ru/site/populyarnye-kompanii-v-focuse/moskva;;;;
1337;ООО «Богаевский карьер»;https://focus.kontur.ru/site/populyarnye-kompanii-v-focuse/moskva;;;;
1338;АО «Рт-Техприемка»;https://focus.kontur.ru/site/populyarnye-kompanii-v-focuse/moskva;;;;
1339;ООО «Вертэк»;https://focus.kontur.ru/site/populyarnye-kompanii-v-focuse/moskva;;;;
1340;ООО «МЕТТЭМ-М»;https://focus.kontur.ru/site/populyarnye-kompanii-v-focuse/moskva;;;;
1341;ООО «Ансальдо Энерджиа Раша»;https://focus.kontur.ru/site/populyarnye-kompanii-v-focuse/moskva;;;;
1342;ООО Частная охранная организация «Столичная безопасность»;https://focus.kontur.ru/site/populyarnye-kompanii-v-focuse/moskva;;;;
1343;ООО «по Атлант»;https://focus.kontur.ru/site/populyarnye-kompanii-v-focuse/moskva;;;;
1344;АО «Брпи»;https://focus.kontur.ru/site/populyarnye-kompanii-v-focuse/moskva;;;;
1345;ООО «Оптимус Драйв»;https://focus.kontur.ru/site/populyarnye-kompanii-v-focuse/moskva;;;;
1346;ООО «Торговый Дом Ликви Моли Руссланд»;https://focus.kontur.ru/site/populyarnye-kompanii-v-focuse/moskva;;;;
1347;ООО «Пиррогрупп»;https://focus.kontur.ru/site/populyarnye-kompanii-v-focuse/moskva;;;;
1348;ООО «Энергоресурс»;https://focus.kontur.ru/site/populyarnye-kompanii-v-focuse/moskva;;;;
1349;ЗАО «Мнити»;https://focus.kontur.ru/site/populyarnye-kompanii-v-focuse/moskva;;;;
1350;ООО «Фактор-Мед Продакшн»;https://focus.kontur.ru/site/populyarnye-kompanii-v-focuse/moskva;;;;
1351;ООО «Траектория»;https://focus.kontur.ru/site/populyarnye-kompanii-v-focuse/moskva;;;;
1352;ООО «Лунатрейдгрупп»;https://focus.kontur.ru/site/populyarnye-kompanii-v-focuse/moskva;;;;
1353;АО «Мцст»;https://focus.kontur.ru/site/populyarnye-kompanii-v-focuse/moskva;;;;
1354;ООО «Беламос»;https://focus.kontur.ru/site/populyarnye-kompanii-v-focuse/moskva;;;;
1355;ООО «Группа Медицинских Компаний «Киль»;https://focus.kontur.ru/site/populyarnye-kompanii-v-focuse/moskva;;;;
1356;ООО «МашИнКо»;https://focus.kontur.ru/site/populyarnye-kompanii-v-focuse/moskva;;;;
1357;ООО «Объединенная Медицинская Группа»;https://focus.kontur.ru/site/populyarnye-kompanii-v-focuse/moskva;;;;
1358;АО «Рус-Авто»;https://focus.kontur.ru/site/populyarnye-kompanii-v-focuse/moskva;;;;
1359;АО «Х5 Синергия»;https://focus.kontur.ru/site/populyarnye-kompanii-v-focuse/moskva;;;;
1360;ООО «Мирстрой»;https://focus.kontur.ru/site/populyarnye-kompanii-v-focuse/moskva;;;;
1361;АО «Инфовотч»;https://focus.kontur.ru/site/populyarnye-kompanii-v-focuse/moskva;;;;
1362;АО «Аэроприбор-Восход»;https://focus.kontur.ru/site/populyarnye-kompanii-v-focuse/moskva;;;;
1363;ООО «Фармгеоком-1»;https://focus.kontur.ru/site/populyarnye-kompanii-v-focuse/moskva;;;;
1364;ООО «Баустов»;https://focus.kontur.ru/site/populyarnye-kompanii-v-focuse/moskva;;;;
1365;ООО «Торговый Дом Агроинновация»;https://focus.kontur.ru/site/populyarnye-kompanii-v-focuse/moskva;;;;
1366;ООО «Инновационный Кластер»;https://focus.kontur.ru/site/populyarnye-kompanii-v-focuse/moskva;;;;
1367;ООО «Метснаб Инжиниринг»;https://focus.kontur.ru/site/populyarnye-kompanii-v-focuse/moskva;;;;
1368;ООО «Норд-Спб»;https://focus.kontur.ru/site/populyarnye-kompanii-v-focuse/moskva;;;;
1369;ООО «УПАКМАРКЕТ и К»;https://focus.kontur.ru/site/populyarnye-kompanii-v-focuse/moskva;;;;
1370;ООО «ЮНИКО ЛОДЖИСТИКС РУС»;https://focus.kontur.ru/site/populyarnye-kompanii-v-focuse/moskva;;;;
1371;ООО «Компания Скиф-Карго»;https://focus.kontur.ru/site/populyarnye-kompanii-v-focuse/moskva;;;;
1372;ООО «Авторемстрой»;https://focus.kontur.ru/site/populyarnye-kompanii-v-focuse/moskva;;;;
1373;ООО «Мастер Спорта»;https://focus.kontur.ru/site/populyarnye-kompanii-v-focuse/moskva;;;;
1374;АО «Энергоремонт»;https://focus.kontur.ru/site/populyarnye-kompanii-v-focuse/moskva;;;;
1375;ООО «Некст-М»;https://focus.kontur.ru/site/populyarnye-kompanii-v-focuse/moskva;;;;
1376;ООО «Иреляхское»;https://focus.kontur.ru/site/populyarnye-kompanii-v-focuse/moskva;;;;
1377;ООО «АйЧанс»;https://focus.kontur.ru/site/populyarnye-kompanii-v-focuse/moskva;;;;
1378;ООО «Феникс»;https://focus.kontur.ru/site/populyarnye-kompanii-v-focuse/moskva;;;;
1379;ООО «Сиартиджи»;https://focus.kontur.ru/site/populyarnye-kompanii-v-focuse/moskva;;;;
1380;АО «Российская Электроника»;https://focus.kontur.ru/site/populyarnye-kompanii-v-focuse/moskva;;;;
1381;ООО «Стимул»;https://focus.kontur.ru/site/populyarnye-kompanii-v-focuse/moskva;;;;
1382;ООО «Спарта»;https://focus.kontur.ru/site/populyarnye-kompanii-v-focuse/moskva;;;;
1383;ООО «МоССтрой»;https://focus.kontur.ru/site/populyarnye-kompanii-v-focuse/moskva;;;;
1384;ООО «Асэнтус»;https://focus.kontur.ru/site/populyarnye-kompanii-v-focuse/moskva;;;;
1385;ООО «Нобель Биокеар Раша»;https://focus.kontur.ru/site/populyarnye-kompanii-v-focuse/moskva;;;;
1386;ООО «Инхауз»;https://focus.kontur.ru/site/populyarnye-kompanii-v-focuse/moskva;;;;
1387;ООО «ИД Логистикс Рус»;https://focus.kontur.ru/site/populyarnye-kompanii-v-focuse/moskva;;;;
1388;ООО «Норма-Пак»;https://focus.kontur.ru/site/populyarnye-kompanii-v-focuse/moskva;;;;
1389;АО «Русские Вертолетные Системы»;https://focus.kontur.ru/site/populyarnye-kompanii-v-focuse/moskva;;;;
1390;ООО «Интегра»;https://focus.kontur.ru/site/populyarnye-kompanii-v-focuse/moskva;;;;
1391;ООО «Винтренд Ритейл Групп»;https://focus.kontur.ru/site/populyarnye-kompanii-v-focuse/moskva;;;;
1392;ООО «Химия и Жизнь»;https://focus.kontur.ru/site/populyarnye-kompanii-v-focuse/moskva;;;;
1393;ООО «Фло Обувь Ру»;https://focus.kontur.ru/site/populyarnye-kompanii-v-focuse/moskva;;;;
1394;АО «Росспиртпром»;https://focus.kontur.ru/site/populyarnye-kompanii-v-focuse/moskva;;;;
1395;ООО «АЗС Технология»;https://focus.kontur.ru/site/populyarnye-kompanii-v-focuse/moskva;;;;
1396;ООО «Си Ти Ай»;https://focus.kontur.ru/site/populyarnye-kompanii-v-focuse/moskva;;;;
1397;ООО «Каркаде Сервис»;https://focus.kontur.ru/site/populyarnye-kompanii-v-focuse/moskva;;;;
1398;ООО «Даб Пампс»;https://focus.kontur.ru/site/populyarnye-kompanii-v-focuse/moskva;;;;
1399;ООО «Тенгри Девелопмент»;https://focus.kontur.ru/site/populyarnye-kompanii-v-focuse/moskva;;;;
1400;ООО «Прочность»;https://focus.kontur.ru/site/populyarnye-kompanii-v-focuse/moskva;;;;
1401;ООО «Центр Букетов»;https://focus.kontur.ru/site/populyarnye-kompanii-v-focuse/moskva;;;;
1402;ООО «Алеф Трейд Мск»;https://focus.kontur.ru/site/populyarnye-kompanii-v-focuse/moskva;;;;
1403;ООО «Техно Авто»;https://focus.kontur.ru/site/populyarnye-kompanii-v-focuse/moskva;;;;
1404;ООО «ЗелМедСервис»;https://focus.kontur.ru/site/populyarnye-kompanii-v-focuse/moskva;;;;
1405;ООО «Стм»;https://focus.kontur.ru/site/populyarnye-kompanii-v-focuse/moskva;;;;
1406;ООО «Транссвязь»;https://focus.kontur.ru/site/populyarnye-kompanii-v-focuse/moskva;;;;
1407;ООО «ГофроМир»;https://focus.kontur.ru/site/populyarnye-kompanii-v-focuse/moskva;;;;
1408;ООО «СБК»;https://focus.kontur.ru/site/populyarnye-kompanii-v-focuse/moskva;;;;
1409;ООО «Авто Поставка»;https://focus.kontur.ru/site/populyarnye-kompanii-v-focuse/moskva;;;;
1410;ООО «Аллея Групп»;https://focus.kontur.ru/site/populyarnye-kompanii-v-focuse/moskva;;;;
1411;ООО «Тейстпойнт»;https://focus.kontur.ru/site/populyarnye-kompanii-v-focuse/moskva;;;;
1412;ООО «Еврометалл»;https://focus.kontur.ru/site/populyarnye-kompanii-v-focuse/moskva;;;;
1413;ООО «ШИНА-РУС»;https://focus.kontur.ru/site/populyarnye-kompanii-v-focuse/moskva;;;;
1414;ЗАО «Сибур-Петрокон»;https://focus.kontur.ru/site/populyarnye-kompanii-v-focuse/moskva;;;;
1415;АО «Специализированный Застройщик «Монетчик»;https://focus.kontur.ru/site/populyarnye-kompanii-v-focuse/moskva;;;;
1416;ООО «2р-Медиа»;https://focus.kontur.ru/site/populyarnye-kompanii-v-focuse/moskva;;;;
1417;ООО «Смарт-Т»;https://focus.kontur.ru/site/populyarnye-kompanii-v-focuse/moskva;;;;
1418;АО «Кронштадт»;https://focus.kontur.ru/site/populyarnye-kompanii-v-focuse/moskva;;;;
1419;ООО «Аврора РусКо»;https://focus.kontur.ru/site/populyarnye-kompanii-v-focuse/moskva;;;;
1420;ООО «Твига Диджитал Перформанс»;https://focus.kontur.ru/site/populyarnye-kompanii-v-focuse/moskva;;;;
1421;ООО «Атлас»;https://focus.kontur.ru/site/populyarnye-kompanii-v-focuse/moskva;;;;
1422;ООО «Форэнерго-Юик»;https://focus.kontur.ru/site/populyarnye-kompanii-v-focuse/moskva;;;;
1423;ООО «Фрязевский Завод Металлоконструкций»;https://focus.kontur.ru/site/populyarnye-kompanii-v-focuse/moskva;;;;
1424;АО «Спортбет»;https://focus.kontur.ru/site/populyarnye-kompanii-v-focuse/moskva;;;;
1425;АО «Траст-Резерв»;https://focus.kontur.ru/site/populyarnye-kompanii-v-focuse/moskva;;;;
1426;ООО «Теплострой»;https://focus.kontur.ru/site/populyarnye-kompanii-v-focuse/moskva;;;;
1427;ООО «Март Трейдинг»;https://focus.kontur.ru/site/populyarnye-kompanii-v-focuse/moskva;;;;
1428;ООО «Ит1-Цифровые Решения»;https://focus.kontur.ru/site/populyarnye-kompanii-v-focuse/moskva;;;;
1429;ООО «Мтк-Энерго»;https://focus.kontur.ru/site/populyarnye-kompanii-v-focuse/moskva;;;;
1430;АО «Русгидро Логистика»;https://focus.kontur.ru/site/populyarnye-kompanii-v-focuse/moskva;;;;
1431;ООО «УМС Рус»;https://focus.kontur.ru/site/populyarnye-kompanii-v-focuse/moskva;;;;
1432;ООО «ПЕГАС — авиационные компоненты и системы»;https://focus.kontur.ru/site/populyarnye-kompanii-v-focuse/moskva;;;;
1433;АО «Финстрой»;https://focus.kontur.ru/site/populyarnye-kompanii-v-focuse/moskva;;;;
1434;ООО «Промстройсервис»;https://focus.kontur.ru/site/populyarnye-kompanii-v-focuse/moskva;;;;
1435;ООО «Пат-Технолоджи»;https://focus.kontur.ru/site/populyarnye-kompanii-v-focuse/moskva;;;;
1436;ООО «Дэливер»;https://focus.kontur.ru/site/populyarnye-kompanii-v-focuse/moskva;;;;
1437;ООО «Фармкомплект»;https://focus.kontur.ru/site/populyarnye-kompanii-v-focuse/moskva;;;;
1438;ООО «Юг Девелопмент»;https://focus.kontur.ru/site/populyarnye-kompanii-v-focuse/moskva;;;;
1439;ООО «Тесей»;https://focus.kontur.ru/site/populyarnye-kompanii-v-focuse/moskva;;;;
1440;ООО «Альвари-Рус»;https://focus.kontur.ru/site/populyarnye-kompanii-v-focuse/moskva;;;;
1441;ООО «Регард»;https://focus.kontur.ru/site/populyarnye-kompanii-v-focuse/moskva;;;;
1442;Федеральное государственное автономное Научное учреждение «Федеральный Научный Центр Исследований и Разработки Иммунобиологических Препаратов Им. М.П. Чумакова Ран» (Институт Полиомиелита);https://focus.kontur.ru/site/populyarnye-kompanii-v-focuse/moskva;;;;
1443;ООО «Активбизнесконсалт»;https://focus.kontur.ru/site/populyarnye-kompanii-v-focuse/moskva;;;;
1444;ООО «Дриллинг Индастриал Системс»;https://focus.kontur.ru/site/populyarnye-kompanii-v-focuse/moskva;;;;
1445;ООО «Софис»;https://focus.kontur.ru/site/populyarnye-kompanii-v-focuse/moskva;;;;
1446;ООО «Ик-Металлс»;https://focus.kontur.ru/site/populyarnye-kompanii-v-focuse/moskva;;;;
1447;ООО «Инжиниринговая Компания Главстрой»;https://focus.kontur.ru/site/populyarnye-kompanii-v-focuse/moskva;;;;
1448;ООО «Альянс»;https://focus.kontur.ru/site/populyarnye-kompanii-v-focuse/moskva;;;;
1449;АО «Научно-Исследовательский и Проектный Центр Газонефтяных Технологий»;https://focus.kontur.ru/site/populyarnye-kompanii-v-focuse/moskva;;;;
1450;ООО «Техносонус»;https://focus.kontur.ru/site/populyarnye-kompanii-v-focuse/moskva;;;;
1451;ООО «Престиж-М»;https://focus.kontur.ru/site/populyarnye-kompanii-v-focuse/moskva;;;;
1452;ООО «Чемодан Про»;https://focus.kontur.ru/site/populyarnye-kompanii-v-focuse/moskva;;;;
1453;ООО «Идиллия»;https://focus.kontur.ru/site/populyarnye-kompanii-v-focuse/moskva;;;;
1454;ООО «Москва — Красные Холмы»;https://focus.kontur.ru/site/populyarnye-kompanii-v-focuse/moskva;;;;
1455;ООО «Родези»;https://focus.kontur.ru/site/populyarnye-kompanii-v-focuse/moskva;;;;
1456;ООО «Комплексные системы изоляции»;https://focus.kontur.ru/site/populyarnye-kompanii-v-focuse/moskva;;;;
1457;ООО «ТЕГОЛА РУФИНГ СЕЙЛЗ»;https://focus.kontur.ru/site/populyarnye-kompanii-v-focuse/moskva;;;;
1458;ООО «УниверсалТорг»;https://focus.kontur.ru/site/populyarnye-kompanii-v-focuse/moskva;;;;
1459;ООО «Глобалтрейд»;https://focus.kontur.ru/site/populyarnye-kompanii-v-focuse/moskva;;;;
1460;ООО «Строительная Компания Альтаир»;https://focus.kontur.ru/site/populyarnye-kompanii-v-focuse/moskva;;;;
1461;ООО «Севен»;https://focus.kontur.ru/site/populyarnye-kompanii-v-focuse/moskva;;;;
1462;ООО «Монтажстрой»;https://focus.kontur.ru/site/populyarnye-kompanii-v-focuse/moskva;;;;
1463;ООО «Спецстрой»;https://focus.kontur.ru/site/populyarnye-kompanii-v-focuse/moskva;;;;
1464;ООО «Рове Руссланд»;https://focus.kontur.ru/site/populyarnye-kompanii-v-focuse/moskva;;;;
1465;ООО «Торгмаркет»;https://focus.kontur.ru/site/populyarnye-kompanii-v-focuse/moskva;;;;
1466;ООО «Промресурс»;https://focus.kontur.ru/site/populyarnye-kompanii-v-focuse/moskva;;;;
1467;ООО «Блюмарт»;https://focus.kontur.ru/site/populyarnye-kompanii-v-focuse/moskva;;;;
1468;АО «Русская Контейнерная Компания»;https://focus.kontur.ru/site/populyarnye-kompanii-v-focuse/moskva;;;;
1469;ООО «Облфарм»;https://focus.kontur.ru/site/populyarnye-kompanii-v-focuse/moskva;;;;
1470;ООО «Финансист»;https://focus.kontur.ru/site/populyarnye-kompanii-v-focuse/moskva;;;;
1471;АО «Компания Объединенных Кредитных Карточек»;https://focus.kontur.ru/site/populyarnye-kompanii-v-focuse/moskva;;;;
1472;ООО «5 Концепт»;https://focus.kontur.ru/site/populyarnye-kompanii-v-focuse/moskva;;;;
1473;ООО «Эффективные Технологии»;https://focus.kontur.ru/site/populyarnye-kompanii-v-focuse/moskva;;;;
1474;ООО «Тгв Строй»;https://focus.kontur.ru/site/populyarnye-kompanii-v-focuse/moskva;;;;
1475;ООО «Акмаш-Холдинг»;https://focus.kontur.ru/site/populyarnye-kompanii-v-focuse/moskva;;;;
1476;ООО «Рэс»;https://focus.kontur.ru/site/populyarnye-kompanii-v-focuse/moskva;;;;
1477;ООО «Гранд»;https://focus.kontur.ru/site/populyarnye-kompanii-v-focuse/moskva;;;;
1478;АО «О1 Стандарт»;https://focus.kontur.ru/site/populyarnye-kompanii-v-focuse/moskva;;;;
1479;АО «Русбумторг»;https://focus.kontur.ru/site/populyarnye-kompanii-v-focuse/moskva;;;;
1480;АО «Специализированный Застройщик «Красноказарменная 15»;https://focus.kontur.ru/site/populyarnye-kompanii-v-focuse/moskva;;;;
1481;ООО «Ресерч Лаб»;https://focus.kontur.ru/site/populyarnye-kompanii-v-focuse/moskva;;;;
1482;ООО «Пд Инжиниринг»;https://focus.kontur.ru/site/populyarnye-kompanii-v-focuse/moskva;;;;
1483;ООО «Рвс-Трейдинг»;https://focus.kontur.ru/site/populyarnye-kompanii-v-focuse/moskva;;;;
1484;ООО «РН-НефтьКапиталИнвест»;https://focus.kontur.ru/site/populyarnye-kompanii-v-focuse/moskva;;;;
1485;АО «Нетрис»;https://focus.kontur.ru/site/populyarnye-kompanii-v-focuse/moskva;;;;
1486;ООО «Артэкгрупп»;https://focus.kontur.ru/site/populyarnye-kompanii-v-focuse/moskva;;;;
1487;ООО «Европлюс»;https://focus.kontur.ru/site/populyarnye-kompanii-v-focuse/moskva;;;;
1488;ООО «Сервисстрой-1»;https://focus.kontur.ru/site/populyarnye-kompanii-v-focuse/moskva;;;;
1489;ООО «Альянс — Энерджи»;https://focus.kontur.ru/site/populyarnye-kompanii-v-focuse/moskva;;;;
1490;ООО «Домашний Гастроном»;https://focus.kontur.ru/site/populyarnye-kompanii-v-focuse/moskva;;;;
1491;ООО «Асэ-Фрут»;https://focus.kontur.ru/site/populyarnye-kompanii-v-focuse/moskva;;;;
1492;ООО «Первая Нерудная Корпорация-Регион»;https://focus.kontur.ru/site/populyarnye-kompanii-v-focuse/moskva;;;;
1493;ООО «Рострезерв»;https://focus.kontur.ru/site/populyarnye-kompanii-v-focuse/moskva;;;;
1494;ООО «Электротехсетьстрой»;https://focus.kontur.ru/site/populyarnye-kompanii-v-focuse/moskva;;;;
1495;АО «Авиационные Сервисные Технологии»;https://focus.kontur.ru/site/populyarnye-kompanii-v-focuse/moskva;;;;
1496;ПАО «Объединение Орджоникидзе 11»;https://focus.kontur.ru/site/populyarnye-kompanii-v-focuse/moskva;;;;
1497;ООО «М-Логистик»;https://focus.kontur.ru/site/populyarnye-kompanii-v-focuse/moskva;;;;
1498;ООО «Проект 21 Век»;https://focus.kontur.ru/site/populyarnye-kompanii-v-focuse/moskva;;;;
1499;ООО «Фабер-Ф»;https://focus.kontur.ru/site/populyarnye-kompanii-v-focuse/moskva;;;;
1500;ООО «Купец»;https://focus.kontur.ru/site/populyarnye-kompanii-v-focuse/moskva;;;;
1501;ООО «Полимер-Инвест»;https://focus.kontur.ru/site/populyarnye-kompanii-v-focuse/moskva;;;;
1502;ООО «Торговый Дом «Тагрис»;https://focus.kontur.ru/site/populyarnye-kompanii-v-focuse/moskva;;;;
1503;ООО «Сталь-Про»;https://focus.kontur.ru/site/populyarnye-kompanii-v-focuse/moskva;;;;
1504;ООО «Ж.З.Л.»;https://focus.kontur.ru/site/populyarnye-kompanii-v-focuse/moskva;;;;
1505;ООО «Стройэлектропроект»;https://focus.kontur.ru/site/populyarnye-kompanii-v-focuse/moskva;;;;
1506;ООО «Ит1-Ртк»;https://focus.kontur.ru/site/populyarnye-kompanii-v-focuse/moskva;;;;
1507;ООО «Рг — Девелопмент»;https://focus.kontur.ru/site/populyarnye-kompanii-v-focuse/moskva;;;;
1508;ООО «Торгово-промышленная компания «Белтимпэкс»;https://focus.kontur.ru/site/populyarnye-kompanii-v-focuse/moskva;;;;
1509;ООО «Ликон Рус»;https://focus.kontur.ru/site/populyarnye-kompanii-v-focuse/moskva;;;;
1510;ООО «Стройкомплексм»;https://focus.kontur.ru/site/populyarnye-kompanii-v-focuse/moskva;;;;
1511;ООО «АкваПлюс»;https://focus.kontur.ru/site/populyarnye-kompanii-v-focuse/moskva;;;;
1512;ООО «Дельрус — Центр»;https://focus.kontur.ru/site/populyarnye-kompanii-v-focuse/moskva;;;;
1513;ООО «Гудшуз»;https://focus.kontur.ru/site/populyarnye-kompanii-v-focuse/moskva;;;;
1514;ООО «Бауинвест»;https://focus.kontur.ru/site/populyarnye-kompanii-v-focuse/moskva;;;;
1515;ООО «Сайнс»;https://focus.kontur.ru/site/populyarnye-kompanii-v-focuse/moskva;;;;
1516;ООО «Мртс Морские Проекты»;https://focus.kontur.ru/site/populyarnye-kompanii-v-focuse/moskva;;;;
1517;ООО «РАНТ трейд»;https://focus.kontur.ru/site/populyarnye-kompanii-v-focuse/moskva;;;;
1518;ООО «КабельСтар»;https://focus.kontur.ru/site/populyarnye-kompanii-v-focuse/moskva;;;;
1519;ООО «Агентство недвижимости «Небоскреб Риэлти»;https://focus.kontur.ru/site/populyarnye-kompanii-v-focuse/moskva;;;;
1520;ООО «Ортост-Фасад»;https://focus.kontur.ru/site/populyarnye-kompanii-v-focuse/moskva;;;;
1521;ООО «Ай-Эс-Эс»;https://focus.kontur.ru/site/populyarnye-kompanii-v-focuse/moskva;;;;
1522;ООО «Жд Транс»;https://focus.kontur.ru/site/populyarnye-kompanii-v-focuse/moskva;;;;
1523;ООО «Прострой»;https://focus.kontur.ru/site/populyarnye-kompanii-v-focuse/moskva;;;;
1524;ООО «Промбазис»;https://focus.kontur.ru/site/populyarnye-kompanii-v-focuse/moskva;;;;
1525;ООО «Торговая Металлургическая Компания»;https://focus.kontur.ru/site/populyarnye-kompanii-v-focuse/moskva;;;;
1526;ООО «АБС-авто Столица»;https://focus.kontur.ru/site/populyarnye-kompanii-v-focuse/moskva;;;;
1527;ООО «Виста»;https://focus.kontur.ru/site/populyarnye-kompanii-v-focuse/moskva;;;;
1528;АО «Гардтекс»;https://focus.kontur.ru/site/populyarnye-kompanii-v-focuse/moskva;;;;
1529;ООО «Мультитрейд»;https://focus.kontur.ru/site/populyarnye-kompanii-v-focuse/moskva;;;;
1530;ООО «Эвоген»;https://focus.kontur.ru/site/populyarnye-kompanii-v-focuse/moskva;;;;
1531;ООО «Техстрим»;https://focus.kontur.ru/site/populyarnye-kompanii-v-focuse/moskva;;;;
1532;ООО «Бразер»;https://focus.kontur.ru/site/populyarnye-kompanii-v-focuse/moskva;;;;
1533;ООО «Екс Механизация»;https://focus.kontur.ru/site/populyarnye-kompanii-v-focuse/moskva;;;;
1534;ООО «Профит Хаус»;https://focus.kontur.ru/site/populyarnye-kompanii-v-focuse/moskva;;;;
1535;ООО «Яндекс Плюс»;https://focus.kontur.ru/site/populyarnye-kompanii-v-focuse/moskva;;;;
1536;ООО «Рустрейнинжиниринг»;https://focus.kontur.ru/site/populyarnye-kompanii-v-focuse/moskva;;;;
1537;АО «Гольфстрим Охранные Системы»;https://focus.kontur.ru/site/populyarnye-kompanii-v-focuse/moskva;;;;
1538;ООО «ТДСТ Изоляция»;https://focus.kontur.ru/site/populyarnye-kompanii-v-focuse/moskva;;;;
1539;АО «Авиакомпания «Меридиан»;https://focus.kontur.ru/site/populyarnye-kompanii-v-focuse/moskva;;;;
1540;ООО «Клиника ТРИ ПОКОЛЕНИЯ»;https://focus.kontur.ru/site/populyarnye-kompanii-v-focuse/moskva;;;;
1541;ООО «АЙМОЛ ЛУБРИКАНТС»;https://focus.kontur.ru/site/populyarnye-kompanii-v-focuse/moskva;;;;
1542;ООО «Производственно-Транспортная Компания»;https://focus.kontur.ru/site/populyarnye-kompanii-v-focuse/moskva;;;;
1543;ООО «Санрайз»;https://focus.kontur.ru/site/populyarnye-kompanii-v-focuse/moskva;;;;
1544;АО «Бурпроммаш»;https://focus.kontur.ru/site/populyarnye-kompanii-v-focuse/moskva;;;;
1545;ООО «Ремстройтрест»;https://focus.kontur.ru/site/populyarnye-kompanii-v-focuse/moskva;;;;
1546;ООО «Р-Фарм Интернешнл»;https://focus.kontur.ru/site/populyarnye-kompanii-v-focuse/moskva;;;;
1547;ООО «Ринфарм»;https://focus.kontur.ru/site/populyarnye-kompanii-v-focuse/moskva;;;;
1548;ОАО «Научно-исследовательский и проектный институт нефтеперерабатывающей и нефтехимической промышленности»;https://focus.kontur.ru/site/populyarnye-kompanii-v-focuse/moskva;;;;
1549;ООО «Промнефть»;https://focus.kontur.ru/site/populyarnye-kompanii-v-focuse/moskva;;;;
1550;ООО «Фортум-Новая Генерация 2»;https://focus.kontur.ru/site/populyarnye-kompanii-v-focuse/moskva;;;;
1551;ООО «БизнесБас»;https://focus.kontur.ru/site/populyarnye-kompanii-v-focuse/moskva;;;;
1552;ООО «Торговый Дом «Эликонстрой»;https://focus.kontur.ru/site/populyarnye-kompanii-v-focuse/moskva;;;;
1553;ООО «Чайна Юником (Рус) Оперэйшнз»;https://focus.kontur.ru/site/populyarnye-kompanii-v-focuse/moskva;;;;
1554;ООО «Интер Рао-Центр Управления Закупками»;https://focus.kontur.ru/site/populyarnye-kompanii-v-focuse/moskva;;;;
1555;ООО «Мигалка»;https://focus.kontur.ru/site/populyarnye-kompanii-v-focuse/moskva;;;;
1556;ООО «Интер-с Групп»;https://focus.kontur.ru/site/populyarnye-kompanii-v-focuse/moskva;;;;
1557;ООО «Арис Ойлфилд Тулс»;https://focus.kontur.ru/site/populyarnye-kompanii-v-focuse/moskva;;;;
1558;ООО «СерВисСтрой»;https://focus.kontur.ru/site/populyarnye-kompanii-v-focuse/moskva;;;;
1559;ООО «Панасоник Рус»;https://focus.kontur.ru/site/populyarnye-kompanii-v-focuse/moskva;;;;
1560;ООО «Транс Сервис»;https://focus.kontur.ru/site/populyarnye-kompanii-v-focuse/moskva;;;;
1561;АО «Сити-XXI Век»;https://focus.kontur.ru/site/populyarnye-kompanii-v-focuse/moskva;;;;
1562;ООО «Единаятопливнаякомпания»;https://focus.kontur.ru/site/populyarnye-kompanii-v-focuse/moskva;;;;
1563;ООО «ВитаГарант»;https://focus.kontur.ru/site/populyarnye-kompanii-v-focuse/moskva;;;;
1564;ООО «Двр-Транс»;https://focus.kontur.ru/site/populyarnye-kompanii-v-focuse/moskva;;;;
1565;ООО «ВИАТ ЛЛС»;https://focus.kontur.ru/site/populyarnye-kompanii-v-focuse/moskva;;;;
1566;ООО «Гуд Стори Медиа»;https://focus.kontur.ru/site/populyarnye-kompanii-v-focuse/moskva;;;;
1567;АО «Воздухотехника»;https://focus.kontur.ru/site/populyarnye-kompanii-v-focuse/moskva;;;;
1568;ООО «Марк о'Поло Рус»;https://focus.kontur.ru/site/populyarnye-kompanii-v-focuse/moskva;;;;
1569;ООО «Объединенная Транспортно-Экспедиторская Компания»;https://focus.kontur.ru/site/populyarnye-kompanii-v-focuse/moskva;;;;
1570;ООО «Развитие»;https://focus.kontur.ru/site/populyarnye-kompanii-v-focuse/moskva;;;;
1571;ООО «Ри-Транс»;https://focus.kontur.ru/site/populyarnye-kompanii-v-focuse/moskva;;;;
1572;АО «Объединенная Приборостроительная Корпорация»;https://focus.kontur.ru/site/populyarnye-kompanii-v-focuse/moskva;;;;
1573;ООО «Мтк Групп»;https://focus.kontur.ru/site/populyarnye-kompanii-v-focuse/moskva;;;;
1574;ООО «Гринада»;https://focus.kontur.ru/site/populyarnye-kompanii-v-focuse/moskva;;;;
1575;АО «Контракт»;https://focus.kontur.ru/site/populyarnye-kompanii-v-focuse/moskva;;;;
1576;ООО «Агротрейд»;https://focus.kontur.ru/site/populyarnye-kompanii-v-focuse/moskva;;;;
1577;ООО «Финансово-Производственная Компания в Атомной Энергетике»;https://focus.kontur.ru/site/populyarnye-kompanii-v-focuse/moskva;;;;
1578;ООО «Ретрон»;https://focus.kontur.ru/site/populyarnye-kompanii-v-focuse/moskva;;;;
1579;ООО «Гольфстрим»;https://focus.kontur.ru/site/populyarnye-kompanii-v-focuse/moskva;;;;
1580;ООО «СтройПартнер»;https://focus.kontur.ru/site/populyarnye-kompanii-v-focuse/moskva;;;;
1581;ООО «Фреш Фудс»;https://focus.kontur.ru/site/populyarnye-kompanii-v-focuse/moskva;;;;
1582;ООО «НАВИГАТОР»;https://focus.kontur.ru/site/populyarnye-kompanii-v-focuse/moskva;;;;
1583;ЗАО Ремонтно-строительная фирма «Ремстройсервис»;https://focus.kontur.ru/site/populyarnye-kompanii-v-focuse/moskva;;;;
1584;ООО «Юнайтед Партнерс»;https://focus.kontur.ru/site/populyarnye-kompanii-v-focuse/moskva;;;;
1585;АО Владимирский Комбинат Хлебопродуктов «Мукомол»;https://focus.kontur.ru/site/populyarnye-kompanii-v-focuse/moskva;;;;
1586;ООО «Металло-Механический Завод»;https://focus.kontur.ru/site/populyarnye-kompanii-v-focuse/moskva;;;;
1587;ООО «Окул»;https://focus.kontur.ru/site/populyarnye-kompanii-v-focuse/moskva;;;;
1588;ООО «Миал Групп»;https://focus.kontur.ru/site/populyarnye-kompanii-v-focuse/moskva;;;;
1589;ООО «Бест-Строй»;https://focus.kontur.ru/site/populyarnye-kompanii-v-focuse/moskva;;;;
1590;АО «Нацрыбпром»;https://focus.kontur.ru/site/populyarnye-kompanii-v-focuse/moskva;;;;
1591;АО «Центральный НИИ «Дельфин»;https://focus.kontur.ru/site/populyarnye-kompanii-v-focuse/moskva;;;;
1592;ООО «ФОЛКОН»;https://focus.kontur.ru/site/populyarnye-kompanii-v-focuse/moskva;;;;
1593;ООО «Дан Стар»;https://focus.kontur.ru/site/populyarnye-kompanii-v-focuse/moskva;;;;
1594;ООО «Рейнарс Алюминиум Рус»;https://focus.kontur.ru/site/populyarnye-kompanii-v-focuse/moskva;;;;
1595;ООО «УК «Аура»;https://focus.kontur.ru/site/populyarnye-kompanii-v-focuse/moskva;;;;
1596;ООО «АвтоАльянс»;https://focus.kontur.ru/site/populyarnye-kompanii-v-focuse/moskva;;;;
1597;ООО «Ситиар Рус»;https://focus.kontur.ru/site/populyarnye-kompanii-v-focuse/moskva;;;;
1598;ООО «Эконом»;https://focus.kontur.ru/site/populyarnye-kompanii-v-focuse/moskva;;;;
1599;ООО «Вычислительные Решения»;https://focus.kontur.ru/site/populyarnye-kompanii-v-focuse/moskva;;;;
1600;ООО «Ярд Империал»;https://focus.kontur.ru/site/populyarnye-kompanii-v-focuse/moskva;;;;
1601;ООО «Бурятское Геологоразведочное предприятие»;https://focus.kontur.ru/site/populyarnye-kompanii-v-focuse/moskva;;;;
1602;ООО «Мир Цифровых Технологий»;https://focus.kontur.ru/site/populyarnye-kompanii-v-focuse/moskva;;;;
1603;АО «Май Проект»;https://focus.kontur.ru/site/populyarnye-kompanii-v-focuse/moskva;;;;
1604;ООО «Атлантик Неман»;https://focus.kontur.ru/site/populyarnye-kompanii-v-focuse/moskva;;;;
1605;ООО «Дальневосточный Торговый Дом»;https://focus.kontur.ru/site/populyarnye-kompanii-v-focuse/moskva;;;;
1606;ООО «Гринвэн»;https://focus.kontur.ru/site/populyarnye-kompanii-v-focuse/moskva;;;;
1607;АО «Промышленно-Финансовая Компания»;https://focus.kontur.ru/site/populyarnye-kompanii-v-focuse/moskva;;;;
1608;ООО «Миксит»;https://focus.kontur.ru/site/populyarnye-kompanii-v-focuse/moskva;;;;
1609;ООО «ТПК Промаэротехника»;https://focus.kontur.ru/site/populyarnye-kompanii-v-focuse/moskva;;;;
1610;ООО «Строительный Сезон»;https://focus.kontur.ru/site/populyarnye-kompanii-v-focuse/moskva;;;;
1611;ООО «Солар Девелопмент»;https://focus.kontur.ru/site/populyarnye-kompanii-v-focuse/moskva;;;;
1612;ООО «Подразделение Транспортной Безопасности «Берг»;https://focus.kontur.ru/site/populyarnye-kompanii-v-focuse/moskva;;;;
1613;ООО «Нефтегазовая Компания»;https://focus.kontur.ru/site/populyarnye-kompanii-v-focuse/moskva;;;;
1614;ООО «Коммунарка»;https://focus.kontur.ru/site/populyarnye-kompanii-v-focuse/moskva;;;;
1615;ООО «Оптилэнд»;https://focus.kontur.ru/site/populyarnye-kompanii-v-focuse/moskva;;;;
1616;ООО «Мегаполис»;https://focus.kontur.ru/site/populyarnye-kompanii-v-focuse/moskva;;;;
1617;ООО «Партнеры Томск»;https://focus.kontur.ru/site/populyarnye-kompanii-v-focuse/moskva;;;;
1618;ООО «Мультисервисная платежная система»;https://focus.kontur.ru/site/populyarnye-kompanii-v-focuse/moskva;;;;
1619;ООО «Гпм Финансы»;https://focus.kontur.ru/site/populyarnye-kompanii-v-focuse/moskva;;;;
1620;ООО «Фабрика Вкуса»;https://focus.kontur.ru/site/populyarnye-kompanii-v-focuse/moskva;;;;
1621;ООО «Мега Трейд»;https://focus.kontur.ru/site/populyarnye-kompanii-v-focuse/moskva;;;;
1622;ООО Подразделение Транспортной Безопасности «Арктика»;https://focus.kontur.ru/site/populyarnye-kompanii-v-focuse/moskva;;;;
1623;ООО «Трейднефтехим»;https://focus.kontur.ru/site/populyarnye-kompanii-v-focuse/moskva;;;;
1624;ООО «ЛАН-ПРОЕКТ»;https://focus.kontur.ru/site/populyarnye-kompanii-v-focuse/moskva;;;;
1625;ООО «Сноу Сервис»;https://focus.kontur.ru/site/populyarnye-kompanii-v-focuse/moskva;;;;
1626;ООО «Холдинг Оск Групп»;https://focus.kontur.ru/site/populyarnye-kompanii-v-focuse/moskva;;;;
1627;ООО «Виником»;https://focus.kontur.ru/site/populyarnye-kompanii-v-focuse/moskva;;;;
1628;ООО «Инвестиционно-Производственная Компания «Мосстройкомплектация»;https://focus.kontur.ru/site/populyarnye-kompanii-v-focuse/moskva;;;;
1629;ООО «Петрол»;https://focus.kontur.ru/site/populyarnye-kompanii-v-focuse/moskva;;;;
1630;ООО «Галс-Девелопмент»;https://focus.kontur.ru/site/populyarnye-kompanii-v-focuse/moskva;;;;
1631;ООО «Медуза»;https://focus.kontur.ru/site/populyarnye-kompanii-v-focuse/moskva;;;;
1632;ООО «Продторгснаб»;https://focus.kontur.ru/site/populyarnye-kompanii-v-focuse/moskva;;;;
1633;ООО «Норок»;https://focus.kontur.ru/site/populyarnye-kompanii-v-focuse/moskva;;;;
1634;ООО «Фармхимгрупп»;https://focus.kontur.ru/site/populyarnye-kompanii-v-focuse/moskva;;;;
1635;ООО Микрокредитная Компания «Кредито24»;https://focus.kontur.ru/site/populyarnye-kompanii-v-focuse/moskva;;;;
1636;ООО «Премьер-продукт»;https://focus.kontur.ru/site/populyarnye-kompanii-v-focuse/moskva;;;;
1637;ООО «Мосоптторг»;https://focus.kontur.ru/site/populyarnye-kompanii-v-focuse/moskva;;;;
1638;ООО «Автолюкс»;https://focus.kontur.ru/site/populyarnye-kompanii-v-focuse/moskva;;;;
1639;ООО «Ростелеком-Цифровые Регионы»;https://focus.kontur.ru/site/populyarnye-kompanii-v-focuse/moskva;;;;
1640;ООО «Вира Строй»;https://focus.kontur.ru/site/populyarnye-kompanii-v-focuse/moskva;;;;
1641;ООО «Паритет»;https://focus.kontur.ru/site/populyarnye-kompanii-v-focuse/moskva;;;;
1642;ООО «Стэк-1»;https://focus.kontur.ru/site/populyarnye-kompanii-v-focuse/moskva;;;;
1643;ООО «ЮНАЙТЕД ЭКСТРУЖН»;https://focus.kontur.ru/site/populyarnye-kompanii-v-focuse/moskva;;;;
1644;ООО «Хилл-Сити»;https://focus.kontur.ru/site/populyarnye-kompanii-v-focuse/moskva;;;;
1645;ООО «Авако Лимитед»;https://focus.kontur.ru/site/populyarnye-kompanii-v-focuse/moskva;;;;
1646;ООО «Экс Морэ»;https://focus.kontur.ru/site/populyarnye-kompanii-v-focuse/moskva;;;;
1647;Федеральное государственное бюджетное учреждение «Всероссийский Научно-Исследовательский Геологический Нефтяной Институт»;https://focus.kontur.ru/site/populyarnye-kompanii-v-focuse/moskva;;;;
1648;ООО «Авк Инвестментс»;https://focus.kontur.ru/site/populyarnye-kompanii-v-focuse/moskva;;;;
1649;ООО «ЭЛЬ — ДЕНТ»;https://focus.kontur.ru/site/populyarnye-kompanii-v-focuse/moskva;;;;
1650;ООО «Инжиниринг Групп»;https://focus.kontur.ru/site/populyarnye-kompanii-v-focuse/moskva;;;;
1651;ООО «Рускранкомпани»;https://focus.kontur.ru/site/populyarnye-kompanii-v-focuse/moskva;;;;
1652;ООО «Медград»;https://focus.kontur.ru/site/populyarnye-kompanii-v-focuse/moskva;;;;
1653;ООО «Ивк Медиа»;https://focus.kontur.ru/site/populyarnye-kompanii-v-focuse/moskva;;;;
1654;АО «Агроимпэкс»;https://focus.kontur.ru/site/populyarnye-kompanii-v-focuse/moskva;;;;
1655;ООО «Югорская строительная компания»;https://focus.kontur.ru/site/populyarnye-kompanii-v-focuse/moskva;;;;
1656;ООО «ТехАвтоЮг»;https://focus.kontur.ru/site/populyarnye-kompanii-v-focuse/moskva;;;;
1657;ООО «Интерактивные Технологии и Системы»;https://focus.kontur.ru/site/populyarnye-kompanii-v-focuse/moskva;;;;
1658;ООО «ВЕРТЕКС»;https://focus.kontur.ru/site/populyarnye-kompanii-v-focuse/moskva;;;;
1659;АО «Конструкторское Бюро «Аметист»;https://focus.kontur.ru/site/populyarnye-kompanii-v-focuse/moskva;;;;
1660;АО «Информационные Системы Джет»;https://focus.kontur.ru/site/populyarnye-kompanii-v-focuse/moskva;;;;
1661;ООО «Лаборатория Кардиологии»;https://focus.kontur.ru/site/populyarnye-kompanii-v-focuse/moskva;;;;
1662;ООО «Сентинел Кредит Менеджмент»;https://focus.kontur.ru/site/populyarnye-kompanii-v-focuse/moskva;;;;
1663;ООО «Мастер Деливери»;https://focus.kontur.ru/site/populyarnye-kompanii-v-focuse/moskva;;;;
1664;АО «Авиационная Сервисная Компания»;https://focus.kontur.ru/site/populyarnye-kompanii-v-focuse/moskva;;;;
1665;ООО «Цветочный Ряд»;https://focus.kontur.ru/site/populyarnye-kompanii-v-focuse/moskva;;;;
1666;ООО «ТД «Состра-Рус»;https://focus.kontur.ru/site/populyarnye-kompanii-v-focuse/moskva;;;;
1667;ООО «Новотранс Строй»;https://focus.kontur.ru/site/populyarnye-kompanii-v-focuse/moskva;;;;
1668;ООО «Снежана + Д»;https://focus.kontur.ru/site/populyarnye-kompanii-v-focuse/moskva;;;;
1669;ООО «СМИТ САЙБИРИАН СЕРВИСЕЗ»;https://focus.kontur.ru/site/populyarnye-kompanii-v-focuse/moskva;;;;
1670;ООО «Торговый Дом «Руст-95»;https://focus.kontur.ru/site/populyarnye-kompanii-v-focuse/moskva;;;;
1671;ООО «Брайт Вэй»;https://focus.kontur.ru/site/populyarnye-kompanii-v-focuse/moskva;;;;
1672;ООО «Атм Акронекс»;https://focus.kontur.ru/site/populyarnye-kompanii-v-focuse/moskva;;;;
1673;ООО «Лорд»;https://focus.kontur.ru/site/populyarnye-kompanii-v-focuse/moskva;;;;
1674;ООО «Викойл»;https://focus.kontur.ru/site/populyarnye-kompanii-v-focuse/moskva;;;;
1675;ООО «Дао Фуд»;https://focus.kontur.ru/site/populyarnye-kompanii-v-focuse/moskva;;;;
1676;ООО «Эр Оптикс»;https://focus.kontur.ru/site/populyarnye-kompanii-v-focuse/moskva;;;;
1677;ООО «Электро Сити Свет»;https://focus.kontur.ru/site/populyarnye-kompanii-v-focuse/moskva;;;;
1678;ООО «Упаковторг»;https://focus.kontur.ru/site/populyarnye-kompanii-v-focuse/moskva;;;;
1679;ООО «НИИ экономики и организации управления в газовой промышленности»;https://focus.kontur.ru/site/populyarnye-kompanii-v-focuse/moskva;;;;
1680;ФГУП «НИИ «Квант»;https://focus.kontur.ru/site/populyarnye-kompanii-v-focuse/moskva;;;;
1681;ЗАО «Т.О.Р.»;https://focus.kontur.ru/site/populyarnye-kompanii-v-focuse/moskva;;;;
1682;АО «Дсу-1»;https://focus.kontur.ru/site/populyarnye-kompanii-v-focuse/moskva;;;;
1683;ООО «КАПЭКС»;https://focus.kontur.ru/site/populyarnye-kompanii-v-focuse/moskva;;;;
1684;ООО «Адванта-М»;https://focus.kontur.ru/site/populyarnye-kompanii-v-focuse/moskva;;;;
1685;ООО «Твой Дом»;https://focus.kontur.ru/site/populyarnye-kompanii-v-focuse/moskva;;;;
1686;ООО «Веста»;https://focus.kontur.ru/site/populyarnye-kompanii-v-focuse/moskva;;;;
1687;ООО «Декострой»;https://focus.kontur.ru/site/populyarnye-kompanii-v-focuse/moskva;;;;
1688;ООО «ЭЛКОД»;https://focus.kontur.ru/site/populyarnye-kompanii-v-focuse/moskva;;;;
1689;ООО «Энергетические Решения»;https://focus.kontur.ru/site/populyarnye-kompanii-v-focuse/moskva;;;;
1690;ООО «Красный Октябрь — Рассказовка»;https://focus.kontur.ru/site/populyarnye-kompanii-v-focuse/moskva;;;;
1691;ООО «ФОРЭНЕРГО-ТРЕЙД»;https://focus.kontur.ru/site/populyarnye-kompanii-v-focuse/moskva;;;;
1692;ООО «Стройпромторг»;https://focus.kontur.ru/site/populyarnye-kompanii-v-focuse/moskva;;;;
1693;АО «Юхол»;https://focus.kontur.ru/site/populyarnye-kompanii-v-focuse/moskva;;;;
1694;ООО «Визмет»;https://focus.kontur.ru/site/populyarnye-kompanii-v-focuse/moskva;;;;
1695;АО «Саммит»;https://focus.kontur.ru/site/populyarnye-kompanii-v-focuse/moskva;;;;
1696;ООО «МедЛинк Расходные Материалы»;https://focus.kontur.ru/site/populyarnye-kompanii-v-focuse/moskva;;;;
1697;ООО «Эвалаб»;https://focus.kontur.ru/site/populyarnye-kompanii-v-focuse/moskva;;;;
1698;ООО «Рск-Ренессанс»;https://focus.kontur.ru/site/populyarnye-kompanii-v-focuse/moskva;;;;
1699;ООО «ХоРеКа-МАРКЕТ»;https://focus.kontur.ru/site/populyarnye-kompanii-v-focuse/moskva;;;;
1700;ООО «Современные Рельсовые Системы»;https://focus.kontur.ru/site/populyarnye-kompanii-v-focuse/moskva;;;;
1701;ООО «Эрси Автотрейд»;https://focus.kontur.ru/site/populyarnye-kompanii-v-focuse/moskva;;;;
1702;ООО «Бумага-Опт»;https://focus.kontur.ru/site/populyarnye-kompanii-v-focuse/moskva;;;;
1703;ООО «Страдивариус СНГ»;https://focus.kontur.ru/site/populyarnye-kompanii-v-focuse/moskva;;;;
1704;ООО «Промышленные Инвестиции»;https://focus.kontur.ru/site/populyarnye-kompanii-v-focuse/moskva;;;;
1705;АО «Астор»;https://focus.kontur.ru/site/populyarnye-kompanii-v-focuse/moskva;;;;
1706;ООО «Мирафарм»;https://focus.kontur.ru/site/populyarnye-kompanii-v-focuse/moskva;;;;
1707;АО «Лабквест»;https://focus.kontur.ru/site/populyarnye-kompanii-v-focuse/moskva;;;;
1708;ООО «Инженерные Технологии»;https://focus.kontur.ru/site/populyarnye-kompanii-v-focuse/moskva;;;;
1709;ООО «Металлоторг»;https://focus.kontur.ru/site/populyarnye-kompanii-v-focuse/moskva;;;;
1710;ООО «Вимм-Билль-Данн Продукты Питания»;https://focus.kontur.ru/site/populyarnye-kompanii-v-focuse/moskva;;;;
1711;ООО «Хайтэк»;https://focus.kontur.ru/site/populyarnye-kompanii-v-focuse/moskva;;;;
1712;ООО «Телесистемы»;https://focus.kontur.ru/site/populyarnye-kompanii-v-focuse/moskva;;;;
1713;ООО «Технопрогресс»;https://focus.kontur.ru/site/populyarnye-kompanii-v-focuse/moskva;;;;
1714;ООО «ЛАЙТ»;https://focus.kontur.ru/site/populyarnye-kompanii-v-focuse/moskva;;;;
1715;ООО «Совкон»;https://focus.kontur.ru/site/populyarnye-kompanii-v-focuse/moskva;;;;
1716;Автономная Некоммерческая Образовательная организация Высшего Образования «Сколковский Институт Науки и Технологий»;https://focus.kontur.ru/site/populyarnye-kompanii-v-focuse/moskva;;;;
1717;ООО «Эко Грин Строй»;https://focus.kontur.ru/site/populyarnye-kompanii-v-focuse/moskva;;;;
1718;ООО «Енисей-Сервис»;https://focus.kontur.ru/site/populyarnye-kompanii-v-focuse/moskva;;;;
1719;ООО «Контр Ойл»;https://focus.kontur.ru/site/populyarnye-kompanii-v-focuse/moskva;;;;
1720;ООО «Технология»;https://focus.kontur.ru/site/populyarnye-kompanii-v-focuse/moskva;;;;
1721;ООО «Хлебный двор»;https://focus.kontur.ru/site/populyarnye-kompanii-v-focuse/moskva;;;;
1722;АО «Национальная Сервисная Компания»;https://focus.kontur.ru/site/populyarnye-kompanii-v-focuse/moskva;;;;
1723;АО «Элма»;https://focus.kontur.ru/site/populyarnye-kompanii-v-focuse/moskva;;;;
1724;ООО «МТЦ»;https://focus.kontur.ru/site/populyarnye-kompanii-v-focuse/moskva;;;;
1725;ООО «Строительная Компания Беркут»;https://focus.kontur.ru/site/populyarnye-kompanii-v-focuse/moskva;;;;
1726;ООО «Амс»;https://focus.kontur.ru/site/populyarnye-kompanii-v-focuse/moskva;;;;
1727;ООО «Инженерный Центр «Энергосервис»;https://focus.kontur.ru/site/populyarnye-kompanii-v-focuse/moskva;;;;
1728;АО «Кемико»;https://focus.kontur.ru/site/populyarnye-kompanii-v-focuse/moskva;;;;
1729;ООО «Полихимкомплект-М»;https://focus.kontur.ru/site/populyarnye-kompanii-v-focuse/moskva;;;;
1730;ООО «Сырный Профиль»;https://focus.kontur.ru/site/populyarnye-kompanii-v-focuse/moskva;;;;
1731;ООО «РМ — Терекс»;https://focus.kontur.ru/site/populyarnye-kompanii-v-focuse/moskva;;;;
1732;ООО «Ресайклердорстрой»;https://focus.kontur.ru/site/populyarnye-kompanii-v-focuse/moskva;;;;
1733;ООО «Ойл Энерджи»;https://focus.kontur.ru/site/populyarnye-kompanii-v-focuse/moskva;;;;
1734;ООО «Глобал-Карт»;https://focus.kontur.ru/site/populyarnye-kompanii-v-focuse/moskva;;;;
1735;ООО «Эласго»;https://focus.kontur.ru/site/populyarnye-kompanii-v-focuse/moskva;;;;
1736;АО «Центральный Научно-Исследовательский Радиотехнический Институт Имени Академика А.И. Берга»;https://focus.kontur.ru/site/populyarnye-kompanii-v-focuse/moskva;;;;
1737;ООО «Высота»;https://focus.kontur.ru/site/populyarnye-kompanii-v-focuse/moskva;;;;
1738;ООО «Нивапром»;https://focus.kontur.ru/site/populyarnye-kompanii-v-focuse/moskva;;;;
1739;ООО «Технологии Движения»;https://focus.kontur.ru/site/populyarnye-kompanii-v-focuse/moskva;;;;
1740;ООО «Ойл-Форби»;https://focus.kontur.ru/site/populyarnye-kompanii-v-focuse/moskva;;;;
1741;ООО «Парексель Интернэшнл (РУС)»;https://focus.kontur.ru/site/populyarnye-kompanii-v-focuse/moskva;;;;
1742;ООО «Экспром»;https://focus.kontur.ru/site/populyarnye-kompanii-v-focuse/moskva;;;;
1743;ООО «МАРКЕТ ГРУПП»;https://focus.kontur.ru/site/populyarnye-kompanii-v-focuse/moskva;;;;
1744;ООО «Студио Модерна»;https://focus.kontur.ru/site/populyarnye-kompanii-v-focuse/moskva;;;;
1745;ООО «Маруся Бевереджис РУС»;https://focus.kontur.ru/site/populyarnye-kompanii-v-focuse/moskva;;;;
1746;ООО Торговый Дом «СМТ»;https://focus.kontur.ru/site/populyarnye-kompanii-v-focuse/moskva;;;;
1747;ООО «Джи-Эм-Си-Эс Верэкс»;https://focus.kontur.ru/site/populyarnye-kompanii-v-focuse/moskva;;;;
1748;ООО «Север Авто С»;https://focus.kontur.ru/site/populyarnye-kompanii-v-focuse/moskva;;;;
1749;ООО «Фрам»;https://focus.kontur.ru/site/populyarnye-kompanii-v-focuse/moskva;;;;
1750;ООО «с-Инновации»;https://focus.kontur.ru/site/populyarnye-kompanii-v-focuse/moskva;;;;
1751;ООО «Эклипс»;https://focus.kontur.ru/site/populyarnye-kompanii-v-focuse/moskva;;;;
1752;ООО «Торговая Компания «Инвест Фиш»;https://focus.kontur.ru/site/populyarnye-kompanii-v-focuse/moskva;;;;
1753;ООО «АРТ Логистик»;https://focus.kontur.ru/site/populyarnye-kompanii-v-focuse/moskva;;;;
1754;ООО «Торговый Дом «Домостроительный Комбинат»;https://focus.kontur.ru/site/populyarnye-kompanii-v-focuse/moskva;;;;
1755;ООО «Алго Капитал»;https://focus.kontur.ru/site/populyarnye-kompanii-v-focuse/moskva;;;;
1756;ООО «Развитие РОСТ»;https://focus.kontur.ru/site/populyarnye-kompanii-v-focuse/moskva;;;;
1757;ООО «Глобус Медиа»;https://focus.kontur.ru/site/populyarnye-kompanii-v-focuse/moskva;;;;
1758;ООО «Витек.рус»;https://focus.kontur.ru/site/populyarnye-kompanii-v-focuse/moskva;;;;
1759;ООО «Медиум Кволити Продакшн»;https://focus.kontur.ru/site/populyarnye-kompanii-v-focuse/moskva;;;;
1760;ООО «Гелена Химавто»;https://focus.kontur.ru/site/populyarnye-kompanii-v-focuse/moskva;;;;
1761;ООО «Энергосталь»;https://focus.kontur.ru/site/populyarnye-kompanii-v-focuse/moskva;;;;
1762;ООО «Луис+офис»;https://focus.kontur.ru/site/populyarnye-kompanii-v-focuse/moskva;;;;
1763;ООО «Комтех»;https://focus.kontur.ru/site/populyarnye-kompanii-v-focuse/moskva;;;;
1764;ООО Торгово-Промышленная Компания «Меткомцентр»;https://focus.kontur.ru/site/populyarnye-kompanii-v-focuse/moskva;;;;
1765;ООО «Джиэмэс»;https://focus.kontur.ru/site/populyarnye-kompanii-v-focuse/moskva;;;;
1766;ООО «АТРИБУТ Вашего дома»;https://focus.kontur.ru/site/populyarnye-kompanii-v-focuse/moskva;;;;
1767;ООО «Нефтепродукттрейд»;https://focus.kontur.ru/site/populyarnye-kompanii-v-focuse/moskva;;;;
1768;ООО «Техно»;https://focus.kontur.ru/site/populyarnye-kompanii-v-focuse/moskva;;;;
1769;ООО «Марад»;https://focus.kontur.ru/site/populyarnye-kompanii-v-focuse/moskva;;;;
1770;ООО «Экотранс»;https://focus.kontur.ru/site/populyarnye-kompanii-v-focuse/moskva;;;;
1771;ООО «Ветиндустрия»;https://focus.kontur.ru/site/populyarnye-kompanii-v-focuse/moskva;;;;
1772;ООО «Технотрейд»;https://focus.kontur.ru/site/populyarnye-kompanii-v-focuse/moskva;;;;
1773;ООО «Дезнэт»;https://focus.kontur.ru/site/populyarnye-kompanii-v-focuse/moskva;;;;
1774;ООО «СП-Телеком»;https://focus.kontur.ru/site/populyarnye-kompanii-v-focuse/moskva;;;;
1775;ООО «Нпк Химия»;https://focus.kontur.ru/site/populyarnye-kompanii-v-focuse/moskva;;;;
1776;ООО «Прома»;https://focus.kontur.ru/site/populyarnye-kompanii-v-focuse/moskva;;;;
1777;ООО «ЭфЭмДжи Транспорт Сервис»;https://focus.kontur.ru/site/populyarnye-kompanii-v-focuse/moskva;;;;
1778;ООО «Мир Заморозки»;https://focus.kontur.ru/site/populyarnye-kompanii-v-focuse/moskva;;;;
1779;ООО «Лизинговая Компания Простые Решения»;https://focus.kontur.ru/site/populyarnye-kompanii-v-focuse/moskva;;;;
1780;ООО «Лаборатория Технологий»;https://focus.kontur.ru/site/populyarnye-kompanii-v-focuse/moskva;;;;
1781;ООО «Коника Минолта Бизнес Сольюшнз Раша»;https://focus.kontur.ru/site/populyarnye-kompanii-v-focuse/moskva;;;;
1782;ООО «Лайер»;https://focus.kontur.ru/site/populyarnye-kompanii-v-focuse/moskva;;;;
1783;ООО «Мелитэк»;https://focus.kontur.ru/site/populyarnye-kompanii-v-focuse/moskva;;;;
1784;ООО «Проджект Саппорт»;https://focus.kontur.ru/site/populyarnye-kompanii-v-focuse/moskva;;;;
1785;ООО «Эволти-Ресурс»;https://focus.kontur.ru/site/populyarnye-kompanii-v-focuse/moskva;;;;
1786;ООО «Т.Р.С. Дистрибьюшн»;https://focus.kontur.ru/site/populyarnye-kompanii-v-focuse/moskva;;;;
1787;ООО «Иксклауд»;https://focus.kontur.ru/site/populyarnye-kompanii-v-focuse/moskva;;;;
1788;ООО «Софттелематика»;https://focus.kontur.ru/site/populyarnye-kompanii-v-focuse/moskva;;;;
1789;ООО «Рива»;https://focus.kontur.ru/site/populyarnye-kompanii-v-focuse/moskva;;;;
1790;АО «Конструкторское Бюро «Корунд-М»;https://focus.kontur.ru/site/populyarnye-kompanii-v-focuse/moskva;;;;
1791;ООО «Бау Экспертиз Прожектиерунг»;https://focus.kontur.ru/site/populyarnye-kompanii-v-focuse/moskva;;;;
1792;ООО «Алтея»;https://focus.kontur.ru/site/populyarnye-kompanii-v-focuse/moskva;;;;
1793;ООО «Кей Поинт Лоджистикс»;https://focus.kontur.ru/site/populyarnye-kompanii-v-focuse/moskva;;;;
1794;ООО «Роре Медиа»;https://focus.kontur.ru/site/populyarnye-kompanii-v-focuse/moskva;;;;
1795;НАО «Абс Энергонефть»;https://focus.kontur.ru/site/populyarnye-kompanii-v-focuse/moskva;;;;
1796;ООО «Корпорация Энергомашэкспорт»;https://focus.kontur.ru/site/populyarnye-kompanii-v-focuse/moskva;;;;
1797;ООО «Смарттайм»;https://focus.kontur.ru/site/populyarnye-kompanii-v-focuse/moskva;;;;
1798;ООО «ГаммаРесурс»;https://focus.kontur.ru/site/populyarnye-kompanii-v-focuse/moskva;;;;
1799;ООО «Гвардиола»;https://focus.kontur.ru/site/populyarnye-kompanii-v-focuse/moskva;;;;
1800;ООО «Опттрейд»;https://focus.kontur.ru/site/populyarnye-kompanii-v-focuse/moskva;;;;
1801;ООО «Универсальная Транспортная Группа»;https://focus.kontur.ru/site/populyarnye-kompanii-v-focuse/moskva;;;;
1802;ООО «Агро ТАР»;https://focus.kontur.ru/site/populyarnye-kompanii-v-focuse/moskva;;;;
1803;ООО «Гурт»;https://focus.kontur.ru/site/populyarnye-kompanii-v-focuse/moskva;;;;
1804;ООО «Компит»;https://focus.kontur.ru/site/populyarnye-kompanii-v-focuse/moskva;;;;
1805;ООО «Франке Нева»;https://focus.kontur.ru/site/populyarnye-kompanii-v-focuse/moskva;;;;
1806;ООО «Парусинвест»;https://focus.kontur.ru/site/populyarnye-kompanii-v-focuse/moskva;;;;
1807;ООО «Промтех Инжиниринг»;https://focus.kontur.ru/site/populyarnye-kompanii-v-focuse/moskva;;;;
1808;ООО «Втормет «Царицыно»;https://focus.kontur.ru/site/populyarnye-kompanii-v-focuse/moskva;;;;
1809;ООО Торговый Дом «Баурекс»;https://focus.kontur.ru/site/populyarnye-kompanii-v-focuse/moskva;;;;
1810;ООО «Ресурсы Для Вас»;https://focus.kontur.ru/site/populyarnye-kompanii-v-focuse/moskva;;;;
1811;ООО «Сбытовая Компания-Химпродукт»;https://focus.kontur.ru/site/populyarnye-kompanii-v-focuse/moskva;;;;
1812;ООО «НЕОСКАН»;https://focus.kontur.ru/site/populyarnye-kompanii-v-focuse/moskva;;;;
1813;ООО «Кульмбах-Д»;https://focus.kontur.ru/site/populyarnye-kompanii-v-focuse/moskva;;;;
1814;ООО «БерингПойнт»;https://focus.kontur.ru/site/populyarnye-kompanii-v-focuse/moskva;;;;
1815;ООО «ВестИнвест»;https://focus.kontur.ru/site/populyarnye-kompanii-v-focuse/moskva;;;;
1816;АО «Инженерно-Технический Центр «Джэт»;https://focus.kontur.ru/site/populyarnye-kompanii-v-focuse/moskva;;;;
1817;ООО «Файн Лайн»;https://focus.kontur.ru/site/populyarnye-kompanii-v-focuse/moskva;;;;
1818;ООО «Премьер Нутришинал»;https://focus.kontur.ru/site/populyarnye-kompanii-v-focuse/moskva;;;;
1819;ООО «ФОКУС»;https://focus.kontur.ru/site/populyarnye-kompanii-v-focuse/moskva;;;;
1820;ООО «Дорстройгарант»;https://focus.kontur.ru/site/populyarnye-kompanii-v-focuse/moskva;;;;
1821;ООО «Рудреагент»;https://focus.kontur.ru/site/populyarnye-kompanii-v-focuse/moskva;;;;
1822;ООО «Сирена»;https://focus.kontur.ru/site/populyarnye-kompanii-v-focuse/moskva;;;;
1823;ООО «Инвестиционная Группа «Индига»;https://focus.kontur.ru/site/populyarnye-kompanii-v-focuse/moskva;;;;
1824;ООО «Тексима»;https://focus.kontur.ru/site/populyarnye-kompanii-v-focuse/moskva;;;;
1825;ООО «Норгау Руссланд»;https://focus.kontur.ru/site/populyarnye-kompanii-v-focuse/moskva;;;;
1826;ООО «Айфэлл»;https://focus.kontur.ru/site/populyarnye-kompanii-v-focuse/moskva;;;;
1827;ООО «Стрим-Авто»;https://focus.kontur.ru/site/populyarnye-kompanii-v-focuse/moskva;;;;
1828;ООО «Трансновалоджик»;https://focus.kontur.ru/site/populyarnye-kompanii-v-focuse/moskva;;;;
1829;ООО «КИМА ЛИМИТЕД»;https://focus.kontur.ru/site/populyarnye-kompanii-v-focuse/moskva;;;;
1830;ООО «ВАЛЕНТА-ИНТЕЛЛЕКТ»;https://focus.kontur.ru/site/populyarnye-kompanii-v-focuse/moskva;;;;
1831;ООО «Ив-Трейд»;https://focus.kontur.ru/site/populyarnye-kompanii-v-focuse/moskva;;;;
1832;ООО «Альта-Панель»;https://focus.kontur.ru/site/populyarnye-kompanii-v-focuse/moskva;;;;
1833;ООО «Бозелла»;https://focus.kontur.ru/site/populyarnye-kompanii-v-focuse/moskva;;;;
1834;ООО «ГорИнжСтрой»;https://focus.kontur.ru/site/populyarnye-kompanii-v-focuse/moskva;;;;
1835;ООО «Ксенеон»;https://focus.kontur.ru/site/populyarnye-kompanii-v-focuse/moskva;;;;
1836;ООО «Глобо»;https://focus.kontur.ru/site/populyarnye-kompanii-v-focuse/moskva;;;;
1837;ООО «Медиа-Телеком»;https://focus.kontur.ru/site/populyarnye-kompanii-v-focuse/moskva;;;;
1838;ООО «Неос Ингредиентс»;https://focus.kontur.ru/site/populyarnye-kompanii-v-focuse/moskva;;;;
1839;ООО «Оптэнергосбыт»;https://focus.kontur.ru/site/populyarnye-kompanii-v-focuse/moskva;;;;
1840;АО «Научно-Производственный Центр «Эльфа»;https://focus.kontur.ru/site/populyarnye-kompanii-v-focuse/moskva;;;;
1841;ООО «Гарантстрой»;https://focus.kontur.ru/site/populyarnye-kompanii-v-focuse/moskva;;;;
1842;ООО «Электролид»;https://focus.kontur.ru/site/populyarnye-kompanii-v-focuse/moskva;;;;
1843;ООО «СИМКО БИОТЕК»;https://focus.kontur.ru/site/populyarnye-kompanii-v-focuse/moskva;;;;
1844;АО «Ветроэнергетическая Отдельная Генерирующая Компания-2»;https://focus.kontur.ru/site/populyarnye-kompanii-v-focuse/moskva;;;;
1845;ООО «Квадро»;https://focus.kontur.ru/site/populyarnye-kompanii-v-focuse/moskva;;;;
1846;АО «Родина»;https://focus.kontur.ru/site/populyarnye-kompanii-v-focuse/moskva;;;;
1847;ООО «Крафтер-Центр»;https://focus.kontur.ru/site/populyarnye-kompanii-v-focuse/moskva;;;;
1848;ООО «Ветлайн»;https://focus.kontur.ru/site/populyarnye-kompanii-v-focuse/moskva;;;;
1849;АО «Европейские Технологии и Сервис»;https://focus.kontur.ru/site/populyarnye-kompanii-v-focuse/moskva;;;;
1850;АО «Прин»;https://focus.kontur.ru/site/populyarnye-kompanii-v-focuse/moskva;;;;
1851;Государственное бюджетное учреждение Города Москвы «Жилищник Района Чертаново Южное»;https://focus.kontur.ru/site/populyarnye-kompanii-v-focuse/moskva;;;;
1852;ООО «КАПРИС ВОСТОК»;https://focus.kontur.ru/site/populyarnye-kompanii-v-focuse/moskva;;;;
1853;ООО «РК-МОНТАЖ»;https://focus.kontur.ru/site/populyarnye-kompanii-v-focuse/moskva;;;;
1854;ООО «Большой Дом»;https://focus.kontur.ru/site/populyarnye-kompanii-v-focuse/moskva;;;;
1855;АО «Завод Протон»;https://focus.kontur.ru/site/populyarnye-kompanii-v-focuse/moskva;;;;
1856;ООО «Комплект»;https://focus.kontur.ru/site/populyarnye-kompanii-v-focuse/moskva;;;;
1857;АО «Дедал-Нв»;https://focus.kontur.ru/site/populyarnye-kompanii-v-focuse/moskva;;;;
1858;АО «Тематика»;https://focus.kontur.ru/site/populyarnye-kompanii-v-focuse/moskva;;;;
1859;ООО «Канди Трейд»;https://focus.kontur.ru/site/populyarnye-kompanii-v-focuse/moskva;;;;
1860;Государственное бюджетное учреждение Города Москвы «Жилищник Пресненского Района»;https://focus.kontur.ru/site/populyarnye-kompanii-v-focuse/moskva;;;;
1861;ООО «Стримлайн»;https://focus.kontur.ru/site/populyarnye-kompanii-v-focuse/moskva;;;;
1862;ООО «Феникс-К»;https://focus.kontur.ru/site/populyarnye-kompanii-v-focuse/moskva;;;;
1863;ООО «Полимер-Инфраструктура»;https://focus.kontur.ru/site/populyarnye-kompanii-v-focuse/moskva;;;;
1864;ООО «ТД СтимЛайн»;https://focus.kontur.ru/site/populyarnye-kompanii-v-focuse/moskva;;;;
1865;ООО «Белок»;https://focus.kontur.ru/site/populyarnye-kompanii-v-focuse/moskva;;;;
1866;ООО «ГК МФМК»;https://focus.kontur.ru/site/populyarnye-kompanii-v-focuse/moskva;;;;
1867;ООО «Региональные Торговые Представители»;https://focus.kontur.ru/site/populyarnye-kompanii-v-focuse/moskva;;;;
1868;ООО «Флексмар»;https://focus.kontur.ru/site/populyarnye-kompanii-v-focuse/moskva;;;;
1869;АО «Рдтех Разумные Деловые Технологии»;https://focus.kontur.ru/site/populyarnye-kompanii-v-focuse/moskva;;;;
1870;ООО «Типография «Вф»;https://focus.kontur.ru/site/populyarnye-kompanii-v-focuse/moskva;;;;
1871;ООО «Восточно-Европейская Логистическая Компания Поволжье»;https://focus.kontur.ru/site/populyarnye-kompanii-v-focuse/moskva;;;;
1872;ФГУП «НПП «Гамма»;https://focus.kontur.ru/site/populyarnye-kompanii-v-focuse/moskva;;;;
1873;ООО «Огис Трейд»;https://focus.kontur.ru/site/populyarnye-kompanii-v-focuse/moskva;;;;
1874;ООО «Агрофрут»;https://focus.kontur.ru/site/populyarnye-kompanii-v-focuse/moskva;;;;
1875;ООО «Гавари Рейлвейс»;https://focus.kontur.ru/site/populyarnye-kompanii-v-focuse/moskva;;;;
1876;ООО «Ингри»;https://focus.kontur.ru/site/populyarnye-kompanii-v-focuse/moskva;;;;
1877;ООО «Центр обеспечения пожарно-спасательной и научной деятельности»;https://focus.kontur.ru/site/populyarnye-kompanii-v-focuse/moskva;;;;
1878;ЗАО Научно-Производственный Центр «ЭЛСИЭЛ»;https://focus.kontur.ru/site/populyarnye-kompanii-v-focuse/moskva;;;;
1879;ООО «Доппельмайр Раша»;https://focus.kontur.ru/site/populyarnye-kompanii-v-focuse/moskva;;;;
1880;ООО «Корунд Груз»;https://focus.kontur.ru/site/populyarnye-kompanii-v-focuse/moskva;;;;
1881;ООО «Туплекс»;https://focus.kontur.ru/site/populyarnye-kompanii-v-focuse/moskva;;;;
1882;ООО «Компания «АРКА»;https://focus.kontur.ru/site/populyarnye-kompanii-v-focuse/moskva;;;;
1883;ПАО «Аптечная Сеть 36,6»;https://focus.kontur.ru/site/populyarnye-kompanii-v-focuse/moskva;;;;
1884;ООО «Везувий»;https://focus.kontur.ru/site/populyarnye-kompanii-v-focuse/moskva;;;;
1885;ООО «СМ-Доктор»;https://focus.kontur.ru/site/populyarnye-kompanii-v-focuse/moskva;;;;
1886;ООО Группа Компаний «Априор»;https://focus.kontur.ru/site/populyarnye-kompanii-v-focuse/moskva;;;;
1887;ООО «ДЖИПИЭН Рус»;https://focus.kontur.ru/site/populyarnye-kompanii-v-focuse/moskva;;;;
1888;ООО «Штрубе Рус»;https://focus.kontur.ru/site/populyarnye-kompanii-v-focuse/moskva;;;;
1889;ООО «Лабомет»;https://focus.kontur.ru/site/populyarnye-kompanii-v-focuse/moskva;;;;
1890;ООО «СК «Эверест»;https://focus.kontur.ru/site/populyarnye-kompanii-v-focuse/moskva;;;;
1891;ООО «Д.С. Дистрибьютор»;https://focus.kontur.ru/site/populyarnye-kompanii-v-focuse/moskva;;;;
1892;ООО «Дрегер»;https://focus.kontur.ru/site/populyarnye-kompanii-v-focuse/moskva;;;;
1893;ООО «Белфлексопак»;https://focus.kontur.ru/site/populyarnye-kompanii-v-focuse/moskva;;;;
1894;ООО «Сентрикс»;https://focus.kontur.ru/site/populyarnye-kompanii-v-focuse/moskva;;;;
1895;АО «Спецмашмонтаж»;https://focus.kontur.ru/site/populyarnye-kompanii-v-focuse/moskva;;;;
1896;ООО «Бифтрейд»;https://focus.kontur.ru/site/populyarnye-kompanii-v-focuse/moskva;;;;
1897;ООО «ОКРУГ»;https://focus.kontur.ru/site/populyarnye-kompanii-v-focuse/moskva;;;;
1898;Государственное бюджетное учреждение Города Москвы «Жилищник Района Бибирево»;https://focus.kontur.ru/site/populyarnye-kompanii-v-focuse/moskva;;;;
1899;ООО «Энергосити»;https://focus.kontur.ru/site/populyarnye-kompanii-v-focuse/moskva;;;;
1900;ООО «Платформа»;https://focus.kontur.ru/site/populyarnye-kompanii-v-focuse/moskva;;;;
1901;ООО «Техносектор»;https://focus.kontur.ru/site/populyarnye-kompanii-v-focuse/moskva;;;;
1902;ООО «ИнтерТехноМаш»;https://focus.kontur.ru/site/populyarnye-kompanii-v-focuse/moskva;;;;
1903;ООО «Гиннес Рейл»;https://focus.kontur.ru/site/populyarnye-kompanii-v-focuse/moskva;;;;
1904;ООО «Авис Рус»;https://focus.kontur.ru/site/populyarnye-kompanii-v-focuse/moskva;;;;
1905;ООО «Консультант Плюс — Корпоративные Решения»;https://focus.kontur.ru/site/populyarnye-kompanii-v-focuse/moskva;;;;
1906;ООО Торговый Дом «Шины и Каучуки»;https://focus.kontur.ru/site/populyarnye-kompanii-v-focuse/moskva;;;;
1907;ООО «ПРАМО»;https://focus.kontur.ru/site/populyarnye-kompanii-v-focuse/moskva;;;;
1908;ООО «Арктик»;https://focus.kontur.ru/site/populyarnye-kompanii-v-focuse/moskva;;;;
1909;ООО «ДЕЛЬТА МОСТ МОНОЛИТ»;https://focus.kontur.ru/site/populyarnye-kompanii-v-focuse/moskva;;;;
1910;ООО «Летний Сад»;https://focus.kontur.ru/site/populyarnye-kompanii-v-focuse/moskva;;;;
1911;ООО «Эко-Меню»;https://focus.kontur.ru/site/populyarnye-kompanii-v-focuse/moskva;;;;
1912;ООО «Гермес»;https://focus.kontur.ru/site/populyarnye-kompanii-v-focuse/moskva;;;;
1913;ООО «1-2-3 Продакшн»;https://focus.kontur.ru/site/populyarnye-kompanii-v-focuse/moskva;;;;
1914;ООО «Фарш Сити Групп»;https://focus.kontur.ru/site/populyarnye-kompanii-v-focuse/moskva;;;;
1915;ООО «Спортконцепт»;https://focus.kontur.ru/site/populyarnye-kompanii-v-focuse/moskva;;;;
1916;ООО «Лотес»;https://focus.kontur.ru/site/populyarnye-kompanii-v-focuse/moskva;;;;
1917;ООО «Глобал Трейд»;https://focus.kontur.ru/site/populyarnye-kompanii-v-focuse/moskva;;;;
1918;ООО «Таврида Электрик Центр»;https://focus.kontur.ru/site/populyarnye-kompanii-v-focuse/moskva;;;;
1919;ООО «Фаберон»;https://focus.kontur.ru/site/populyarnye-kompanii-v-focuse/moskva;;;;
1920;ООО «А1»;https://focus.kontur.ru/site/populyarnye-kompanii-v-focuse/moskva;;;;
1921;ООО «Группа Компаний Мегаполис»;https://focus.kontur.ru/site/populyarnye-kompanii-v-focuse/moskva;;;;
1922;ООО «Эйс Таргет»;https://focus.kontur.ru/site/populyarnye-kompanii-v-focuse/moskva;;;;
1923;ООО «201 Унр»;https://focus.kontur.ru/site/populyarnye-kompanii-v-focuse/moskva;;;;
1924;ООО «Рдлг»;https://focus.kontur.ru/site/populyarnye-kompanii-v-focuse/moskva;;;;
1925;ООО «Рус Индор»;https://focus.kontur.ru/site/populyarnye-kompanii-v-focuse/moskva;;;;
1926;ООО «Рса»;https://focus.kontur.ru/site/populyarnye-kompanii-v-focuse/moskva;;;;
1927;ООО «АйТи Про»;https://focus.kontur.ru/site/populyarnye-kompanii-v-focuse/moskva;;;;
1928;ООО «Перелия»;https://focus.kontur.ru/site/populyarnye-kompanii-v-focuse/moskva;;;;
1929;ООО «Спецтехсервис»;https://focus.kontur.ru/site/populyarnye-kompanii-v-focuse/moskva;;;;
1930;ООО «КСБ»;https://focus.kontur.ru/site/populyarnye-kompanii-v-focuse/moskva;;;;
1931;АО «Производственное Объединение «Спецтехника Пожаротушения»;https://focus.kontur.ru/site/populyarnye-kompanii-v-focuse/moskva;;;;
1932;ООО «РСГ — Бизнес Сервис»;https://focus.kontur.ru/site/populyarnye-kompanii-v-focuse/moskva;;;;
1933;ООО «Интеграл»;https://focus.kontur.ru/site/populyarnye-kompanii-v-focuse/moskva;;;;
1934;ООО «Специализированный Застройщик «Толмачевский»;https://focus.kontur.ru/site/populyarnye-kompanii-v-focuse/moskva;;;;
1935;ООО «Концепция»;https://focus.kontur.ru/site/populyarnye-kompanii-v-focuse/moskva;;;;
1936;Автономная Некоммерческая Общеобразовательная организация «Англо-Американская Школа Москвы»;https://focus.kontur.ru/site/populyarnye-kompanii-v-focuse/moskva;;;;
1937;ООО «Славянская Гостиница и Деловой Центр»;https://focus.kontur.ru/site/populyarnye-kompanii-v-focuse/moskva;;;;
1938;АО «Фаворстрой»;https://focus.kontur.ru/site/populyarnye-kompanii-v-focuse/moskva;;;;
1939;ООО «Элтком»;https://focus.kontur.ru/site/populyarnye-kompanii-v-focuse/moskva;;;;
1940;ООО «Арена-Меджик Бокс»;https://focus.kontur.ru/site/populyarnye-kompanii-v-focuse/moskva;;;;
1941;ООО «Эвентинвест»;https://focus.kontur.ru/site/populyarnye-kompanii-v-focuse/moskva;;;;
1942;ООО «Реверсед Технолоджиз»;https://focus.kontur.ru/site/populyarnye-kompanii-v-focuse/moskva;;;;
1943;АО «Вист Групп»;https://focus.kontur.ru/site/populyarnye-kompanii-v-focuse/moskva;;;;
1944;ООО «Барнаулмеханомонтаж»;https://focus.kontur.ru/site/populyarnye-kompanii-v-focuse/moskva;;;;
1945;ООО «Стар Премиум Трейдинг Энд Маркетинг Сервисиз»;https://focus.kontur.ru/site/populyarnye-kompanii-v-focuse/moskva;;;;
1946;ООО «ТД Рассвет»;https://focus.kontur.ru/site/populyarnye-kompanii-v-focuse/moskva;;;;
1947;ООО «Терион»;https://focus.kontur.ru/site/populyarnye-kompanii-v-focuse/moskva;;;;
1948;ООО «ФАРМТЕК»;https://focus.kontur.ru/site/populyarnye-kompanii-v-focuse/moskva;;;;
1949;АО «Брейнсторм Медиа»;https://focus.kontur.ru/site/populyarnye-kompanii-v-focuse/moskva;;;;
1950;ООО «Трансмедавто»;https://focus.kontur.ru/site/populyarnye-kompanii-v-focuse/moskva;;;;
1951;ООО «Альтернатива»;https://focus.kontur.ru/site/populyarnye-kompanii-v-focuse/moskva;;;;
1952;ООО «Швейный Мир»;https://focus.kontur.ru/site/populyarnye-kompanii-v-focuse/moskva;;;;
1953;ООО «БиоПласт»;https://focus.kontur.ru/site/populyarnye-kompanii-v-focuse/moskva;;;;
1954;АО «Гелиос»;https://focus.kontur.ru/site/populyarnye-kompanii-v-focuse/moskva;;;;
1955;ООО «Инженерно-техническая компания Д-Системс»;https://focus.kontur.ru/site/populyarnye-kompanii-v-focuse/moskva;;;;
1956;ООО «Строительная Индустрия»;https://focus.kontur.ru/site/populyarnye-kompanii-v-focuse/moskva;;;;
1957;ООО «Грант»;https://focus.kontur.ru/site/populyarnye-kompanii-v-focuse/moskva;;;;
1958;ООО «ТД Центр»;https://focus.kontur.ru/site/populyarnye-kompanii-v-focuse/moskva;;;;
1959;ООО «ТД Саранск Кабель Оптика»;https://focus.kontur.ru/site/populyarnye-kompanii-v-focuse/moskva;;;;
1960;ООО «Ап Строй»;https://focus.kontur.ru/site/populyarnye-kompanii-v-focuse/moskva;;;;
1961;ООО «Тема Инжиниринг»;https://focus.kontur.ru/site/populyarnye-kompanii-v-focuse/moskva;;;;
1962;ООО «Техстройинвест»;https://focus.kontur.ru/site/populyarnye-kompanii-v-focuse/moskva;;;;
1963;ООО «Ресурс Комплект»;https://focus.kontur.ru/site/populyarnye-kompanii-v-focuse/moskva;;;;
1964;ООО «Сеть семейных медицинских центров»;https://focus.kontur.ru/site/populyarnye-kompanii-v-focuse/moskva;;;;
1965;ООО «СИГНАЛСТРОЙГРУПП»;https://focus.kontur.ru/site/populyarnye-kompanii-v-focuse/moskva;;;;
1966;ООО «Мн Медикал»;https://focus.kontur.ru/site/populyarnye-kompanii-v-focuse/moskva;;;;
1967;ООО «ПС Фудмикс»;https://focus.kontur.ru/site/populyarnye-kompanii-v-focuse/moskva;;;;
1968;ООО «Центр Промышленного Инструмента»;https://focus.kontur.ru/site/populyarnye-kompanii-v-focuse/moskva;;;;
1969;ООО «Баск»;https://focus.kontur.ru/site/populyarnye-kompanii-v-focuse/moskva;;;;
1970;ООО «Комацу Ботл Финанс СНГ»;https://focus.kontur.ru/site/populyarnye-kompanii-v-focuse/moskva;;;;
1971;ООО «Автошатл»;https://focus.kontur.ru/site/populyarnye-kompanii-v-focuse/moskva;;;;
1972;ООО «Трансстройснаб»;https://focus.kontur.ru/site/populyarnye-kompanii-v-focuse/moskva;;;;
1973;ООО «Ав-Лабс»;https://focus.kontur.ru/site/populyarnye-kompanii-v-focuse/moskva;;;;
1974;ООО «Нефтегазовая Транспортная Компания»;https://focus.kontur.ru/site/populyarnye-kompanii-v-focuse/moskva;;;;
1975;ООО «Линга Мбр»;https://focus.kontur.ru/site/populyarnye-kompanii-v-focuse/moskva;;;;
1976;ООО «Эс Ай Эс Констракшн»;https://focus.kontur.ru/site/populyarnye-kompanii-v-focuse/moskva;;;;
1977;ООО «Интехника»;https://focus.kontur.ru/site/populyarnye-kompanii-v-focuse/moskva;;;;
1978;Федеральное государственное бюджетное учреждение «Канал Имени Москвы»;https://focus.kontur.ru/site/populyarnye-kompanii-v-focuse/moskva;;;;
1979;ООО «Новион»;https://focus.kontur.ru/site/populyarnye-kompanii-v-focuse/moskva;;;;
1980;ООО «Гранит»;https://focus.kontur.ru/site/populyarnye-kompanii-v-focuse/moskva;;;;
1981;ООО «Международный центр квантовой оптики и квантовых технологий»;https://focus.kontur.ru/site/populyarnye-kompanii-v-focuse/moskva;;;;
1982;ООО «Торговый Дом «АВУАР»;https://focus.kontur.ru/site/populyarnye-kompanii-v-focuse/moskva;;;;
1983;Автономная НО Высшего Образования «Московский Международный Университет»;https://focus.kontur.ru/site/populyarnye-kompanii-v-focuse/moskva;;;;
1984;ООО «Яндекс Пэй»;https://focus.kontur.ru/site/populyarnye-kompanii-v-focuse/moskva;;;;
1985;ООО «Дэймос»;https://focus.kontur.ru/site/populyarnye-kompanii-v-focuse/moskva;;;;
1986;ООО «Формула Ит»;https://focus.kontur.ru/site/populyarnye-kompanii-v-focuse/moskva;;;;
1987;ООО «Опт Торг»;https://focus.kontur.ru/site/populyarnye-kompanii-v-focuse/moskva;;;;
1988;ООО «Ниппон Экспресс (Рус)»;https://focus.kontur.ru/site/populyarnye-kompanii-v-focuse/moskva;;;;
1989;ООО «Торговый Дом Самори»;https://focus.kontur.ru/site/populyarnye-kompanii-v-focuse/moskva;;;;
1990;ООО «Торгсервис»;https://focus.kontur.ru/site/populyarnye-kompanii-v-focuse/moskva;;;;
1991;ООО «Пищеторг»;https://focus.kontur.ru/site/populyarnye-kompanii-v-focuse/moskva;;;;
1992;ООО «Комплексные Торговые Системы»;https://focus.kontur.ru/site/populyarnye-kompanii-v-focuse/moskva;;;;
1993;ООО «Промомед Рус»;https://focus.kontur.ru/site/populyarnye-kompanii-v-focuse/moskva;;;;
1994;ООО «Ключ К Лояльности в Ритейле Интернешнл»;https://focus.kontur.ru/site/populyarnye-kompanii-v-focuse/moskva;;;;
1995;ООО «Областная Керамика»;https://focus.kontur.ru/site/populyarnye-kompanii-v-focuse/moskva;;;;
1996;ООО «Траст Хим Групп»;https://focus.kontur.ru/site/populyarnye-kompanii-v-focuse/moskva;;;;
1997;ООО «Единыйфактор»;https://focus.kontur.ru/site/populyarnye-kompanii-v-focuse/moskva;;;;
1998;ООО «Элигон»;https://focus.kontur.ru/site/populyarnye-kompanii-v-focuse/moskva;;;;
1999;АО «Петросах»;https://focus.kontur.ru/site/populyarnye-kompanii-v-focuse/moskva;;;;
2000;ООО «Ойлгрупп»;https://focus.kontur.ru/site/populyarnye-kompanii-v-focuse/moskva;;;;
2001;ООО «Аринтег»;https://focus.kontur.ru/site/populyarnye-kompanii-v-focuse/moskva;;;;
2002;ООО «РСХБ Управление Активами»;https://focus.kontur.ru/site/populyarnye-kompanii-v-focuse/moskva;;;;
2003;ООО «Адб Проектные Решения»;https://focus.kontur.ru/site/populyarnye-kompanii-v-focuse/moskva;;;;
2004;ООО «Торговый Дом «Транскомплект»;https://focus.kontur.ru/site/populyarnye-kompanii-v-focuse/moskva;;;;
2005;АО «Объединенное Кредитное Бюро»;https://focus.kontur.ru/site/populyarnye-kompanii-v-focuse/moskva;;;;
2006;ООО «Комплектация Автоматизированных Систем»;https://focus.kontur.ru/site/populyarnye-kompanii-v-focuse/moskva;;;;
2007;ООО «Крокс Си-Ай-Эс»;https://focus.kontur.ru/site/populyarnye-kompanii-v-focuse/moskva;;;;
2008;ООО «ТРБР»;https://focus.kontur.ru/site/populyarnye-kompanii-v-focuse/moskva;;;;
2009;ООО «Вента»;https://focus.kontur.ru/site/populyarnye-kompanii-v-focuse/moskva;;;;
2010;ООО «Медиа Трэйдинг»;https://focus.kontur.ru/site/populyarnye-kompanii-v-focuse/moskva;;;;
2011;ООО «Смарттек Медиа»;https://focus.kontur.ru/site/populyarnye-kompanii-v-focuse/moskva;;;;
2012;ООО «Химиндустрия»;https://focus.kontur.ru/site/populyarnye-kompanii-v-focuse/moskva;;;;
2013;ООО «Вентус Тсц»;https://focus.kontur.ru/site/populyarnye-kompanii-v-focuse/moskva;;;;
2014;ООО «Айкьювиа Солюшнс»;https://focus.kontur.ru/site/populyarnye-kompanii-v-focuse/moskva;;;;
2015;ООО «УК Развитие»;https://focus.kontur.ru/site/populyarnye-kompanii-v-focuse/moskva;;;;
2016;ООО «Цеппелин. Сервис Менеджмент»;https://focus.kontur.ru/site/populyarnye-kompanii-v-focuse/moskva;;;;
2017;ООО «САФ-ХОЛЛАНД Рус»;https://focus.kontur.ru/site/populyarnye-kompanii-v-focuse/moskva;;;;
2018;ООО «Дм-Групп»;https://focus.kontur.ru/site/populyarnye-kompanii-v-focuse/moskva;;;;
2019;ООО «Санторг»;https://focus.kontur.ru/site/populyarnye-kompanii-v-focuse/moskva;;;;
2020;ООО «Компания Макцентр»;https://focus.kontur.ru/site/populyarnye-kompanii-v-focuse/moskva;;;;
2021;ООО «Ванс-Фит-Эко»;https://focus.kontur.ru/site/populyarnye-kompanii-v-focuse/moskva;;;;
2022;ООО «Метракс»;https://focus.kontur.ru/site/populyarnye-kompanii-v-focuse/moskva;;;;
2023;ООО «Рубетек Рус»;https://focus.kontur.ru/site/populyarnye-kompanii-v-focuse/moskva;;;;
2024;ООО «Галерея Юго-Запад»;https://focus.kontur.ru/site/populyarnye-kompanii-v-focuse/moskva;;;;
2025;АО «Мулин Вилла»;https://focus.kontur.ru/site/populyarnye-kompanii-v-focuse/moskva;;;;
2026;ООО «ТПК Мебельная компания»;https://focus.kontur.ru/site/populyarnye-kompanii-v-focuse/moskva;;;;
2027;ООО «ФЕСТО-РФ»;https://focus.kontur.ru/site/populyarnye-kompanii-v-focuse/moskva;;;;
2028;ООО «Энергетические Технологии»;https://focus.kontur.ru/site/populyarnye-kompanii-v-focuse/moskva;;;;
2029;ООО «Симстройторг»;https://focus.kontur.ru/site/populyarnye-kompanii-v-focuse/moskva;;;;
2030;ООО «Учколлектор.ру»;https://focus.kontur.ru/site/populyarnye-kompanii-v-focuse/moskva;;;;
2031;ООО «Спектрум»;https://focus.kontur.ru/site/populyarnye-kompanii-v-focuse/moskva;;;;
2032;ООО «Строй Сити Групп»;https://focus.kontur.ru/site/populyarnye-kompanii-v-focuse/moskva;;;;
2033;ООО «Квернеланд Груп СНГ»;https://focus.kontur.ru/site/populyarnye-kompanii-v-focuse/moskva;;;;
2034;ООО «Даденаж»;https://focus.kontur.ru/site/populyarnye-kompanii-v-focuse/moskva;;;;
2035;ООО «Торговый Дом Солада»;https://focus.kontur.ru/site/populyarnye-kompanii-v-focuse/moskva;;;;
2036;Товарищество Собственников Недвижимости «Город Столиц»;https://focus.kontur.ru/site/populyarnye-kompanii-v-focuse/moskva;;;;
2037;ООО «Строительно-Монтажное Управление 3711»;https://focus.kontur.ru/site/populyarnye-kompanii-v-focuse/moskva;;;;
2038;ООО «Лентасбыт»;https://focus.kontur.ru/site/populyarnye-kompanii-v-focuse/moskva;;;;
2039;ООО «Фреш-К»;https://focus.kontur.ru/site/populyarnye-kompanii-v-focuse/moskva;;;;
2040;ООО «Глобал Логистик»;https://focus.kontur.ru/site/populyarnye-kompanii-v-focuse/moskva;;;;
2041;ООО «Лидерфреш»;https://focus.kontur.ru/site/populyarnye-kompanii-v-focuse/moskva;;;;
2042;ООО «Ветагросервис»;https://focus.kontur.ru/site/populyarnye-kompanii-v-focuse/moskva;;;;
2043;Частное Образовательное учреждение Высшего Образования «Московский Университет Имени С.Ю. Витте»;https://focus.kontur.ru/site/populyarnye-kompanii-v-focuse/moskva;;;;
2044;ООО «Экзалтер»;https://focus.kontur.ru/site/populyarnye-kompanii-v-focuse/moskva;;;;
2045;ООО «123 Экспресс»;https://focus.kontur.ru/site/populyarnye-kompanii-v-focuse/moskva;;;;
2046;ООО «Ветбиохим»;https://focus.kontur.ru/site/populyarnye-kompanii-v-focuse/moskva;;;;
2047;ООО «ИвТЭК»;https://focus.kontur.ru/site/populyarnye-kompanii-v-focuse/moskva;;;;
2048;ООО «Инженерстрой»;https://focus.kontur.ru/site/populyarnye-kompanii-v-focuse/moskva;;;;
2049;ООО «Ампер»;https://focus.kontur.ru/site/populyarnye-kompanii-v-focuse/moskva;;;;
2050;ООО «ТМ Маш»;https://focus.kontur.ru/site/populyarnye-kompanii-v-focuse/moskva;;;;
2051;ООО «Горизонт»;https://focus.kontur.ru/site/populyarnye-kompanii-v-focuse/moskva;;;;
2052;ООО «См Групп»;https://focus.kontur.ru/site/populyarnye-kompanii-v-focuse/moskva;;;;
2053;АО «Пергам-Инжиниринг»;https://focus.kontur.ru/site/populyarnye-kompanii-v-focuse/moskva;;;;
2054;ООО «Кор Дизайн»;https://focus.kontur.ru/site/populyarnye-kompanii-v-focuse/moskva;;;;
2055;ООО «Полар»;https://focus.kontur.ru/site/populyarnye-kompanii-v-focuse/moskva;;;;
2056;ООО «Премиум Сурс»;https://focus.kontur.ru/site/populyarnye-kompanii-v-focuse/moskva;;;;
2057;ООО «Медпартнер»;https://focus.kontur.ru/site/populyarnye-kompanii-v-focuse/moskva;;;;
2058;ООО «Строительная Компания «Атлант»;https://focus.kontur.ru/site/populyarnye-kompanii-v-focuse/moskva;;;;
2059;ПАО «Центральный Телеграф»;https://focus.kontur.ru/site/populyarnye-kompanii-v-focuse/moskva;;;;
2060;ООО «ДЕНТЕКС»;https://focus.kontur.ru/site/populyarnye-kompanii-v-focuse/moskva;;;;
2061;ООО «Один Тач»;https://focus.kontur.ru/site/populyarnye-kompanii-v-focuse/moskva;;;;
2062;ООО «Кокар»;https://focus.kontur.ru/site/populyarnye-kompanii-v-focuse/moskva;;;;
2063;ООО «Бастет-Авто»;https://focus.kontur.ru/site/populyarnye-kompanii-v-focuse/moskva;;;;
2064;ООО «Медиа Рум»;https://focus.kontur.ru/site/populyarnye-kompanii-v-focuse/moskva;;;;
2065;ООО «Металл-Инвест»;https://focus.kontur.ru/site/populyarnye-kompanii-v-focuse/moskva;;;;
2066;ООО «Альфа Алюминий»;https://focus.kontur.ru/site/populyarnye-kompanii-v-focuse/moskva;;;;
2067;ООО «Торговый Дом Техника Для Склада»;https://focus.kontur.ru/site/populyarnye-kompanii-v-focuse/moskva;;;;
2068;ООО «Рекорд»;https://focus.kontur.ru/site/populyarnye-kompanii-v-focuse/moskva;;;;
2069;АО «Первый Московский Приборостроительный Завод Им. В.А. Казакова»;https://focus.kontur.ru/site/populyarnye-kompanii-v-focuse/moskva;;;;
2070;АО «федеральная Корпорация по Развитию Малого и Среднего Предпринимательства»;https://focus.kontur.ru/site/populyarnye-kompanii-v-focuse/moskva;;;;
2071;ООО «Связь ВСД»;https://focus.kontur.ru/site/populyarnye-kompanii-v-focuse/moskva;;;;
2072;ООО «Интек»;https://focus.kontur.ru/site/populyarnye-kompanii-v-focuse/moskva;;;;
2073;ООО «ВОЛГОГРАДМОНТАЖ»;https://focus.kontur.ru/site/populyarnye-kompanii-v-focuse/moskva;;;;
2074;ООО «Гкпш»;https://focus.kontur.ru/site/populyarnye-kompanii-v-focuse/moskva;;;;
2075;ООО «Стройинвест»;https://focus.kontur.ru/site/populyarnye-kompanii-v-focuse/moskva;;;;
2076;ООО «Трансрада Финанс»;https://focus.kontur.ru/site/populyarnye-kompanii-v-focuse/moskva;;;;
2077;ООО «Азон»;https://focus.kontur.ru/site/populyarnye-kompanii-v-focuse/moskva;;;;
2078;ООО «Фокус-М»;https://focus.kontur.ru/site/populyarnye-kompanii-v-focuse/moskva;;;;
2079;ООО «Юнион Карс»;https://focus.kontur.ru/site/populyarnye-kompanii-v-focuse/moskva;;;;
2080;ООО «СервисТелеком»;https://focus.kontur.ru/site/populyarnye-kompanii-v-focuse/moskva;;;;
2081;ООО «КометБетон»;https://focus.kontur.ru/site/populyarnye-kompanii-v-focuse/moskva;;;;
2082;ООО «Специализированное Управление-87»;https://focus.kontur.ru/site/populyarnye-kompanii-v-focuse/moskva;;;;
2083;ООО «ДИПОН Ойл»;https://focus.kontur.ru/site/populyarnye-kompanii-v-focuse/moskva;;;;
2084;ООО «Технофрост»;https://focus.kontur.ru/site/populyarnye-kompanii-v-focuse/moskva;;;;
2085;ООО «Торговый Дом «Дельта»;https://focus.kontur.ru/site/populyarnye-kompanii-v-focuse/moskva;;;;
2086;АО «Московские Информационные Технологии»;https://focus.kontur.ru/site/populyarnye-kompanii-v-focuse/moskva;;;;
2087;ООО «Строй-Версия»;https://focus.kontur.ru/site/populyarnye-kompanii-v-focuse/moskva;;;;
2088;ООО «Партия Еды»;https://focus.kontur.ru/site/populyarnye-kompanii-v-focuse/moskva;;;;
2089;ООО «К.Б.А.»;https://focus.kontur.ru/site/populyarnye-kompanii-v-focuse/moskva;;;;
2090;АО «Красная Звезда»;https://focus.kontur.ru/site/populyarnye-kompanii-v-focuse/moskva;;;;
2091;ООО «Бетонстрой»;https://focus.kontur.ru/site/populyarnye-kompanii-v-focuse/moskva;;;;
2092;ООО «Дск Магистраль»;https://focus.kontur.ru/site/populyarnye-kompanii-v-focuse/moskva;;;;
2093;ООО «Фрутон»;https://focus.kontur.ru/site/populyarnye-kompanii-v-focuse/moskva;;;;
2094;ООО «Лигагрупп»;https://focus.kontur.ru/site/populyarnye-kompanii-v-focuse/moskva;;;;
2095;ООО «Горная Техника»;https://focus.kontur.ru/site/populyarnye-kompanii-v-focuse/moskva;;;;
2096;ООО «Майер Групп»;https://focus.kontur.ru/site/populyarnye-kompanii-v-focuse/moskva;;;;
2097;ООО «Авто-Премьер»;https://focus.kontur.ru/site/populyarnye-kompanii-v-focuse/moskva;;;;
2098;ООО «АЭРОСТАР МСК»;https://focus.kontur.ru/site/populyarnye-kompanii-v-focuse/moskva;;;;
2099;ООО «МИРИТ Групп»;https://focus.kontur.ru/site/populyarnye-kompanii-v-focuse/moskva;;;;
2100;ООО «123 СОЛЮШНС»;https://focus.kontur.ru/site/populyarnye-kompanii-v-focuse/moskva;;;;
2101;ООО «Агроторг»;https://focus.kontur.ru/site/populyarnye-kompanii-v-focuse/moskva;;;;
2102;ООО «Инватектрейд»;https://focus.kontur.ru/site/populyarnye-kompanii-v-focuse/moskva;;;;
2103;ООО «Управление Корпоративным Автопарком»;https://focus.kontur.ru/site/populyarnye-kompanii-v-focuse/moskva;;;;
2104;ООО «Измайлово-Премиум»;https://focus.kontur.ru/site/populyarnye-kompanii-v-focuse/moskva;;;;
2105;ООО «ТехИнновации»;https://focus.kontur.ru/site/populyarnye-kompanii-v-focuse/moskva;;;;
2106;ООО «КровАльянс»;https://focus.kontur.ru/site/populyarnye-kompanii-v-focuse/moskva;;;;
2107;ООО «Ред Софт»;https://focus.kontur.ru/site/populyarnye-kompanii-v-focuse/moskva;;;;
2108;ООО «САТЕЛ»;https://focus.kontur.ru/site/populyarnye-kompanii-v-focuse/moskva;;;;
2109;ООО «Ингрикем»;https://focus.kontur.ru/site/populyarnye-kompanii-v-focuse/moskva;;;;
2110;ООО «Кристофф»;https://focus.kontur.ru/site/populyarnye-kompanii-v-focuse/moskva;;;;
2111;ООО «ВЕБЕР КОМЕХАНИКС»;https://focus.kontur.ru/site/populyarnye-kompanii-v-focuse/moskva;;;;
2112;ООО «Стройгрупп»;https://focus.kontur.ru/site/populyarnye-kompanii-v-focuse/moskva;;;;
2113;ООО «Риалвэй»;https://focus.kontur.ru/site/populyarnye-kompanii-v-focuse/moskva;;;;
2114;ООО «Совтрансавто Логистика Рус»;https://focus.kontur.ru/site/populyarnye-kompanii-v-focuse/moskva;;;;
2115;ООО «Центрплем»;https://focus.kontur.ru/site/populyarnye-kompanii-v-focuse/moskva;;;;
2116;ООО «Электротехоборудование»;https://focus.kontur.ru/site/populyarnye-kompanii-v-focuse/moskva;;;;
2117;ООО «Торговый дом «Упаковка»;https://focus.kontur.ru/site/populyarnye-kompanii-v-focuse/moskva;;;;
2118;ООО «Дп-Трейд»;https://focus.kontur.ru/site/populyarnye-kompanii-v-focuse/moskva;;;;
2119;ООО «Экспоконста»;https://focus.kontur.ru/site/populyarnye-kompanii-v-focuse/moskva;;;;
2120;ООО «РустаЛогистик»;https://focus.kontur.ru/site/populyarnye-kompanii-v-focuse/moskva;;;;
2121;АО «Навис-Электроника»;https://focus.kontur.ru/site/populyarnye-kompanii-v-focuse/moskva;;;;
2122;АО «Петролеум Аналистс»;https://focus.kontur.ru/site/populyarnye-kompanii-v-focuse/moskva;;;;
2123;ООО «Цветмет»;https://focus.kontur.ru/site/populyarnye-kompanii-v-focuse/moskva;;;;
2124;ООО «АГРОМАКС»;https://focus.kontur.ru/site/populyarnye-kompanii-v-focuse/moskva;;;;
2125;АО «Стик»;https://focus.kontur.ru/site/populyarnye-kompanii-v-focuse/moskva;;;;
2126;ООО «Унга»;https://focus.kontur.ru/site/populyarnye-kompanii-v-focuse/moskva;;;;
2127;ООО «Спика»;https://focus.kontur.ru/site/populyarnye-kompanii-v-focuse/moskva;;;;
2128;ООО «Эмкор»;https://focus.kontur.ru/site/populyarnye-kompanii-v-focuse/moskva;;;;
2129;ООО «Зеленые Холмы»;https://focus.kontur.ru/site/populyarnye-kompanii-v-focuse/moskva;;;;
2130;ООО «Фабрика-Кухня»;https://focus.kontur.ru/site/populyarnye-kompanii-v-focuse/moskva;;;;
2131;ООО «Городской институт проектирования металлургических заводов»;https://focus.kontur.ru/site/populyarnye-kompanii-v-focuse/moskva;;;;
2132;ООО «Пюрэм Тольятти»;https://focus.kontur.ru/site/populyarnye-kompanii-v-focuse/moskva;;;;
2133;ООО «Трансрегион»;https://focus.kontur.ru/site/populyarnye-kompanii-v-focuse/moskva;;;;
2134;ООО «Логистические Системы»;https://focus.kontur.ru/site/populyarnye-kompanii-v-focuse/moskva;;;;
2135;ООО «Л-КОМ»;https://focus.kontur.ru/site/populyarnye-kompanii-v-focuse/moskva;;;;
2136;ООО «Министер»;https://focus.kontur.ru/site/populyarnye-kompanii-v-focuse/moskva;;;;
2137;ООО «Стд-Жби»;https://focus.kontur.ru/site/populyarnye-kompanii-v-focuse/moskva;;;;
2138;ООО «Хелкет»;https://focus.kontur.ru/site/populyarnye-kompanii-v-focuse/moskva;;;;
2139;ООО «Кордис Медикал Раша»;https://focus.kontur.ru/site/populyarnye-kompanii-v-focuse/moskva;;;;
2140;ООО «Стэп Плюс»;https://focus.kontur.ru/site/populyarnye-kompanii-v-focuse/moskva;;;;
2141;ООО «Научно-Производственное Объединение «ОРГХИМ»;https://focus.kontur.ru/site/populyarnye-kompanii-v-focuse/moskva;;;;
2142;ООО «Издательство АРМАДА-АЛЬФА»;https://focus.kontur.ru/site/populyarnye-kompanii-v-focuse/moskva;;;;
2143;ООО «Инвентив Длм»;https://focus.kontur.ru/site/populyarnye-kompanii-v-focuse/moskva;;;;
2144;ООО Компания «Клайв»;https://focus.kontur.ru/site/populyarnye-kompanii-v-focuse/moskva;;;;
2145;ООО «Криоскай»;https://focus.kontur.ru/site/populyarnye-kompanii-v-focuse/moskva;;;;
2146;ЗАО «Амер Спортс»;https://focus.kontur.ru/site/populyarnye-kompanii-v-focuse/moskva;;;;
2147;ООО «Планеталокс»;https://focus.kontur.ru/site/populyarnye-kompanii-v-focuse/moskva;;;;
2148;ООО «Бумажный клуб»;https://focus.kontur.ru/site/populyarnye-kompanii-v-focuse/moskva;;;;
2149;ООО «Робокасса»;https://focus.kontur.ru/site/populyarnye-kompanii-v-focuse/moskva;;;;
2150;ООО «Мультимед-Системс»;https://focus.kontur.ru/site/populyarnye-kompanii-v-focuse/moskva;;;;
2151;ООО «Импульс»;https://focus.kontur.ru/site/populyarnye-kompanii-v-focuse/moskva;;;;
2152;ООО «Кузбасконсервмолоко»;https://focus.kontur.ru/site/populyarnye-kompanii-v-focuse/moskva;;;;
2153;ООО «Акспетро»;https://focus.kontur.ru/site/populyarnye-kompanii-v-focuse/moskva;;;;
2154;ООО «Юника»;https://focus.kontur.ru/site/populyarnye-kompanii-v-focuse/moskva;;;;
2155;ООО «Вероника»;https://focus.kontur.ru/site/populyarnye-kompanii-v-focuse/moskva;;;;
2156;ООО «СИМС-2»;https://focus.kontur.ru/site/populyarnye-kompanii-v-focuse/moskva;;;;
2157;ООО «Восток-Трейд»;https://focus.kontur.ru/site/populyarnye-kompanii-v-focuse/moskva;;;;
2158;ООО «Тулфор»;https://focus.kontur.ru/site/populyarnye-kompanii-v-focuse/moskva;;;;
2159;ООО «Сфт»;https://focus.kontur.ru/site/populyarnye-kompanii-v-focuse/moskva;;;;
2160;АО «УК «Стиф»;https://focus.kontur.ru/site/populyarnye-kompanii-v-focuse/moskva;;;;
2161;ООО «Викта»;https://focus.kontur.ru/site/populyarnye-kompanii-v-focuse/moskva;;;;
2162;ООО «Приволжье Гранд»;https://focus.kontur.ru/site/populyarnye-kompanii-v-focuse/moskva;;;;
2163;ООО «Производственное предприятие Благовест-С+»;https://focus.kontur.ru/site/populyarnye-kompanii-v-focuse/moskva;;;;
2164;ООО «Всегда Да»;https://focus.kontur.ru/site/populyarnye-kompanii-v-focuse/moskva;;;;
2165;ООО «Торговый Дом Покров»;https://focus.kontur.ru/site/populyarnye-kompanii-v-focuse/moskva;;;;
2166;ООО «Детские продукты»;https://focus.kontur.ru/site/populyarnye-kompanii-v-focuse/moskva;;;;
2167;ООО «Компания Фабрика Арт»;https://focus.kontur.ru/site/populyarnye-kompanii-v-focuse/moskva;;;;
2168;ООО «Серебряный город»;https://focus.kontur.ru/site/populyarnye-kompanii-v-focuse/moskva;;;;
2169;ООО «Н1 Технологии»;https://focus.kontur.ru/site/populyarnye-kompanii-v-focuse/moskva;;;;
2170;ООО «Мегатрон»;https://focus.kontur.ru/site/populyarnye-kompanii-v-focuse/moskva;;;;
2171;ООО «Мск Истэйт»;https://focus.kontur.ru/site/populyarnye-kompanii-v-focuse/moskva;;;;
2172;ООО «Союз Керамика»;https://focus.kontur.ru/site/populyarnye-kompanii-v-focuse/moskva;;;;
2173;ООО «ЗЕТА»;https://focus.kontur.ru/site/populyarnye-kompanii-v-focuse/moskva;;;;
2174;ООО «Ритейл Шуз»;https://focus.kontur.ru/site/populyarnye-kompanii-v-focuse/moskva;;;;
2175;ООО «Спецстройсервис»;https://focus.kontur.ru/site/populyarnye-kompanii-v-focuse/moskva;;;;
2176;ООО «Сайлент 2000»;https://focus.kontur.ru/site/populyarnye-kompanii-v-focuse/moskva;;;;
2177;ООО «Строительный Мир»;https://focus.kontur.ru/site/populyarnye-kompanii-v-focuse/moskva;;;;
2178;ООО «Крошка Картошка»;https://focus.kontur.ru/site/populyarnye-kompanii-v-focuse/moskva;;;;
2179;ООО «Мясной Дом «Слоян»;https://focus.kontur.ru/site/populyarnye-kompanii-v-focuse/moskva;;;;
2180;Государственное бюджетное учреждение Города Москвы «Жилищник Района Митино»;https://focus.kontur.ru/site/populyarnye-kompanii-v-focuse/moskva;;;;
2181;ООО «СпецЭнергоТрейд»;https://focus.kontur.ru/site/populyarnye-kompanii-v-focuse/moskva;;;;
2182;ООО «См-Медика»;https://focus.kontur.ru/site/populyarnye-kompanii-v-focuse/moskva;;;;
2183;ООО «Прогресс»;https://focus.kontur.ru/site/populyarnye-kompanii-v-focuse/moskva;;;;
2184;ООО «ГК Керамотека»;https://focus.kontur.ru/site/populyarnye-kompanii-v-focuse/moskva;;;;
2185;ООО «Цитадель»;https://focus.kontur.ru/site/populyarnye-kompanii-v-focuse/moskva;;;;
2186;АО «Научно-Производственное Объединение «Сканер»;https://focus.kontur.ru/site/populyarnye-kompanii-v-focuse/moskva;;;;
2187;ООО «ИБАРУС»;https://focus.kontur.ru/site/populyarnye-kompanii-v-focuse/moskva;;;;
2188;ООО «Шоппинг Лайв»;https://focus.kontur.ru/site/populyarnye-kompanii-v-focuse/moskva;;;;
2189;ООО «Путцмайстер-Рус»;https://focus.kontur.ru/site/populyarnye-kompanii-v-focuse/moskva;;;;
2190;ООО «Белый Барс»;https://focus.kontur.ru/site/populyarnye-kompanii-v-focuse/moskva;;;;
2191;ООО «Магистраль»;https://focus.kontur.ru/site/populyarnye-kompanii-v-focuse/moskva;;;;
2192;ООО «Минеральные воды Боржоми»;https://focus.kontur.ru/site/populyarnye-kompanii-v-focuse/moskva;;;;
2193;АО «Центр Взаимодействия Компьютерных Сетей «Мск-IX»;https://focus.kontur.ru/site/populyarnye-kompanii-v-focuse/moskva;;;;
2194;ООО Торговый Дом «Альбия»;https://focus.kontur.ru/site/populyarnye-kompanii-v-focuse/moskva;;;;
2195;ООО «Олимп»;https://focus.kontur.ru/site/populyarnye-kompanii-v-focuse/moskva;;;;
2196;АО «53 Центральный Проектный Институт»;https://focus.kontur.ru/site/populyarnye-kompanii-v-focuse/moskva;;;;
2197;ООО «Профит Эстейтс»;https://focus.kontur.ru/site/populyarnye-kompanii-v-focuse/moskva;;;;
2198;ООО «Цептер Интернациональ»;https://focus.kontur.ru/site/populyarnye-kompanii-v-focuse/moskva;;;;
2199;ООО «Смайл Эксперт»;https://focus.kontur.ru/site/populyarnye-kompanii-v-focuse/moskva;;;;
2200;ООО «Нгс Групп»;https://focus.kontur.ru/site/populyarnye-kompanii-v-focuse/moskva;;;;
2201;ООО «Оптима ТрансАвто»;https://focus.kontur.ru/site/populyarnye-kompanii-v-focuse/moskva;;;;
2202;ООО «Арзамасский Торговый Дом»;https://focus.kontur.ru/site/populyarnye-kompanii-v-focuse/moskva;;;;
2203;ООО НПП «Спецтех»;https://focus.kontur.ru/site/populyarnye-kompanii-v-focuse/moskva;;;;
2204;ООО «Фитатлон»;https://focus.kontur.ru/site/populyarnye-kompanii-v-focuse/moskva;;;;
2205;ООО «ИМКоФарма»;https://focus.kontur.ru/site/populyarnye-kompanii-v-focuse/moskva;;;;
2206;ООО «Спецконнектор»;https://focus.kontur.ru/site/populyarnye-kompanii-v-focuse/moskva;;;;
2207;ООО «Шмит Компани»;https://focus.kontur.ru/site/populyarnye-kompanii-v-focuse/moskva;;;;
2208;ООО «Аксинель»;https://focus.kontur.ru/site/populyarnye-kompanii-v-focuse/moskva;;;;
2209;ООО «Ханн Трейд ЛТД»;https://focus.kontur.ru/site/populyarnye-kompanii-v-focuse/moskva;;;;
2210;ООО «МУСТАНГ РУС»;https://focus.kontur.ru/site/populyarnye-kompanii-v-focuse/moskva;;;;
2211;ООО «Дк Фэшн Груп»;https://focus.kontur.ru/site/populyarnye-kompanii-v-focuse/moskva;;;;
2212;ООО «РусАгроСеть»;https://focus.kontur.ru/site/populyarnye-kompanii-v-focuse/moskva;;;;
2213;АО Группа Компаний «315 Унр»;https://focus.kontur.ru/site/populyarnye-kompanii-v-focuse/moskva;;;;
2214;АО «Телиа Кэрриер Раша»;https://focus.kontur.ru/site/populyarnye-kompanii-v-focuse/moskva;;;;
2215;ООО «Инторметалл»;https://focus.kontur.ru/site/populyarnye-kompanii-v-focuse/moskva;;;;
2216;ООО «ТехноКом»;https://focus.kontur.ru/site/populyarnye-kompanii-v-focuse/moskva;;;;
2217;ООО «Центральный ремонтно-механический завод»;https://focus.kontur.ru/site/populyarnye-kompanii-v-focuse/moskva;;;;
2218;ООО Торговый дом «ФАРМСТЕР»;https://focus.kontur.ru/site/populyarnye-kompanii-v-focuse/moskva;;;;
2219;ООО «Софтгрупп»;https://focus.kontur.ru/site/populyarnye-kompanii-v-focuse/moskva;;;;
2220;ООО Микрокредитная Компания «Веритас»;https://focus.kontur.ru/site/populyarnye-kompanii-v-focuse/moskva;;;;
2221;ООО «Рефтранс»;https://focus.kontur.ru/site/populyarnye-kompanii-v-focuse/moskva;;;;
2222;ООО «ПК Мс»;https://focus.kontur.ru/site/populyarnye-kompanii-v-focuse/moskva;;;;
2223;ООО «Проектная Компания Прогресс»;https://focus.kontur.ru/site/populyarnye-kompanii-v-focuse/moskva;;;;
2224;ООО «Трейд Центр»;https://focus.kontur.ru/site/populyarnye-kompanii-v-focuse/moskva;;;;
2225;ООО «Московский мясоперерабатывающий завод «Коломенское»;https://focus.kontur.ru/site/populyarnye-kompanii-v-focuse/moskva;;;;
2226;ООО «Спектр Инвест»;https://focus.kontur.ru/site/populyarnye-kompanii-v-focuse/moskva;;;;
2227;ФГУП «Главное управление по обеспечению деятельности Министерства иностранных дел Российской Федерации»;https://focus.kontur.ru/site/populyarnye-kompanii-v-focuse/moskva;;;;
2228;ООО «КЛОВЕРМЕД»;https://focus.kontur.ru/site/populyarnye-kompanii-v-focuse/moskva;;;;
2229;ООО «Аякс»;https://focus.kontur.ru/site/populyarnye-kompanii-v-focuse/moskva;;;;
2230;ООО «ТД «Невская бакалея»;https://focus.kontur.ru/site/populyarnye-kompanii-v-focuse/moskva;;;;
2231;ООО «Тяньши»;https://focus.kontur.ru/site/populyarnye-kompanii-v-focuse/moskva;;;;
2232;ООО «Меридиан»;https://focus.kontur.ru/site/populyarnye-kompanii-v-focuse/moskva;;;;
2233;ООО «Русстрой Групп»;https://focus.kontur.ru/site/populyarnye-kompanii-v-focuse/moskva;;;;
2234;ООО «Лигард»;https://focus.kontur.ru/site/populyarnye-kompanii-v-focuse/moskva;;;;
2235;ООО «Экопарк»;https://focus.kontur.ru/site/populyarnye-kompanii-v-focuse/moskva;;;;
2236;ООО «Евроторг»;https://focus.kontur.ru/site/populyarnye-kompanii-v-focuse/moskva;;;;
2237;ООО «Ядро Клиентские Системы»;https://focus.kontur.ru/site/populyarnye-kompanii-v-focuse/moskva;;;;
2238;ООО «Барлакс Групп»;https://focus.kontur.ru/site/populyarnye-kompanii-v-focuse/moskva;;;;
2239;ООО «Ависта»;https://focus.kontur.ru/site/populyarnye-kompanii-v-focuse/moskva;;;;
2240;ЗАО «МЭНЧ-М»;https://focus.kontur.ru/site/populyarnye-kompanii-v-focuse/moskva;;;;
2241;ООО Торгово-промышленная корпорация «ДИИП 2000»;https://focus.kontur.ru/site/populyarnye-kompanii-v-focuse/moskva;;;;
2242;ООО «Радуга Вкуса»;https://focus.kontur.ru/site/populyarnye-kompanii-v-focuse/moskva;;;;
2243;АО «Скад Тех»;https://focus.kontur.ru/site/populyarnye-kompanii-v-focuse/moskva;;;;
2244;ООО «Спорт Интерактив Технолоджи»;https://focus.kontur.ru/site/populyarnye-kompanii-v-focuse/moskva;;;;
2245;ООО «Аркаим»;https://focus.kontur.ru/site/populyarnye-kompanii-v-focuse/moskva;;;;
2246;ООО «Югансктрубопроводстрой»;https://focus.kontur.ru/site/populyarnye-kompanii-v-focuse/moskva;;;;
2247;ООО «Элегантка»;https://focus.kontur.ru/site/populyarnye-kompanii-v-focuse/moskva;;;;
2248;ООО «Пропоинт»;https://focus.kontur.ru/site/populyarnye-kompanii-v-focuse/moskva;;;;
2249;ООО «Агрегат»;https://focus.kontur.ru/site/populyarnye-kompanii-v-focuse/moskva;;;;
2250;ООО «Технологии Отраслевой Трансформации»;https://focus.kontur.ru/site/populyarnye-kompanii-v-focuse/moskva;;;;
2251;ООО «Вангеофарма»;https://focus.kontur.ru/site/populyarnye-kompanii-v-focuse/moskva;;;;
2252;ООО «Спайнмедикс»;https://focus.kontur.ru/site/populyarnye-kompanii-v-focuse/moskva;;;;
2253;ООО «Светлый Город»;https://focus.kontur.ru/site/populyarnye-kompanii-v-focuse/moskva;;;;
2254;ООО «Алитком»;https://focus.kontur.ru/site/populyarnye-kompanii-v-focuse/moskva;;;;
2255;ООО «Канопус»;https://focus.kontur.ru/site/populyarnye-kompanii-v-focuse/moskva;;;;
2256;ООО «Трансэнергомонтажпроект»;https://focus.kontur.ru/site/populyarnye-kompanii-v-focuse/moskva;;;;
2257;ООО «Оптимал»;https://focus.kontur.ru/site/populyarnye-kompanii-v-focuse/moskva;;;;
2258;ООО «ЭЛВИС-ПЛЮС ГРУПП»;https://focus.kontur.ru/site/populyarnye-kompanii-v-focuse/moskva;;;;
2259;ООО «Научно-консультационный центр «Флора»;https://focus.kontur.ru/site/populyarnye-kompanii-v-focuse/moskva;;;;
2260;АО «ГК Маркет»;https://focus.kontur.ru/site/populyarnye-kompanii-v-focuse/moskva;;;;
2261;АО «Северный Порт»;https://focus.kontur.ru/site/populyarnye-kompanii-v-focuse/moskva;;;;
2262;ООО Инвестиционная Компания «Тулома»;https://focus.kontur.ru/site/populyarnye-kompanii-v-focuse/moskva;;;;
2263;ООО «Премиум»;https://focus.kontur.ru/site/populyarnye-kompanii-v-focuse/moskva;;;;
2264;ООО «Флогистон»;https://focus.kontur.ru/site/populyarnye-kompanii-v-focuse/moskva;;;;
2265;ООО «ТрансПроектИнжиниринг»;https://focus.kontur.ru/site/populyarnye-kompanii-v-focuse/moskva;;;;
2266;ООО «АтланТЕКС»;https://focus.kontur.ru/site/populyarnye-kompanii-v-focuse/moskva;;;;
2267;ООО «Энерго-Инж»;https://focus.kontur.ru/site/populyarnye-kompanii-v-focuse/moskva;;;;
2268;ООО «Пиэлси Системы»;https://focus.kontur.ru/site/populyarnye-kompanii-v-focuse/moskva;;;;
2269;ООО «Сибнефтетрейд»;https://focus.kontur.ru/site/populyarnye-kompanii-v-focuse/moskva;;;;
2270;ООО «МЕГ-Р»;https://focus.kontur.ru/site/populyarnye-kompanii-v-focuse/moskva;;;;
2271;ООО «Институт строительства и проектирования»;https://focus.kontur.ru/site/populyarnye-kompanii-v-focuse/moskva;;;;
2272;ООО «Европак Мдл»;https://focus.kontur.ru/site/populyarnye-kompanii-v-focuse/moskva;;;;
2273;ООО «Сервисный металлоцентр «Союз»;https://focus.kontur.ru/site/populyarnye-kompanii-v-focuse/moskva;;;;
2274;ООО «Барс Строй Групп»;https://focus.kontur.ru/site/populyarnye-kompanii-v-focuse/moskva;;;;
2275;ООО «Гпм Кит»;https://focus.kontur.ru/site/populyarnye-kompanii-v-focuse/moskva;;;;
2276;ООО «Энергостройдеталь — Бийский Котельный Завод»;https://focus.kontur.ru/site/populyarnye-kompanii-v-focuse/moskva;;;;
2277;ООО «Мультибонус»;https://focus.kontur.ru/site/populyarnye-kompanii-v-focuse/moskva;;;;
2278;ООО «Современные Комплексные Тепловые Коммуникации»;https://focus.kontur.ru/site/populyarnye-kompanii-v-focuse/moskva;;;;
2279;ООО «Эгида-Отель»;https://focus.kontur.ru/site/populyarnye-kompanii-v-focuse/moskva;;;;
2280;ЗАО «Комбинат мучнисто-кондитерских изделий «Добрынинский»;https://focus.kontur.ru/site/populyarnye-kompanii-v-focuse/moskva;;;;
2281;ООО «Строительство Подземных Коммуникаций-15»;https://focus.kontur.ru/site/populyarnye-kompanii-v-focuse/moskva;;;;
2282;ООО «Юнк Проект»;https://focus.kontur.ru/site/populyarnye-kompanii-v-focuse/moskva;;;;
2283;Юникон Бизнес Солюшнс АО;https://focus.kontur.ru/site/populyarnye-kompanii-v-focuse/moskva;;;;
2284;ООО «Гриф-М»;https://focus.kontur.ru/site/populyarnye-kompanii-v-focuse/moskva;;;;
2285;ООО «ПЛАНИНВЕСТ ПРОЕКТ»;https://focus.kontur.ru/site/populyarnye-kompanii-v-focuse/moskva;;;;
2286;ООО «Прайд»;https://focus.kontur.ru/site/populyarnye-kompanii-v-focuse/moskva;;;;
2287;АО «Интехком»;https://focus.kontur.ru/site/populyarnye-kompanii-v-focuse/moskva;;;;
2288;АО «Торгово-Промышленная Группа «Кунцево»;https://focus.kontur.ru/site/populyarnye-kompanii-v-focuse/moskva;;;;
2289;ООО «Оберон»;https://focus.kontur.ru/site/populyarnye-kompanii-v-focuse/moskva;;;;
2290;ООО «Инвест текстиль»;https://focus.kontur.ru/site/populyarnye-kompanii-v-focuse/moskva;;;;
2291;ООО «Металлсталькомпани»;https://focus.kontur.ru/site/populyarnye-kompanii-v-focuse/moskva;;;;
2292;ООО «Полар Транс»;https://focus.kontur.ru/site/populyarnye-kompanii-v-focuse/moskva;;;;
2293;АО «УК Диасофт»;https://focus.kontur.ru/site/populyarnye-kompanii-v-focuse/moskva;;;;
2294;ООО «Зоя и Зоя»;https://focus.kontur.ru/site/populyarnye-kompanii-v-focuse/moskva;;;;
2295;ООО «Лантана»;https://focus.kontur.ru/site/populyarnye-kompanii-v-focuse/moskva;;;;
2296;ООО «Техносервис»;https://focus.kontur.ru/site/populyarnye-kompanii-v-focuse/moskva;;;;
2297;ООО «Палладиум Стандарт»;https://focus.kontur.ru/site/populyarnye-kompanii-v-focuse/moskva;;;;
2298;ООО «Центр Социальных Программ»;https://focus.kontur.ru/site/populyarnye-kompanii-v-focuse/moskva;;;;
2299;ООО «Горячие крендели «Север»;https://focus.kontur.ru/site/populyarnye-kompanii-v-focuse/moskva;;;;
2300;ООО «Тб Проект»;https://focus.kontur.ru/site/populyarnye-kompanii-v-focuse/moskva;;;;
2301;ООО «КерамикГрупп»;https://focus.kontur.ru/site/populyarnye-kompanii-v-focuse/moskva;;;;
2302;ООО «Экзамен-Технолаб»;https://focus.kontur.ru/site/populyarnye-kompanii-v-focuse/moskva;;;;
2303;ООО «Центурион»;https://focus.kontur.ru/site/populyarnye-kompanii-v-focuse/moskva;;;;
2304;ООО «Промышленно-финансовая компания»;https://focus.kontur.ru/site/populyarnye-kompanii-v-focuse/moskva;;;;
2305;ООО «Текстиль Для Вас»;https://focus.kontur.ru/site/populyarnye-kompanii-v-focuse/moskva;;;;
2306;ООО «Мск Групп»;https://focus.kontur.ru/site/populyarnye-kompanii-v-focuse/moskva;;;;
2307;ООО «Алюмни Партнерс»;https://focus.kontur.ru/site/populyarnye-kompanii-v-focuse/moskva;;;;
2308;ООО «Юнитрек»;https://focus.kontur.ru/site/populyarnye-kompanii-v-focuse/moskva;;;;
2309;ООО «Можгасыр»;https://focus.kontur.ru/site/populyarnye-kompanii-v-focuse/moskva;;;;
2310;АО «Теконгруп»;https://focus.kontur.ru/site/populyarnye-kompanii-v-focuse/moskva;;;;
2311;ООО «Текстиль Трейд»;https://focus.kontur.ru/site/populyarnye-kompanii-v-focuse/moskva;;;;
2312;ООО «Эверест»;https://focus.kontur.ru/site/populyarnye-kompanii-v-focuse/moskva;;;;
2313;ООО «Антикоррозийные защитные покрытия»;https://focus.kontur.ru/site/populyarnye-kompanii-v-focuse/moskva;;;;
2314;ООО «Паллада»;https://focus.kontur.ru/site/populyarnye-kompanii-v-focuse/moskva;;;;
2315;ООО «Бринго»;https://focus.kontur.ru/site/populyarnye-kompanii-v-focuse/moskva;;;;
2316;АО Торговый Дом «Галион»;https://focus.kontur.ru/site/populyarnye-kompanii-v-focuse/moskva;;;;
2317;ООО «Энергосервис»;https://focus.kontur.ru/site/populyarnye-kompanii-v-focuse/moskva;;;;
2318;ООО «Транспортно-Строительная Компания»;https://focus.kontur.ru/site/populyarnye-kompanii-v-focuse/moskva;;;;
2319;ООО «АЛЬФА ИНЖЕНЕРИНГ и КОНСТРАКШН»;https://focus.kontur.ru/site/populyarnye-kompanii-v-focuse/moskva;;;;
2320;ООО «Медиа Директ»;https://focus.kontur.ru/site/populyarnye-kompanii-v-focuse/moskva;;;;
2321;ООО «Нтех Лаб»;https://focus.kontur.ru/site/populyarnye-kompanii-v-focuse/moskva;;;;
2322;ООО «Энергоцентр»;https://focus.kontur.ru/site/populyarnye-kompanii-v-focuse/moskva;;;;
2323;ООО «Рпк Пром»;https://focus.kontur.ru/site/populyarnye-kompanii-v-focuse/moskva;;;;
2324;ООО «Депсол Полимерс»;https://focus.kontur.ru/site/populyarnye-kompanii-v-focuse/moskva;;;;
2325;ООО «Строительная Компания «Мастер-Строй»;https://focus.kontur.ru/site/populyarnye-kompanii-v-focuse/moskva;;;;
2326;ООО «Виасат Холдинг»;https://focus.kontur.ru/site/populyarnye-kompanii-v-focuse/moskva;;;;
2327;ООО «Торговый Дом «Фкм»;https://focus.kontur.ru/site/populyarnye-kompanii-v-focuse/moskva;;;;
2328;ООО «Межрегионэнергострой»;https://focus.kontur.ru/site/populyarnye-kompanii-v-focuse/moskva;;;;
2329;ООО «Тайпит-ПК»;https://focus.kontur.ru/site/populyarnye-kompanii-v-focuse/moskva;;;;
2330;ООО «Цифра Один»;https://focus.kontur.ru/site/populyarnye-kompanii-v-focuse/moskva;;;;
2331;АО «Руна»;https://focus.kontur.ru/site/populyarnye-kompanii-v-focuse/moskva;;;;
2332;ООО «Ви Эйч Ти Групп»;https://focus.kontur.ru/site/populyarnye-kompanii-v-focuse/moskva;;;;
2333;АО «Аквион»;https://focus.kontur.ru/site/populyarnye-kompanii-v-focuse/moskva;;;;
2334;ООО «Дорлок»;https://focus.kontur.ru/site/populyarnye-kompanii-v-focuse/moskva;;;;
2335;ООО «Тв Хит Продакшн»;https://focus.kontur.ru/site/populyarnye-kompanii-v-focuse/moskva;;;;
2336;ООО «Айгенманн и Веронелли — Руссо»;https://focus.kontur.ru/site/populyarnye-kompanii-v-focuse/moskva;;;;
2337;ООО «Си-Эйм»;https://focus.kontur.ru/site/populyarnye-kompanii-v-focuse/moskva;;;;
2338;ООО «с-Мобильность»;https://focus.kontur.ru/site/populyarnye-kompanii-v-focuse/moskva;;;;
2339;ООО «Ресурс Менеджмент»;https://focus.kontur.ru/site/populyarnye-kompanii-v-focuse/moskva;;;;
2340;ООО «ЭНТЭВЭКА»;https://focus.kontur.ru/site/populyarnye-kompanii-v-focuse/moskva;;;;
2341;ООО «Торговый Дом «Инжпласт»;https://focus.kontur.ru/site/populyarnye-kompanii-v-focuse/moskva;;;;
2342;ООО «Смарттех 24»;https://focus.kontur.ru/site/populyarnye-kompanii-v-focuse/moskva;;;;
2343;АО «Технологическое Бурение»;https://focus.kontur.ru/site/populyarnye-kompanii-v-focuse/moskva;;;;
2344;ООО «М-Продакшн Групп»;https://focus.kontur.ru/site/populyarnye-kompanii-v-focuse/moskva;;;;
2345;ООО «Кирэй Кемикал»;https://focus.kontur.ru/site/populyarnye-kompanii-v-focuse/moskva;;;;
2346;ООО «Стандарт-Электрик»;https://focus.kontur.ru/site/populyarnye-kompanii-v-focuse/moskva;;;;
2347;ООО «Петролайн»;https://focus.kontur.ru/site/populyarnye-kompanii-v-focuse/moskva;;;;
2348;ООО «СпецТрансАльянс»;https://focus.kontur.ru/site/populyarnye-kompanii-v-focuse/moskva;;;;
2349;ООО «СервисНедвижимость РусГидро»;https://focus.kontur.ru/site/populyarnye-kompanii-v-focuse/moskva;;;;
2350;ООО «БрайтНет»;https://focus.kontur.ru/site/populyarnye-kompanii-v-focuse/moskva;;;;
2351;ООО «Прайм Констракшн»;https://focus.kontur.ru/site/populyarnye-kompanii-v-focuse/moskva;;;;
2352;ООО «Патриот Групп»;https://focus.kontur.ru/site/populyarnye-kompanii-v-focuse/moskva;;;;
2353;ООО «Фарм-Инвест»;https://focus.kontur.ru/site/populyarnye-kompanii-v-focuse/moskva;;;;
2354;ООО «Кудиновский мясной комплекс»;https://focus.kontur.ru/site/populyarnye-kompanii-v-focuse/moskva;;;;
2355;ООО «АСТАРИ»;https://focus.kontur.ru/site/populyarnye-kompanii-v-focuse/moskva;;;;
2356;АО «Экос»;https://focus.kontur.ru/site/populyarnye-kompanii-v-focuse/moskva;;;;
2357;ООО «Сокол Эстейт»;https://focus.kontur.ru/site/populyarnye-kompanii-v-focuse/moskva;;;;
2358;ООО «Строительная компания «ИНТЕРТРАНССТРОЙ»;https://focus.kontur.ru/site/populyarnye-kompanii-v-focuse/moskva;;;;
2359;ООО «Классика»;https://focus.kontur.ru/site/populyarnye-kompanii-v-focuse/moskva;;;;
2360;Государственное бюджетное учреждение Города Москвы «Жилищник Района Кузьминки»;https://focus.kontur.ru/site/populyarnye-kompanii-v-focuse/moskva;;;;
2361;ООО «Абц-Рейл»;https://focus.kontur.ru/site/populyarnye-kompanii-v-focuse/moskva;;;;
2362;ООО «Строительные Технологии»;https://focus.kontur.ru/site/populyarnye-kompanii-v-focuse/moskva;;;;
2363;ООО «Марубени Раббер Рус»;https://focus.kontur.ru/site/populyarnye-kompanii-v-focuse/moskva;;;;
2364;ООО Частное охранное предприятие «ЛОГОС ТИТУЛ»;https://focus.kontur.ru/site/populyarnye-kompanii-v-focuse/moskva;;;;
2365;ООО «Тарон»;https://focus.kontur.ru/site/populyarnye-kompanii-v-focuse/moskva;;;;
2366;ООО «Группа Компаний «ПАУЭР ИНЖИНИРИНГ»;https://focus.kontur.ru/site/populyarnye-kompanii-v-focuse/moskva;;;;
2367;ООО «ЗИКО»;https://focus.kontur.ru/site/populyarnye-kompanii-v-focuse/moskva;;;;
2368;ООО «ДФ Сервис»;https://focus.kontur.ru/site/populyarnye-kompanii-v-focuse/moskva;;;;
2369;ООО «ПФ «Септима А»;https://focus.kontur.ru/site/populyarnye-kompanii-v-focuse/moskva;;;;
2370;АО «Вудлайн»;https://focus.kontur.ru/site/populyarnye-kompanii-v-focuse/moskva;;;;
2371;ООО «Ак Соратник»;https://focus.kontur.ru/site/populyarnye-kompanii-v-focuse/moskva;;;;
2372;ООО «Икорный»;https://focus.kontur.ru/site/populyarnye-kompanii-v-focuse/moskva;;;;
2373;ООО «Завод Оргсинтез Ока»;https://focus.kontur.ru/site/populyarnye-kompanii-v-focuse/moskva;;;;
2374;ООО «Торговый Дом «ЗНАМЯ»;https://focus.kontur.ru/site/populyarnye-kompanii-v-focuse/moskva;;;;
2375;ООО «Нам»;https://focus.kontur.ru/site/populyarnye-kompanii-v-focuse/moskva;;;;
2376;ООО «ТВТорг»;https://focus.kontur.ru/site/populyarnye-kompanii-v-focuse/moskva;;;;
2377;ООО «Ак-Билдинг»;https://focus.kontur.ru/site/populyarnye-kompanii-v-focuse/moskva;;;;
2378;ООО «АТ-холдинг»;https://focus.kontur.ru/site/populyarnye-kompanii-v-focuse/moskva;;;;
2379;ООО «Хайтест»;https://focus.kontur.ru/site/populyarnye-kompanii-v-focuse/moskva;;;;
2380;АО «Научно-Производственный Центр «НИИ Микроприборов»;https://focus.kontur.ru/site/populyarnye-kompanii-v-focuse/moskva;;;;
2381;ООО «Св-Трейд»;https://focus.kontur.ru/site/populyarnye-kompanii-v-focuse/moskva;;;;
2382;ООО «УК ВЕЛЕС Менеджмент»;https://focus.kontur.ru/site/populyarnye-kompanii-v-focuse/moskva;;;;
2383;ООО «Бсц Мск»;https://focus.kontur.ru/site/populyarnye-kompanii-v-focuse/moskva;;;;
2384;ООО «Компания Альфа-Лаб»;https://focus.kontur.ru/site/populyarnye-kompanii-v-focuse/moskva;;;;
2385;ООО «Гимташ Инжиниринг»;https://focus.kontur.ru/site/populyarnye-kompanii-v-focuse/moskva;;;;
2386;ООО «Арх-Паркет»;https://focus.kontur.ru/site/populyarnye-kompanii-v-focuse/moskva;;;;
2387;ООО «Вторичные Металлы Юга»;https://focus.kontur.ru/site/populyarnye-kompanii-v-focuse/moskva;;;;
2388;ООО «Вэлбор Интегрити Сервис»;https://focus.kontur.ru/site/populyarnye-kompanii-v-focuse/moskva;;;;
2389;ООО Частное охранное предприятие «АБ-САФЕТИ»;https://focus.kontur.ru/site/populyarnye-kompanii-v-focuse/moskva;;;;
2390;ООО «Терция»;https://focus.kontur.ru/site/populyarnye-kompanii-v-focuse/moskva;;;;
2391;ООО «Связь Энерго»;https://focus.kontur.ru/site/populyarnye-kompanii-v-focuse/moskva;;;;
2392;ООО «ГлавПром»;https://focus.kontur.ru/site/populyarnye-kompanii-v-focuse/moskva;;;;
2393;АО «Джонсон Контролс»;https://focus.kontur.ru/site/populyarnye-kompanii-v-focuse/moskva;;;;
2394;ООО «Теплоком»;https://focus.kontur.ru/site/populyarnye-kompanii-v-focuse/moskva;;;;
2395;ООО «Сириус Электроникс»;https://focus.kontur.ru/site/populyarnye-kompanii-v-focuse/moskva;;;;
2396;ООО «Управление Специализированных Бетонных Работ»;https://focus.kontur.ru/site/populyarnye-kompanii-v-focuse/moskva;;;;
2397;ООО «Кантата»;https://focus.kontur.ru/site/populyarnye-kompanii-v-focuse/moskva;;;;
2398;ООО Градостроительный Институт Пространственного Моделирования и Развития «Мирпроект»;https://focus.kontur.ru/site/populyarnye-kompanii-v-focuse/moskva;;;;
2399;ООО «ВентКомп»;https://focus.kontur.ru/site/populyarnye-kompanii-v-focuse/moskva;;;;
2400;ООО «Национальная Сервисная Компания»;https://focus.kontur.ru/site/populyarnye-kompanii-v-focuse/moskva;;;;
2401;ООО «Мастерпорт»;https://focus.kontur.ru/site/populyarnye-kompanii-v-focuse/moskva;;;;
2402;Государственное бюджетное учреждение Города Москвы «Жилищник Района Бирюлево Восточное»;https://focus.kontur.ru/site/populyarnye-kompanii-v-focuse/moskva;;;;
2403;ООО «Рапид»;https://focus.kontur.ru/site/populyarnye-kompanii-v-focuse/moskva;;;;
2404;ООО «АСБАУ»;https://focus.kontur.ru/site/populyarnye-kompanii-v-focuse/moskva;;;;
2405;ООО «Исв»;https://focus.kontur.ru/site/populyarnye-kompanii-v-focuse/moskva;;;;
2406;ООО «Научно-технический центр «Вулкан»;https://focus.kontur.ru/site/populyarnye-kompanii-v-focuse/moskva;;;;
2407;ООО «Транспортная Компания «СЛАВИЯ»;https://focus.kontur.ru/site/populyarnye-kompanii-v-focuse/moskva;;;;
2408;ООО «АСТРАЛ-М»;https://focus.kontur.ru/site/populyarnye-kompanii-v-focuse/moskva;;;;
2409;ООО «Русгрейнтрейд»;https://focus.kontur.ru/site/populyarnye-kompanii-v-focuse/moskva;;;;
2410;ООО «Нефтегаз Техрезерв»;https://focus.kontur.ru/site/populyarnye-kompanii-v-focuse/moskva;;;;
2411;ООО «Исузу Комтранс»;https://focus.kontur.ru/site/populyarnye-kompanii-v-focuse/moskva;;;;
2412;АО «Объединенная Вагоноремонтная Компания»;https://focus.kontur.ru/site/populyarnye-kompanii-v-focuse/moskva;;;;
2413;ООО «ПК Димакс»;https://focus.kontur.ru/site/populyarnye-kompanii-v-focuse/moskva;;;;
2414;ЗАО «О1 Пропертиз Менеджмент»;https://focus.kontur.ru/site/populyarnye-kompanii-v-focuse/moskva;;;;
2415;ООО «Проектно-Строительная Компания Магистраль-Энерго»;https://focus.kontur.ru/site/populyarnye-kompanii-v-focuse/moskva;;;;
2416;АО «Электросетьстройпроект»;https://focus.kontur.ru/site/populyarnye-kompanii-v-focuse/moskva;;;;
2417;ООО «Судоходная Компания «Созвездие»;https://focus.kontur.ru/site/populyarnye-kompanii-v-focuse/moskva;;;;
2418;Инвестиционный Потребительский Кооператив «Кнокей. Арендная Недвижимость»;https://focus.kontur.ru/site/populyarnye-kompanii-v-focuse/moskva;;;;
2419;ООО «Моя Еда»;https://focus.kontur.ru/site/populyarnye-kompanii-v-focuse/moskva;;;;
2420;ООО «А-маркт»;https://focus.kontur.ru/site/populyarnye-kompanii-v-focuse/moskva;;;;
2421;ООО Частная Охранная организация «Неомакс-Сб»;https://focus.kontur.ru/site/populyarnye-kompanii-v-focuse/moskva;;;;
2422;АО «Стройтехнология»;https://focus.kontur.ru/site/populyarnye-kompanii-v-focuse/moskva;;;;
2423;ООО Частная Охранная организация «Неомакс»;https://focus.kontur.ru/site/populyarnye-kompanii-v-focuse/moskva;;;;
2424;ООО «Кей Эм Ю Рус»;https://focus.kontur.ru/site/populyarnye-kompanii-v-focuse/moskva;;;;
2425;ООО «ТД Альянс»;https://focus.kontur.ru/site/populyarnye-kompanii-v-focuse/moskva;;;;
2426;АО «Мясницкая, 35»;https://focus.kontur.ru/site/populyarnye-kompanii-v-focuse/moskva;;;;
2427;ООО «КорундСтрой»;https://focus.kontur.ru/site/populyarnye-kompanii-v-focuse/moskva;;;;
2428;ООО «Юникорк»;https://focus.kontur.ru/site/populyarnye-kompanii-v-focuse/moskva;;;;
2429;ООО «Рчк-Трейдинг»;https://focus.kontur.ru/site/populyarnye-kompanii-v-focuse/moskva;;;;
2430;ООО «Айти Бастион»;https://focus.kontur.ru/site/populyarnye-kompanii-v-focuse/moskva;;;;
2431;ООО «Логро Групп»;https://focus.kontur.ru/site/populyarnye-kompanii-v-focuse/moskva;;;;
2432;ООО ТД «Лфб»;https://focus.kontur.ru/site/populyarnye-kompanii-v-focuse/moskva;;;;
2433;ООО «ТНК СИЛМА»;https://focus.kontur.ru/site/populyarnye-kompanii-v-focuse/moskva;;;;
2434;ООО «Эффективные Технологии Строительства»;https://focus.kontur.ru/site/populyarnye-kompanii-v-focuse/moskva;;;;
2435;ООО «Фирма Подий»;https://focus.kontur.ru/site/populyarnye-kompanii-v-focuse/moskva;;;;
2436;ООО «Электра»;https://focus.kontur.ru/site/populyarnye-kompanii-v-focuse/moskva;;;;
2437;ООО «Вандерланде Индастрис»;https://focus.kontur.ru/site/populyarnye-kompanii-v-focuse/moskva;;;;
2438;ООО «Дельта-Строй»;https://focus.kontur.ru/site/populyarnye-kompanii-v-focuse/moskva;;;;
2439;ООО «ИНФОТЕКС»;https://focus.kontur.ru/site/populyarnye-kompanii-v-focuse/moskva;;;;
2440;ООО «Комплексные Инфраструктурные Решения и Системы»;https://focus.kontur.ru/site/populyarnye-kompanii-v-focuse/moskva;;;;
2441;ООО НПО «Вычислительная математика и информатика»;https://focus.kontur.ru/site/populyarnye-kompanii-v-focuse/moskva;;;;
2442;ООО «Николь»;https://focus.kontur.ru/site/populyarnye-kompanii-v-focuse/moskva;;;;
2443;ООО «Стройинжиниринг»;https://focus.kontur.ru/site/populyarnye-kompanii-v-focuse/moskva;;;;
2444;ООО «ВАРНА-95»;https://focus.kontur.ru/site/populyarnye-kompanii-v-focuse/moskva;;;;
2445;ООО «Радиометер»;https://focus.kontur.ru/site/populyarnye-kompanii-v-focuse/moskva;;;;
2446;ООО «Форэкс»;https://focus.kontur.ru/site/populyarnye-kompanii-v-focuse/moskva;;;;
2447;ООО «Винзавод Юровский»;https://focus.kontur.ru/site/populyarnye-kompanii-v-focuse/moskva;;;;
2448;ООО «Неведров Групп»;https://focus.kontur.ru/site/populyarnye-kompanii-v-focuse/moskva;;;;
2449;ООО «Сайтсинг»;https://focus.kontur.ru/site/populyarnye-kompanii-v-focuse/moskva;;;;
2450;ООО «К.С.Бюро»;https://focus.kontur.ru/site/populyarnye-kompanii-v-focuse/moskva;;;;
2451;ООО «Апм-Трейд»;https://focus.kontur.ru/site/populyarnye-kompanii-v-focuse/moskva;;;;
2452;ООО «Симпотека»;https://focus.kontur.ru/site/populyarnye-kompanii-v-focuse/moskva;;;;
2453;ООО «Энергоконсалт»;https://focus.kontur.ru/site/populyarnye-kompanii-v-focuse/moskva;;;;
2454;ООО «Сантехпродукт»;https://focus.kontur.ru/site/populyarnye-kompanii-v-focuse/moskva;;;;
2455;ООО «П.Т.с.»;https://focus.kontur.ru/site/populyarnye-kompanii-v-focuse/moskva;;;;
2456;ООО «Дирекция единого заказчика района Выхино»;https://focus.kontur.ru/site/populyarnye-kompanii-v-focuse/moskva;;;;
2457;АО «Кантриком»;https://focus.kontur.ru/site/populyarnye-kompanii-v-focuse/moskva;;;;
2458;ООО «Компания БОНАНЗА»;https://focus.kontur.ru/site/populyarnye-kompanii-v-focuse/moskva;;;;
2459;АО «Север»;https://focus.kontur.ru/site/populyarnye-kompanii-v-focuse/moskva;;;;
2460;ООО «База ЭК»;https://focus.kontur.ru/site/populyarnye-kompanii-v-focuse/moskva;;;;
2461;ООО «Термодоставка»;https://focus.kontur.ru/site/populyarnye-kompanii-v-focuse/moskva;;;;
2462;ООО «Лекос»;https://focus.kontur.ru/site/populyarnye-kompanii-v-focuse/moskva;;;;
2463;ООО «ЭКСперт-Сервис»;https://focus.kontur.ru/site/populyarnye-kompanii-v-focuse/moskva;;;;
2464;ООО «Компания Тарра»;https://focus.kontur.ru/site/populyarnye-kompanii-v-focuse/moskva;;;;
2465;ООО «Хороший Выбор»;https://focus.kontur.ru/site/populyarnye-kompanii-v-focuse/moskva;;;;
2466;ООО «Ресторанный синдикат»;https://focus.kontur.ru/site/populyarnye-kompanii-v-focuse/moskva;;;;
2467;ООО «Торговый Дом Тоскана»;https://focus.kontur.ru/site/populyarnye-kompanii-v-focuse/moskva;;;;
2468;ООО «Айтем»;https://focus.kontur.ru/site/populyarnye-kompanii-v-focuse/moskva;;;;
2469;ООО «Торговый Дом «Агроуслуги»;https://focus.kontur.ru/site/populyarnye-kompanii-v-focuse/moskva;;;;
2470;ООО «Комплексное Техническое Оснащение «Просвещение»;https://focus.kontur.ru/site/populyarnye-kompanii-v-focuse/moskva;;;;
2471;ООО «ГазКомплектМеталл»;https://focus.kontur.ru/site/populyarnye-kompanii-v-focuse/moskva;;;;
2472;АО «Уралтранссвязь»;https://focus.kontur.ru/site/populyarnye-kompanii-v-focuse/moskva;;;;
2473;ООО «САВ-СТРОЙ»;https://focus.kontur.ru/site/populyarnye-kompanii-v-focuse/moskva;;;;
2474;ООО «Комплекс Фасадных Кровельных Систем»;https://focus.kontur.ru/site/populyarnye-kompanii-v-focuse/moskva;;;;
2475;ООО «Веста Палас»;https://focus.kontur.ru/site/populyarnye-kompanii-v-focuse/moskva;;;;
2476;ООО «Бетасид Рус»;https://focus.kontur.ru/site/populyarnye-kompanii-v-focuse/moskva;;;;
2477;ООО «Металлкомплект»;https://focus.kontur.ru/site/populyarnye-kompanii-v-focuse/moskva;;;;
2478;ООО «ИМПЕРИАЛ»;https://focus.kontur.ru/site/populyarnye-kompanii-v-focuse/moskva;;;;
2479;ООО «ТОРЭКС»;https://focus.kontur.ru/site/populyarnye-kompanii-v-focuse/moskva;;;;
2480;ООО «Анекс-Торг»;https://focus.kontur.ru/site/populyarnye-kompanii-v-focuse/moskva;;;;
2481;ООО «Карго Транс»;https://focus.kontur.ru/site/populyarnye-kompanii-v-focuse/moskva;;;;
2482;ООО «Спецтехмонтаж»;https://focus.kontur.ru/site/populyarnye-kompanii-v-focuse/moskva;;;;
2483;ООО «Арендно Ремонтно Строительное предприятие Района Раменки»;https://focus.kontur.ru/site/populyarnye-kompanii-v-focuse/moskva;;;;
2484;ООО «ТЕХНОИННОВАЦИИ»;https://focus.kontur.ru/site/populyarnye-kompanii-v-focuse/moskva;;;;
2485;ООО «Карго Сервис»;https://focus.kontur.ru/site/populyarnye-kompanii-v-focuse/moskva;;;;
2486;ЗАО «Южная Энергетическая Компания»;https://focus.kontur.ru/site/populyarnye-kompanii-v-focuse/moskva;;;;
2487;ООО «Трансмагистральстрой»;https://focus.kontur.ru/site/populyarnye-kompanii-v-focuse/moskva;;;;
2488;ООО «Благоустройство Запсиба»;https://focus.kontur.ru/site/populyarnye-kompanii-v-focuse/moskva;;;;
2489;ООО «Новые Технологии»;https://focus.kontur.ru/site/populyarnye-kompanii-v-focuse/moskva;;;;
2490;ООО «Опэн Минерал»;https://focus.kontur.ru/site/populyarnye-kompanii-v-focuse/moskva;;;;
2491;ООО «НПП «Гидрикс»;https://focus.kontur.ru/site/populyarnye-kompanii-v-focuse/moskva;;;;
2492;ООО «Ингал»;https://focus.kontur.ru/site/populyarnye-kompanii-v-focuse/moskva;;;;
2493;ООО «Флюид-Лайн»;https://focus.kontur.ru/site/populyarnye-kompanii-v-focuse/moskva;;;;
2494;ООО «СнабСтрой»;https://focus.kontur.ru/site/populyarnye-kompanii-v-focuse/moskva;;;;
2495;ООО «Национальная Стивидорная Компания»;https://focus.kontur.ru/site/populyarnye-kompanii-v-focuse/moskva;;;;
2496;ООО «Триомет СК»;https://focus.kontur.ru/site/populyarnye-kompanii-v-focuse/moskva;;;;
2497;ООО «Фора-Авп»;https://focus.kontur.ru/site/populyarnye-kompanii-v-focuse/moskva;;;;
2498;ООО «Нова»;https://focus.kontur.ru/site/populyarnye-kompanii-v-focuse/moskva;;;;
2499;ООО «Главсистемс»;https://focus.kontur.ru/site/populyarnye-kompanii-v-focuse/moskva;;;;
2500;ООО «Артмонтаж»;https://focus.kontur.ru/site/populyarnye-kompanii-v-focuse/moskva;;;;
2501;ООО «Норд-Фарм»;https://focus.kontur.ru/site/populyarnye-kompanii-v-focuse/moskva;;;;
2502;ООО «ЭБИС»;https://focus.kontur.ru/site/populyarnye-kompanii-v-focuse/moskva;;;;
2503;ООО «ДОГРУЛАР»;https://focus.kontur.ru/site/populyarnye-kompanii-v-focuse/moskva;;;;
2504;ООО «Дц 3дата»;https://focus.kontur.ru/site/populyarnye-kompanii-v-focuse/moskva;;;;
2505;ООО «Точная Сумма»;https://focus.kontur.ru/site/populyarnye-kompanii-v-focuse/moskva;;;;
2506;АО Научно-Производственный Центр «Электронные Вычислительно-Информационные Системы»;https://focus.kontur.ru/site/populyarnye-kompanii-v-focuse/moskva;;;;
2507;АО «Мегалайт»;https://focus.kontur.ru/site/populyarnye-kompanii-v-focuse/moskva;;;;
2508;ООО «Связь Сервис Телекоммуникации»;https://focus.kontur.ru/site/populyarnye-kompanii-v-focuse/moskva;;;;
2509;ООО «Наутилус»;https://focus.kontur.ru/site/populyarnye-kompanii-v-focuse/moskva;;;;
2510;ООО «Современные Технологии Гидравликов»;https://focus.kontur.ru/site/populyarnye-kompanii-v-focuse/moskva;;;;
2511;ООО «Лабораторно-диагностический центр»;https://focus.kontur.ru/site/populyarnye-kompanii-v-focuse/moskva;;;;
2512;ООО «Перспективные Промышленные и Инфраструктурные Технологии-9»;https://focus.kontur.ru/site/populyarnye-kompanii-v-focuse/moskva;;;;
2513;ООО «Ай-Теко Внедренческий Центр»;https://focus.kontur.ru/site/populyarnye-kompanii-v-focuse/moskva;;;;
2514;ООО «Русгазкрио»;https://focus.kontur.ru/site/populyarnye-kompanii-v-focuse/moskva;;;;
2515;ООО «Санойл»;https://focus.kontur.ru/site/populyarnye-kompanii-v-focuse/moskva;;;;
2516;ООО «ИПЛС»;https://focus.kontur.ru/site/populyarnye-kompanii-v-focuse/moskva;;;;
2517;ООО «Сет Групп Рус»;https://focus.kontur.ru/site/populyarnye-kompanii-v-focuse/moskva;;;;
2518;ООО «Онлайн Регионы»;https://focus.kontur.ru/site/populyarnye-kompanii-v-focuse/moskva;;;;
2519;ООО «ЛВН-Менеджмент»;https://focus.kontur.ru/site/populyarnye-kompanii-v-focuse/moskva;;;;
2520;ООО «Гудфлорс»;https://focus.kontur.ru/site/populyarnye-kompanii-v-focuse/moskva;;;;
2521;ООО «Новосистем»;https://focus.kontur.ru/site/populyarnye-kompanii-v-focuse/moskva;;;;
2522;ООО «МК»;https://focus.kontur.ru/site/populyarnye-kompanii-v-focuse/moskva;;;;
2523;Государственное бюджетное учреждение Города Москвы «Жилищник Района Лефортово»;https://focus.kontur.ru/site/populyarnye-kompanii-v-focuse/moskva;;;;
2524;АО «УК «Отель Менеджмент»;https://focus.kontur.ru/site/populyarnye-kompanii-v-focuse/moskva;;;;
2525;ООО «Фуд Трейд»;https://focus.kontur.ru/site/populyarnye-kompanii-v-focuse/moskva;;;;
2526;ООО «Кватро Логистик»;https://focus.kontur.ru/site/populyarnye-kompanii-v-focuse/moskva;;;;
2527;ООО «Индифуд-Мск»;https://focus.kontur.ru/site/populyarnye-kompanii-v-focuse/moskva;;;;
2528;ООО «ТД «Эквинет»;https://focus.kontur.ru/site/populyarnye-kompanii-v-focuse/moskva;;;;
2529;ООО Рекламно-Информационное Агентство «АСМ-Медиа»;https://focus.kontur.ru/site/populyarnye-kompanii-v-focuse/moskva;;;;
2530;ООО «ЛОГИТРАНС ЛОЖИСТИК»;https://focus.kontur.ru/site/populyarnye-kompanii-v-focuse/moskva;;;;
2531;ООО «Штауфф»;https://focus.kontur.ru/site/populyarnye-kompanii-v-focuse/moskva;;;;
2532;ООО «Промлес»;https://focus.kontur.ru/site/populyarnye-kompanii-v-focuse/moskva;;;;
2533;ООО «Тайм Трейд»;https://focus.kontur.ru/site/populyarnye-kompanii-v-focuse/moskva;;;;
2534;ООО «Спин Мастер Рус»;https://focus.kontur.ru/site/populyarnye-kompanii-v-focuse/moskva;;;;
2535;ООО «Международная Транспортная Компания»;https://focus.kontur.ru/site/populyarnye-kompanii-v-focuse/moskva;;;;
2536;ООО «Арт Медиа Групп»;https://focus.kontur.ru/site/populyarnye-kompanii-v-focuse/moskva;;;;
2537;ООО «Ват»;https://focus.kontur.ru/site/populyarnye-kompanii-v-focuse/moskva;;;;
2538;ООО «Креомаст»;https://focus.kontur.ru/site/populyarnye-kompanii-v-focuse/moskva;;;;
2539;ООО «Исет Софтвеа»;https://focus.kontur.ru/site/populyarnye-kompanii-v-focuse/moskva;;;;
2540;ООО «Подъем»;https://focus.kontur.ru/site/populyarnye-kompanii-v-focuse/moskva;;;;
2541;ООО «Омега»;https://focus.kontur.ru/site/populyarnye-kompanii-v-focuse/moskva;;;;
2542;ООО «Лоция»;https://focus.kontur.ru/site/populyarnye-kompanii-v-focuse/moskva;;;;
2543;ООО «Ргд Переработка Салават»;https://focus.kontur.ru/site/populyarnye-kompanii-v-focuse/moskva;;;;
2544;ООО «ЭнергоСтар»;https://focus.kontur.ru/site/populyarnye-kompanii-v-focuse/moskva;;;;
2545;АО «НИИ Технической Физики и Автоматизации»;https://focus.kontur.ru/site/populyarnye-kompanii-v-focuse/moskva;;;;
2546;ООО «СТРОЙМАРКЕТ»;https://focus.kontur.ru/site/populyarnye-kompanii-v-focuse/moskva;;;;
2547;ООО «Кредо-Пак»;https://focus.kontur.ru/site/populyarnye-kompanii-v-focuse/moskva;;;;
2548;ООО «Лаун»;https://focus.kontur.ru/site/populyarnye-kompanii-v-focuse/moskva;;;;
2549;АО «Мосагроген»;https://focus.kontur.ru/site/populyarnye-kompanii-v-focuse/moskva;;;;
2550;АО «Центурион Альянс»;https://focus.kontur.ru/site/populyarnye-kompanii-v-focuse/moskva;;;;
2551;ООО «Инжинирингпроект»;https://focus.kontur.ru/site/populyarnye-kompanii-v-focuse/moskva;;;;
2552;ООО «Сонова Рус»;https://focus.kontur.ru/site/populyarnye-kompanii-v-focuse/moskva;;;;
2553;ООО «Компания Валери»;https://focus.kontur.ru/site/populyarnye-kompanii-v-focuse/moskva;;;;
2554;ООО «Криптон»;https://focus.kontur.ru/site/populyarnye-kompanii-v-focuse/moskva;;;;
2555;ООО «Гретта»;https://focus.kontur.ru/site/populyarnye-kompanii-v-focuse/moskva;;;;
2556;ООО «ВИАЛ»;https://focus.kontur.ru/site/populyarnye-kompanii-v-focuse/moskva;;;;
2557;ООО НПО «Вычислительная математика и информатика. Регионы»;https://focus.kontur.ru/site/populyarnye-kompanii-v-focuse/moskva;;;;
2558;ООО «Столичная Бумага»;https://focus.kontur.ru/site/populyarnye-kompanii-v-focuse/moskva;;;;
2559;ООО «Автоцентр Атлант-М»;https://focus.kontur.ru/site/populyarnye-kompanii-v-focuse/moskva;;;;
2560;АО «Марком»;https://focus.kontur.ru/site/populyarnye-kompanii-v-focuse/moskva;;;;
2561;ООО «РИАЛИТ»;https://focus.kontur.ru/site/populyarnye-kompanii-v-focuse/moskva;;;;
2562;ООО «Торговый Дом Сибирь»;https://focus.kontur.ru/site/populyarnye-kompanii-v-focuse/moskva;;;;
2563;ООО «Гагар.Ин»;https://focus.kontur.ru/site/populyarnye-kompanii-v-focuse/moskva;;;;
2564;ООО «Вавилон»;https://focus.kontur.ru/site/populyarnye-kompanii-v-focuse/moskva;;;;
2565;ООО «Фрутосфера»;https://focus.kontur.ru/site/populyarnye-kompanii-v-focuse/moskva;;;;
2566;ООО «Мисма Про»;https://focus.kontur.ru/site/populyarnye-kompanii-v-focuse/moskva;;;;
2567;ООО «Сила воды»;https://focus.kontur.ru/site/populyarnye-kompanii-v-focuse/moskva;;;;
2568;ООО «Инвестоил»;https://focus.kontur.ru/site/populyarnye-kompanii-v-focuse/moskva;;;;
2569;ООО «Интелион Майн»;https://focus.kontur.ru/site/populyarnye-kompanii-v-focuse/moskva;;;;
2570;ООО «Центр Иммунной и Таргетной Терапии»;https://focus.kontur.ru/site/populyarnye-kompanii-v-focuse/moskva;;;;
2571;ООО «Элементсталь»;https://focus.kontur.ru/site/populyarnye-kompanii-v-focuse/moskva;;;;
2572;ООО «Ток-Шоу»;https://focus.kontur.ru/site/populyarnye-kompanii-v-focuse/moskva;;;;
2573;ООО «Арт Пикчерс Вижн»;https://focus.kontur.ru/site/populyarnye-kompanii-v-focuse/moskva;;;;
2574;АО «Олимп»;https://focus.kontur.ru/site/populyarnye-kompanii-v-focuse/moskva;;;;
2575;ООО «Научно-производственная Компания «ФАРМАСОФТ»;https://focus.kontur.ru/site/populyarnye-kompanii-v-focuse/moskva;;;;
2576;ЗАО «ДМИ-Редуктор»;https://focus.kontur.ru/site/populyarnye-kompanii-v-focuse/moskva;;;;
2577;ООО «Торговый Дом Кварта-Сталь»;https://focus.kontur.ru/site/populyarnye-kompanii-v-focuse/moskva;;;;
2578;ООО «Контактор»;https://focus.kontur.ru/site/populyarnye-kompanii-v-focuse/moskva;;;;
2579;ООО «Инвест Трейдинг»;https://focus.kontur.ru/site/populyarnye-kompanii-v-focuse/moskva;;;;
2580;ООО «Грен»;https://focus.kontur.ru/site/populyarnye-kompanii-v-focuse/moskva;;;;
2581;ООО «Галактика»;https://focus.kontur.ru/site/populyarnye-kompanii-v-focuse/moskva;;;;
2582;ООО «Инком-Трейд М»;https://focus.kontur.ru/site/populyarnye-kompanii-v-focuse/moskva;;;;
2583;ООО «Нордсервис»;https://focus.kontur.ru/site/populyarnye-kompanii-v-focuse/moskva;;;;
2584;ООО «Урбан»;https://focus.kontur.ru/site/populyarnye-kompanii-v-focuse/moskva;;;;
2585;ПАО «Институт Электронных Управляющих Машин Им. И.С. Брука»;https://focus.kontur.ru/site/populyarnye-kompanii-v-focuse/moskva;;;;
2586;ООО «Интерполис»;https://focus.kontur.ru/site/populyarnye-kompanii-v-focuse/moskva;;;;
2587;ООО «Пасифе»;https://focus.kontur.ru/site/populyarnye-kompanii-v-focuse/moskva;;;;
2588;ООО «Информационно-сервисная компания Ю-Софт»;https://focus.kontur.ru/site/populyarnye-kompanii-v-focuse/moskva;;;;
2589;ООО «Восточно-Европейская Логистическая Компания Центр»;https://focus.kontur.ru/site/populyarnye-kompanii-v-focuse/moskva;;;;
2590;ООО «Пронто»;https://focus.kontur.ru/site/populyarnye-kompanii-v-focuse/moskva;;;;
2591;ООО «Средне-Волжская Судоходная Компания»;https://focus.kontur.ru/site/populyarnye-kompanii-v-focuse/moskva;;;;
2592;ООО «Объединенная складская компания «ЮВиСи»;https://focus.kontur.ru/site/populyarnye-kompanii-v-focuse/moskva;;;;
2593;ООО Архитектурное Бюро «Цимайло Ляшенко и Партнеры»;https://focus.kontur.ru/site/populyarnye-kompanii-v-focuse/moskva;;;;
2594;ООО Группа Компаний «Торговый Дом «Северный»;https://focus.kontur.ru/site/populyarnye-kompanii-v-focuse/moskva;;;;
2595;ООО «ЕВРОТРЕЙД»;https://focus.kontur.ru/site/populyarnye-kompanii-v-focuse/moskva;;;;
2596;Государственное бюджетное учреждение Города Москвы «Жилищник Района Печатники»;https://focus.kontur.ru/site/populyarnye-kompanii-v-focuse/moskva;;;;
2597;ООО «Крона»;https://focus.kontur.ru/site/populyarnye-kompanii-v-focuse/moskva;;;;
2598;АО «Смарт Энерго Трейд»;https://focus.kontur.ru/site/populyarnye-kompanii-v-focuse/moskva;;;;
2599;ООО «Атика»;https://focus.kontur.ru/site/populyarnye-kompanii-v-focuse/moskva;;;;
2600;ООО «Вестобувь»;https://focus.kontur.ru/site/populyarnye-kompanii-v-focuse/moskva;;;;
2601;ООО «Рвв Филм»;https://focus.kontur.ru/site/populyarnye-kompanii-v-focuse/moskva;;;;
2602;АО «Завод по Ремонту Электротехнического Оборудования»;https://focus.kontur.ru/site/populyarnye-kompanii-v-focuse/moskva;;;;
2603;ООО Торговый дом «Марийский»;https://focus.kontur.ru/site/populyarnye-kompanii-v-focuse/moskva;;;;
2604;ООО «НПП Астрохим»;https://focus.kontur.ru/site/populyarnye-kompanii-v-focuse/moskva;;;;
2605;ООО «Арго»;https://focus.kontur.ru/site/populyarnye-kompanii-v-focuse/moskva;;;;
2606;ООО «КОИМ ИСТ ЮРОП»;https://focus.kontur.ru/site/populyarnye-kompanii-v-focuse/moskva;;;;
2607;АО Научно-Производственная Корпорация «Нк.ЛТД»;https://focus.kontur.ru/site/populyarnye-kompanii-v-focuse/moskva;;;;
2608;ООО «Металл-Техника»;https://focus.kontur.ru/site/populyarnye-kompanii-v-focuse/moskva;;;;
2609;АО «Атардо»;https://focus.kontur.ru/site/populyarnye-kompanii-v-focuse/moskva;;;;
2610;ООО «Балтметгрупп»;https://focus.kontur.ru/site/populyarnye-kompanii-v-focuse/moskva;;;;
2611;ООО «Макси Трейд»;https://focus.kontur.ru/site/populyarnye-kompanii-v-focuse/moskva;;;;
2612;ООО «Альфа-М»;https://focus.kontur.ru/site/populyarnye-kompanii-v-focuse/moskva;;;;
2613;ООО Завод «Современные Технологии Изоляции»;https://focus.kontur.ru/site/populyarnye-kompanii-v-focuse/moskva;;;;
2614;ООО Научно Производственное Предприятие «Циркон Сервис»;https://focus.kontur.ru/site/populyarnye-kompanii-v-focuse/moskva;;;;
2615;ООО «Медицинский Центр Диалог»;https://focus.kontur.ru/site/populyarnye-kompanii-v-focuse/moskva;;;;
2616;ООО «Ситистройпласт»;https://focus.kontur.ru/site/populyarnye-kompanii-v-focuse/moskva;;;;
2617;ООО «Строим Город»;https://focus.kontur.ru/site/populyarnye-kompanii-v-focuse/moskva;;;;
2618;ООО «Сиэль»;https://focus.kontur.ru/site/populyarnye-kompanii-v-focuse/moskva;;;;
2619;ООО «ГК Синергия»;https://focus.kontur.ru/site/populyarnye-kompanii-v-focuse/moskva;;;;
2620;ООО «Бутекс.Ру»;https://focus.kontur.ru/site/populyarnye-kompanii-v-focuse/moskva;;;;
2621;ООО «Латекс»;https://focus.kontur.ru/site/populyarnye-kompanii-v-focuse/moskva;;;;
2622;ООО «Кадровые Ресурсы»;https://focus.kontur.ru/site/populyarnye-kompanii-v-focuse/moskva;;;;
2623;ООО «Квазар Лимитед»;https://focus.kontur.ru/site/populyarnye-kompanii-v-focuse/moskva;;;;
2624;ООО «Ви.Тех»;https://focus.kontur.ru/site/populyarnye-kompanii-v-focuse/moskva;;;;
2625;ООО «Фск Стройтэкс»;https://focus.kontur.ru/site/populyarnye-kompanii-v-focuse/moskva;;;;
2626;АО «Иксди Софт»;https://focus.kontur.ru/site/populyarnye-kompanii-v-focuse/moskva;;;;
2627;ООО «Юнифит-Рус»;https://focus.kontur.ru/site/populyarnye-kompanii-v-focuse/moskva;;;;
2628;ООО «Пролив»;https://focus.kontur.ru/site/populyarnye-kompanii-v-focuse/moskva;;;;
2629;ООО «Специализированный Застройщик «Зорге 25»;https://focus.kontur.ru/site/populyarnye-kompanii-v-focuse/moskva;;;;
2630;ООО «Инвестиционная компания Внешэкономбанка («ВЭБ Капитал»)»;https://focus.kontur.ru/site/populyarnye-kompanii-v-focuse/moskva;;;;
2631;ООО «Сашим»;https://focus.kontur.ru/site/populyarnye-kompanii-v-focuse/moskva;;;;
2632;ООО «Асм-1»;https://focus.kontur.ru/site/populyarnye-kompanii-v-focuse/moskva;;;;
2633;ООО «Скм «Волга»;https://focus.kontur.ru/site/populyarnye-kompanii-v-focuse/moskva;;;;
2634;ООО «Поток»;https://focus.kontur.ru/site/populyarnye-kompanii-v-focuse/moskva;;;;
2635;ООО «МСФ»;https://focus.kontur.ru/site/populyarnye-kompanii-v-focuse/moskva;;;;
2636;ООО «УК Сервис 24»;https://focus.kontur.ru/site/populyarnye-kompanii-v-focuse/moskva;;;;
2637;ООО «Гроутэк»;https://focus.kontur.ru/site/populyarnye-kompanii-v-focuse/moskva;;;;
2638;ООО «Навтелеком»;https://focus.kontur.ru/site/populyarnye-kompanii-v-focuse/moskva;;;;
2639;ООО «Мобайл»;https://focus.kontur.ru/site/populyarnye-kompanii-v-focuse/moskva;;;;
2640;АО «Управление Административными Зданиями»;https://focus.kontur.ru/site/populyarnye-kompanii-v-focuse/moskva;;;;
2641;ООО «ПРОМЭКС»;https://focus.kontur.ru/site/populyarnye-kompanii-v-focuse/moskva;;;;
2642;ООО «ТД «Образование»;https://focus.kontur.ru/site/populyarnye-kompanii-v-focuse/moskva;;;;
2643;АО «Аурат»;https://focus.kontur.ru/site/populyarnye-kompanii-v-focuse/moskva;;;;
2644;ООО Торгово-Производственная Компания «Феликс»;https://focus.kontur.ru/site/populyarnye-kompanii-v-focuse/moskva;;;;
2645;ООО «Мелздрав»;https://focus.kontur.ru/site/populyarnye-kompanii-v-focuse/moskva;;;;
2646;ООО «Экстра-Мит»;https://focus.kontur.ru/site/populyarnye-kompanii-v-focuse/moskva;;;;
2647;ООО «Титан»;https://focus.kontur.ru/site/populyarnye-kompanii-v-focuse/moskva;;;;
2648;Федеральное государственное бюджетное учреждение «Гидроспецгеология»;https://focus.kontur.ru/site/populyarnye-kompanii-v-focuse/moskva;;;;
2649;ООО «Инвентив Менеджмент»;https://focus.kontur.ru/site/populyarnye-kompanii-v-focuse/moskva;;;;
2650;ЗАО «Ларвидж интернэшнел»;https://focus.kontur.ru/site/populyarnye-kompanii-v-focuse/moskva;;;;
2651;ООО «Акцент»;https://focus.kontur.ru/site/populyarnye-kompanii-v-focuse/moskva;;;;
2652;ООО «Виренд Интернейшнл»;https://focus.kontur.ru/site/populyarnye-kompanii-v-focuse/moskva;;;;
2653;ООО «Интелфарм»;https://focus.kontur.ru/site/populyarnye-kompanii-v-focuse/moskva;;;;
2654;ЗАО «Карма Групп»;https://focus.kontur.ru/site/populyarnye-kompanii-v-focuse/moskva;;;;
2655;Государственное бюджетное учреждение Города Москвы «Жилищник Района Строгино»;https://focus.kontur.ru/site/populyarnye-kompanii-v-focuse/moskva;;;;
2656;ООО «Домстрой»;https://focus.kontur.ru/site/populyarnye-kompanii-v-focuse/moskva;;;;
2657;ООО «Продбазис»;https://focus.kontur.ru/site/populyarnye-kompanii-v-focuse/moskva;;;;
2658;ООО «ЕвроТорг»;https://focus.kontur.ru/site/populyarnye-kompanii-v-focuse/moskva;;;;
2659;ООО «Медконсалт»;https://focus.kontur.ru/site/populyarnye-kompanii-v-focuse/moskva;;;;
2660;ООО «Клауд Ком»;https://focus.kontur.ru/site/populyarnye-kompanii-v-focuse/moskva;;;;
2661;ООО «Гринкран»;https://focus.kontur.ru/site/populyarnye-kompanii-v-focuse/moskva;;;;
2662;ООО «ЛОТЕС ТМ»;https://focus.kontur.ru/site/populyarnye-kompanii-v-focuse/moskva;;;;
2663;ООО «Гуд-Партс»;https://focus.kontur.ru/site/populyarnye-kompanii-v-focuse/moskva;;;;
2664;ООО «Профм»;https://focus.kontur.ru/site/populyarnye-kompanii-v-focuse/moskva;;;;
2665;ООО «Майерск»;https://focus.kontur.ru/site/populyarnye-kompanii-v-focuse/moskva;;;;
2666;ООО «Полиграф-защита СПб»;https://focus.kontur.ru/site/populyarnye-kompanii-v-focuse/moskva;;;;
2667;ООО «Электротранссервис»;https://focus.kontur.ru/site/populyarnye-kompanii-v-focuse/moskva;;;;
2668;"ООО «АГРОХИМИЧЕСКОЕ НАУЧНО-ПРОИЗВОДСТВЕННОЕ ПРЕДПИЯТИЕ""АГРОХИМ-XXI»";https://focus.kontur.ru/site/populyarnye-kompanii-v-focuse/moskva;;;;
2669;ООО «РентаСтройТехника»;https://focus.kontur.ru/site/populyarnye-kompanii-v-focuse/moskva;;;;
2670;ООО «Авто Геометрия»;https://focus.kontur.ru/site/populyarnye-kompanii-v-focuse/moskva;;;;
2671;ООО «ЛСВ Трейд»;https://focus.kontur.ru/site/populyarnye-kompanii-v-focuse/moskva;;;;
2672;ООО «Ротекс»;https://focus.kontur.ru/site/populyarnye-kompanii-v-focuse/moskva;;;;
2673;ООО «НПО РЭЙЛ»;https://focus.kontur.ru/site/populyarnye-kompanii-v-focuse/moskva;;;;
2674;ООО «Русбытхим»;https://focus.kontur.ru/site/populyarnye-kompanii-v-focuse/moskva;;;;
2675;ООО «Анкон»;https://focus.kontur.ru/site/populyarnye-kompanii-v-focuse/moskva;;;;
2676;ФГУП «Торговый дом «Кремлевский» Управления делами Президента Российской Федерации;https://focus.kontur.ru/site/populyarnye-kompanii-v-focuse/moskva;;;;
2677;ООО «Спецстальресурс»;https://focus.kontur.ru/site/populyarnye-kompanii-v-focuse/moskva;;;;
2678;ООО «КОНТЭК»;https://focus.kontur.ru/site/populyarnye-kompanii-v-focuse/moskva;;;;
2679;ООО «КомплектЭнерго»;https://focus.kontur.ru/site/populyarnye-kompanii-v-focuse/moskva;;;;
2680;ООО «ФармПак»;https://focus.kontur.ru/site/populyarnye-kompanii-v-focuse/moskva;;;;
2681;ООО «Полимагнит»;https://focus.kontur.ru/site/populyarnye-kompanii-v-focuse/moskva;;;;
2682;ООО «Венера»;https://focus.kontur.ru/site/populyarnye-kompanii-v-focuse/moskva;;;;
2683;ООО «Медторг»;https://focus.kontur.ru/site/populyarnye-kompanii-v-focuse/moskva;;;;
2684;ООО «А. Спайс»;https://focus.kontur.ru/site/populyarnye-kompanii-v-focuse/moskva;;;;
2685;ООО «НПО Промпат»;https://focus.kontur.ru/site/populyarnye-kompanii-v-focuse/moskva;;;;
2686;Негосударственное Образовательное Частное учреждение Организации Дополнительного Профессионального Образования «Актион-Мцфэр»;https://focus.kontur.ru/site/populyarnye-kompanii-v-focuse/moskva;;;;
2687;ООО «Строительная Компания «Фаворит»;https://focus.kontur.ru/site/populyarnye-kompanii-v-focuse/moskva;;;;
2688;ООО «Единая Транспортная Служба — М»;https://focus.kontur.ru/site/populyarnye-kompanii-v-focuse/moskva;;;;
2689;ООО «Альпина-Таймс»;https://focus.kontur.ru/site/populyarnye-kompanii-v-focuse/moskva;;;;
2690;ООО «Регионавтодоставка»;https://focus.kontur.ru/site/populyarnye-kompanii-v-focuse/moskva;;;;
2691;ООО «ТК Энергия»;https://focus.kontur.ru/site/populyarnye-kompanii-v-focuse/moskva;;;;
2692;ООО «Альбатрос»;https://focus.kontur.ru/site/populyarnye-kompanii-v-focuse/moskva;;;;
2693;ООО «Агентство гуманитарных технологий»;https://focus.kontur.ru/site/populyarnye-kompanii-v-focuse/moskva;;;;
2694;ООО «Агентика Тревэл»;https://focus.kontur.ru/site/populyarnye-kompanii-v-focuse/moskva;;;;
2695;ООО «Капитал»;https://focus.kontur.ru/site/populyarnye-kompanii-v-focuse/moskva;;;;
2696;ООО «Спецпошив»;https://focus.kontur.ru/site/populyarnye-kompanii-v-focuse/moskva;;;;
2697;ООО Производственно-Коммерческая Фирма «Сим»;https://focus.kontur.ru/site/populyarnye-kompanii-v-focuse/moskva;;;;
2698;ООО «Икс-Тех»;https://focus.kontur.ru/site/populyarnye-kompanii-v-focuse/moskva;;;;
2699;ООО «Цифрокомплект»;https://focus.kontur.ru/site/populyarnye-kompanii-v-focuse/moskva;;;;
2700;ООО «Мебель Групп М»;https://focus.kontur.ru/site/populyarnye-kompanii-v-focuse/moskva;;;;
2701;ООО «Деливери Моторс»;https://focus.kontur.ru/site/populyarnye-kompanii-v-focuse/moskva;;;;
2702;ООО «Сейфти Консалтинг»;https://focus.kontur.ru/site/populyarnye-kompanii-v-focuse/moskva;;;;
2703;ООО «Велес»;https://focus.kontur.ru/site/populyarnye-kompanii-v-focuse/moskva;;;;
2704;АО «Промышленные Инновации»;https://focus.kontur.ru/site/populyarnye-kompanii-v-focuse/moskva;;;;
2705;ООО «Группа компаний Север»;https://focus.kontur.ru/site/populyarnye-kompanii-v-focuse/moskva;;;;
2706;АО «Мгао Промжелдортранс»;https://focus.kontur.ru/site/populyarnye-kompanii-v-focuse/moskva;;;;
2707;ООО «Эйч Ди Автоимпорт»;https://focus.kontur.ru/site/populyarnye-kompanii-v-focuse/moskva;;;;
2708;ООО «Дом компонентов и оборудования «ЭЛЕКТРОНЩИК»;https://focus.kontur.ru/site/populyarnye-kompanii-v-focuse/moskva;;;;
2709;ООО «Научно-Производственная Компания «Мономер»;https://focus.kontur.ru/site/populyarnye-kompanii-v-focuse/moskva;;;;
2710;ООО «Прикладная Робототехника»;https://focus.kontur.ru/site/populyarnye-kompanii-v-focuse/moskva;;;;
2711;ООО «Космо Бьюти»;https://focus.kontur.ru/site/populyarnye-kompanii-v-focuse/moskva;;;;
2712;ООО «Дриллмек Р»;https://focus.kontur.ru/site/populyarnye-kompanii-v-focuse/moskva;;;;
2713;ООО «АА Независимость Премьер Авто»;https://focus.kontur.ru/site/populyarnye-kompanii-v-focuse/moskva;;;;
2714;ООО «Формакс»;https://focus.kontur.ru/site/populyarnye-kompanii-v-focuse/moskva;;;;
2715;ООО «Интера»;https://focus.kontur.ru/site/populyarnye-kompanii-v-focuse/moskva;;;;
2716;ООО «Медицинский научно-производственный комплекс «БИОТИКИ»;https://focus.kontur.ru/site/populyarnye-kompanii-v-focuse/moskva;;;;
2717;ООО «Стеновой»;https://focus.kontur.ru/site/populyarnye-kompanii-v-focuse/moskva;;;;
2718;ООО «Св Тейпс»;https://focus.kontur.ru/site/populyarnye-kompanii-v-focuse/moskva;;;;
2719;ООО «ТК Агро»;https://focus.kontur.ru/site/populyarnye-kompanii-v-focuse/moskva;;;;
2720;ООО «Коммуникации и Связь»;https://focus.kontur.ru/site/populyarnye-kompanii-v-focuse/moskva;;;;
2721;ООО «ТрэйдПлюс»;https://focus.kontur.ru/site/populyarnye-kompanii-v-focuse/moskva;;;;
2722;ООО «Компания ЕС»;https://focus.kontur.ru/site/populyarnye-kompanii-v-focuse/moskva;;;;
2723;ООО «Интернейшнл Айти Дистрибьюшн»;https://focus.kontur.ru/site/populyarnye-kompanii-v-focuse/moskva;;;;
2724;ООО «Медиадеск»;https://focus.kontur.ru/site/populyarnye-kompanii-v-focuse/moskva;;;;
2725;ООО «Кид Трейд»;https://focus.kontur.ru/site/populyarnye-kompanii-v-focuse/moskva;;;;
2726;ООО «Клиши»;https://focus.kontur.ru/site/populyarnye-kompanii-v-focuse/moskva;;;;
2727;ООО «Мастерстрой»;https://focus.kontur.ru/site/populyarnye-kompanii-v-focuse/moskva;;;;
2728;АО «Техноджим»;https://focus.kontur.ru/site/populyarnye-kompanii-v-focuse/moskva;;;;
2729;ООО «ИМПЕКСУПАК»;https://focus.kontur.ru/site/populyarnye-kompanii-v-focuse/moskva;;;;
2730;НАО «Право.Ру»;https://focus.kontur.ru/site/populyarnye-kompanii-v-focuse/moskva;;;;
2731;АО «Всероссийский Нефтегазовый НИИ Имени Академика А.П. Крылова»;https://focus.kontur.ru/site/populyarnye-kompanii-v-focuse/moskva;;;;
2732;ООО «Алгоритм»;https://focus.kontur.ru/site/populyarnye-kompanii-v-focuse/moskva;;;;
2733;ООО «Альянс Партнер»;https://focus.kontur.ru/site/populyarnye-kompanii-v-focuse/moskva;;;;
2734;ООО «Комплексные Инвестиции»;https://focus.kontur.ru/site/populyarnye-kompanii-v-focuse/moskva;;;;
2735;ООО «Спецэнергомаш»;https://focus.kontur.ru/site/populyarnye-kompanii-v-focuse/moskva;;;;
2736;ООО «Максимум»;https://focus.kontur.ru/site/populyarnye-kompanii-v-focuse/moskva;;;;
2737;ООО «Геливал»;https://focus.kontur.ru/site/populyarnye-kompanii-v-focuse/moskva;;;;
2738;ООО «ПромСтрой-Н»;https://focus.kontur.ru/site/populyarnye-kompanii-v-focuse/moskva;;;;
2739;ООО «Файвджен»;https://focus.kontur.ru/site/populyarnye-kompanii-v-focuse/moskva;;;;
2740;ООО «Вип Лаундж»;https://focus.kontur.ru/site/populyarnye-kompanii-v-focuse/moskva;;;;
2741;ООО «100РА Лтд»;https://focus.kontur.ru/site/populyarnye-kompanii-v-focuse/moskva;;;;
2742;ООО «Сервис Центр»;https://focus.kontur.ru/site/populyarnye-kompanii-v-focuse/moskva;;;;
2743;ООО «ОТР шина»;https://focus.kontur.ru/site/populyarnye-kompanii-v-focuse/moskva;;;;
2744;АО «Форт Технология»;https://focus.kontur.ru/site/populyarnye-kompanii-v-focuse/moskva;;;;
2745;ООО «Оковита»;https://focus.kontur.ru/site/populyarnye-kompanii-v-focuse/moskva;;;;
2746;ООО «Дм Технолоджис»;https://focus.kontur.ru/site/populyarnye-kompanii-v-focuse/moskva;;;;
2747;ПАО «Московское Производственное Объединение по Выпуску Высокоточных Машиностроительных Изделий»;https://focus.kontur.ru/site/populyarnye-kompanii-v-focuse/moskva;;;;
2748;ООО «Холдинговая Компания Эпм»;https://focus.kontur.ru/site/populyarnye-kompanii-v-focuse/moskva;;;;
2749;ООО «Эф Эм Солюшн»;https://focus.kontur.ru/site/populyarnye-kompanii-v-focuse/moskva;;;;
2750;ООО «Армторг»;https://focus.kontur.ru/site/populyarnye-kompanii-v-focuse/moskva;;;;
2751;АО «Тэк-Торг»;https://focus.kontur.ru/site/populyarnye-kompanii-v-focuse/moskva;;;;
2752;ООО «Евроопт»;https://focus.kontur.ru/site/populyarnye-kompanii-v-focuse/moskva;;;;
2753;ООО «Сберавтопарк»;https://focus.kontur.ru/site/populyarnye-kompanii-v-focuse/moskva;;;;
2754;АО «Птс»;https://focus.kontur.ru/site/populyarnye-kompanii-v-focuse/moskva;;;;
2755;ООО «Вега»;https://focus.kontur.ru/site/populyarnye-kompanii-v-focuse/moskva;;;;
2756;ООО «ХАЙДУ Восток»;https://focus.kontur.ru/site/populyarnye-kompanii-v-focuse/moskva;;;;
2757;ООО «Арт Строй»;https://focus.kontur.ru/site/populyarnye-kompanii-v-focuse/moskva;;;;
2758;ООО «Дассо Систем»;https://focus.kontur.ru/site/populyarnye-kompanii-v-focuse/moskva;;;;
2759;ООО «Строительная Компания «Коч Констракшн»;https://focus.kontur.ru/site/populyarnye-kompanii-v-focuse/moskva;;;;
2760;ООО «Втк-Сопровождение»;https://focus.kontur.ru/site/populyarnye-kompanii-v-focuse/moskva;;;;
2761;ООО «Меком»;https://focus.kontur.ru/site/populyarnye-kompanii-v-focuse/moskva;;;;
2762;ООО «ГУЧЧИ РУС»;https://focus.kontur.ru/site/populyarnye-kompanii-v-focuse/moskva;;;;
2763;ООО «Специализированный Застройщик «Лср. Развитие»;https://focus.kontur.ru/site/populyarnye-kompanii-v-focuse/moskva;;;;
2764;ООО «Драгон Инфинити»;https://focus.kontur.ru/site/populyarnye-kompanii-v-focuse/moskva;;;;
2765;ООО «Строй Арсенал»;https://focus.kontur.ru/site/populyarnye-kompanii-v-focuse/moskva;;;;
2766;ООО «Синергия»;https://focus.kontur.ru/site/populyarnye-kompanii-v-focuse/moskva;;;;
2767;ООО «Квинта»;https://focus.kontur.ru/site/populyarnye-kompanii-v-focuse/moskva;;;;
2768;ООО «Торговый комплекс «Водный»;https://focus.kontur.ru/site/populyarnye-kompanii-v-focuse/moskva;;;;
2769;ООО «УК»;https://focus.kontur.ru/site/populyarnye-kompanii-v-focuse/moskva;;;;
2770;ООО «Новые Строительные Материалы»;https://focus.kontur.ru/site/populyarnye-kompanii-v-focuse/moskva;;;;
2771;ООО «Императорский Бутик»;https://focus.kontur.ru/site/populyarnye-kompanii-v-focuse/moskva;;;;
2772;ООО «УК «Райффайзен Капитал»;https://focus.kontur.ru/site/populyarnye-kompanii-v-focuse/moskva;;;;
2773;АО «Телеканал Рбк»;https://focus.kontur.ru/site/populyarnye-kompanii-v-focuse/moskva;;;;
2774;ООО «Гсб»;https://focus.kontur.ru/site/populyarnye-kompanii-v-focuse/moskva;;;;
2775;ООО «Юнифарма»;https://focus.kontur.ru/site/populyarnye-kompanii-v-focuse/moskva;;;;
2776;ООО «ЭСТЕР Продакшн»;https://focus.kontur.ru/site/populyarnye-kompanii-v-focuse/moskva;;;;
2777;ООО «Континент-2000»;https://focus.kontur.ru/site/populyarnye-kompanii-v-focuse/moskva;;;;
2778;ООО «Приоритилок»;https://focus.kontur.ru/site/populyarnye-kompanii-v-focuse/moskva;;;;
2779;ООО «ВОДЭКО»;https://focus.kontur.ru/site/populyarnye-kompanii-v-focuse/moskva;;;;
2780;ООО Группа Компаний «Мост»;https://focus.kontur.ru/site/populyarnye-kompanii-v-focuse/moskva;;;;
2781;ООО «Сеттрейд»;https://focus.kontur.ru/site/populyarnye-kompanii-v-focuse/moskva;;;;
2782;ООО «Экспо Маркет Технологии»;https://focus.kontur.ru/site/populyarnye-kompanii-v-focuse/moskva;;;;
2783;ООО «Статус»;https://focus.kontur.ru/site/populyarnye-kompanii-v-focuse/moskva;;;;
2784;ООО «Метпроект»;https://focus.kontur.ru/site/populyarnye-kompanii-v-focuse/moskva;;;;
2785;ООО «М-Тоннель»;https://focus.kontur.ru/site/populyarnye-kompanii-v-focuse/moskva;;;;
2786;ООО «Автомобильно-Торговый Центр На Каширке»;https://focus.kontur.ru/site/populyarnye-kompanii-v-focuse/moskva;;;;
2787;ООО «Аквилон»;https://focus.kontur.ru/site/populyarnye-kompanii-v-focuse/moskva;;;;
2788;ООО «Ренолит-Рус»;https://focus.kontur.ru/site/populyarnye-kompanii-v-focuse/moskva;;;;
2789;ООО «Проэксперт»;https://focus.kontur.ru/site/populyarnye-kompanii-v-focuse/moskva;;;;
2790;ООО «Промышленная Строительная Компания»;https://focus.kontur.ru/site/populyarnye-kompanii-v-focuse/moskva;;;;
2791;ООО Производственно-Техническая Компания «Акэл»;https://focus.kontur.ru/site/populyarnye-kompanii-v-focuse/moskva;;;;
2792;ООО «Электрокомплект-Сервис»;https://focus.kontur.ru/site/populyarnye-kompanii-v-focuse/moskva;;;;
2793;ООО «ЯМ Интернешнл (СНГ)»;https://focus.kontur.ru/site/populyarnye-kompanii-v-focuse/moskva;;;;
2794;ООО «Литмол»;https://focus.kontur.ru/site/populyarnye-kompanii-v-focuse/moskva;;;;
2795;ООО «Автодеталь»;https://focus.kontur.ru/site/populyarnye-kompanii-v-focuse/moskva;;;;
2796;ООО «Проммикс»;https://focus.kontur.ru/site/populyarnye-kompanii-v-focuse/moskva;;;;
2797;ООО «Юникон-Зск»;https://focus.kontur.ru/site/populyarnye-kompanii-v-focuse/moskva;;;;
2798;ООО «РИФТ»;https://focus.kontur.ru/site/populyarnye-kompanii-v-focuse/moskva;;;;
2799;ООО «ПСК-71»;https://focus.kontur.ru/site/populyarnye-kompanii-v-focuse/moskva;;;;
2800;ООО «Мелздрав 6»;https://focus.kontur.ru/site/populyarnye-kompanii-v-focuse/moskva;;;;
2801;ООО «Авистрон»;https://focus.kontur.ru/site/populyarnye-kompanii-v-focuse/moskva;;;;
2802;ООО «Рсхб Лизинг»;https://focus.kontur.ru/site/populyarnye-kompanii-v-focuse/moskva;;;;
2803;ООО «Ремстрой»;https://focus.kontur.ru/site/populyarnye-kompanii-v-focuse/moskva;;;;
2804;ООО «Торгхаус»;https://focus.kontur.ru/site/populyarnye-kompanii-v-focuse/moskva;;;;
2805;ООО «Супр»;https://focus.kontur.ru/site/populyarnye-kompanii-v-focuse/moskva;;;;
2806;ООО «Бизон Спецодежда»;https://focus.kontur.ru/site/populyarnye-kompanii-v-focuse/moskva;;;;
2807;ООО «Автогрупп»;https://focus.kontur.ru/site/populyarnye-kompanii-v-focuse/moskva;;;;
2808;ООО «Перспектива Т»;https://focus.kontur.ru/site/populyarnye-kompanii-v-focuse/moskva;;;;
2809;ООО «Мьюзик лайн»;https://focus.kontur.ru/site/populyarnye-kompanii-v-focuse/moskva;;;;
2810;ООО «Макс Петролеум Сервис»;https://focus.kontur.ru/site/populyarnye-kompanii-v-focuse/moskva;;;;
2811;АО «Хлебокомбинат «Пролетарец»;https://focus.kontur.ru/site/populyarnye-kompanii-v-focuse/moskva;;;;
2812;ООО «КРАЙЗЕЛЬ РУС»;https://focus.kontur.ru/site/populyarnye-kompanii-v-focuse/moskva;;;;
2813;ООО «Грунтмаш»;https://focus.kontur.ru/site/populyarnye-kompanii-v-focuse/moskva;;;;
2814;ООО «Алдор»;https://focus.kontur.ru/site/populyarnye-kompanii-v-focuse/moskva;;;;
2815;ООО «Салям»;https://focus.kontur.ru/site/populyarnye-kompanii-v-focuse/moskva;;;;
2816;ООО «Химфуд»;https://focus.kontur.ru/site/populyarnye-kompanii-v-focuse/moskva;;;;
2817;ООО «Строитель»;https://focus.kontur.ru/site/populyarnye-kompanii-v-focuse/moskva;;;;
2818;ООО «Обер Хутор»;https://focus.kontur.ru/site/populyarnye-kompanii-v-focuse/moskva;;;;
2819;ООО «Инфрапро»;https://focus.kontur.ru/site/populyarnye-kompanii-v-focuse/moskva;;;;
2820;ООО «РОЛС Изомаркет»;https://focus.kontur.ru/site/populyarnye-kompanii-v-focuse/moskva;;;;
2821;АО «Авиа Менеджмент Груп»;https://focus.kontur.ru/site/populyarnye-kompanii-v-focuse/moskva;;;;
2822;Автономная НО Высшего Образования «Российский Новый Университет»;https://focus.kontur.ru/site/populyarnye-kompanii-v-focuse/moskva;;;;
2823;ООО «Арктический Научно-Проектный Центр Шельфовых Разработок»;https://focus.kontur.ru/site/populyarnye-kompanii-v-focuse/moskva;;;;
2824;ООО «Смартлид»;https://focus.kontur.ru/site/populyarnye-kompanii-v-focuse/moskva;;;;
2825;ООО «Технический центр контроля и диагностики — Атомкомплект»;https://focus.kontur.ru/site/populyarnye-kompanii-v-focuse/moskva;;;;
2826;ООО «ИнвестСтройКонсалт»;https://focus.kontur.ru/site/populyarnye-kompanii-v-focuse/moskva;;;;
2827;ООО «ЯКОВЛЕВ ЭЛЕКТРОНИКС»;https://focus.kontur.ru/site/populyarnye-kompanii-v-focuse/moskva;;;;
2828;ООО «Энергогазсервис»;https://focus.kontur.ru/site/populyarnye-kompanii-v-focuse/moskva;;;;
2829;ООО «Московская Водопроводная Компания»;https://focus.kontur.ru/site/populyarnye-kompanii-v-focuse/moskva;;;;
2830;ООО «Корпорация Тамп»;https://focus.kontur.ru/site/populyarnye-kompanii-v-focuse/moskva;;;;
2831;ООО «Дисти»;https://focus.kontur.ru/site/populyarnye-kompanii-v-focuse/moskva;;;;
2832;ООО «Метинвпроект»;https://focus.kontur.ru/site/populyarnye-kompanii-v-focuse/moskva;;;;
2833;ООО «Трансатлантсервис»;https://focus.kontur.ru/site/populyarnye-kompanii-v-focuse/moskva;;;;
2834;ООО «Мегатранс»;https://focus.kontur.ru/site/populyarnye-kompanii-v-focuse/moskva;;;;
2835;ООО «Олимпус»;https://focus.kontur.ru/site/populyarnye-kompanii-v-focuse/moskva;;;;
2836;ООО «Кзто»;https://focus.kontur.ru/site/populyarnye-kompanii-v-focuse/moskva;;;;
2837;ООО «Петро Велт Технолоджис»;https://focus.kontur.ru/site/populyarnye-kompanii-v-focuse/moskva;;;;
2838;ООО «Аутсорсинг Групп»;https://focus.kontur.ru/site/populyarnye-kompanii-v-focuse/moskva;;;;
2839;ООО «АСВ Строй»;https://focus.kontur.ru/site/populyarnye-kompanii-v-focuse/moskva;;;;
2840;ООО «ЭнергоМеталл»;https://focus.kontur.ru/site/populyarnye-kompanii-v-focuse/moskva;;;;
2841;ООО «Торговый Дом Вентз»;https://focus.kontur.ru/site/populyarnye-kompanii-v-focuse/moskva;;;;
2842;ООО «Хавас Медиа»;https://focus.kontur.ru/site/populyarnye-kompanii-v-focuse/moskva;;;;
2843;ООО «Эко-Транс»;https://focus.kontur.ru/site/populyarnye-kompanii-v-focuse/moskva;;;;
2844;ООО «Ржевмаш»;https://focus.kontur.ru/site/populyarnye-kompanii-v-focuse/moskva;;;;
2845;ООО «Торговый Дом «Синсерус»;https://focus.kontur.ru/site/populyarnye-kompanii-v-focuse/moskva;;;;
2846;ООО «СМ-МЕД»;https://focus.kontur.ru/site/populyarnye-kompanii-v-focuse/moskva;;;;
2847;ООО «Кар Трейд»;https://focus.kontur.ru/site/populyarnye-kompanii-v-focuse/moskva;;;;
2848;ОАО «Научно-производственное объединение гидравлических машин»;https://focus.kontur.ru/site/populyarnye-kompanii-v-focuse/moskva;;;;
2849;АО «Стройгазойл»;https://focus.kontur.ru/site/populyarnye-kompanii-v-focuse/moskva;;;;
2850;ООО «Агропромпанель-ТК»;https://focus.kontur.ru/site/populyarnye-kompanii-v-focuse/moskva;;;;
2851;ООО УК «Свиблов ГРАД»;https://focus.kontur.ru/site/populyarnye-kompanii-v-focuse/moskva;;;;
2852;АО «Кольское предприятие «Электрорадиоавтоматика»;https://focus.kontur.ru/site/populyarnye-kompanii-v-focuse/moskva;;;;
2853;АО «Рпк-2»;https://focus.kontur.ru/site/populyarnye-kompanii-v-focuse/moskva;;;;
2854;ООО «Гельтек-Медика»;https://focus.kontur.ru/site/populyarnye-kompanii-v-focuse/moskva;;;;
2855;ООО «Твинсет Ист»;https://focus.kontur.ru/site/populyarnye-kompanii-v-focuse/moskva;;;;
2856;ООО «Дария»;https://focus.kontur.ru/site/populyarnye-kompanii-v-focuse/moskva;;;;
2857;ООО «Альфа»;https://focus.kontur.ru/site/populyarnye-kompanii-v-focuse/moskva;;;;
2858;ООО «Агроторг-Трейд»;https://focus.kontur.ru/site/populyarnye-kompanii-v-focuse/moskva;;;;
2859;ООО «Бьюти Инновации»;https://focus.kontur.ru/site/populyarnye-kompanii-v-focuse/moskva;;;;
2860;ООО «Дилижанс Транс»;https://focus.kontur.ru/site/populyarnye-kompanii-v-focuse/moskva;;;;
2861;ООО «Версо Москва»;https://focus.kontur.ru/site/populyarnye-kompanii-v-focuse/moskva;;;;
2862;ООО «Гирвас Интернешнл»;https://focus.kontur.ru/site/populyarnye-kompanii-v-focuse/moskva;;;;
2863;ООО «Инновационные Технологии»;https://focus.kontur.ru/site/populyarnye-kompanii-v-focuse/moskva;;;;
2864;ООО «СК ЭлитСтрой»;https://focus.kontur.ru/site/populyarnye-kompanii-v-focuse/moskva;;;;
2865;ООО «Рба-Вто»;https://focus.kontur.ru/site/populyarnye-kompanii-v-focuse/moskva;;;;
2866;ООО «Берч»;https://focus.kontur.ru/site/populyarnye-kompanii-v-focuse/moskva;;;;
2867;ООО «Торговый дом «Резерв»;https://focus.kontur.ru/site/populyarnye-kompanii-v-focuse/moskva;;;;
2868;АО «Конструкторское Бюро Навигационных Систем»;https://focus.kontur.ru/site/populyarnye-kompanii-v-focuse/moskva;;;;
2869;ООО «Брэстон»;https://focus.kontur.ru/site/populyarnye-kompanii-v-focuse/moskva;;;;
2870;ООО «Глобал Трейдинг»;https://focus.kontur.ru/site/populyarnye-kompanii-v-focuse/moskva;;;;
2871;ООО «Нидгард»;https://focus.kontur.ru/site/populyarnye-kompanii-v-focuse/moskva;;;;
2872;ООО «Нцпс»;https://focus.kontur.ru/site/populyarnye-kompanii-v-focuse/moskva;;;;
2873;ООО «ПиЭлСи Технолоджи»;https://focus.kontur.ru/site/populyarnye-kompanii-v-focuse/moskva;;;;
2874;ООО «РЕЙКОМ ГРУПП»;https://focus.kontur.ru/site/populyarnye-kompanii-v-focuse/moskva;;;;
2875;ООО «КАН-Р»;https://focus.kontur.ru/site/populyarnye-kompanii-v-focuse/moskva;;;;
2876;ООО «ПоинтЛайн»;https://focus.kontur.ru/site/populyarnye-kompanii-v-focuse/moskva;;;;
2877;ООО «Принт Эквимпет»;https://focus.kontur.ru/site/populyarnye-kompanii-v-focuse/moskva;;;;
2878;АО «Экстэс-Транспорт»;https://focus.kontur.ru/site/populyarnye-kompanii-v-focuse/moskva;;;;
2879;ООО «ВР ЛОГИСТИК»;https://focus.kontur.ru/site/populyarnye-kompanii-v-focuse/moskva;;;;
2880;ООО Торговый Дом «Дан Трейд»;https://focus.kontur.ru/site/populyarnye-kompanii-v-focuse/moskva;;;;
2881;ООО «Русагронова»;https://focus.kontur.ru/site/populyarnye-kompanii-v-focuse/moskva;;;;
2882;АО «Оптиматехностимул»;https://focus.kontur.ru/site/populyarnye-kompanii-v-focuse/moskva;;;;
2883;ООО «Инженерный Центр Энергосетьпроект»;https://focus.kontur.ru/site/populyarnye-kompanii-v-focuse/moskva;;;;
2884;ООО «Морфиш»;https://focus.kontur.ru/site/populyarnye-kompanii-v-focuse/moskva;;;;
2885;ООО «Покровский Трубный Завод»;https://focus.kontur.ru/site/populyarnye-kompanii-v-focuse/moskva;;;;
2886;ООО «УНИВЕРСАЛЬНАЯ ФИНАНСОВАЯ СИСТЕМА»;https://focus.kontur.ru/site/populyarnye-kompanii-v-focuse/moskva;;;;
2887;ООО «Завод Специального Машиностроения»;https://focus.kontur.ru/site/populyarnye-kompanii-v-focuse/moskva;;;;
2888;ООО «Маяк»;https://focus.kontur.ru/site/populyarnye-kompanii-v-focuse/moskva;;;;
2889;ООО «Клок»;https://focus.kontur.ru/site/populyarnye-kompanii-v-focuse/moskva;;;;
2890;ООО «Вертикаль»;https://focus.kontur.ru/site/populyarnye-kompanii-v-focuse/moskva;;;;
2891;ООО «Сигнум»;https://focus.kontur.ru/site/populyarnye-kompanii-v-focuse/moskva;;;;
2892;ООО «МВС-Лизинг»;https://focus.kontur.ru/site/populyarnye-kompanii-v-focuse/moskva;;;;
2893;ООО «Пелигрин Матен»;https://focus.kontur.ru/site/populyarnye-kompanii-v-focuse/moskva;;;;
2894;ООО «Иммедиат Дистрибьюшен»;https://focus.kontur.ru/site/populyarnye-kompanii-v-focuse/moskva;;;;
2895;ООО «Лавка Чудес»;https://focus.kontur.ru/site/populyarnye-kompanii-v-focuse/moskva;;;;
2896;ООО «Тенгри»;https://focus.kontur.ru/site/populyarnye-kompanii-v-focuse/moskva;;;;
2897;ООО «Магнус Трейд»;https://focus.kontur.ru/site/populyarnye-kompanii-v-focuse/moskva;;;;
2898;ООО «ТД «Гурман»;https://focus.kontur.ru/site/populyarnye-kompanii-v-focuse/moskva;;;;
2899;ООО «Трансспец Механизация»;https://focus.kontur.ru/site/populyarnye-kompanii-v-focuse/moskva;;;;
2900;ООО «СТОРФУЛ»;https://focus.kontur.ru/site/populyarnye-kompanii-v-focuse/moskva;;;;
2901;ООО «ИмпортТрейд»;https://focus.kontur.ru/site/populyarnye-kompanii-v-focuse/moskva;;;;
2902;ООО «ПромТорг-Инвест»;https://focus.kontur.ru/site/populyarnye-kompanii-v-focuse/moskva;;;;
2903;ООО «ГК-65»;https://focus.kontur.ru/site/populyarnye-kompanii-v-focuse/moskva;;;;
2904;ООО «Нефтепромгрупп»;https://focus.kontur.ru/site/populyarnye-kompanii-v-focuse/moskva;;;;
2905;ООО «Лаш Раша»;https://focus.kontur.ru/site/populyarnye-kompanii-v-focuse/moskva;;;;
2906;ООО «Фабрика Фарш»;https://focus.kontur.ru/site/populyarnye-kompanii-v-focuse/moskva;;;;
2907;ООО «Ва Вент»;https://focus.kontur.ru/site/populyarnye-kompanii-v-focuse/moskva;;;;
2908;ООО «ТОРГОВЫЙ ДОМ «ВИНАР-М»;https://focus.kontur.ru/site/populyarnye-kompanii-v-focuse/moskva;;;;
2909;ООО «Трейдсервис»;https://focus.kontur.ru/site/populyarnye-kompanii-v-focuse/moskva;;;;
2910;ООО «Мультидом Трейдинг»;https://focus.kontur.ru/site/populyarnye-kompanii-v-focuse/moskva;;;;
2911;АО Транспортная Компания «Спецнефтетранс»;https://focus.kontur.ru/site/populyarnye-kompanii-v-focuse/moskva;;;;
2912;ООО «АлгаТранс»;https://focus.kontur.ru/site/populyarnye-kompanii-v-focuse/moskva;;;;
2913;ООО «Алый Парус»;https://focus.kontur.ru/site/populyarnye-kompanii-v-focuse/moskva;;;;
2914;АО «Фирма «Кирилл»;https://focus.kontur.ru/site/populyarnye-kompanii-v-focuse/moskva;;;;
2915;ООО «Ита Технолоджи»;https://focus.kontur.ru/site/populyarnye-kompanii-v-focuse/moskva;;;;
2916;ООО «Международная Хлебопекарная Корпорация»;https://focus.kontur.ru/site/populyarnye-kompanii-v-focuse/moskva;;;;
2917;ООО «Логотранс+»;https://focus.kontur.ru/site/populyarnye-kompanii-v-focuse/moskva;;;;
2918;ООО «Евронить»;https://focus.kontur.ru/site/populyarnye-kompanii-v-focuse/moskva;;;;
2919;ООО «Дженерал Лубрикантс»;https://focus.kontur.ru/site/populyarnye-kompanii-v-focuse/moskva;;;;
2920;ООО «Продо Трейд»;https://focus.kontur.ru/site/populyarnye-kompanii-v-focuse/moskva;;;;
2921;ООО «Четвероногий Гурман»;https://focus.kontur.ru/site/populyarnye-kompanii-v-focuse/moskva;;;;
2922;ООО «АСИКС РУС»;https://focus.kontur.ru/site/populyarnye-kompanii-v-focuse/moskva;;;;
2923;ООО «Транспортный Оператор»;https://focus.kontur.ru/site/populyarnye-kompanii-v-focuse/moskva;;;;
2924;ЗАО «Центральный научно-исследовательский технологический институт «Техномаш — ВОС»;https://focus.kontur.ru/site/populyarnye-kompanii-v-focuse/moskva;;;;
2925;ООО «Мтд Красный Треугольник»;https://focus.kontur.ru/site/populyarnye-kompanii-v-focuse/moskva;;;;
2926;ООО «Медиа ГУРУ»;https://focus.kontur.ru/site/populyarnye-kompanii-v-focuse/moskva;;;;
2927;ГУП города Москвы «Московская социальная гарантия»;https://focus.kontur.ru/site/populyarnye-kompanii-v-focuse/moskva;;;;
2928;АО «Символмед»;https://focus.kontur.ru/site/populyarnye-kompanii-v-focuse/moskva;;;;
2929;ООО «КОЛЬЦЕВАЯ МАГИСТРАЛЬ»;https://focus.kontur.ru/site/populyarnye-kompanii-v-focuse/moskva;;;;
2930;ООО «Фабрика Рекламы»;https://focus.kontur.ru/site/populyarnye-kompanii-v-focuse/moskva;;;;
2931;ООО Торговая компания «Олдис»;https://focus.kontur.ru/site/populyarnye-kompanii-v-focuse/moskva;;;;
2932;ООО «Программный Инжиниринг и Технологии»;https://focus.kontur.ru/site/populyarnye-kompanii-v-focuse/moskva;;;;
2933;ООО НПО «Реновационные технологии»;https://focus.kontur.ru/site/populyarnye-kompanii-v-focuse/moskva;;;;
2934;ООО «Филдкор Сервис Солюшнз Интернэшнл Раша»;https://focus.kontur.ru/site/populyarnye-kompanii-v-focuse/moskva;;;;
2935;АО «Пусковой Элемент»;https://focus.kontur.ru/site/populyarnye-kompanii-v-focuse/moskva;;;;
2936;ООО «ТРИТОН-ИМПОРТ»;https://focus.kontur.ru/site/populyarnye-kompanii-v-focuse/moskva;;;;
2937;ООО ГК «Гера»;https://focus.kontur.ru/site/populyarnye-kompanii-v-focuse/moskva;;;;
2938;ООО «Зодиак»;https://focus.kontur.ru/site/populyarnye-kompanii-v-focuse/moskva;;;;
2939;ООО «Диджитал Девелопмент»;https://focus.kontur.ru/site/populyarnye-kompanii-v-focuse/moskva;;;;
2940;ООО «Тдк»;https://focus.kontur.ru/site/populyarnye-kompanii-v-focuse/moskva;;;;
2941;ООО «АРТ индустрия»;https://focus.kontur.ru/site/populyarnye-kompanii-v-focuse/moskva;;;;
2942;ООО «ТД Милк Каскад»;https://focus.kontur.ru/site/populyarnye-kompanii-v-focuse/moskva;;;;
2943;ООО «Продснабторг»;https://focus.kontur.ru/site/populyarnye-kompanii-v-focuse/moskva;;;;
2944;ООО «Карстрой»;https://focus.kontur.ru/site/populyarnye-kompanii-v-focuse/moskva;;;;
2945;ООО «Новотех»;https://focus.kontur.ru/site/populyarnye-kompanii-v-focuse/moskva;;;;
2946;ООО «Распак»;https://focus.kontur.ru/site/populyarnye-kompanii-v-focuse/moskva;;;;
2947;ООО «Овощной Рай»;https://focus.kontur.ru/site/populyarnye-kompanii-v-focuse/moskva;;;;
2948;ООО «Аа Трейд Импорт»;https://focus.kontur.ru/site/populyarnye-kompanii-v-focuse/moskva;;;;
2949;ООО «Ткск Мост»;https://focus.kontur.ru/site/populyarnye-kompanii-v-focuse/moskva;;;;
2950;ООО «Импорт Плюс»;https://focus.kontur.ru/site/populyarnye-kompanii-v-focuse/moskva;;;;
2951;ООО «Торговый Дом Декотек»;https://focus.kontur.ru/site/populyarnye-kompanii-v-focuse/moskva;;;;
2952;ООО «ГИГАНТ-КОМПЬЮТЕРНЫЕ СИСТЕМЫ»;https://focus.kontur.ru/site/populyarnye-kompanii-v-focuse/moskva;;;;
2953;ООО «Коннект»;https://focus.kontur.ru/site/populyarnye-kompanii-v-focuse/moskva;;;;
2954;ООО «Казстрой»;https://focus.kontur.ru/site/populyarnye-kompanii-v-focuse/moskva;;;;
2955;ООО «ТК Транстэкинвест»;https://focus.kontur.ru/site/populyarnye-kompanii-v-focuse/moskva;;;;
2956;ООО «Гарден Рус»;https://focus.kontur.ru/site/populyarnye-kompanii-v-focuse/moskva;;;;
2957;ООО «Эйд»;https://focus.kontur.ru/site/populyarnye-kompanii-v-focuse/moskva;;;;
2958;ООО «Итерион»;https://focus.kontur.ru/site/populyarnye-kompanii-v-focuse/moskva;;;;
2959;ООО «ТЛСЦ РУС»;https://focus.kontur.ru/site/populyarnye-kompanii-v-focuse/moskva;;;;
2960;ООО «Мгм Рус»;https://focus.kontur.ru/site/populyarnye-kompanii-v-focuse/moskva;;;;
2961;ООО «ВеК стоун»;https://focus.kontur.ru/site/populyarnye-kompanii-v-focuse/moskva;;;;
2962;ООО «Камис-Приправы»;https://focus.kontur.ru/site/populyarnye-kompanii-v-focuse/moskva;;;;
2963;ООО «Мдв»;https://focus.kontur.ru/site/populyarnye-kompanii-v-focuse/moskva;;;;
2964;ООО «Сантросс»;https://focus.kontur.ru/site/populyarnye-kompanii-v-focuse/moskva;;;;
2965;ООО «Альфасервис»;https://focus.kontur.ru/site/populyarnye-kompanii-v-focuse/moskva;;;;
2966;ООО «Альстеф»;https://focus.kontur.ru/site/populyarnye-kompanii-v-focuse/moskva;;;;
