название;тип_лофт;телефон;сайт;ссылка
"""Комната"". Бильярд, Музыка, Еда.";Лофт, ресторан, бар, игровой зал, переговорная;+7 981 291-72-02;N/A;https://www.loft2rent.ru/loft/162190/162193/
"""Культурный зал""";Зал;+79213544851;https://www.loft2rent.ru/loft/110170/;https://www.loft2rent.ru/loft/110170/110173/
"""ЛОФТ-БАР"" с караоке";Лофт, бар, игровой зал;+7 962 699-21-44;https://www.loft2rent.ru/loft/80548/;https://www.loft2rent.ru/loft/80548/80550/
"""Не верь никому"" - Караоке лофт Секретные Материалы";Караоке лофт Секретные Материалы - Лофт, антикафе;+73433630042;https://www.loft2rent.ru/loft/115047/;https://www.loft2rent.ru/loft/115047/150528/
"""Ничто не вечно"" - Караоке лофт Секретные Материалы";Караоке лофт Секретные Материалы - Лофт;+73433630042;https://www.loft2rent.ru/loft/115047/;https://www.loft2rent.ru/loft/115047/151576/
"""Подземелье Слизерин""";Квест;+79013337731;https://www.loft2rent.ru/loft/39148/;https://www.loft2rent.ru/loft/39148/84115/
1 зал Караоке Лофт-студии;Лофт;+7 (968) 992 44 84;https://www.loft2rent.ru/loft/12511/;https://www.loft2rent.ru/loft/12511/19907/
1 Зал Шайн 45 м2;Лофт, бар, кальянная;89612267251;https://www.loft2rent.ru/loft/125716/;https://www.loft2rent.ru/loft/125716/125718/
16 Тонн Арбат;Банкетный зал, бар;89264331399;N/A;https://www.loft2rent.ru/loft/197584/201762/
1839Винтажный зал в центре Москвы, зал Винтаж;Фотостудия;+7 (929) 908 11 01;N/A;https://www.loft2rent.ru/loft/210279/210337/
1930 Moscow;Зал, концертный зал, клуб, веранда;+7 925 747 1930;N/A;https://www.loft2rent.ru/loft/81295/81299/
2 Зал Караоке Лофт-студии;Лофт;+7 (968) 992 44 84;https://www.loft2rent.ru/loft/12511/;https://www.loft2rent.ru/loft/12511/19910/
2-х уровневое пространство с террасой;Лофт, зал, веранда, кальянная;89031888081;https://www.loft2rent.ru/loft/49928/;https://www.loft2rent.ru/loft/49928/111523/
207;Лофт, фотостудия;+79689739030;https://www.loft2rent.ru/loft/2518/;https://www.loft2rent.ru/loft/2518/69120/
"21.KultСтаринные залы в особняке 18 века ""21.KULT""";Лофт, особняк;7 989 595 2121;N/A;https://www.loft2rent.ru/loft/82207/82209/
3 Зал Бруклин 100 м2;Лофт, кальянная;89612267251;https://www.loft2rent.ru/loft/125716/;https://www.loft2rent.ru/loft/125716/150261/
3 зал Караоке Лофт-студии;Лофт;+7 (968) 992 44 84;https://www.loft2rent.ru/loft/12511/;https://www.loft2rent.ru/loft/12511/31360/
3-е место - лофт на Тульской;лофт на Тульской - Лофт, бар, веранда, кальянная;+79166683000;https://www.loft2rent.ru/loft/75181/;https://www.loft2rent.ru/loft/75181/75225/
300м²Апартамент в башне Москва - Сити Око на 70 этаже за МИЛЛИАРД;Сити Око на 70 этаже за МИЛЛИАРД - Апартаменты, отель;+79111023333;https://www.loft2rent.ru/loft/107530/;https://www.loft2rent.ru/loft/107530/129979/
314 LoftЛофт на Кленовом бульваре | Коломенской;Лофт;+74996479316;N/A;https://www.loft2rent.ru/loft/74753/74755/
4 зал Караоке Лофт-студии;Лофт, зал;+7 (968) 992 44 84;https://www.loft2rent.ru/loft/12511/;https://www.loft2rent.ru/loft/12511/68928/
44 Sky Daimond Aparment;Апартаменты;+79958998202;https://www.loft2rent.ru/loft/171815/;https://www.loft2rent.ru/loft/171815/172052/
45 floor Big Apartments Москва Сити;Апартаменты;89958998202;https://www.loft2rent.ru/loft/171815/;https://www.loft2rent.ru/loft/171815/172886/
46 Black Apartments Москва Сити;Апартаменты;89958998202;https://www.loft2rent.ru/loft/171815/;https://www.loft2rent.ru/loft/171815/171817/
4Brewers pub;Коворкинг, ресторан;89364444815;N/A;https://www.loft2rent.ru/loft/196740/197421/
5 Зал Лондон 90 м2;Лофт, кальянная;89612267251;https://www.loft2rent.ru/loft/125716/;https://www.loft2rent.ru/loft/125716/162511/
54 floor Rise Global Угловой большой апартамент с заворажевающим видом на башни и Столицу!;Апартаменты, отель;89958998202;https://www.loft2rent.ru/loft/171815/;https://www.loft2rent.ru/loft/171815/196543/
55 floor Atlanta Apartments Москва Сити;Апартаменты;+79958998202;https://www.loft2rent.ru/loft/171815/;https://www.loft2rent.ru/loft/171815/172249/
6 Зал Мани 55 м2;Кабинет, лофт, кальянная;89612267251;https://www.loft2rent.ru/loft/125716/;https://www.loft2rent.ru/loft/125716/160862/
61 floor Sky Апартмент в Москва Сити;Апартаменты;+79958998202;https://www.loft2rent.ru/loft/171815/;https://www.loft2rent.ru/loft/171815/172202/
66 floor Magic Апартаменты в Москва Сити;Апартаменты;+79958998202;https://www.loft2rent.ru/loft/171815/;https://www.loft2rent.ru/loft/171815/172453/
66 floor Rise Apartments EXСLUSIVE Угловой апартамент с замораживающим видом и ванной у окна!;Апартаменты, отель;+79958998202;https://www.loft2rent.ru/loft/171815/;https://www.loft2rent.ru/loft/171815/196521/
71,2 м² Апартамент на 65 этаже Москва Сити с видом на комплекс башен Neva Towers (Moscow city Neva Towers);Апартаменты, отель;+79111023333;https://www.loft2rent.ru/loft/107530/;https://www.loft2rent.ru/loft/107530/149409/
76 floor Rise Apartments Шикарный апартамент с видом на Москву!;Апартаменты, зал;+79958998202;https://www.loft2rent.ru/loft/171815/;https://www.loft2rent.ru/loft/171815/196554/
80 этаж! Самый высокий апартамент! Вид на МГУ, Лужники, Парк Победы, башни и город!;Апартаменты, отель;89958998202;https://www.loft2rent.ru/loft/171815/;https://www.loft2rent.ru/loft/171815/196513/
90FloorMYTH | 90Floor;Лофт, ночной клуб, клуб;+7 495 489 90 90;N/A;https://www.loft2rent.ru/loft/63709/68443/
90FloorSKY | 90Floor;Лофт, конференц-зал;+7 495 489 90 90;N/A;https://www.loft2rent.ru/loft/63709/63741/
90FloorПанорамный ресторан китайской кухни MUME;Ресторан, бар;+7 495 489 90 90;N/A;https://www.loft2rent.ru/loft/63709/123926/
A-More Loft / А'Море;Банкетный зал, лофт, зал, детский центр;+79772959526;https://www.loft2rent.ru/loft/104772/;https://www.loft2rent.ru/loft/104772/201758/
Academia Antikino / Академия АнтикиноБор;Лофт;7 919 725-17-16;N/A;https://www.loft2rent.ru/loft/124262/124576/
Academia Antikino / Академия АнтикиноКлассический лофт Академии;Коворкинг, лофт, антикафе;7 919 725-17-16;N/A;https://www.loft2rent.ru/loft/124262/124649/
Academia Antikino / Академия АнтикиноСаванна;Лофт;7 919 725-17-16;N/A;https://www.loft2rent.ru/loft/124262/124578/
Academia Antikino / Академия АнтикиноТропики;Лофт;7 919 725-17-16;N/A;https://www.loft2rent.ru/loft/124262/124567/
Accademia del GustoКулинарная студия Accademia del Gusto;Кулинарная студия;+74993254167;N/A;https://www.loft2rent.ru/loft/34892/35122/
Accademia del GustoКулинарная студия Accademia del Gusto (зал 2);Банкетный зал, ресторан, кулинарная студия;+74993254167;N/A;https://www.loft2rent.ru/loft/34892/42748/
Adornos Center;Банкетный зал, зал;+79850787134;N/A;https://www.loft2rent.ru/loft/207664/207805/
AG LOFTCHALET / ШАЛЕ;Лофт, бар, зал;+7 (495) 032-36-35;N/A;https://www.loft2rent.ru/loft/1926/44130/
AGNOSTIC Лофт ( 130 м.кв) с Тёплой Верандой(45 кв.м) , Грилем и лучшим звуком ( с середины июня будет выход на крышу 350 м.кв);Лофт, ночной клуб, веранда;+79263579391;https://www.loft2rent.ru/loft/13771/;https://www.loft2rent.ru/loft/13771/26592/
AJNA LOFT-BOUTIQUE;Лофт;+79817600001;https://www.loft2rent.ru/loft/112573/;https://www.loft2rent.ru/loft/112573/112585/
Alibi LoftALIBI loft;Лофт, зал, конференц-зал, учебный зал;+7 915 052 80 83;N/A;https://www.loft2rent.ru/loft/39664/39667/
Alle Hall уютное пространство для ваших мероприятий;Лофт, галерея, конференц-зал, концертный зал;+74998881829;https://www.loft2rent.ru/loft/121787/;https://www.loft2rent.ru/loft/121787/121789/
AllShapes Loft;Лофт, квест;+79154653461;N/A;https://www.loft2rent.ru/loft/106044/127341/
AllShapes LoftМосковский Императорский Яхт клуб;Лофт, особняк, на открытом воздухе, веранда;+79154653461;N/A;https://www.loft2rent.ru/loft/106044/113862/
Aloha loft;Лофт;+7 (495)0080403;https://www.loft2rent.ru/loft/30985/;https://www.loft2rent.ru/loft/30985/82928/
ANDY HALL;Лофт, зал, конференц-зал;+7 (495) 120-19-05;https://www.loft2rent.ru/loft/5338/;https://www.loft2rent.ru/loft/5338/29280/
ANGELBLESS;Лофт, фотостудия;+79620358888;N/A;https://www.loft2rent.ru/loft/182805/182807/
Angle 30 floor Apartments Москва Сити;Апартаменты;+79958998202;https://www.loft2rent.ru/loft/171815/;https://www.loft2rent.ru/loft/171815/172056/
Aquarel Hall;Лофт;88124674730;https://www.loft2rent.ru/loft/74440/;https://www.loft2rent.ru/loft/74440/137970/
Arbat Secret Loft;Бар, зал;+7 (499) 113-37-75;N/A;https://www.loft2rent.ru/loft/132813/132815/
Arch  loft;Лофт;+79277772200;N/A;https://www.loft2rent.ru/loft/119864/119893/
ARCHILOFT;Банкетный зал, лофт, конференц-зал, особняк;+7 (495) 185-56-99;N/A;https://www.loft2rent.ru/loft/21863/21864/
ARCOBALENO LOFT / АРКОБАЛЕНО ЛОФТ;Банкетный зал, лофт, зал, детский центр;+79530505020;N/A;https://www.loft2rent.ru/loft/107118/123108/
Arendalofta_nnMisterio (Мистерио);Лофт, зал, игровой зал, веранда;8 (929) 055-18-05;N/A;https://www.loft2rent.ru/loft/76195/178884/
"Arendalofta_nnЛофт ""Стеклянный Дом""";Банкетный зал, зал, конференц-зал, на открытом воздухе;8 929 055 18 05;N/A;https://www.loft2rent.ru/loft/76195/161570/
Arendalofta_nnПогружение Loft;Лофт;+79290551805;N/A;https://www.loft2rent.ru/loft/76195/76220/
ARMALOFT;Лофт, бар, конференц-зал, фотостудия;89250545290;https://www.loft2rent.ru/loft/122172/;https://www.loft2rent.ru/loft/122172/123255/
Art Loft;Лофт, игровой зал;89854469081;N/A;https://www.loft2rent.ru/loft/89066/89068/
Art9.2Blue sky;Спорт-зал;89911772529;N/A;https://www.loft2rent.ru/loft/132452/132931/
Art9.2Color;Коворкинг, зал;89911772529;N/A;https://www.loft2rent.ru/loft/132452/132562/
Art9.2scene;Зал;89911772529;N/A;https://www.loft2rent.ru/loft/132452/132924/
Art9.2Soul;Коворкинг, лофт;89911772529;N/A;https://www.loft2rent.ru/loft/132452/132932/
Art9.2Twin;Фотостудия;89911772529;N/A;https://www.loft2rent.ru/loft/132452/132920/
Art9.2Зал 2 Classic 75m;Коворкинг, лофт, конференц-зал, учебный зал;+79911772529;N/A;https://www.loft2rent.ru/loft/132452/133739/
Art9.2Зал 3  Neoni;Лофт, зал;+79911772529;N/A;https://www.loft2rent.ru/loft/132452/133745/
Art9.2Зал 4 Black 75м;Лофт, спорт-зал, учебный зал;+79911772529;N/A;https://www.loft2rent.ru/loft/132452/133750/
Art9.2Зал 5 Loft 80м;Коворкинг, лофт;+79911772529;N/A;https://www.loft2rent.ru/loft/132452/133766/
"Articon MegapolisЛофт ""Мегаполис Холл""";Лофт, конференц-зал, учебный зал;89685819272;N/A;https://www.loft2rent.ru/loft/105749/105758/
"Articon MegapolisУчебный класс ""Артикон""";Учебный зал;89685819272;N/A;https://www.loft2rent.ru/loft/105749/137170/
ArtLoft Брусницын;Лофт, зал, конференц-зал;‪+7 (993) 640‑68‑42‬;https://www.loft2rent.ru/loft/84117/;https://www.loft2rent.ru/loft/84117/97055/
ARTLOFT на Красного Текстильщика;Банкетный зал, лофт, конференц-зал;+79936406842;https://www.loft2rent.ru/loft/84117/;https://www.loft2rent.ru/loft/84117/172257/
ArtLoft Севкабель;Лофт, зал, фотостудия;+7 (993) 640-68-42;https://www.loft2rent.ru/loft/84117/;https://www.loft2rent.ru/loft/84117/84119/
ArtMaisonГалерея;Галерея;+7 (977) 474-08-33;N/A;https://www.loft2rent.ru/loft/10542/38811/
Artmona LoftArtMona Conference and Study Hall;Лофт, зал, конференц-зал, учебный зал;+79777174500;N/A;https://www.loft2rent.ru/loft/79154/92515/
Artmona LoftArtmona Loft CASTLE;Зал, игровой зал, конференц-зал, антикафе;+79777174500;N/A;https://www.loft2rent.ru/loft/79154/79159/
Artmona LoftArtmona Oriental;Коворкинг, учебный зал, антикафе;+79777174500;N/A;https://www.loft2rent.ru/loft/79154/88954/
Artmona LoftArtmona Studio;Лофт, галерея, учебный зал;+79777174500;N/A;https://www.loft2rent.ru/loft/79154/88945/
"ARTАрт-пространство ""ART""";Бар;+79869465206;N/A;https://www.loft2rent.ru/loft/172192/172195/
Arus party LoftArus Kino Loft / Арус Кино Лофт;Бар, ночной клуб;+7 9191042113;N/A;https://www.loft2rent.ru/loft/22657/115188/
ASnova Hall;Зал, концертный зал;+7(963)6448104;N/A;https://www.loft2rent.ru/loft/209971/210016/
Astik Loft;Банкетный зал, зал, детский центр;+79776409250;N/A;https://www.loft2rent.ru/loft/196388/196390/
ATELIE;Банкетный зал, лофт;+7 (495) 032-36-35;https://www.loft2rent.ru/loft/1926/;https://www.loft2rent.ru/loft/1926/189533/
ATLAtlantic;Лофт;89939187561;N/A;https://www.loft2rent.ru/loft/95559/143599/
ATMOS - Лофт с караоке, верандой и грилем;Лофт с караоке, верандой и грилем  - Лофт, бар, веранда;+7 951 191-58-38;https://www.loft2rent.ru/loft/5546/;https://www.loft2rent.ru/loft/5546/26843/
Atmosferno_studioЗал Minimal;Зал, фотостудия;+79771211238;N/A;https://www.loft2rent.ru/loft/99628/119378/
auratower апартаменты москва сити 33 floor oko tower;Апартаменты;+79021444676;https://skyrent24.ru;https://www.loft2rent.ru/loft/19512/19514/
auratower апартаменты москва сити Premium sky apartments;Апартаменты;+7 (902) 144-46-76;https://www.loft2rent.ru/loft/19512/;https://www.loft2rent.ru/loft/19512/13875/
auratower апартаменты москва сити Апартаменты Москва Сити 42 этаж Sky Apex;Апартаменты, отель;+79021444676;https://www.loft2rent.ru/loft/19512/;https://www.loft2rent.ru/loft/19512/177988/
auratower Апартаменты Москва Сити с панорамной ванной 47 этаж;Апартаменты;89021444676;https://www.loft2rent.ru/loft/19512/;https://www.loft2rent.ru/loft/19512/177995/
auratowerru Mars apartment Moscow City;Апартаменты;+79021444676;https://skyrent24.ru;https://www.loft2rent.ru/loft/19512/33137/
Av lounge fmLounge fm;Лофт, бар, кальянная;+79175744700;N/A;https://www.loft2rent.ru/loft/192825/192827/
AVIATOR — Неоновый лофт с зоной барбекю, 5 минут от Бауманской;Лофт, ночной клуб, веранда;+7 958 578 23 62;https://twitter.com/AviatorLoft;https://www.loft2rent.ru/loft/3593/26836/
Azur Loft / Азур Лофт;Лофт, зал;+7 (993) 958-73-96;https://www.loft2rent.ru/loft/182119/;https://www.loft2rent.ru/loft/182119/182121/
AРМА КОВОРКИНГБольшая переговорная в ARMA COWORKING;Переговорная;+7 (495) 755-42-24;N/A;https://www.loft2rent.ru/loft/191350/191352/
BackgroundЗАЛ КОНФЕРЕНЦ;Лофт, зал, конференц-зал;+7 (499) 455-45-04;N/A;https://www.loft2rent.ru/loft/42217/42376/
BackgroundЗал Кухня;Кулинарная студия;+7 (499) 455-45-04;N/A;https://www.loft2rent.ru/loft/42217/205466/
BackgroundЧерный съемочный павильон;Концертный зал;+7 (499) 455-45-04;N/A;https://www.loft2rent.ru/loft/42217/205473/
BackstageBackstage  / Бэкстейдж;Ресторан;89253980686;N/A;https://www.loft2rent.ru/loft/210956/210961/
BACKYARD;Лофт, зал, конференц-зал;+7 495 120-19-05;https://www.loft2rent.ru/loft/5338/;https://www.loft2rent.ru/loft/5338/5658/
Bad Girl (пилон-loft) на Бауманской с караоке и PS 4 !;Лофт, ночной клуб, клуб;+7 (499) 302-53-72;https://www.loft2rent.ru/loft/66644/;https://www.loft2rent.ru/loft/66644/97357/
Balandin Bar;Ресторан, бар, зал, клуб;+89856409376;N/A;https://www.loft2rent.ru/loft/104955/104960/
Ballesta SpaceЗал «Красный шатёр» в Ballesta Space;Зал;+79262488448;N/A;https://www.loft2rent.ru/loft/186577/186647/
BANKSY HALL;Лофт, зал, конференц-зал, концертный зал;+7 (495) 120-19-05;https://www.loft2rent.ru/loft/5338/;https://www.loft2rent.ru/loft/5338/29279/
Bar Fly;Лофт, бар, зал;+7 916 440 01 30;https://www.loft2rent.ru/loft/101001/;https://www.loft2rent.ru/loft/101001/166510/
BARCELONA INKBARCELONA;Лофт, зал, галерея;89999875886;N/A;https://www.loft2rent.ru/loft/199928/199932/
Barkas - двухуровневый лофт с верандой;двухуровневый лофт с верандой - Лофт, веранда, антикафе;+79779161315;https://www.loft2rent.ru/loft/81832/;https://www.loft2rent.ru/loft/81832/81834/
Barri;;89775693959;https://www.loft2rent.ru/loft/198721/;https://www.loft2rent.ru/loft/198721/198724/
BAUHAUS;Лофт, фотостудия;+79219254594;https://www.loft2rent.ru/loft/79646/;https://www.loft2rent.ru/loft/79646/177878/
BAUMAN SPACEALFA — лофт со сценой и большими панорамными окнами, 2 минуты от метро / Альфа;Лофт, бар, ночной клуб;+7 958 578 23 62;N/A;https://www.loft2rent.ru/loft/14642/126987/
BAUMAN SPACEARBAT - лофт на Арбате в 3 минутах от метро / Арбат;Лофт, бар, ночной клуб, кальянная;+7 958 578 23 62;N/A;https://www.loft2rent.ru/loft/64193/64195/
BAUMAN SPACEBETA - Двухуровневый Лофт с панормаными окнами, 2 мин. от метро / Бета;Лофт, игровой зал, конференц-зал, концертный зал;+7 958 578 23 62;N/A;https://www.loft2rent.ru/loft/14642/41101/
BAUMAN SPACEEUPHORIA — Стильный лофт на Таганской, 3 мин. от метро  / Эйфория;Банкетный зал, лофт, ночной клуб, кальянная;+7 958 578 23 62;N/A;https://www.loft2rent.ru/loft/41462/41471/
BAUMAN SPACEHideOUT — просторный лофт с личной верандой и грилем / Хайдаут;Лофт, зал, веранда;+7 958 578 23 62;N/A;https://www.loft2rent.ru/loft/89228/89237/
BAUMAN SPACEPHOENIX — Стильный лофт на Арбате, 3 минуты от метро  / Феникс;Банкетный зал, лофт, ночной клуб;+7 958 578 23 62;N/A;https://www.loft2rent.ru/loft/95559/74332/
BAUMAN SPACERockWood - кирпичный лофт, веранда, гриль, в ЦАО, 5 минут от метро  / Роквуд;Лофт, веранда;+7 958 578 23 62;https://twitter.com/AviatorLoft;https://www.loft2rent.ru/loft/87538/108311/
Bazaar foodhall&market;;+7 (495) 101-57-57;N/A;https://www.loft2rent.ru/loft/182619/182621/
BAZE LOFTLOFT BAZE;Лофт, квест;+79777112828;N/A;https://www.loft2rent.ru/loft/168356/168359/
BB LoftsLoftLounge - стильный лофт с караоке и PS5 в 5 минутах от метро;Лофт, игровой зал, антикафе;89301703019;N/A;https://www.loft2rent.ru/loft/58868/206927/
Be HappyЛофт;Лофт;;N/A;https://www.loft2rent.ru/loft/114720/114727/
BenbouBenbou cafe;Банкетный зал;+79687337114;N/A;https://www.loft2rent.ru/loft/88942/88963/
BergaMot;Лофт;+74993703816;https://www.loft2rent.ru/loft/29857/;https://www.loft2rent.ru/loft/29857/116360/
Berlin - лофт с караоке и верандой в центре;лофт с караоке и верандой в центре - Лофт, клуб;+79301703019;https://www.loft2rent.ru/loft/58868/;https://www.loft2rent.ru/loft/95559/38040/
BETON - стилизованный лофт с караоке в 7 минутах от метро;стилизованный лофт с караоке в 7 минутах от метро - Лофт, бар, ночной клуб;+7 958 578 23 62;https://www.loft2rent.ru/loft/loftaviator/;https://www.loft2rent.ru/loft/3593/191703/
BIBLIOTEKA;Лофт, бар, зал, веранда;+7 (495) 032-36-35;https://www.loft2rent.ru/loft/1926/;https://www.loft2rent.ru/loft/1926/28311/
Big LoftBig Loft лофт на Соколе;Ресторан, зал;89060684888;N/A;https://www.loft2rent.ru/loft/153471/153474/
BLACK;Лофт, фотостудия;+79219254594;https://www.loft2rent.ru/loft/79646/;https://www.loft2rent.ru/loft/79646/79648/
Black and White Loft;Лофт, фотостудия;+7 988 388-80-50;N/A;https://www.loft2rent.ru/loft/22069/26746/
Black and White LoftWhite Loft;Зал, антикафе;+7 988 388-80-50;N/A;https://www.loft2rent.ru/loft/22069/34046/
BLACK NEON LOFT;Лофт, концертный зал;+79959885656;N/A;https://www.loft2rent.ru/loft/85459/85463/
BLACK OUT;Лофт;89251539733;https://www.loft2rent.ru/loft/132167/;https://www.loft2rent.ru/loft/132167/196721/
Black Room;Зал;+7 (495) 478-06-38;https://www.loft2rent.ru/loft/109926/;https://www.loft2rent.ru/loft/109926/134715/
BlackBerry — просторный лофт с банкетной зоной рядом с метро;Лофт;+7 958 578 23 62;https://www.loft2rent.ru/loft/loftaviator/;https://www.loft2rent.ru/loft/3593/187784/
BLADE;Лофт, зал, крыша;+7 495 120-19-05;https://www.loft2rent.ru/loft/5338/;https://www.loft2rent.ru/loft/5338/29242/
Blanc;Лофт, зал;8 (499) 116 34 31;https://www.loft2rent.ru/loft/spaceandplace/;https://www.loft2rent.ru/loft/1230/210141/
blanche.place;Лофт, зал;+79995374173;https://www.loft2rent.ru/loft/120937/;https://www.loft2rent.ru/loft/120937/131045/
Blisski;Ресторан, бар, зал, кальянная;+79804321043;N/A;https://www.loft2rent.ru/loft/126555/149070/
Bluefin Event Hall Жуковка;Банкетный зал, ресторан, бар;8 (925) 101-50-36;N/A;https://www.loft2rent.ru/loft/204424/204426/
BOAR studio;;+7 (916) 231-1010;N/A;https://www.loft2rent.ru/loft/176377/176379/
Bogasthetic;Лофт, фотостудия;8 (953) 378-67-63;N/A;https://www.loft2rent.ru/loft/144391/144531/
Boho loft;Лофт;+7 (495)0080403;https://www.loft2rent.ru/loft/30985/;https://www.loft2rent.ru/loft/30985/46290/
Book&GameИнтеллектуальное пространство;;+7 (903) 305-61-48;N/A;https://www.loft2rent.ru/loft/107767/107769/
Boom Box лофт клубЛофт Boom Box (big hall);Лофт, детский центр, антикафе, кальянная;+79293034884;N/A;https://www.loft2rent.ru/loft/171910/171938/
Boom Box лофт клубЛофт Boom Box (small hall);Лофт, конференц-зал, кальянная;+79137084884;N/A;https://www.loft2rent.ru/loft/171910/172209/
Bounce;Зал, конференц-зал, концертный зал;+74958433175;https://www.loft2rent.ru/loft/108466/;https://www.loft2rent.ru/loft/108466/135536/
BRODNIKI LOFT;Лофт;8-996-716-19-94;https://www.loft2rent.ru/loft/115308/;https://www.loft2rent.ru/loft/115308/115382/
Bronze;Зал;+73433630042;https://www.loft2rent.ru/loft/115047/;https://www.loft2rent.ru/loft/115047/115426/
Brooklyn Hookah;Лофт, ресторан, кальянная;+79647117635;N/A;https://www.loft2rent.ru/loft/159066/159280/
Brosko Loft;Лофт, ночной клуб, кальянная;89500219153;https://www.loft2rent.ru/loft/126318/;https://www.loft2rent.ru/loft/126318/126326/
BRULLOV HALL;Лофт, зал, концертный зал;8 (812) 317-12-20;https://www.loft2rent.ru/loft/5338/;https://www.loft2rent.ru/loft/5338/112021/
BRUTAL - лофт со своим выходом во двор, 8 минут от метро Бауманская;лофт со своим выходом во двор, 8 минут от метро Бауманская - Лофт, учебный зал;+7 958 578 23 62;https://www.loft2rent.ru/loft/loftaviator/;https://www.loft2rent.ru/loft/3593/109383/
Budda loft с уютной верандой и грилем;Лофт, ночной клуб, веранда;+7 (495)0080403;https://www.loft2rent.ru/loft/30985/;https://www.loft2rent.ru/loft/30985/51634/
Bull Loft;Лофт, бар, антикафе, кальянная;+7 (996) 566-77-88;https://www.loft2rent.ru/loft/130572/;https://www.loft2rent.ru/loft/130572/130575/
BunkerELYZIUM LOFT;Лофт, ночной клуб, концертный зал;89853489466;N/A;https://www.loft2rent.ru/loft/147456/149189/
Burnova;Банкетный зал, кальянная;+7 (981) 216-17-17;N/A;https://www.loft2rent.ru/loft/117455/117462/
Cactus loft;Лофт, учебный зал, концертный зал;+7 (495)0080403;https://www.loft2rent.ru/loft/30985/;https://www.loft2rent.ru/loft/30985/31049/
Calma SpaceCalma Space | Пространство спокойствия;Лофт, концертный зал, кулинарная студия;+7 (991) 997-13-00;N/A;https://www.loft2rent.ru/loft/145533/153077/
Campus;Лофт, крыша;+7 926 100 3263;N/A;https://www.loft2rent.ru/loft/59771/59786/
Candy Loft;Лофт, веранда;+7 (495)0080403;https://www.loft2rent.ru/loft/30985/;https://www.loft2rent.ru/loft/30985/123347/
CAPELLA;Лофт, зал;8 (812) 317-12-20;https://www.loft2rent.ru/loft/5338/;https://www.loft2rent.ru/loft/5338/112075/
Carat Loft;Лофт, зал, кальянная;+7 (995) 626-65-65;https://www.loft2rent.ru/loft/134148/;https://www.loft2rent.ru/loft/134148/162724/
Cassia Loft;Лофт, на открытом воздухе;+78122407727;https://www.loft2rent.ru/loft/74440/;https://www.loft2rent.ru/loft/74440/141855/
CASTLE CONCERT HALL;Концертный зал, клуб;89152576238;N/A;https://www.loft2rent.ru/loft/209661/209663/
CASTLE CONCERT HALL- Ночной Клуб;Ночной клуб, конференц-зал, концертный зал;+79255165332;https://www.loft2rent.ru/loft/172081/;https://www.loft2rent.ru/loft/172081/203954/
Cat Factory;Коворкинг, учебный зал;89263890166;N/A;https://www.loft2rent.ru/loft/178861/178863/
Cats PubАниме;Лофт, антикафе;89134628525;N/A;https://www.loft2rent.ru/loft/173987/173991/
CHALET + ROOF;Банкетный зал, лофт, шатер, веранда;+7 (495) 032-36-35;https://www.loft2rent.ru/loft/1926/;https://www.loft2rent.ru/loft/1926/19603/
Chalet StudioГончарная мастерская Chalet Китай-город;Лофт;+7 499 995 12 80;N/A;https://www.loft2rent.ru/loft/187831/190134/
Chalet StudioГончарная мастерская Chalet Кропоткинская;Лофт;+7 499 995 12 80;N/A;https://www.loft2rent.ru/loft/187831/190136/
Chalet StudioГончарная мастерская Poetrie Киевская;Лофт;+7 499 995 12 80;N/A;https://www.loft2rent.ru/loft/187831/190132/
Chalet StudioМастерская Poetrie Баррикадная;Лофт;+7 499 995 12 80;N/A;https://www.loft2rent.ru/loft/187831/189568/
Chalet StudioСтудия Chalet на Белорусской;Лофт;+74999951280;N/A;https://www.loft2rent.ru/loft/187831/189307/
Chalet StudioСтудия Chalet Тверская;Лофт;+7 499 995 12 80;N/A;https://www.loft2rent.ru/loft/187831/189306/
Chalfei Catering Лофт Manolo;Лофт, ресторан, конференц-зал;+7 343 343-90-80;N/A;https://www.loft2rent.ru/loft/130734/130764/
Chalfei CateringЛофт LOUIS;Конференц-зал, учебный зал;+7 343 343-90-80;N/A;https://www.loft2rent.ru/loft/130734/130916/
Champagne Hall;Банкетный зал, конференц-зал;+79999917444;https://www.loft2rent.ru/loft/199380/;https://www.loft2rent.ru/loft/112609/202868/
Champagne Hall;Банкетный зал;+79999917444;https://www.loft2rent.ru/loft/199380/;https://www.loft2rent.ru/loft/199380/199382/
Cherdachok loftЛофт Чердачок с Верандой;Лофт, бар, зал;+7(915)1232614;N/A;https://www.loft2rent.ru/loft/136212/136216/
Chill Out Loft Молодежная 26;Лофт;89039328089;https://www.loft2rent.ru/loft/86655/;https://www.loft2rent.ru/loft/86655/86804/
CHINA-LOFT;Лофт, зал, конференц-зал;89689206172;N/A;https://www.loft2rent.ru/loft/120074/120180/
Chorse Lounge 1905 / Чорс;Ресторан, бар, клуб, кальянная;89680494444;https://www.loft2rent.ru/loft/72107/;https://www.loft2rent.ru/loft/72107/72126/
Chorse Lounge Лихаборы;Ресторан, бар, игровой зал, кальянная;+79266764076;https://www.loft2rent.ru/loft/72107/;https://www.loft2rent.ru/loft/72107/119996/
Cin cinCIN CIN;Лофт, крыша, конференц-зал;;N/A;https://www.loft2rent.ru/loft/190858/190863/
CINDY;Лофт, зал;+7 (495) 120-19-05;https://www.loft2rent.ru/loft/5338/;https://www.loft2rent.ru/loft/5338/29288/
CinemarentCinemarenx;;8 (499) 490-23-25;N/A;https://www.loft2rent.ru/loft/198355/198364/
CityRentAmour - Апартаменты с ванной у панорамы;Кабинет, аппартаменты;+79206100062;N/A;https://www.loft2rent.ru/loft/204785/204788/
CityRentBrio - Апртаменты в Москва сити с видом на башни;Аппартаменты;+79206100062;N/A;https://www.loft2rent.ru/loft/204785/204833/
CityRentHorizon - Апартаменты в Москва сити;Аппартаменты;+79206100062;N/A;https://www.loft2rent.ru/loft/204785/204817/
CityRentLux - новые апартаменты в Москва сити;Аппартаменты;+79206100062;N/A;https://www.loft2rent.ru/loft/204785/204823/
CityRentMirage - Апртаменты в сити с видом на башни;Аппартаменты;+79206100062;N/A;https://www.loft2rent.ru/loft/204785/204815/
CityRentPanorama - Апртаменты в Москва сити;Аппартаменты;+79206100062;N/A;https://www.loft2rent.ru/loft/204785/204811/
CityRentSkyWord - уютные апартаменты в Москва сити;Аппартаменты;+79206100062;N/A;https://www.loft2rent.ru/loft/204785/204825/
CityRentSummit - Двухкомнатный апартамент в Москва сити;Аппартаменты;+79206100062;N/A;https://www.loft2rent.ru/loft/204785/204827/
CityRentVertex - уют в Москва сити;Аппартаменты;+79206100062;N/A;https://www.loft2rent.ru/loft/204785/204831/
CityRentVertigo - Апартаменты с 5-ти метровыми потолками;Аппартаменты;+79206100062;N/A;https://www.loft2rent.ru/loft/204785/204821/
CityRentАпартаменты в Москва сити;Аппартаменты;;N/A;https://www.loft2rent.ru/loft/204785/205852/
CleverLoft - Веранда в лофт-квартале на Тульской;Веранда в лофт-квартале на Тульской - Крыша, на открытом воздухе, веранда;+7 (495) 278-02-30;https://www.loft2rent.ru/loft/70621/;https://www.loft2rent.ru/loft/70621/78921/
CleverLoft CLASSIC - Светлый лофт с верандой на Тульской;Светлый лофт с верандой на Тульской - Лофт, зал, веранда;+7 (495) 278-02-30;https://www.loft2rent.ru/loft/70621/;https://www.loft2rent.ru/loft/70621/70651/
CleverLoft ECO - Уютный лофт с верандой на Тульской;Уютный лофт с верандой на Тульской - Лофт, зал;+7 (495) 278-02-30;https://www.loft2rent.ru/loft/70621/;https://www.loft2rent.ru/loft/70621/70627/
CLIOЛофт для камерных мероприятий;Лофт;8 (980) 120-29-55;N/A;https://www.loft2rent.ru/loft/208250/208252/
Cloud Nine;Лофт, крыша, учебный зал, веранда;+79151824417;https://www.loft2rent.ru/loft/9938/;https://www.loft2rent.ru/loft/9938/9940/
Cloud — светлый лофт с караоке и подвесным креслом, 8 минут от метро;Лофт, бар, ночной клуб;+7 958 578 23 62;https://www.loft2rent.ru/loft/loftaviator/;https://www.loft2rent.ru/loft/3593/74071/
Cocoon;Детский центр, фотостудия;+79262286999;N/A;https://www.loft2rent.ru/loft/191812/191814/
CODE08 - Двухуровневый лофт с панорамными окнами, высокими потолками и мангальной зоной;Двухуровневый лофт с панорамными окнами, высокими потолками и мангальной зоной - Лофт;+79253166501;https://www.loft2rent.ru/loft/184817/;https://www.loft2rent.ru/loft/184817/209249/
COiN EVENT HALL;Ресторан, бар, зал, конференц-зал;+79265297099;N/A;https://www.loft2rent.ru/loft/28562/28566/
COM.NATA на Петроградской;Банкетный зал, лофт, зал, концертный зал;+78122408585;https://www.loft2rent.ru/loft/144088/;https://www.loft2rent.ru/loft/144088/144103/
Compressor / КомпрессорКомпрессор лофт;Лофт, веранда;+7 926-285-19-41;N/A;https://www.loft2rent.ru/loft/10172/102526/
Confidential Confidential;Детский центр, фотостудия;;N/A;https://www.loft2rent.ru/loft/174441/174444/
Connect;Банкетный зал;74991113733;N/A;https://www.loft2rent.ru/loft/193410/193412/
CONTRABANDA;Лофт, на открытом воздухе, веранда;+7 495 120-19-05;https://www.loft2rent.ru/loft/5338/;https://www.loft2rent.ru/loft/5338/28975/
Cool'n'Art;Учебный зал, кулинарная студия;+7 921 778-00-46;https://www.loft2rent.ru/loft/174472/;https://www.loft2rent.ru/loft/174472/174622/
Cooper Residence;Лофт, особняк;89856981800;https://www.loft2rent.ru/loft/113410/;https://www.loft2rent.ru/loft/113410/113870/
Cooper Space MINI;Лофт, учебный зал;89856981800;https://www.loft2rent.ru/loft/113410/;https://www.loft2rent.ru/loft/113410/113734/
Cooрer space 17;Коворкинг, лофт, галерея;89853489939;N/A;https://www.loft2rent.ru/loft/111136/111142/
Cosa Nostra GroupВип-комната на ст.м Нарвская;Лофт;89119266010;N/A;https://www.loft2rent.ru/loft/98210/98278/
Cosa Nostra GroupЛофт на ст.м Кировский завод;Лофт, кальянная;89119266010;N/A;https://www.loft2rent.ru/loft/98210/98212/
Cosa Nostra GroupЛофт на ст.м Нарвская;Лофт;89119266010;N/A;https://www.loft2rent.ru/loft/98210/122037/
"Coworking Moscow BigWig""Room 1""";Кабинет, коворкинг, переговорная;+7 977 518-72-66;N/A;https://www.loft2rent.ru/loft/61416/61434/
"Coworking Moscow BigWig""Room 2""";Кабинет, коворкинг, переговорная;+7 977 518-72-66;N/A;https://www.loft2rent.ru/loft/61416/61442/
"Coworking Moscow BigWig""Room 3""";Кабинет, коворкинг, переговорная;+7 977 518-72-66;N/A;https://www.loft2rent.ru/loft/61416/61446/
"Coworking Moscow BigWig""Room 4""";Кабинет, учебный зал, переговорная;+7 977 518-72-66;N/A;https://www.loft2rent.ru/loft/61416/61450/
"Coworking Moscow BigWig""Room 5""";Кабинет, учебный зал, переговорная;+7 977 518-72-66;N/A;https://www.loft2rent.ru/loft/61416/61454/
"Coworking Moscow BigWig""Room 6""";Кабинет, коворкинг, переговорная;+7 977 518-72-66;N/A;https://www.loft2rent.ru/loft/61416/61458/
"Coworking Moscow BigWig""Room 7""";Коворкинг, учебный зал, переговорная;+7 977 518-72-66;N/A;https://www.loft2rent.ru/loft/61416/61467/
"Coworking Moscow BigWig""Room 8""";Кабинет, переговорная;+7 977 518-72-66;N/A;https://www.loft2rent.ru/loft/61416/61463/
Coworking Moscow BigWigRoom 10;Коворкинг, переговорная;+7 977 518-72-66;N/A;https://www.loft2rent.ru/loft/61416/128042/
Coworking Moscow BigWigRoom 9;Коворкинг, переговорная;+7 977 518-72-66;N/A;https://www.loft2rent.ru/loft/61416/128039/
Coworking Moscow BigWigАвстралия;Коворкинг, учебный зал, переговорная;+7(977) 518-72-66;N/A;https://www.loft2rent.ru/loft/61416/61491/
Coworking Moscow BigWigАргентина;Коворкинг, учебный зал, переговорная;+7(977) 518-72-66;N/A;https://www.loft2rent.ru/loft/61416/61495/
Coworking Moscow BigWigКанада;Кабинет, переговорная;+7(977) 518-72-66;N/A;https://www.loft2rent.ru/loft/61416/61499/
Coworking Moscow BigWigКитай;Коворкинг, переговорная;+7(977) 518-72-66;N/A;https://www.loft2rent.ru/loft/61416/61503/
Coworking Moscow BigWigМадагаскар;Коворкинг, переговорная;+7(977) 518-72-66;N/A;https://www.loft2rent.ru/loft/61416/61507/
Coworking Moscow BigWigМексика;Коворкинг, учебный зал, переговорная;+7(977) 518-72-66;N/A;https://www.loft2rent.ru/loft/61416/61511/
Coworking Moscow BigWigПеру;Коворкинг, учебный зал, переговорная;+7(977) 518-72-66;N/A;https://www.loft2rent.ru/loft/61416/61515/
Coworking Moscow BigWigШотландия;Коворкинг, учебный зал, переговорная;+7(977) 518-72-66;N/A;https://www.loft2rent.ru/loft/61416/61519/
Crazy Loft;Лофт, бар, ночной клуб;+79164400130;https://www.loft2rent.ru/loft/177908/;https://www.loft2rent.ru/loft/177908/177919/
Creative Art Space;Лофт, зал, концертный зал;9857897745;N/A;https://www.loft2rent.ru/loft/163499/163501/
Cucinarium;Кулинарная студия;89629480842;N/A;https://www.loft2rent.ru/loft/180775/180777/
Custom Loft;Банкетный зал, лофт, бар;+79936053121;https://www.loft2rent.ru/loft/30979/;https://www.loft2rent.ru/loft/30979/201897/
Cyberpunk loft с ПИЛОНОМ , караоке и PS 5 ! на Бауманской;Лофт;+7 (499) 302-53-72;https://www.loft2rent.ru/loft/66644/;https://www.loft2rent.ru/loft/66644/129410/
CтарБарПлощадка с караоке и кальяном;Лофт, бар, концертный зал;+7 (980) 463-70-54;N/A;https://www.loft2rent.ru/loft/185887/186031/
D13 Boutique & Restaurant;Зал, концертный зал;+79771789349;N/A;https://www.loft2rent.ru/loft/195075/195109/
Dacha restaurant;Банкетный зал, ресторан;8 (495) 191-28-88;N/A;https://www.loft2rent.ru/loft/188924/189002/
Dakota Loft;Зал;+7 (995) 626-65-65;https://www.loft2rent.ru/loft/134148/;https://www.loft2rent.ru/loft/134148/144705/
Dark;Фотостудия;+74951084290;https://www.loft2rent.ru/loft/153561/;https://www.loft2rent.ru/loft/153561/153574/
Deep - Клуб для праздников и мероприятий;Клуб для праздников и мероприятий - Бар, ночной клуб, концертный зал, кальянная;89255165332;https://www.loft2rent.ru/loft/172081/;https://www.loft2rent.ru/loft/172081/183892/
Deep Loft - лофт с подвалом для взрослых и верандой;лофт с подвалом для взрослых и верандой - Лофт;+7 (495)0080403;https://www.loft2rent.ru/loft/30985/;https://www.loft2rent.ru/loft/30985/125274/
Depo-Loft;Бар, зал, клуб;+79667566254;https://www.loft2rent.ru/loft/88534/;https://www.loft2rent.ru/loft/88534/110387/
Derzay Event & Loft;Банкетный зал, лофт, конференц-зал, клуб;+79112236646;N/A;https://www.loft2rent.ru/loft/184079/184081/
Diamond Loft - лофт с большими окнами и потрясающим дизайном;лофт с большими окнами и потрясающим дизайном  - Лофт, веранда;+7 (495)0080403;https://www.loft2rent.ru/loft/30985/;https://www.loft2rent.ru/loft/30985/123238/
Disco;Лофт, зал, антикафе;+7(812) 443-57-02;https://www.loft2rent.ru/loft/83744/;https://www.loft2rent.ru/loft/83744/83748/
DIY cafe;Лофт, переговорная;+7 903 510 5445;N/A;https://www.loft2rent.ru/loft/55515/55517/
Dizzy Loft в центре;Лофт, клуб;+79933450544;https://www.loft2rent.ru/loft/136868/;https://www.loft2rent.ru/loft/136868/149353/
Dj cafeParadise лофт с терассой и караоке;Бар, зал, игровой зал, концертный зал;89213531717;N/A;https://www.loft2rent.ru/loft/132298/163408/
Dom;Бар, зал, веранда, кальянная;89254224470;N/A;https://www.loft2rent.ru/loft/170544/170548/
DOM AVDEEVA;Лофт, спорт-зал, на открытом воздухе, веранда;+7 926 699 29 56;N/A;https://www.loft2rent.ru/loft/129251/129259/
Dom Siyai;Спорт-зал, фотостудия;89150022842;N/A;https://www.loft2rent.ru/loft/143676/143698/
Don't Sleep Loft Молодежная 26;Лофт;89039328089;https://www.loft2rent.ru/loft/86655/;https://www.loft2rent.ru/loft/86655/86802/
Double-space;Лофт, конференц-зал;;N/A;https://www.loft2rent.ru/loft/175722/175756/
Double-spaceДворец культур;Лофт, зал, конференц-зал;;N/A;https://www.loft2rent.ru/loft/175722/178979/
DRUNK PUNK BAR;Бар;8 (916) 637-46-59;N/A;https://www.loft2rent.ru/loft/176808/176811/
DRUNK PUNK BARНЕБЫЛИЦЫ;Лофт;;N/A;https://www.loft2rent.ru/loft/176808/205840/
Duty Free loft;Лофт;+7 (958) 521-27-15;https://www.loft2rent.ru/loft/144719/;https://www.loft2rent.ru/loft/144719/144745/
East Loft / Ист Лофт;Лофт;+7 981 778 9824;N/A;https://www.loft2rent.ru/loft/88115/88418/
Echo LoftТропики;Лофт, кальянная;+7 (901) 7487578;N/A;https://www.loft2rent.ru/loft/153404/155866/
Eclipse;Лофт, ночной клуб;+79250608713;https://www.loft2rent.ru/loft/208007/;https://www.loft2rent.ru/loft/208007/208010/
EcoLoft;Зал, на открытом воздухе;+7 (495) 776 37 01;N/A;https://www.loft2rent.ru/loft/54080/54085/
Encanto Studio;Лофт, фотостудия;89223949614;N/A;https://www.loft2rent.ru/loft/181208/181210/
EnjoyMe_studio (Арт пространство, мастерская);Коворкинг, фотостудия;+79124518733;https://www.loft2rent.ru/loft/142043/;https://www.loft2rent.ru/loft/142043/190146/
EnjoyMe_studio (Лофт рояль, бильярд);Лофт, зал, фотостудия;+79124518733;https://www.loft2rent.ru/loft/142043/;https://www.loft2rent.ru/loft/142043/142045/
EsterumEsterum;Бар;+7 (969) 130-13-12;N/A;https://www.loft2rent.ru/loft/187739/187741/
ESTETIKA - уютный лофт с окнами. Включено - караоке, светомузыка, мебель.  Подарок при бронировании;уютный лофт с окнами. Включено - караоке, светомузыка, мебель.  Подарок при бронировании - Лофт, зал, учебный зал;+79099060421;https://www.loft2rent.ru/loft/41462/;https://www.loft2rent.ru/loft/41462/84088/
Event Space;;89274190718;N/A;https://www.loft2rent.ru/loft/148024/148275/
Event-port Южный;Бар, зал, конференц-зал;8 977 325 78 50;N/A;https://www.loft2rent.ru/loft/169356/169479/
Event-парк «Берег Желаний»Камерный зал с панорамными окнами на берегу Истры;Ресторан, конференц-зал;+7 (499) 653-82-33;N/A;https://www.loft2rent.ru/loft/192952/192954/
Event-парк «Берег Желаний»Летний зал с открытой кухней и баром;Банкетный зал, ресторан, зал, веранда;+7 (499) 653-82-33;N/A;https://www.loft2rent.ru/loft/192952/192999/
Event-парк «Берег Желаний»Летняя веранда на воде;На открытом воздухе;+7 (499) 653-82-33;N/A;https://www.loft2rent.ru/loft/192952/192966/
Event-парк «Берег Желаний»Панорамный зал с террасой;Банкетный зал, ресторан, зал, конференц-зал;+7 (499) 653-82-33;N/A;https://www.loft2rent.ru/loft/192952/192959/
"Event-пространство ""Пандора""Блэк рум";Зал;+7 (812) 602-51-81;N/A;https://www.loft2rent.ru/loft/134722/134731/
"Event-пространство ""Пандора""Бордо";Зал;+7 (812) 602-51-81;N/A;https://www.loft2rent.ru/loft/134722/134738/
"Event-пространство ""Пандора""Восток";Зал;+7 (812) 602-51-81;N/A;https://www.loft2rent.ru/loft/134722/134740/
"Event-пространство ""Пандора""Космос";Зал;+7 (812) 602-51-81;N/A;https://www.loft2rent.ru/loft/134722/134725/
"Event-пространство ""Пандора""Морская симфония";Зал;+7 (812) 602-51-81;N/A;https://www.loft2rent.ru/loft/134722/134727/
"Event-пространство ""Пандора""Небесный";Зал;+7 (812) 602-51-81;N/A;https://www.loft2rent.ru/loft/134722/134734/
"Event-пространство ""Пандора""Сказка";Зал;+7 (812) 602-51-81;N/A;https://www.loft2rent.ru/loft/134722/134736/
"Event-пространство ""Пандора""Этно";Зал;+7 (812) 602-51-81;N/A;https://www.loft2rent.ru/loft/134722/134729/
"Eventner""Сад"" Горки-10";Отель;4993023693;N/A;https://www.loft2rent.ru/loft/169837/170436/
EventnerLoft;Отель;+74991101369;N/A;https://www.loft2rent.ru/loft/169837/172882/
EventnerPlay Room;Веранда;+74991101369;N/A;https://www.loft2rent.ru/loft/169837/172850/
EventnerWhite Hall;Отель;4993023693;N/A;https://www.loft2rent.ru/loft/169837/169954/
EventnerВремена года;Отель;+74991101369;N/A;https://www.loft2rent.ru/loft/169837/172839/
EventnerГалерея;Отель;84993023693;N/A;https://www.loft2rent.ru/loft/169837/169848/
EventnerЗеркальный;Ресторан;4993023693;N/A;https://www.loft2rent.ru/loft/169837/169859/
EventnerИмператор;Отель, шатер;84993023693;N/A;https://www.loft2rent.ru/loft/169837/169975/
EventnerИмперия;Отель;4993023693;N/A;https://www.loft2rent.ru/loft/169837/170454/
"EventnerКонференц-Зал ""Аудитория""";Отель, конференц-зал;4993023693;N/A;https://www.loft2rent.ru/loft/169837/169901/
"EventnerЛетняя веранда ""Нани""";Отель, шатер, веранда;4993023693;N/A;https://www.loft2rent.ru/loft/169837/169993/
EventnerМанки;Отель, ресторан;+74991101369;N/A;https://www.loft2rent.ru/loft/169837/172826/
EventnerНаполеон;Отель;+74991101369;N/A;https://www.loft2rent.ru/loft/169837/172832/
EventnerНебо;Отель;84993023693;N/A;https://www.loft2rent.ru/loft/169837/170456/
EventnerРотонда для выездной регистрации;Отель;84993023693;N/A;https://www.loft2rent.ru/loft/169837/169969/
EventnerСуриков Холл;Отель;84993023693;N/A;https://www.loft2rent.ru/loft/169837/169910/
EventnerФлоренция;Отель, конференц-зал;4993023693;N/A;https://www.loft2rent.ru/loft/169837/169892/
EventnerФорум;Отель;+74991101369;N/A;https://www.loft2rent.ru/loft/169837/172836/
"EventnerШатёр ""Картмазовские пруды""";Отель, шатер;84993023693;N/A;https://www.loft2rent.ru/loft/169837/169984/
EventnerЭлеон;Отель;84993023693;N/A;https://www.loft2rent.ru/loft/169837/170461/
EventyOn / Лофт в сердце столицыЛофт / 1 этаж;Лофт, кулинарная студия;+7 (495) 215-20-52;N/A;https://www.loft2rent.ru/loft/87017/87038/
EventyOn / Лофт в сердце столицыЛофт / 2 этаж;Бар;+7 (495) 215-20-52;N/A;https://www.loft2rent.ru/loft/87017/87039/
Everest Siberia;Банкетный зал, лофт, ресторан;89032143774;https://www.loft2rent.ru/loft/208085/;https://www.loft2rent.ru/loft/208085/208707/
EveryBody FitnessEveryBody Малый зал;Зал;89661742445;N/A;https://www.loft2rent.ru/loft/28916/28945/
EveryBody FitnessEveybody Большой зал;Спорт-зал;89661742445;N/A;https://www.loft2rent.ru/loft/28916/28952/
EVGMANDARIN;Ресторан, зал;;N/A;https://www.loft2rent.ru/loft/32734/163607/
EVGPark Baku;Банкетный зал, ресторан, бар;89657474123;N/A;https://www.loft2rent.ru/loft/32734/69327/
Exit Loft - лофт в центре Москвы с верандой на крыше;лофт в центре Москвы с верандой на крыше - Лофт, зал, крыша, ночной клуб;+74998881829;https://www.loft2rent.ru/loft/1821/;https://www.loft2rent.ru/loft/1821/1833/
Extatic loftТематический дизайнерский двухуровневый бар лофт в стиле Стимпанк!;Лофт, бар, ночной клуб, антикафе;89099422325;N/A;https://www.loft2rent.ru/loft/114826/114828/
Eyes ( Айз) лофт;Лофт, переговорная;+79296448663;https://www.loft2rent.ru/loft/57063/;https://www.loft2rent.ru/loft/57063/122439/
Family LOFT;Банкетный зал, лофт, игровой зал;+79013551562;https://babyspace.loft;https://www.loft2rent.ru/loft/58317/191835/
Family LoftКубовая,86/1;Лофт;+7 (913) 756-96-72;N/A;https://www.loft2rent.ru/loft/83369/83375/
Fara Loft;Апартаменты, лофт, кулинарная студия;+79684200044;N/A;https://www.loft2rent.ru/loft/4607/26826/
Fara Place;Лофт, ночной клуб, фотостудия;+79684200044;https://www.loft2rent.ru/loft/4607/;https://www.loft2rent.ru/loft/4607/33385/
femine space, Алексеевская;Лофт, зал, антикафе;89267321372;https://www.loft2rent.ru/loft/185659/;https://www.loft2rent.ru/loft/185659/185661/
FerdinandGroupBasement Hall;Ресторан, конференц-зал, концертный зал, кальянная;+79117508085;N/A;https://www.loft2rent.ru/loft/87910/87915/
FerdinandGroupFerdinand Prime;Лофт, бар, зал;+79117508085;N/A;https://www.loft2rent.ru/loft/87910/88227/
Fermento;Ресторан, бар, зал;89152814808;N/A;https://www.loft2rent.ru/loft/189156/189158/
Flame&GoFamous;Детский центр, клуб;+79699008135;N/A;https://www.loft2rent.ru/loft/89494/89515/
Flame&GoFoto-Music;Фотостудия, учебный зал;+79699008135;N/A;https://www.loft2rent.ru/loft/89494/89524/
Flame&GoFriends;Зал, учебный зал;+79699008135;N/A;https://www.loft2rent.ru/loft/89494/89520/
Flava Event Dom;Зал, особняк, концертный зал, веранда;+ 7 (495) 255-70-60;N/A;https://www.loft2rent.ru/loft/85397/85399/
Flava Event Sochi;Ресторан, бар, пляж, на открытом воздухе;+74952557050;N/A;https://www.loft2rent.ru/loft/184145/184259/
FLOW — светлый лофт с фотозоной в ЦАО, 8 минут от метро;Лофт, бар, зал;+7 958 578 23 62;https://www.loft2rent.ru/loft/loftaviator/;https://www.loft2rent.ru/loft/3593/177684/
Flower_art_bar;Антикафе;+79037264442;N/A;https://www.loft2rent.ru/loft/68829/68832/
FLUFFY — мягкий лофт с караоке в ЦАО, 7 минут от метро;Лофт, зал, ночной клуб;+7 958 578 23 62;https://www.loft2rent.ru/loft/loftaviator/;https://www.loft2rent.ru/loft/3593/121238/
Foresta FestivalЗал «Emerald Hall»;Банкетный зал, отель, ресторан;+7(495)1839744;N/A;https://www.loft2rent.ru/loft/206526/207142/
Foresta FestivalЗал «Мансарда»;Отель;+7(495)1839744;N/A;https://www.loft2rent.ru/loft/206526/208310/
Foresta FestivalЗал «Прага»;Отель;+7(495)1839744;N/A;https://www.loft2rent.ru/loft/206526/207148/
Foresta FestivalРесторан «Марко Поло»;Отель;+7(495)1839744;N/A;https://www.loft2rent.ru/loft/206526/208478/
"Foresta FestivalШатер ""Парус""";Отель;+7(495)1839744;N/A;https://www.loft2rent.ru/loft/206526/208323/
"Foresta FestivalШатер ""Фестиваль""";Отель, шатер, на открытом воздухе;+7(495)1839744;N/A;https://www.loft2rent.ru/loft/206526/208324/
Format loftФОРМАТ ЛОФТ;Лофт, зал, конференц-зал, фотостудия;89859993979;N/A;https://www.loft2rent.ru/loft/77263/77280/
Fox Rest;Ресторан, на открытом воздухе, веранда;+79268244318;https://www.loft2rent.ru/loft/179457/;https://www.loft2rent.ru/loft/179457/184310/
FRAME - стильная просторная площадка  со сценой  на Красном Октябре;стильная просторная площадка  со сценой  на Красном Октябре - Лофт, бар, ночной клуб;+79099060421;https://www.loft2rent.ru/loft/41462/;https://www.loft2rent.ru/loft/84536/115488/
Friends;Лофт;+7 812 606 70 20;https://www.loft2rent.ru/loft/169051/;https://www.loft2rent.ru/loft/169051/169055/
"Friends Hall ""ХАРИЗМА"" FHB №1";Лофт, зал, кальянная;+7 (495) 291-05-43;https://www.loft2rent.ru/loft/42514/;https://www.loft2rent.ru/loft/42514/42516/
"Friends Hall ""ХАРИЗМА"" FHB №10";Лофт, бар, зал;+7 (495) 291-05-43;https://www.loft2rent.ru/loft/42514/;https://www.loft2rent.ru/loft/42514/135674/
"Friends Hall ""ХАРИЗМА"" FHB №11 #по-братски";;+7 (495) 291-05-43;https://www.loft2rent.ru/loft/42514/;https://www.loft2rent.ru/loft/42514/198585/
"Friends Hall ""ХАРИЗМА"" FHB №2";Лофт, антикафе, кальянная;+7 (495) 291-05-43;https://www.loft2rent.ru/loft/42514/;https://www.loft2rent.ru/loft/42514/42523/
"Friends Hall ""ХАРИЗМА"" FHB №3";Бар;+7 (495) 291-05-43;https://www.loft2rent.ru/loft/42514/;https://www.loft2rent.ru/loft/42514/42521/
"Friends Hall ""ХАРИЗМА"" FHB №4";Лофт, антикафе, кальянная;+7 (495) 291-05-43;https://www.loft2rent.ru/loft/42514/;https://www.loft2rent.ru/loft/42514/42565/
"Friends Hall ""ХАРИЗМА"" FHB №5 VIP";Лофт, антикафе, кальянная;+7 (495) 291-05-43;https://www.loft2rent.ru/loft/42514/;https://www.loft2rent.ru/loft/42514/42570/
"Friends Hall ""ХАРИЗМА"" FHB №6";Лофт, антикафе, кальянная;+7 (495) 291-05-43;https://www.loft2rent.ru/loft/42514/;https://www.loft2rent.ru/loft/42514/42575/
"Friends Hall ""ХАРИЗМА"" FHB №7";Лофт, антикафе, кальянная;+7 (495) 291-05-43;https://www.loft2rent.ru/loft/42514/;https://www.loft2rent.ru/loft/42514/42580/
"Friends Hall ""ХАРИЗМА"" FHB №8";Лофт, зал, антикафе;+7 (495) 291-05-43;https://www.loft2rent.ru/loft/42514/;https://www.loft2rent.ru/loft/42514/135664/
"Friends Hall ""ХАРИЗМА"" FHB №9 #по-братски";Лофт, бар, кальянная;+7 (495) 291-05-43;https://www.loft2rent.ru/loft/42514/;https://www.loft2rent.ru/loft/42514/135669/
"Friends Hall ""ХАРИЗМА"" FHK №10";Лофт, антикафе;+7 (495) 291-05-43;https://www.loft2rent.ru/loft/42514/;https://www.loft2rent.ru/loft/42514/135660/
"Friends Hall ""ХАРИЗМА"" FHK №2";Лофт, антикафе;+7 (495) 291-05-43;https://www.loft2rent.ru/loft/42514/;https://www.loft2rent.ru/loft/42514/70067/
"Friends Hall ""ХАРИЗМА"" FHK №3";Лофт, антикафе, кальянная;+7 (495) 291-05-43;https://www.loft2rent.ru/loft/42514/;https://www.loft2rent.ru/loft/42514/70069/
"Friends Hall ""ХАРИЗМА"" FHK №4";Лофт, антикафе;+7 (495) 291-05-43;https://www.loft2rent.ru/loft/42514/;https://www.loft2rent.ru/loft/42514/70198/
"Friends Hall ""ХАРИЗМА"" FHK №5";Лофт, антикафе;+7 (495) 291-05-43;https://www.loft2rent.ru/loft/42514/;https://www.loft2rent.ru/loft/42514/70221/
"Friends Hall ""ХАРИЗМА"" FHK №6";Лофт, антикафе;+7 (495) 291-05-43;https://www.loft2rent.ru/loft/42514/;https://www.loft2rent.ru/loft/42514/70222/
"Friends Hall ""ХАРИЗМА"" FHK №7";Зал, антикафе;+7 (495) 291-05-43;https://www.loft2rent.ru/loft/42514/;https://www.loft2rent.ru/loft/42514/135642/
"Friends Hall ""ХАРИЗМА"" FHK №8";Лофт, кальянная;+7 (495) 291-05-43;https://www.loft2rent.ru/loft/42514/;https://www.loft2rent.ru/loft/42514/135646/
"Friends Hall ""ХАРИЗМА"" FHK №9";Лофт, зал, кальянная;+7 (495) 291-05-43;https://www.loft2rent.ru/loft/42514/;https://www.loft2rent.ru/loft/42514/135655/
"Friends Hall ""ХАРИЗМА"" FHL №1";;+7 (495) 291-05-43;https://www.loft2rent.ru/loft/42514/;https://www.loft2rent.ru/loft/42514/198587/
"Friends Hall ""ХАРИЗМА"" FHL №1 VIP";Лофт, антикафе;+7 (495) 291-05-43;https://www.loft2rent.ru/loft/42514/;https://www.loft2rent.ru/loft/42514/69839/
"Friends Hall ""ХАРИЗМА"" FHL №2";Лофт, бар, антикафе, кальянная;+7 (495) 291-05-43;https://www.loft2rent.ru/loft/42514/;https://www.loft2rent.ru/loft/42514/69939/
"Friends Hall ""ХАРИЗМА"" FHL №3";Лофт, бар, антикафе;+7 (495) 291-05-43;https://www.loft2rent.ru/loft/42514/;https://www.loft2rent.ru/loft/42514/69941/
"Friends Hall ""ХАРИЗМА"" FHL №4";Лофт, бар, антикафе;+7 (495) 291-05-43;https://www.loft2rent.ru/loft/42514/;https://www.loft2rent.ru/loft/42514/69956/
"Friends Hall ""ХАРИЗМА"" FHL №5";Лофт, бар, антикафе;+7 (495) 291-05-43;https://www.loft2rent.ru/loft/42514/;https://www.loft2rent.ru/loft/42514/70050/
"Friends Hall ""ХАРИЗМА"" FHL №6";Лофт, бар, антикафе;+7 (495) 291-05-43;https://www.loft2rent.ru/loft/42514/;https://www.loft2rent.ru/loft/42514/70051/
"Friends Hall ""ХАРИЗМА"" FHN №1";Бар, кальянная;+74952910543;https://www.loft2rent.ru/loft/42514/;https://www.loft2rent.ru/loft/42514/137795/
"Friends Hall ""ХАРИЗМА"" FHN №2";Лофт, бар, кальянная;+74952910543;https://www.loft2rent.ru/loft/42514/;https://www.loft2rent.ru/loft/42514/137801/
"Friends Hall ""ХАРИЗМА"" FHN №3";Лофт, кальянная;+74952910543;https://www.loft2rent.ru/loft/42514/;https://www.loft2rent.ru/loft/42514/137809/
"Friends Hall ""ХАРИЗМА"" FHN №4";Лофт;+74952910543;https://www.loft2rent.ru/loft/42514/;https://www.loft2rent.ru/loft/42514/137818/
"Friends Hall ""ХАРИЗМА"" FHN №5";Лофт, бар;+74952910543;https://www.loft2rent.ru/loft/42514/;https://www.loft2rent.ru/loft/42514/137824/
"Friends Hall ""ХАРИЗМА"" FHN №6";Лофт, бар;+74952910543;https://www.loft2rent.ru/loft/42514/;https://www.loft2rent.ru/loft/42514/137828/
"Friends Hall ""ХАРИЗМА"" FHN №7";Лофт, бар;+74952910543;https://www.loft2rent.ru/loft/42514/;https://www.loft2rent.ru/loft/42514/137832/
"Friends Hall ""ХАРИЗМА"" FHN №8";Лофт, бар;+74952910543;https://www.loft2rent.ru/loft/42514/;https://www.loft2rent.ru/loft/42514/137836/
"Friends Hall ""ХАРИЗМА"" FHS №1 VIP";Лофт, бар;+7 (495) 291-05-43;https://www.loft2rent.ru/loft/42514/;https://www.loft2rent.ru/loft/42514/136632/
"Friends Hall ""ХАРИЗМА"" FHS №2 VIP";Лофт, бар;+7 (495) 291-05-43;https://www.loft2rent.ru/loft/42514/;https://www.loft2rent.ru/loft/42514/136636/
"Friends Hall ""ХАРИЗМА"" FHS №3 VIP";Лофт, бар;+7 (495) 291-05-43;https://www.loft2rent.ru/loft/42514/;https://www.loft2rent.ru/loft/42514/136640/
"Friends Hall ""ХАРИЗМА"" FHS №4";Лофт, зал, кальянная;+7 (495) 291-05-43;https://www.loft2rent.ru/loft/42514/;https://www.loft2rent.ru/loft/42514/136645/
"Friends Hall ""ХАРИЗМА"" FHS №5 VIP";Лофт, бар, зал;+7 (495) 291-05-43;https://www.loft2rent.ru/loft/42514/;https://www.loft2rent.ru/loft/42514/136650/
"Friends Hall ""ХАРИЗМА"" FHS №6 VIP";Лофт, бар, зал;+7 (495) 291-05-43;https://www.loft2rent.ru/loft/42514/;https://www.loft2rent.ru/loft/42514/136654/
"Friends Hall ""ХАРИЗМА"" FHS №7 VIP";Лофт, бар, кальянная;+7 (495) 291-05-43;https://www.loft2rent.ru/loft/42514/;https://www.loft2rent.ru/loft/42514/136658/
"Friends Hall ""ХАРИЗМА"" FHS №8 #по-братски";Лофт, бар, кальянная;+7 (495) 291-05-43;https://www.loft2rent.ru/loft/42514/;https://www.loft2rent.ru/loft/42514/136662/
"Friends Hall ""ХАРИЗМА"" FHS №9";Лофт, бар, зал;+7 (495) 291-05-43;https://www.loft2rent.ru/loft/42514/;https://www.loft2rent.ru/loft/42514/136667/
Fun Loft;Банкетный зал, лофт, зал;89265109120;N/A;https://www.loft2rent.ru/loft/114875/114937/
G Gallery;Галерея;+7 903 303-99-96;N/A;https://www.loft2rent.ru/loft/107726/107728/
GALLERY LOFT: ДВУХЭТАЖНЫЙ ЛОФТ КАРАОКЕ И PS 4 !;Лофт, клуб;+7 (495) 183-94-32;https://www.loft2rent.ru/loft/66644/;https://www.loft2rent.ru/loft/66644/45996/
Gamma More;Лофт, бар, антикафе;89030127713;N/A;https://www.loft2rent.ru/loft/186077/186409/
Garage loftGarage;Бар;+7 936 777 96 77 (WA);N/A;https://www.loft2rent.ru/loft/129442/130392/
Garage lounge / Гараж лаундж;Лофт;+7 (903) 282-97-09;N/A;https://www.loft2rent.ru/loft/162329/162335/
GazLoft;Лофт, бар, кальянная;+7 (995) 626-65-65;https://www.loft2rent.ru/loft/134148/;https://www.loft2rent.ru/loft/126318/126616/
Get LoftКухня;Кулинарная студия;+7-916-496-11-91;N/A;https://www.loft2rent.ru/loft/44815/63581/
GG Loft;Лофт, переговорная;89773124327;N/A;https://www.loft2rent.ru/loft/176572/176589/
GG LoftGG loft;Лофт;+7 (495) 677-93-54;N/A;https://www.loft2rent.ru/loft/206364/206371/
GIVprostranstvoGIVprostranstvo;Коворкинг, аппартаменты;89039570630;N/A;https://www.loft2rent.ru/loft/178781/178783/
Go Golf;Лофт, зал, конференц-зал;8 911 000 3606;N/A;https://www.loft2rent.ru/loft/171553/171555/
GOELROTESLA HALL;Банкетный зал, лофт, конференц-зал;;N/A;https://www.loft2rent.ru/loft/191569/199234/
GOLD;Лофт, зал, антикафе;+7 (495) 478-06-38;https://www.loft2rent.ru/loft/109926/;https://www.loft2rent.ru/loft/109926/110008/
Gold&HallGold&Hall BLACKOUT;Лофт, зал;+79255293977;N/A;https://www.loft2rent.ru/loft/111283/111293/
Gold&HallGold&Hall KutuZovsky;Лофт, зал, конференц-зал;+79255293977;N/A;https://www.loft2rent.ru/loft/111283/111285/
Gold&HallGold&Hall VOGUE;Лофт, конференц-зал;+79255293977;N/A;https://www.loft2rent.ru/loft/111283/111303/
Gold&HallPROMENADE HALL;Лофт, зал;89255293977;N/A;https://www.loft2rent.ru/loft/111283/128514/
Golden Garden;Отель, ресторан, зал, конференц-зал;+79020481818;N/A;https://www.loft2rent.ru/loft/140612/190907/
Golden GardenCalumbusrusotel;Отель, ресторан, зал, ночной клуб;+79020481818;N/A;https://www.loft2rent.ru/loft/140612/140615/
Golden GardenIstra garden;Банкетный зал;+79020481818;N/A;https://www.loft2rent.ru/loft/140612/200174/
Golden GardenСветлый;Банкетный зал, отель, ресторан, конференц-зал;+79020481818;N/A;https://www.loft2rent.ru/loft/140612/192117/
GOLDY Ролевой ЛофтАниме-пространство;Лофт;+7 (913) 777-37-50;N/A;https://www.loft2rent.ru/loft/140289/140344/
GOLDY Ролевой ЛофтБизнес-Джет;Лофт;+7 (913) 777-37-50;N/A;https://www.loft2rent.ru/loft/140289/140338/
GOLDY Ролевой ЛофтКинотеатр;Лофт;+7 (913) 777-37-50;N/A;https://www.loft2rent.ru/loft/140289/140342/
GOLDY Ролевой ЛофтПримерочная;Лофт;+7 (913) 777-37-50;N/A;https://www.loft2rent.ru/loft/140289/140346/
GOLDY Ролевой ЛофтСеновал;Лофт;+7 (913) 777-37-50;N/A;https://www.loft2rent.ru/loft/140289/140340/
Good girl : лофт с барной стойкой из розового меха, с караоке и PS 4 !!;Лофт;+7 (499) 302-16-19;https://www.loft2rent.ru/loft/66644/;https://www.loft2rent.ru/loft/66644/117386/
GPStudioБелый зал GPStudio на Бауманской / Белый зал. ГПСстудия на Бауманской;Лофт, зал;+7 (495) 7920004;N/A;https://www.loft2rent.ru/loft/35190/35200/
GPStudioБольшой зал GPStudio на Бауманской / Большой зал. ГПСстудия на Бауманской;Зал;+7 (495) 7920004;N/A;https://www.loft2rent.ru/loft/35190/35223/
GPStudioБордо зал GPStudio на Бауманской / Бордовый зал. ГПСстудия на Бауманской;Зал;+7 (495) 7920004;N/A;https://www.loft2rent.ru/loft/35190/196574/
GPStudioРыжий зал GPStudio на Бауманской / Рыжий зал. ГПСстудия на Бауманской;Зал, спорт-зал;+7 (495) 7920004;N/A;https://www.loft2rent.ru/loft/35190/35218/
GPStudioЧерный зал GPStudio на Бауманской / Черный зал. ГПСстудия на Бауманской;Зал;+7 (495) 7920004;N/A;https://www.loft2rent.ru/loft/35190/35209/
GRACE;Лофт, зал, конференц-зал, веранда;+7 495 120-19-05;https://www.loft2rent.ru/loft/5338/;https://www.loft2rent.ru/loft/5338/29212/
GRAND HALL;Лофт;+7 (495) 032-36-35;https://www.loft2rent.ru/loft/1926/;https://www.loft2rent.ru/loft/1926/189528/
Grand Sky 2Grand Sky 1;Аппартаменты;89258691580;N/A;https://www.loft2rent.ru/loft/175214/175226/
Grand Sky 2High Point Residence 1;Аппартаменты;89258691580;N/A;https://www.loft2rent.ru/loft/175214/175228/
Grand Sky 2The Eagle's Nest 1;Аппартаменты;89258691580;N/A;https://www.loft2rent.ru/loft/175214/175234/
GRAPE LOFT;Лофт, ночной клуб;+79939054093;N/A;https://www.loft2rent.ru/loft/41186/41190/
Graphite | Графит Двухуровневый Лофт;Лофт, конференц-зал;+79939054093;https://www.loft2rent.ru/loft/41186/;https://www.loft2rent.ru/loft/41186/115634/
Green House;Лофт, ночной клуб, клуб;+79164400130;https://www.loft2rent.ru/loft/177908/;https://www.loft2rent.ru/loft/177908/177910/
Green Loft;Лофт, учебный зал, переговорная;+79150883390;https://www.loft2rent.ru/loft/48959/;https://www.loft2rent.ru/loft/48959/50216/
Green Loft;Банкетный зал, конференц-зал;+7 (969) 118 82 22;N/A;https://www.loft2rent.ru/loft/85691/85704/
Green&White - Стильный лофт на Арбате с отдельной игровой комнатой;Стильный лофт на Арбате с отдельной игровой комнатой  - Лофт, игровой зал, конференц-зал;89031292578;https://www.loft2rent.ru/loft/167313/;https://www.loft2rent.ru/loft/167313/171670/
Green&White Loft;Банкетный зал, лофт, конференц-зал;+79152876213;https://www.loft2rent.ru/loft/121243/;https://www.loft2rent.ru/loft/121243/191191/
GreenHouse площадка для свадьбы;Лофт, веранда;+79585410041;https://www.loft2rent.ru/loft/97591/;https://www.loft2rent.ru/loft/97591/131626/
Grey Loft;Лофт, учебный зал, переговорная;+79150883390;https://www.loft2rent.ru/loft/48959/;https://www.loft2rent.ru/loft/48959/48961/
GreyGreen Event Space;Бар, зал, концертный зал;8 (499) 116 34 31;https://www.loft2rent.ru/loft/spaceandplace/;https://www.loft2rent.ru/loft/1230/27881/
Grill GradБанкетные домики;Ресторан, зал;89850088000;N/A;https://www.loft2rent.ru/loft/89500/89504/
GrillvetStudio;Лофт, кулинарная студия;+79264959922;N/A;https://www.loft2rent.ru/loft/209150/209166/
GrotteGrotte;Лофт;+79636224791;N/A;https://www.loft2rent.ru/loft/162534/163118/
GS Racing;Лофт, зал;+79256566767;N/A;https://www.loft2rent.ru/loft/95467/95532/
H4U - Аренда залов и кабинетовЗал на Тверской / Пушкинской (П-602);Конференц-зал, переговорная;+79150624544;N/A;https://www.loft2rent.ru/loft/69466/117328/
Hall of senses;Банкетный зал, отель, конференц-зал;+7(926) 993-21-00;N/A;https://www.loft2rent.ru/loft/154114/154116/
HANDБольшой зал;Коворкинг, бар, зал;79267777108;N/A;https://www.loft2rent.ru/loft/108735/108739/
HANDВип зал;Зал, спорт-зал;79267777108;N/A;https://www.loft2rent.ru/loft/108735/168408/
HANDВсе пространство;Коворкинг, спорт-зал, учебный зал;79267777108;N/A;https://www.loft2rent.ru/loft/108735/168434/
HANDКоворкинг;Коворкинг, переговорная;79267777108;N/A;https://www.loft2rent.ru/loft/108735/168411/
HANDСредний зал;Зал;79267777108;N/A;https://www.loft2rent.ru/loft/108735/168406/
HARRISON HALL;Лофт, зал, конференц-зал, концертный зал;8 (812) 317-12-20;https://www.loft2rent.ru/loft/5338/;https://www.loft2rent.ru/loft/5338/111998/
HEARTSIDE HALL;Лофт, зал;8 (812) 317-12-20;https://www.loft2rent.ru/loft/5338/;https://www.loft2rent.ru/loft/5338/112058/
Helios;Конференц-зал, учебный зал;+7 928 157-52-47;N/A;https://www.loft2rent.ru/loft/174101/174130/
HeliosХелиус;Конференц-зал, учебный зал;+79281761202;N/A;https://www.loft2rent.ru/loft/174101/175561/
Hide;Зал, крыша, особняк;+7 920 074-49-58;N/A;https://www.loft2rent.ru/loft/105797/105801/
High Ground Основной Зал;Лофт, ресторан, бар, кальянная;8-977-333-22-18;https://www.loft2rent.ru/loft/62564/;https://www.loft2rent.ru/loft/62564/62566/
HistoriaHistoria Event;;+7 901 389-88-98;N/A;https://www.loft2rent.ru/loft/198444/198451/
Hit MeetHIT & MEET, event loft;Конференц-зал;+79130083858;N/A;https://www.loft2rent.ru/loft/143726/143736/
hobbit's house / Хоббит хаус;Лофт, игровой зал, кальянная;+79993492320;https://www.loft2rent.ru/loft/39383/;https://www.loft2rent.ru/loft/39383/78286/
Home Alone Loft Новосибирск Галущака 4;Лофт;89039328089;https://www.loft2rent.ru/loft/86655/;https://www.loft2rent.ru/loft/86655/86708/
Honey;Лофт;+79055733733;https://www.loft2rent.ru/loft/97743/;https://www.loft2rent.ru/loft/97743/41384/
HOOKAH - камерный лофт на Арбате;камерный лофт на Арбате  - Коворкинг, лофт, переговорная;+7 958 578 23 62;https://www.loft2rent.ru/loft/loftaviator/;https://www.loft2rent.ru/loft/3593/203557/
HOOKAH ARBAT - лофт на Арбате с грилем, верандой и комнатой для караоке и PS;лофт на Арбате с грилем, верандой и комнатой для караоке и PS  - Лофт, конференц-зал, кальянная;+7 918 475-12-99;https://www.loft2rent.ru/loft/loftaviator/;https://www.loft2rent.ru/loft/3593/210439/
HookahPlace LagoЛаунж-бар HookahPlace Lago;Ресторан;+7 (925) 564-56-75;N/A;https://www.loft2rent.ru/loft/163918/167405/
HOOKS;Лофт, зал;+7 495 120-19-05;https://www.loft2rent.ru/loft/5338/;https://www.loft2rent.ru/loft/5338/29266/
Horror UniverseRAGE;Квест;84993222880;N/A;https://www.loft2rent.ru/loft/74654/193602/
Horror UniverseАлькатрас;Фотостудия, квест;84993222880;N/A;https://www.loft2rent.ru/loft/74654/74934/
Horror UniverseПриют;Квест;84993222880;N/A;https://www.loft2rent.ru/loft/74654/195105/
Horse HouseESTATE LOFT;Лофт, фотостудия, кальянная;+79299069090;N/A;https://www.loft2rent.ru/loft/123075/157694/
Horse HouseЛофт пространство;Бар, зал, конференц-зал, фотостудия;+79299069090;N/A;https://www.loft2rent.ru/loft/123075/124286/
Hot Yellow;Лофт, фотостудия;;https://www.loft2rent.ru/loft/153561/;https://www.loft2rent.ru/loft/153561/153564/
Ibis kitchen;Ресторан;+7 (495) 660-53-53;https://www.loft2rent.ru/loft/200502/;https://www.loft2rent.ru/loft/200502/200793/
ICE караоке & club;;+74999646911;N/A;https://www.loft2rent.ru/loft/125492/125496/
ICE караоке & clubКараоке Pesnya Арбат;Бар, зал;+7 915 157 34 39;N/A;https://www.loft2rent.ru/loft/125492/149100/
Igloo Bar LoftAIR FLEX;Лофт, бар, зал, кальянная;+79673771883;N/A;https://www.loft2rent.ru/loft/197322/198857/
Igloo Bar LoftLETS GO;Лофт;+79673771883;N/A;https://www.loft2rent.ru/loft/197322/198862/
Igloo Bar LoftNEO;Лофт, кальянная;+79673771883;N/A;https://www.loft2rent.ru/loft/197322/206747/
Igloo Bar LoftTRX;Лофт, бар;+79673771883;N/A;https://www.loft2rent.ru/loft/197322/200045/
Igloo Bar LoftЛофт со сценой;Концертный зал;+79673771883;N/A;https://www.loft2rent.ru/loft/197322/198880/
Igloo Bar LoftСорель;;+79536380947;N/A;https://www.loft2rent.ru/loft/202864/202866/
Igloobar VIP беседка;Ресторан, крыша, на открытом воздухе, веранда;+7 4996819127;https://www.loft2rent.ru/loft/79750/;https://www.loft2rent.ru/loft/79750/103171/
Igloobar Бауманская;Ресторан, крыша, шатер, на открытом воздухе;+7 4996819127;https://www.loft2rent.ru/loft/79750/;https://www.loft2rent.ru/loft/79750/79753/
Igloobar для компании;Ресторан, крыша, шатер, на открытом воздухе;+7 4996819127;https://www.loft2rent.ru/loft/79750/;https://www.loft2rent.ru/loft/79750/107190/
Illuminator;Бар, ночной клуб, кальянная;+7 9168125563;N/A;https://www.loft2rent.ru/loft/178355/178357/
Imperia Sky Loft - Лофт с шикарным видом на Москву с 43 этажа;Лофт с шикарным видом на Москву с 43 этажа - Зал, конференц-зал;+7 (499) 938-55-01;https://www.loft2rent.ru/loft/70621/;https://www.loft2rent.ru/loft/70621/170510/
Impulse Space;Лофт;+7264420150;N/A;https://www.loft2rent.ru/loft/132331/132545/
Inflow PlaceЛофт Inflow, площадка для мастер-классов;Лофт;+79169866307;N/A;https://www.loft2rent.ru/loft/180904/180911/
INFLOWАренда залов INFLOW;Спорт-зал, переговорная;8 (908) 208-08-45;N/A;https://www.loft2rent.ru/loft/169935/169945/
InOut;Банкетный зал, ресторан, веранда;+7 499 113-99-76;N/A;https://www.loft2rent.ru/loft/208551/208560/
Interactive;Лофт, зал, галерея, игровой зал;+7 (351) 779-46-25;N/A;https://www.loft2rent.ru/loft/102618/102639/
IQBABYCLUBДетский лофт IQBABYCLUB;Лофт, игровой зал, детский центр;89258986594;N/A;https://www.loft2rent.ru/loft/130280/130287/
IRRI-LOFTEvent-project;Лофт, зал, концертный зал;89264037887;N/A;https://www.loft2rent.ru/loft/51150/51161/
IRRI-LOFTБизнес-gallery;Лофт, зал;89264037887;N/A;https://www.loft2rent.ru/loft/51150/51157/
Island Dance&AerialIsland Loft;Лофт, спорт-зал;+7 (495) 778-89-88;N/A;https://www.loft2rent.ru/loft/87302/87439/
Island loft;Лофт;+78122497575;https://www.loft2rent.ru/loft/74440/;https://www.loft2rent.ru/loft/74440/136566/
ITTEN HALL;Лофт, зал, веранда;+7 (495) 120-19-05;https://www.loft2rent.ru/loft/5338/;https://www.loft2rent.ru/loft/5338/29394/
IZI PLAYКиберклуб для турниров с экраном 5м;Игровой зал;+79653805500;N/A;https://www.loft2rent.ru/loft/181310/181312/
Jenavi Club;Зал;+79939872530;N/A;https://www.loft2rent.ru/loft/151762/151764/
JM LOFTАрт-Салон Теляковских (J&M LOFT);Лофт, конференц-зал, особняк, концертный зал;88123094060;N/A;https://www.loft2rent.ru/loft/101339/101342/
JM LOFTЗал Звуки Музыки;Зал, конференц-зал, учебный зал, особняк;88123094060;N/A;https://www.loft2rent.ru/loft/101339/142705/
JM LOFTЗал Мулен Руж;Зал;88123094060;N/A;https://www.loft2rent.ru/loft/101339/142716/
JM LOFTЗал Скрипач на крыше;Зал, особняк;88123094060;N/A;https://www.loft2rent.ru/loft/101339/142711/
JM LOFTЗал Чикаго;Зал;88123094060;N/A;https://www.loft2rent.ru/loft/101339/141974/
Jordan lounge;Бар, кальянная;89969402201;N/A;https://www.loft2rent.ru/loft/176564/176566/
JUNGLE — атмосферный зал с природным стилем и большой зоной для танцев;Лофт, антикафе;+7 (903) 195-93-49;https://www.loft2rent.ru/loft/151727/;https://www.loft2rent.ru/loft/151727/202625/
K - Club;Зал;89060310683;N/A;https://www.loft2rent.ru/loft/167261/167266/
Kahovka loft;Лофт, учебный зал;+79296448663;https://www.loft2rent.ru/loft/57063/;https://www.loft2rent.ru/loft/57063/154451/
Kalashny;Бар, кальянная;;N/A;https://www.loft2rent.ru/loft/131216/131233/
Kalkutta Lounge BarКалькутта Лаундж Бар;;89030136009;N/A;https://www.loft2rent.ru/loft/186025/186027/
Kapital Bar;Лофт, ресторан, бар, зал;+79111010009;N/A;https://www.loft2rent.ru/loft/97173/97247/
KapustaKapusta лофт;Коворкинг, лофт, зал, конференц-зал;+79660077731;N/A;https://www.loft2rent.ru/loft/105669/105673/
Kap’s StudiosСтудия 31 (Круглый);Лофт, зал, фотостудия;89689646312;N/A;https://www.loft2rent.ru/loft/76891/107342/
Karma Loft - в стиле суперметалл;в стиле суперметалл - Лофт;+7 (495)0080403;https://www.loft2rent.ru/loft/30985/;https://www.loft2rent.ru/loft/30985/124053/
KARTEL LOFT на Бауманской с караоке и PS 4 !;Лофт;+7 (499) 302-16-19;https://www.loft2rent.ru/loft/66644/;https://www.loft2rent.ru/loft/66644/117385/
KiKi Event Dom;Банкетный зал, зал;+7 495 255-70-80;N/A;https://www.loft2rent.ru/loft/196138/196140/
Kinoroom Loft;Банкетный зал, лофт, антикафе, кальянная;+79651635011;https://www.loft2rent.ru/loft/109019/;https://www.loft2rent.ru/loft/109019/109021/
KIVI KATEХудожественная мастерская KIVI KATE;Фотостудия;;N/A;https://www.loft2rent.ru/loft/140353/140355/
KODspaceKOD Space;Лофт, бар, зал;8 (900) 647-87-22;N/A;https://www.loft2rent.ru/loft/99475/99484/
Korting Sky Room;Учебный зал, переговорная, веранда, кулинарная студия;89160393574;N/A;https://www.loft2rent.ru/loft/20188/26709/
Kristall loft;Лофт;+7 (495)0080403;https://www.loft2rent.ru/loft/30985/;https://www.loft2rent.ru/loft/30985/124050/
KROV на КРИСТАЛЕ с Теплой верандой, Мощным звуком грилем в Готическом стиле;Лофт, концертный зал, веранда;+7 9055448835;https://www.loft2rent.ru/loft/13771/;https://www.loft2rent.ru/loft/13771/44595/
KULT.GARAGE;Лофт, зал, галерея, на открытом воздухе;+7 989 595-21-21;N/A;https://www.loft2rent.ru/loft/190255/190257/
KutuzovKytuzov VIP / Кутузов ВИП;Зал, кальянная;+79651011115;N/A;https://www.loft2rent.ru/loft/51342/51345/
LAB16;Лофт, фотостудия;+74952041617;N/A;https://www.loft2rent.ru/loft/29454/29463/
Lana Studio - Большой зал White;Лофт, зал, фотостудия;+7 (905) 559 98 60;N/A;https://www.loft2rent.ru/loft/42478/46518/
LapTime Racing;Коворкинг, лофт, учебный зал;+78129065552;https://www.loft2rent.ru/loft/72296/;https://www.loft2rent.ru/loft/72296/72463/
LargoCabinet Largo;Ресторан, переговорная;+7-495-222-38-48;N/A;https://www.loft2rent.ru/loft/42437/42825/
LargoБанкетный лофт на Ленинском;Лофт, ресторан, зал;+7-495-222-38-48;N/A;https://www.loft2rent.ru/loft/42437/42470/
LargoУютный итальянский Ресторан;Ресторан, зал, конференц-зал, переговорная;+7-495-222-38-48;N/A;https://www.loft2rent.ru/loft/42437/42842/
LargoУютный Лофт на Юго-Западе;Ресторан, зал;+7-495-222-38-48;N/A;https://www.loft2rent.ru/loft/42437/42817/
LAVANDA Loft;Лофт, игровой зал, детский центр;89772959526;https://www.loft2rent.ru/loft/104772/;https://www.loft2rent.ru/loft/104772/104838/
Legacy Loft;Лофт, зал;+79993492320;https://www.loft2rent.ru/loft/39383/;https://www.loft2rent.ru/loft/39383/44122/
LEMagenta;Учебный зал;+7 (985) 219-66-57;N/A;https://www.loft2rent.ru/loft/117722/131251/
LEMagenta 115;Фотостудия;+7 (985) 219-66-57;N/A;https://www.loft2rent.ru/loft/117722/131230/
LEMagenta 81;Фотостудия;+7 (985) 219-66-57;N/A;https://www.loft2rent.ru/loft/117722/131240/
LEMagenta 85;Фотостудия;+7 (985) 219-66-57;N/A;https://www.loft2rent.ru/loft/117722/131243/
Lenny;Ресторан;(991) 099-81-58;N/A;https://www.loft2rent.ru/loft/79932/79952/
LeonastageLight 100;Веранда;8 911 260-02-02;N/A;https://www.loft2rent.ru/loft/152246/152723/
LeTO;Фотостудия, кулинарная студия;+79853052200;https://www.loft2rent.ru/loft/177699/;https://www.loft2rent.ru/loft/177699/177701/
LeView;Лофт, крыша, фотостудия;+79110991259;N/A;https://www.loft2rent.ru/loft/145854/145859/
LEАнгар;Конференц-зал, клуб;+7 (985) 219-66-57;N/A;https://www.loft2rent.ru/loft/117722/142720/
LEАтом;Конференц-зал;+79852196657;N/A;https://www.loft2rent.ru/loft/117722/141694/
LEДетский лофт Зайка;Лофт, игровой зал, детский центр;79179287749;N/A;https://www.loft2rent.ru/loft/117722/176043/
LEИнфопространство;Конференц-зал;+79852196657;N/A;https://www.loft2rent.ru/loft/117722/142714/
LEКонцертный зал;Концертный зал;+79852196657;N/A;https://www.loft2rent.ru/loft/117722/141701/
LEЛекториум - Зал 1;Конференц-зал;+7 (985) 219-66-57;N/A;https://www.loft2rent.ru/loft/117722/124127/
LEЛекториум - Зал 2;Зал, конференц-зал;+7 (985) 219-66-57;N/A;https://www.loft2rent.ru/loft/117722/124161/
LEЛекториум - Зал 3;Зал, конференц-зал, учебный зал;+7 (985) 219-66-57;N/A;https://www.loft2rent.ru/loft/117722/124173/
LEЛекториум - зал 4;Конференц-зал, учебный зал, переговорная;+7 (985) 219-66-57;N/A;https://www.loft2rent.ru/loft/117722/124179/
LEЛекториум - Зал 5;Конференц-зал, учебный зал;+7 (985) 219-66-57;N/A;https://www.loft2rent.ru/loft/117722/124184/
LEЛекториум - Зал 6;Конференц-зал;+7 (985) 219-66-57;N/A;https://www.loft2rent.ru/loft/117722/124192/
LEЛекториум - Зал 7;Конференц-зал, учебный зал;+7 (985) 219-66-57;N/A;https://www.loft2rent.ru/loft/117722/124229/
LEЛекториум - Зал 8;Конференц-зал, учебный зал;+7 (985) 219-66-57;N/A;https://www.loft2rent.ru/loft/117722/124238/
LEМолекула;Конференц-зал;+79852196657;N/A;https://www.loft2rent.ru/loft/117722/141662/
LimeLoft;Лофт;+79957207249;N/A;https://www.loft2rent.ru/loft/156511/157795/
Linda de La. Арт-центр;Банкетный зал, лофт, зал, учебный зал;89859447970;N/A;https://www.loft2rent.ru/loft/202713/202812/
LisospaceLisoSpace;Лофт, галерея, конференц-зал, учебный зал;+7 (925) 992 04 83;N/A;https://www.loft2rent.ru/loft/56856/56859/
LiveStudio.moscow - студия записи подкастов Loft на Бауманской / Лофт на Бауманской;Лофт, фотостудия;+79253912007;N/A;https://www.loft2rent.ru/loft/147438/147444/
"LO/ST PravdaLO/ST Pravda. Зал ""s3 curry""";Лофт, зал, фотостудия;+7 (495) 78-90-737;N/A;https://www.loft2rent.ru/loft/42981/139387/
"LO/ST PravdaLO/ST Pravda. Зал ""s7 beige""";Лофт, ночной клуб, фотостудия;+79771743777;N/A;https://www.loft2rent.ru/loft/42981/42983/
LOFT 15Белый лофт;Переговорная;89852102473;N/A;https://www.loft2rent.ru/loft/106466/106900/
LOFT 15Синий лофт;Лофт;89852102473;N/A;https://www.loft2rent.ru/loft/106466/106523/
Loft 519;Кабинет, аппартаменты, лофт, фотостудия;+79254329202;N/A;https://www.loft2rent.ru/loft/161798/162046/
Loft 519B.I.G;Банкетный зал, ресторан, бар;+79254329202;N/A;https://www.loft2rent.ru/loft/161798/187169/
LOFT AlibiLOFT ALIBI;Кальянная;89684417545;N/A;https://www.loft2rent.ru/loft/39611/39613/
Loft Bombay;Лофт;+7-921-355-22-97;N/A;https://www.loft2rent.ru/loft/176456/176462/
Loft Cafe TipografiaВеранда с мягкими окнами;Веранда;+79645240975;N/A;https://www.loft2rent.ru/loft/56363/56404/
Loft Cafe TipografiaВеранда с проектором и выходом на задний двор;Веранда;+79645240975;N/A;https://www.loft2rent.ru/loft/56363/62006/
Loft Cafe TipografiaВторой этаж;Лофт, зал, игровой зал, кальянная;+79645240975;N/A;https://www.loft2rent.ru/loft/56363/56416/
"Loft Cafe TipografiaПервый этаж ""Бар""";Лофт, бар, зал;+79645240975;N/A;https://www.loft2rent.ru/loft/56363/56412/
Loft COM.NATACOM.NATA Brick на пл.Восстания;Лофт, зал, концертный зал;+78122408585;N/A;https://www.loft2rent.ru/loft/144088/144197/
Loft COM.NATACOM.NATA Mini на пл.Восстания;Лофт, зал, конференц-зал;+78122408585;N/A;https://www.loft2rent.ru/loft/144088/144210/
Loft COM.NATACOM.NATA Rock на пл.Восстания;Лофт, зал, концертный зал;+78122408585;N/A;https://www.loft2rent.ru/loft/144088/144188/
Loft COM.NATACOM.NATA UNO на пл. Восстания;Лофт, конференц-зал, концертный зал;+78122408585;N/A;https://www.loft2rent.ru/loft/144088/144157/
Loft D;Лофт, зал, фотостудия;8 911 260-02-02;https://www.loft2rent.ru/loft/152246/;https://www.loft2rent.ru/loft/152246/152261/
Loft DoZari - лофт в центре Санкт-ПетербургаLoft DoZari / Лофт ДоЗари;Лофт;+79313114850;N/A;https://www.loft2rent.ru/loft/142947/142949/
Loft Franclin;Лофт, переговорная;+79691553535;https://www.loft2rent.ru/loft/178858/;https://www.loft2rent.ru/loft/178858/185882/
Loft Friends Пролетарская 114а;Лофт;89039328089;https://www.loft2rent.ru/loft/86655/;https://www.loft2rent.ru/loft/86655/86810/
Loft Gora Country ClubLoft Особняк;Банкетный зал, отель, особняк;+7 969 061-53-05;N/A;https://www.loft2rent.ru/loft/202302/202354/
LOFT HOUSE;Лофт;+79222004333;N/A;https://www.loft2rent.ru/loft/68633/68635/
Loft house;Лофт;+79130696699;N/A;https://www.loft2rent.ru/loft/79466/79469/
Loft House - свадебный лофт с верандой на берегу реки;свадебный лофт с верандой на берегу реки - Лофт, зал, на открытом воздухе, веранда;+74998881829;https://www.loft2rent.ru/loft/1821/;https://www.loft2rent.ru/loft/1821/76907/
LOFT IDEALISTA - большая площадка в центре Москвы с верандой;большая площадка в центре Москвы с верандой  - Лофт, зал, конференц-зал;+79099060421;https://www.loft2rent.ru/loft/41462/;https://www.loft2rent.ru/loft/23223/26774/
Loft MoscowРесторан Tutto Bene;Зал;+79164400130;N/A;https://www.loft2rent.ru/loft/177908/208158/
Loft OblakaKids Loft Oblaka;Лофт, детский центр, антикафе;+7 991 862-38-58;N/A;https://www.loft2rent.ru/loft/70738/70750/
Loft OblakaЛофт Prazdnik Box САФАРИ;Лофт, детский центр;+79918623858;N/A;https://www.loft2rent.ru/loft/70738/171596/
Loft OVERTONE;Лофт, зал;+79936053121;https://www.loft2rent.ru/loft/30979/;https://www.loft2rent.ru/loft/30979/201960/
LOFT PORT 365;Лофт, конференц-зал, переговорная, веранда;+7 930 985 59 66;https://www.loft2rent.ru/loft/68341/;https://www.loft2rent.ru/loft/68341/68343/
Loft Premier;Лофт, зал, конференц-зал;89153800600;https://www.loft2rent.ru/loft/102797/;https://www.loft2rent.ru/loft/102797/102806/
Loft Prostranstvo Huge;Кальянная;+79936053121;https://www.loft2rent.ru/loft/30979/;https://www.loft2rent.ru/loft/30979/197111/
Loft Republic со сценой и VIP-комнатой;Лофт, бар, зал, ночной клуб;+7 985 219 8400;https://www.loft2rent.ru/loft/4688/;https://www.loft2rent.ru/loft/4688/84456/
LOFT SOVA с верандой в Измайловском Кремле;Лофт, зал;+7 985 219 8400;https://www.loft2rent.ru/loft/4688/;https://www.loft2rent.ru/loft/4688/49366/
LOFT SPA Апарт Отель в Центре Москвы / Лофт Спа Апарт Отель в Центре Москвы;Аппартаменты, зал;+79667707737;N/A;https://www.loft2rent.ru/loft/91369/91637/
Loft storyLoft Story;Лофт;89650476088;N/A;https://www.loft2rent.ru/loft/172722/173704/
LOFT THE PLACE;Лофт;+7-926-552-65-82;N/A;https://www.loft2rent.ru/loft/23279/24414/
LOFT THREE;Лофт, зал;+79023395999;https://www.loft2rent.ru/loft/147458/;https://www.loft2rent.ru/loft/147458/180997/
LOFT TWO;Лофт, бар, зал;+79023395999;https://www.loft2rent.ru/loft/147458/;https://www.loft2rent.ru/loft/147458/147914/
Loft ФарфорLoft300;Банкетный зал, лофт, конференц-зал;+7 977 881-47-24;N/A;https://www.loft2rent.ru/loft/828/43753/
Loft ФарфорСовременный двухкомнатный лофт;Лофт;+7 977 881-47-24;N/A;https://www.loft2rent.ru/loft/828/80942/
Loft “Квартирка»Loft «Квартирка»;Лофт, детский центр;+79267267638;N/A;https://www.loft2rent.ru/loft/84776/84778/
Loft-61;Лофт, игровой зал;8-916-081-61-61;N/A;https://www.loft2rent.ru/loft/124385/124391/
Loft-starHome Alone;Лофт;+79039328089;N/A;https://www.loft2rent.ru/loft/79373/79437/
Loft-starParty Hall;Лофт;+79039328089;N/A;https://www.loft2rent.ru/loft/79373/79434/
Loft-starPrivate Party;Лофт;+79039328089;N/A;https://www.loft2rent.ru/loft/79373/79440/
Loft-starSecret Room;Лофт;+79039328089;N/A;https://www.loft2rent.ru/loft/79373/79443/
Loft-starThe Weekend;Лофт, фотостудия, кальянная;;N/A;https://www.loft2rent.ru/loft/79373/178771/
Loft.wdg;Лофт;+79647799952;N/A;https://www.loft2rent.ru/loft/159014/159021/
Loft66;Лофт, кальянная;89031955043;N/A;https://www.loft2rent.ru/loft/170167/170171/
LoftBar22LoftBAR22 Двухэтажный лофт с баром и караоке!;Лофт, бар;+79152876213;N/A;https://www.loft2rent.ru/loft/121243/121245/
LoftCherdak BarybinoLife у пруда 190 м2 семейный коттедж;Аппартаменты, особняк, на открытом воздухе;+79857603538;N/A;https://www.loft2rent.ru/loft/101976/102105/
"LoftCherdak BarybinoParty коттедж ""LoftCherdak"" 330 м2 + пена +баня +бассейны";Аппартаменты, особняк, на открытом воздухе, веранда;+79857603538;N/A;https://www.loft2rent.ru/loft/101976/101979/
LoftCherdak BarybinoКоттедж Party Stolby 290 м2 + баня 90 м2;Аппартаменты, отель, особняк, на открытом воздухе;+79857603538;N/A;https://www.loft2rent.ru/loft/101976/102079/
LoftCity LoungeЛофт «Crave» с верандой на крыше;Лофт, зал, кальянная;+79322105457;N/A;https://www.loft2rent.ru/loft/145926/146768/
"LoftgreenВеранда ""Водник""";Ресторан, шатер, на открытом воздухе, веранда;+7 926 824 4318;N/A;https://www.loft2rent.ru/loft/150118/167657/
LoftgreenНЕБО LOUNGE;Бар, зал, кальянная;+79268244318;N/A;https://www.loft2rent.ru/loft/150118/167454/
"LoftgreenШатер ""ЭльГунна""";Ресторан, шатер, на открытом воздухе, веранда;+7 926 824 4318;N/A;https://www.loft2rent.ru/loft/150118/167638/
LoftgreenШатер “На Абордаж”;Зал, шатер, на открытом воздухе, веранда;+7 926 824 4318;N/A;https://www.loft2rent.ru/loft/150118/167510/
Loftik kidsЛофт Дом для проведения детских праздников;Зал, игровой зал, детский центр, фотостудия;+7 (964) 512-06-98;https://Loftik.kids;https://www.loft2rent.ru/loft/104610/104659/
Loftik.kidsЛофт Кот для проведения детских праздников;Лофт, детский центр, фотостудия;+79775815040;N/A;https://www.loft2rent.ru/loft/128695/128700/
LOFTMSK | FLORA | ФЛОРА | Двухуровневый лофт с верандой и мангалом;Лофт;+7 (495) 790-46-77;https://www.loft2rent.ru/loft/93169/;https://www.loft2rent.ru/loft/93169/210322/
LOFTMSK | IZUMRUD | ИЗУМРУД | Двухуровневый лофт с верандой и мангалом;Лофт, веранда;+7 (495) 790-46-77;https://www.loft2rent.ru/loft/93169/;https://www.loft2rent.ru/loft/134410/99398/
LOFTMSK | MEXICO | МЕКСИКА | Двухуровневый лофт | 5 минут от метро;Лофт;+7 (495) 790-46-77;https://www.loft2rent.ru/loft/93169/;https://www.loft2rent.ru/loft/134410/94190/
LOFTMSK | OCEAN VIBE | ОКЕАН | Двухуровневый Лофт с настольным теннисом | 5 минут от метро;Лофт, учебный зал;+7 (495) 790-46-77;https://www.loft2rent.ru/loft/93169/;https://www.loft2rent.ru/loft/93169/93229/
LOFTMSK | TROPICANA | ТРОПИКАНА | Просторный Лофт с верандой и грилем | 5 минут от метро;Лофт, концертный зал, веранда;+7 (495) 790-46-77;https://www.loft2rent.ru/loft/93169/;https://www.loft2rent.ru/loft/93169/129426/
LOFTMSK | VISION | КИБЕРПАНК | Лофт в самом центре Москвы с настольным теннисом;Лофт;+7 (495) 790-46-77;https://www.loft2rent.ru/loft/93169/;https://www.loft2rent.ru/loft/93169/143038/
LOFTMSK | WILD WEST | ДИКИЙ ЗАПАД | Лофт с верандой и грилем | 5 минут от метро;Лофт;+7 (495) 790-46-77;https://www.loft2rent.ru/loft/93169/;https://www.loft2rent.ru/loft/93169/148426/
LOFTMSK | X13 | Двухуровневый Лофт со сценой | 5 минут от метро;Лофт, ночной клуб, концертный зал;+7 (495) 790-46-77;https://www.loft2rent.ru/loft/93169/;https://www.loft2rent.ru/loft/93169/93755/
LoftTaboo;Лофт, бар;+74953084959;https://www.loft2rent.ru/loft/189235/;https://www.loft2rent.ru/loft/189235/189246/
LONG HALL;Лофт, зал;+7 (495) 120-19-05;https://www.loft2rent.ru/loft/5338/;https://www.loft2rent.ru/loft/5338/29281/
LOST GARDEN;Лофт, на открытом воздухе, веранда;+7 (495) 120-19-05;https://www.loft2rent.ru/loft/5338/;https://www.loft2rent.ru/loft/5338/29395/
LOTOS CONGRESS;Отель, зал, конференц-зал;+ 7 (985) 336-50-56;https://www.loft2rent.ru/loft/47660/;https://www.loft2rent.ru/loft/47660/200481/
Lounge;Зал;+74952080038;https://www.loft2rent.ru/loft/3318/;https://www.loft2rent.ru/loft/3318/3345/
Lounge зоны;Коворкинг, фотостудия;+74952042861;https://www.loft2rent.ru/loft/86306/;https://www.loft2rent.ru/loft/86306/86308/
Lounge Лофт Молодежная 26;Лофт, антикафе;89039328089;https://www.loft2rent.ru/loft/86655/;https://www.loft2rent.ru/loft/86655/86806/
Lovely KitchenТворческая кухня;Лофт, ресторан, фотостудия, кулинарная студия;89166150389;N/A;https://www.loft2rent.ru/loft/66088/66751/
Lucky Space (Lucky Loft)Lucky Loft на Флаконе / Лаки Лофт;Коворкинг, лофт, фотостудия, кулинарная студия;89653090047;N/A;https://www.loft2rent.ru/loft/32704/83388/
Luis LoftБернулли;Конференц-зал;+79857736533;N/A;https://www.loft2rent.ru/loft/6753/6759/
Luis LoftБозе;Зал, конференц-зал;+79857736533;N/A;https://www.loft2rent.ru/loft/6753/6754/
Luis LoftГаусс;Конференц-зал;+79857736533;N/A;https://www.loft2rent.ru/loft/6753/6758/
Luis LoftПереговорная;Переговорная;+79857736533;N/A;https://www.loft2rent.ru/loft/6753/15530/
Luis LoftРэлей;Зал, спорт-зал, конференц-зал;+79857736533;N/A;https://www.loft2rent.ru/loft/6753/6757/
Luis LoftТейлор;Зал, конференц-зал, учебный зал;+79857736533;N/A;https://www.loft2rent.ru/loft/6753/6756/
Luis LoftШредингер;Зал, конференц-зал;+79857736533;N/A;https://www.loft2rent.ru/loft/6753/6755/
Lumen Fashion StudioLumen Moscow;Лофт, зал, фотостудия, учебный зал;+79857332203;N/A;https://www.loft2rent.ru/loft/143994/143996/
Luna Loft - с вип балконом в арт пространстве и грилем;с вип балконом в арт пространстве и грилем - Лофт, бар, веранда;+7 (495)0080403;https://www.loft2rent.ru/loft/30985/;https://www.loft2rent.ru/loft/30985/76743/
Luxury air wooden apartments;Апартаменты;+79021444676;https://www.loft2rent.ru/loft/19512/;https://www.loft2rent.ru/loft/19512/26593/
Madame RocheCABARET MUTANT;Лофт, ресторан, особняк;+7 (495) 019-01-11;N/A;https://www.loft2rent.ru/loft/185309/185346/
Madame RocheLABORATORY;Лофт, особняк;+7 (495) 019-01-11;N/A;https://www.loft2rent.ru/loft/185309/185358/
Madame RocheВЕРАНДА;Лофт, особняк, веранда;+7 (495) 019-01-11;N/A;https://www.loft2rent.ru/loft/185309/185366/
Maddittoni;;89067824660;N/A;https://www.loft2rent.ru/loft/201729/201936/
Mady Restaurant & Terrace;Ресторан, бар, зал, концертный зал;+7 926 012 04 68;https://www.loft2rent.ru/loft/79893/;https://www.loft2rent.ru/loft/79893/79904/
Magic Time Loft;Лофт, игровой зал, детский центр, антикафе;+79230000750;N/A;https://www.loft2rent.ru/loft/85740/85748/
Magma лофт на Менделеевской с караоке и PS 5 !;Лофт;7 (499) 322-24-13;https://www.loft2rent.ru/loft/66644/;https://www.loft2rent.ru/loft/66644/210104/
Main&Dizzy двухкомнатный лофт в центре;Лофт;+79933450544;https://www.loft2rent.ru/loft/136868/;https://www.loft2rent.ru/loft/136868/152214/
MaldivesInMoscowКриминальное чтиво. Pulp Fiction;Аппартаменты, лофт;+7 925 107 37 62;N/A;https://www.loft2rent.ru/loft/152747/200473/
MaldivesInMoscowМексика. Лос-Кабос;Аппартаменты, лофт;+7 925 107 37 62;N/A;https://www.loft2rent.ru/loft/152747/200803/
"MaldivesInMoscowОстров ""Бияду""";Аппартаменты, фотостудия;+7 925 107 3762;N/A;https://www.loft2rent.ru/loft/152747/200310/
"MaldivesInMoscowОстров ""Камаду""";Лофт, зал;+7 925 107 3762;N/A;https://www.loft2rent.ru/loft/152747/200294/
"MaldivesInMoscowОстров ""Лавиани""";Аппартаменты, фотостудия;+79251073762;N/A;https://www.loft2rent.ru/loft/152747/200250/
"MaldivesInMoscowОстров ""Маалхос""";Лофт, фотостудия;+7 925 107 37 62;N/A;https://www.loft2rent.ru/loft/152747/200325/
Mansarda на Сретенке;Лофт, конференц-зал, учебный зал, переговорная;89257951550;https://www.loft2rent.ru/loft/117522/;https://www.loft2rent.ru/loft/117522/117533/
MANUL;Ресторан;89031281317;https://www.loft2rent.ru/loft/167727/;https://www.loft2rent.ru/loft/167727/167808/
Markofken Art Gallery;Лофт, бар, зал, галерея;+79657648282;N/A;https://www.loft2rent.ru/loft/95622/96173/
Mason ST.ONE;Банкетный зал, бар, зал;+79253830802;N/A;https://www.loft2rent.ru/loft/200295/200346/
MEDIAPORT;Лофт, бар, зал;89872087380;N/A;https://www.loft2rent.ru/loft/121847/122273/
MeettroomЗал «Лондон»;Кабинет, коворкинг, учебный зал, переговорная;+74957257987;N/A;https://www.loft2rent.ru/loft/51193/51220/
MeettroomЗал «Лос Анджелес»;Переговорная;+74957257987;N/A;https://www.loft2rent.ru/loft/51193/51216/
MeettroomЗал «Нью Йорк»;Конференц-зал, учебный зал, переговорная;+74957257987;N/A;https://www.loft2rent.ru/loft/51193/51212/
MeettroomЗал «Париж»;Кабинет, коворкинг, учебный зал, переговорная;+74957257987;N/A;https://www.loft2rent.ru/loft/51193/51230/
MeettroomЗал «Рим»;Кабинет, коворкинг, учебный зал, переговорная;+74957257987;N/A;https://www.loft2rent.ru/loft/51193/51224/
MEMPHIS;Лофт, фотостудия;+79219254594;https://www.loft2rent.ru/loft/79646/;https://www.loft2rent.ru/loft/79646/177914/
METALLIC - металлический лофт с яркими акцентами, 8 минут от метро;металлический лофт с яркими акцентами, 8 минут от метро - Лофт, ночной клуб;+7 958 578 23 62;https://www.loft2rent.ru/loft/loftaviator/;https://www.loft2rent.ru/loft/3593/107519/
Midnight Cocktail Club Midnight Cocktail Club;Лофт, бар;+79312377218;N/A;https://www.loft2rent.ru/loft/157541/157544/
MIR EVENTANIMA Event / Анима Лофт;Лофт, бар, конференц-зал;7 985 738-18-15;N/A;https://www.loft2rent.ru/loft/41580/89646/
MIR EVENTBIZI Event / Бизи Лофт;Ресторан;+79857381815;N/A;https://www.loft2rent.ru/loft/41580/43553/
MIR EVENTIZI Event / Изи Лофт;Лофт, зал, ночной клуб, кальянная;+79857381815;N/A;https://www.loft2rent.ru/loft/41580/41582/
MIR EVENTPIPL Event / Пипл Лофт;Лофт, бар, зал, кальянная;9857381815;N/A;https://www.loft2rent.ru/loft/41580/85410/
MIR EVENTPUSH / Пуш Лофт;Банкетный зал, лофт, бар, ночной клуб;+79168840690;N/A;https://www.loft2rent.ru/loft/41580/210196/
MIR EVENTVIBE Event / Вайб Лофт;Лофт, зал, ночной клуб;+7 985 738 18 15;N/A;https://www.loft2rent.ru/loft/41580/147635/
Misty Kids Club;Игровой зал, детский центр;+7 925 416 99 04;N/A;https://www.loft2rent.ru/loft/186700/186706/
MOMENT — большой зал для масштабных праздников, банкетов и событий;Лофт, зал;+7 (903) 195-93-49;https://www.loft2rent.ru/loft/151727/;https://www.loft2rent.ru/loft/151727/202633/
MONDRIAN;Лофт, зал, веранда;+7 (495) 120-19-05;https://www.loft2rent.ru/loft/5338/;https://www.loft2rent.ru/loft/5338/29282/
MONTBLANC HALL;Лофт, зал, концертный зал;+7 495 120-19-05;https://www.loft2rent.ru/loft/5338/;https://www.loft2rent.ru/loft/5338/29002/
Moon Loft на Бауманской с караоке и PS 4 !;Лофт;+7 (499) 302-53-72;https://www.loft2rent.ru/loft/66644/;https://www.loft2rent.ru/loft/66644/97421/
Moon Soul;Лофт, фотостудия;;https://www.loft2rent.ru/loft/153561/;https://www.loft2rent.ru/loft/153561/153566/
Moonlight Lounge;Лофт, клуб, кальянная;+7(999)938-56-63;N/A;https://www.loft2rent.ru/loft/106129/106135/
More Loft;Лофт;+79956228279;https://www.loft2rent.ru/loft/74440/;https://www.loft2rent.ru/loft/74440/140532/
MORRISON;Лофт, зал;+7 (495) 120-19-05;https://www.loft2rent.ru/loft/5338/;https://www.loft2rent.ru/loft/5338/29285/
Moscow City apartment 48 floor;Апартаменты;+7 (902) 144-46-76;https://skyrent24.ru;https://www.loft2rent.ru/loft/19512/33181/
Moscow CityHeavy Style Apartment;Аппартаменты;89030135818;N/A;https://www.loft2rent.ru/loft/174365/174372/
Moscow CityQICity;Аппартаменты;89030135818;N/A;https://www.loft2rent.ru/loft/174365/174367/
Moscow CityАпартаменты в Москва-Сити;Аппартаменты;89030135818;N/A;https://www.loft2rent.ru/loft/174365/175174/
Mousse Loft - с верандой на крыше в центре Москвы;с верандой на крыше в центре Москвы - Лофт, крыша, конференц-зал, веранда;+74998881829;https://www.loft2rent.ru/loft/1821/;https://www.loft2rent.ru/loft/1821/180816/
MPSELLERSКонференц зал MPS;Лофт, бар, конференц-зал;89856265900;N/A;https://www.loft2rent.ru/loft/176710/176713/
MPSELLERSПереговорная комната;Переговорная;89856265900;N/A;https://www.loft2rent.ru/loft/176710/176723/
MPSELLERSПереговорная комната;Переговорная;89856265900;N/A;https://www.loft2rent.ru/loft/176710/176724/
Multiloft на Люсиновской;Лофт;89958867517;https://www.loft2rent.ru/loft/135091/;https://www.loft2rent.ru/loft/135091/135301/
Music Loft;Лофт;+79959001274;https://www.loft2rent.ru/loft/45889/;https://www.loft2rent.ru/loft/45889/45892/
MusicStudio LoftLoft MusicStudio;Лофт, зал;+7-916-283-61-11;N/A;https://www.loft2rent.ru/loft/37300/37302/
My Hygge Place ЛофтMy Hygge Place, Элитный Лофт на Тульской;Лофт, ресторан, зал;+7 958 578-01-17;N/A;https://www.loft2rent.ru/loft/173968/173970/
My loft;Лофт;89160206344;N/A;https://www.loft2rent.ru/loft/155584/155586/
MY STORY;Лофт, фотостудия, кулинарная студия;89015204077;N/A;https://www.loft2rent.ru/loft/91500/91504/
Myata Platinum Менделеевская;Ресторан, бар, кальянная;89165900222;N/A;https://www.loft2rent.ru/loft/197737/197746/
Neon space loft;Лофт, фотостудия;+79651468019;https://www.loft2rent.ru/loft/122092/;https://www.loft2rent.ru/loft/122092/122094/
NeonLoft;Лофт;+79268244318;https://www.loft2rent.ru/loft/179457/;https://www.loft2rent.ru/loft/179457/179462/
New Holland Loft;Лофт, бар, зал;+7 (995) 626-65-65;https://www.loft2rent.ru/loft/134148/;https://www.loft2rent.ru/loft/134148/178243/
New York;Лофт, кальянная;+79990071109;https://www.loft2rent.ru/loft/125195/;https://www.loft2rent.ru/loft/125195/125526/
Nice LoftNice Loft площадка для любых мероприятий;Лофт, фотостудия, учебный зал;+79166753770;N/A;https://www.loft2rent.ru/loft/2576/3747/
Nice LoftNiceLoft Коворкинг/ Переговорная/ Консультационная;Кабинет, учебный зал, переговорная;+79166753770;N/A;https://www.loft2rent.ru/loft/2576/18687/
Night LiveBalzi Rossi;Зал;+7 909 916-06-25;N/A;https://www.loft2rent.ru/loft/172993/184298/
Night LiveКлуб Cub Msk;Лофт, ночной клуб;+7 909 916-06-25;N/A;https://www.loft2rent.ru/loft/172993/173247/
Night LiveКлуб Jungle Mockow;Лофт, ночной клуб;+7 909 916-06-25;N/A;https://www.loft2rent.ru/loft/172993/173246/
Night LiveКлуб Ravers;Лофт, ночной клуб;+7 909 916-06-25;N/A;https://www.loft2rent.ru/loft/172993/178004/
Night LiveЛофт Vintage Измайлово;Лофт, зал, клуб;+7 909 916-06-25;N/A;https://www.loft2rent.ru/loft/172993/177883/
No Limits Event LoftMafia No Limits;Лофт, бар;89626818282;N/A;https://www.loft2rent.ru/loft/140724/140734/
No Limits Event LoftNo Limits Event Loft;Лофт, зал;+7 (911) 096-08-08;N/A;https://www.loft2rent.ru/loft/140724/140727/
Nora Loft;Лофт;89219899516;https://www.loft2rent.ru/loft/156687/;https://www.loft2rent.ru/loft/156687/156693/
Nord Loft;Бар, зал, клуб;+79217659992;https://www.loft2rent.ru/loft/88534/;https://www.loft2rent.ru/loft/88534/88547/
Not Bad Loft / Нот Бэд ЛофтNot Bad Loft Грибоедова 1;Лофт, бар, зал;+7 (812) 245-25-45;N/A;https://www.loft2rent.ru/loft/87948/95935/
Not Bad Loft / Нот Бэд ЛофтNot Bad Loft Грибоедова 2;Бар, зал;+7 (812) 245-25-45;N/A;https://www.loft2rent.ru/loft/87948/95943/
Not Bad Loft / Нот Бэд ЛофтNot Bad Loft Грибоедова 3;Лофт, зал, конференц-зал;+7 (812) 245-25-45;N/A;https://www.loft2rent.ru/loft/87948/95947/
Not Bad Loft / Нот Бэд ЛофтNot Bad Loft Курляндская / Нот Бэд Лофт;Лофт, зал, конференц-зал;+7 (812) 245-25-45;N/A;https://www.loft2rent.ru/loft/87948/87962/
Not Bad Loft / Нот Бэд ЛофтСтепана Разина;Лофт, зал, конференц-зал, кальянная;+7 (812) 245-25-45;N/A;https://www.loft2rent.ru/loft/87948/171111/
NoTime Loft;Лофт, переговорная;+7 (995) 626-65-65;https://www.loft2rent.ru/loft/134148/;https://www.loft2rent.ru/loft/118767/118769/
Noôdome7 этаж с террасой Тимирязев;Зал, крыша, конференц-зал, концертный зал;+79637216534;N/A;https://www.loft2rent.ru/loft/86136/86138/
NUANCE LOFT;Лофт;+7 (995) 626-65-65;https://www.loft2rent.ru/loft/134148/;https://www.loft2rent.ru/loft/118767/135932/
OBLAKA;Шатер;+79169605001;N/A;https://www.loft2rent.ru/loft/204567/204569/
Oblivion - Лофт в центре с дизайнерским ремонтом, караоке и отдельным входом;Лофт в центре с дизайнерским ремонтом, караоке и отдельным входом - Лофт, бар, зал;89301703019;https://www.loft2rent.ru/loft/58868/;https://www.loft2rent.ru/loft/58868/190269/
ODMOODMO Space;Лофт, конференц-зал, особняк;89651434140;https://odmo.space;https://www.loft2rent.ru/loft/108853/109015/
Okovoice Event Hall;Отель, зал;+7 985 922-29-19;N/A;https://www.loft2rent.ru/loft/180116/180119/
OLIVE — стильный универсальный зал для любых форматов праздников;Лофт, зал;+7 (903) 195-93-49;https://www.loft2rent.ru/loft/151727/;https://www.loft2rent.ru/loft/151727/202133/
Olivka LoftМногофункциональная площадка у м.Нагатинская;Конференц-зал, учебный зал;+7 910 469-49-27;N/A;https://www.loft2rent.ru/loft/134481/134698/
OLYMP — лофт, уютная веранда и гриль, в центре Москвы, 5 мин от метро;Лофт, ночной клуб, концертный зал;+7 958 578 23 62;https://twitter.com/AviatorLoft;https://www.loft2rent.ru/loft/3593/47570/
Omega Loft;Лофт, на открытом воздухе, веранда;+74958433175;https://www.loft2rent.ru/loft/108466/;https://www.loft2rent.ru/loft/108466/141794/
OMG VR - Лофты с виртуальной реальностьюБольшой лофт с виртуальной реальностью OMG VR на Каширке;Игровой зал, детский центр, антикафе;8 (499) 348-13-69;N/A;https://www.loft2rent.ru/loft/203323/203740/
OMG VR - Лофты с виртуальной реальностьюЛофт с антикафе и виртуальной реальностью OMG VR в Прокшино;Игровой зал, детский центр, квест;8 (499) 348-13-69;N/A;https://www.loft2rent.ru/loft/203323/203749/
OMG VR - Лофты с виртуальной реальностьюЛофт с виртуальной реальностью OMG VR Ленинский;Игровой зал, детский центр, антикафе;8 (499) 348-13-69;N/A;https://www.loft2rent.ru/loft/203323/203325/
OMG VR - Лофты с виртуальной реальностьюЛофт с плойкой и виртуальной реальностью на Дмитровской OMG VR;Лофт, игровой зал, детский центр, квест;8 (499) 348-13-69;N/A;https://www.loft2rent.ru/loft/203323/203761/
OMG VR - Лофты с виртуальной реальностьюПросторный лофт с виртуальной реальностью OMG VR в ТЦ Мариэль;Антикафе;8 (499) 348-13-69;N/A;https://www.loft2rent.ru/loft/203323/203480/
ONA;Лофт;89193444000;N/A;https://www.loft2rent.ru/loft/152461/152482/
One love Крыша в центре МосквыИглу на крыше на Смоленской;Крыша;84991130708;N/A;https://www.loft2rent.ru/loft/38596/38598/
One love Крыша в центре МосквыКрыша в центре Москвы с потрясающим видом (м. Маяковская);Крыша, шатер, на открытом воздухе, веранда;+7(499) 348-81-95;N/A;https://www.loft2rent.ru/loft/38596/108891/
One love Крыша в центре МосквыСветлый стильный лофт в небоскребе на 62 этаже с топовым видом на Москву;Аппартаменты;74991131244;N/A;https://www.loft2rent.ru/loft/38596/103902/
ONLY STARS;Коворкинг, лофт, игровой зал, детский центр;89778011521;N/A;https://www.loft2rent.ru/loft/161255/161259/
Open loft;Коворкинг;+79150883390;https://www.loft2rent.ru/loft/48959/;https://www.loft2rent.ru/loft/48959/143754/
optikov4Зал для тренингов;Конференц-зал;;N/A;https://www.loft2rent.ru/loft/182313/182315/
Orlov.eventMain Stage;;+79255165332;N/A;https://www.loft2rent.ru/loft/172081/200400/
Otrada LoftОтрада лофт;Кабинет, лофт, фотостудия;+79959183325;N/A;https://www.loft2rent.ru/loft/177610/177612/
OUTLOFT;Лофт, крыша, веранда;+7 495 120-19-05;https://www.loft2rent.ru/loft/5338/;https://www.loft2rent.ru/loft/5338/29276/
PALMA - красивый просторный лофт с шикарным звуком и интерьером возле метро;красивый просторный лофт с шикарным звуком и интерьером возле метро  - Лофт, бар, клуб;+79099060421;https://www.loft2rent.ru/loft/41462/;https://www.loft2rent.ru/loft/68944/68948/
Panorama by Cooper Space;Лофт;+7 985 348 9939;https://www.loft2rent.ru/loft/113410/;https://www.loft2rent.ru/loft/113410/148057/
PAPAYA loft;Лофт, зал, детский центр;+79999 695 345;N/A;https://www.loft2rent.ru/loft/90962/91043/
Party Hall loft;Лофт, зал;89103969188;N/A;https://www.loft2rent.ru/loft/97847/97849/
Party Hall Лофт для вечеринок;Лофт;89039328089;https://www.loft2rent.ru/loft/86655/;https://www.loft2rent.ru/loft/86655/86711/
Party Hard;Лофт, антикафе;+7 (812) 200-78-18;https://www.loft2rent.ru/loft/75982/;https://www.loft2rent.ru/loft/75982/77298/
Party HardNasa;Лофт, кальянная;+79264844002;N/A;https://www.loft2rent.ru/loft/88400/88523/
Party HardАлладин;Лофт;+79264844002;N/A;https://www.loft2rent.ru/loft/88400/88549/
Party HardБохо;Лофт;+79264844002;N/A;https://www.loft2rent.ru/loft/88400/88470/
Party HardБратство кольца;Лофт, кальянная;+79264844002;N/A;https://www.loft2rent.ru/loft/88400/88555/
Party HardГотэм сити;Лофт, кальянная;+79264844002;N/A;https://www.loft2rent.ru/loft/88400/88551/
Party HardДжокер;Лофт;+79264844002;N/A;https://www.loft2rent.ru/loft/88400/88506/
Party HardДиско;Кальянная;+79264844002;N/A;https://www.loft2rent.ru/loft/88400/138848/
Party HardИндиана Джонс;Лофт;+79264844002;N/A;https://www.loft2rent.ru/loft/88400/88553/
Party HardКарибы;Лофт;+79264844002;N/A;https://www.loft2rent.ru/loft/88400/98438/
Party HardКиото;Лофт;+79264844002;N/A;https://www.loft2rent.ru/loft/88400/88541/
Party HardЛофт Алиса в стране чудес на Белорусской;Лофт, антикафе, кальянная;+79035598471;N/A;https://www.loft2rent.ru/loft/136741/143469/
Party HardЛофт Атлантида на Белорусской;Лофт, антикафе, кальянная;+79035598471;N/A;https://www.loft2rent.ru/loft/136741/143468/
Party HardЛофт Афины на Киевской;Лофт;+79035598471;N/A;https://www.loft2rent.ru/loft/136741/136781/
Party HardЛофт Ацтеки на Киевской;Лофт;+79035598471;N/A;https://www.loft2rent.ru/loft/136741/136783/
Party HardЛофт Бали на Белорусской;Лофт, антикафе, кальянная;+79035598471;N/A;https://www.loft2rent.ru/loft/136741/143466/
Party HardЛофт Бегущий по Лезвию на Киевской;Лофт;+79035598471;N/A;https://www.loft2rent.ru/loft/136741/136779/
Party HardЛофт Вегас на Киевской;Лофт;+79035598471;N/A;https://www.loft2rent.ru/loft/136741/136792/
Party HardЛофт Великий Гэтсби на Белорусской;Лофт, клуб, антикафе, кальянная;+79035598471;N/A;https://www.loft2rent.ru/loft/136741/143462/
Party HardЛофт Джентельмены на Киевской;Лофт;+79035598471;N/A;https://www.loft2rent.ru/loft/136741/136756/
Party HardЛофт Друзья на Киевской;Лофт;+79035598471;N/A;https://www.loft2rent.ru/loft/136741/136743/
Party HardЛофт Дубаи на Киевской;Лофт;+79035598471;N/A;https://www.loft2rent.ru/loft/136741/136752/
Party HardЛофт Египет на Киевской;Лофт;+79035598471;N/A;https://www.loft2rent.ru/loft/136741/136794/
Party HardЛофт Китай на Киевской;Лофт;+79035598471;N/A;https://www.loft2rent.ru/loft/136741/136788/
Party HardЛофт Космо на Киевской;Лофт;+79035598471;N/A;https://www.loft2rent.ru/loft/136741/136790/
Party HardЛофт Малибу на Белорусской;Лофт, клуб, антикафе, кальянная;+79035598471;N/A;https://www.loft2rent.ru/loft/136741/143461/
Party HardЛофт Манхеттен на Киевской;Лофт;+79035598471;N/A;https://www.loft2rent.ru/loft/136741/136749/
Party HardЛофт Масонская ложа на Белорусской;Лофт, клуб, антикафе, кальянная;+79035598471;N/A;https://www.loft2rent.ru/loft/136741/143465/
Party HardЛофт Мехико на Киевской;Лофт;+79035598471;N/A;https://www.loft2rent.ru/loft/136741/136773/
Party HardЛофт Мэд Макс на Белорусской;Лофт, антикафе, кальянная;+79035598471;N/A;https://www.loft2rent.ru/loft/136741/143471/
Party HardЛофт Новый Орлеан на Киевской;Лофт;+79035598471;N/A;https://www.loft2rent.ru/loft/136741/136777/
Party HardЛофт РетроВейв на Киевской;Лофт;+79035598471;N/A;https://www.loft2rent.ru/loft/136741/136764/
Party HardЛофт Салем на Киевской;Лофт;+79035598471;N/A;https://www.loft2rent.ru/loft/136741/136766/
Party HardЛофт Сеул на Белорусской;Лофт, антикафе, кальянная;+79035598471;N/A;https://www.loft2rent.ru/loft/136741/143463/
Party HardЛофт Сканди на Киевской;Лофт;+79035598471;N/A;https://www.loft2rent.ru/loft/136741/136775/
Party HardЛофт Стамбул на Белорусской;Лофт, антикафе, кальянная;+79035598471;N/A;https://www.loft2rent.ru/loft/136741/143470/
Party HardЛофт Таити на Киевской;Лофт;+79035598471;N/A;https://www.loft2rent.ru/loft/136741/136745/
Party HardЛофт Тиффани на Киевской;Лофт;+79035598471;N/A;https://www.loft2rent.ru/loft/136741/136786/
Party HardЛофт Токио на Киевской;Лофт;+79035598471;N/A;https://www.loft2rent.ru/loft/136741/136759/
Party HardЛофт Чикаго на Киевской;Лофт;+79035598471;N/A;https://www.loft2rent.ru/loft/136741/136747/
Party HardЛофт Шале на Белорусской;Лофт, антикафе, кальянная;+79035598471;N/A;https://www.loft2rent.ru/loft/136741/143464/
Party HardЛофт Шанти на Белорусской;Лофт, антикафе, кальянная;+79035598471;N/A;https://www.loft2rent.ru/loft/136741/143467/
Party HardЛофт Эйфория на Киевской;Лофт;+79035598471;N/A;https://www.loft2rent.ru/loft/136741/136754/
Party HardОлимп;Лофт, кальянная;+79264844002;N/A;https://www.loft2rent.ru/loft/88400/88546/
Party HardОскар лофт;Лофт;89670301871;N/A;https://www.loft2rent.ru/loft/116084/132589/
Party HardТуманный лес;Лофт, кальянная;+79264844002;N/A;https://www.loft2rent.ru/loft/88400/88543/
Party HardХард Рок;Лофт;89670301871;N/A;https://www.loft2rent.ru/loft/116084/116086/
Party HardХогвартс;Лофт, кальянная;+79264844002;N/A;https://www.loft2rent.ru/loft/88400/88552/
PAVILION EVENT / Мероприятия, аренда лофт!Sweet Home;Лофт, фотостудия;89214495938;N/A;https://www.loft2rent.ru/loft/148807/174222/
"PAVILION EVENT / Мероприятия, аренда лофт!Зал ""Edison""";Лофт, фотостудия;89214495938;N/A;https://www.loft2rent.ru/loft/148807/149187/
"PAVILION EVENT / Мероприятия, аренда лофт!Зал ""Lumier""";Лофт, фотостудия;89214495938;N/A;https://www.loft2rent.ru/loft/148807/149086/
PAVILION EVENT / Мероприятия, аренда лофт!Зал Craft Room;Лофт, фотостудия;89214495938;N/A;https://www.loft2rent.ru/loft/148807/148876/
PAVILION EVENT / Мероприятия, аренда лофт!Зал Industry Hall;Лофт, фотостудия;89214495938;N/A;https://www.loft2rent.ru/loft/148807/148840/
PAVILION EVENT / Мероприятия, аренда лофт!Зал Old House;Фотостудия;89214495938;N/A;https://www.loft2rent.ru/loft/148807/148852/
PAVILION EVENT / Мероприятия, аренда лофт!Зал White room(циклорама);;89214495938;N/A;https://www.loft2rent.ru/loft/148807/174265/
PAVILION EVENT / Мероприятия, аренда лофт!Зал Вriхtоn;Лофт, фотостудия;89214495938;N/A;https://www.loft2rent.ru/loft/148807/148851/
PDVL SPOT;Зал;89169829305;N/A;https://www.loft2rent.ru/loft/200292/200302/
Pentahotel Москва, Арбат / Отель Пента Москва, АрбатPentaloft / Пенталофт;Банкетный зал, отель, ресторан, бар;+7 919 970-06-79;N/A;https://www.loft2rent.ru/loft/198993/199023/
Penthouse59Пентхаус в стиле high tech Москва Сити Башня Империя;Лофт;+79993597584;N/A;https://www.loft2rent.ru/loft/109421/109498/
people_loft people_loft;Лофт;89771127069;N/A;https://www.loft2rent.ru/loft/81919/81921/
Pepe Space / Пространство Пепе;Лофт, кальянная;+7 909 579 6460;N/A;https://www.loft2rent.ru/loft/113960/113991/
Petrof Loft;;+79213705762;N/A;https://www.loft2rent.ru/loft/100002/100004/
PetroffLoft;Лофт, бар;+79262125229;https://www.loft2rent.ru/loft/209121/;https://www.loft2rent.ru/loft/209121/209123/
PetrushkagroupЛофт под мероприятия;Ресторан, антикафе;89629115141;N/A;https://www.loft2rent.ru/loft/196459/196470/
Piano Loft;Банкетный зал, лофт, концертный зал;+79215901294;https://www.loft2rent.ru/loft/162657/;https://www.loft2rent.ru/loft/162657/162660/
Pink Loft;Кабинет, учебный зал, переговорная;+79150883390;https://www.loft2rent.ru/loft/48959/;https://www.loft2rent.ru/loft/48959/51034/
Pipes Studio;Лофт, зал, кальянная;+79998882069;N/A;https://www.loft2rent.ru/loft/195377/195406/
Place;Коворкинг, лофт, зал;+79995105599;https://www.loft2rent.ru/loft/81681/;https://www.loft2rent.ru/loft/81681/91390/
PLARTКонференц-зал для бизнес-ивентов в 1 км от Кремля;Лофт, зал, конференц-зал, учебный зал;+79858599162;N/A;https://www.loft2rent.ru/loft/28751/28754/
Platimum Ap с Джакузи у окна в Москва Сити;Апартаменты;89958998202;https://www.loft2rent.ru/loft/171815/;https://www.loft2rent.ru/loft/171815/172841/
Platinum Orange Ванна у окна Москва Сити!;Апартаменты;+79958998202;https://www.loft2rent.ru/loft/171815/;https://www.loft2rent.ru/loft/171815/184353/
"platon_studioзал ""Diana""";Лофт, зал, фотостудия;+79136886868;N/A;https://www.loft2rent.ru/loft/27889/36384/
"platon_studioЗал ""Platon""";Зал;+79136886868;N/A;https://www.loft2rent.ru/loft/27889/27894/
platon_studioСтудия 166;Лофт, зал, фотостудия, учебный зал;+79136886868;N/A;https://www.loft2rent.ru/loft/27889/88026/
PLAV BANYAPLAV BANYA, баня на яхте в центре Москвы;На открытом воздухе, теплоход, веранда;89099695025;N/A;https://www.loft2rent.ru/loft/168328/170248/
PlaykortПомещение под съемки;;+79060544499;N/A;https://www.loft2rent.ru/loft/137226/180772/
PlaykortСпортивно-развлекательная арена PLAYKORT в Мытищах;Лофт, игровой зал, детский центр;+79060544499;N/A;https://www.loft2rent.ru/loft/137226/143781/
PopcorpHorror house;Квест;+7(977) 149-38-94;N/A;https://www.loft2rent.ru/loft/123794/123824/
PopcorpSilent hill;Квест;+7(977) 149-38-94;N/A;https://www.loft2rent.ru/loft/123794/123819/
PopcorpПсихиатрическая больница;Фотостудия, квест;+7(977) 149-38-94;N/A;https://www.loft2rent.ru/loft/123794/123800/
Portal loft;Лофт;+79952367709;https://www.loft2rent.ru/loft/104813/;https://www.loft2rent.ru/loft/104813/104816/
posh_bar / пош бар;Отель, бар;+79689523333;N/A;https://www.loft2rent.ru/loft/65926/65928/
PRAVDA;Банкетный зал, конференц-зал;+79263427655;N/A;https://www.loft2rent.ru/loft/81145/81149/
Prazdnik_LoftKids Loft Oblaka;Лофт, игровой зал, детский центр, антикафе;;N/A;https://www.loft2rent.ru/loft/132229/132268/
Premier Апартаменты Москва-СитиCity Escape 1;Аппартаменты;+7 (925) 869 08 40;N/A;https://www.loft2rent.ru/loft/175169/175182/
Premier Апартаменты Москва-СитиEasy Living 1;Кабинет, аппартаменты;+7 (925) 869 08 40;N/A;https://www.loft2rent.ru/loft/175169/175178/
Premier Апартаменты Москва-СитиSerene Retreat 1;Аппартаменты;+7 (925) 869 08 40;N/A;https://www.loft2rent.ru/loft/175169/175177/
Premium air apartments;Апартаменты;+7 (902) 144-46-76;https://skyrent24.ru;https://www.loft2rent.ru/loft/19512/14410/
Premium Air Apartments 2;Апартаменты;+7 (902) 144-46-76;https://skyrent24.ru;https://www.loft2rent.ru/loft/19512/14419/
Premium Apartments in Moscow City;Апартаменты;89958998202;https://www.loft2rent.ru/loft/171815/;https://www.loft2rent.ru/loft/171815/173008/
Pride Lounge Тверская;Лофт, бар, кальянная;+7 (930) 999-22-33;N/A;https://www.loft2rent.ru/loft/87842/87848/
Prime Show;Банкетный зал, лофт;+79956075773;https://www.loft2rent.ru/loft/182297/;https://www.loft2rent.ru/loft/182297/182301/
Prisma Loft с уютной верандой и уличным камином;Лофт;+7 (495)0080403;https://www.loft2rent.ru/loft/30985/;https://www.loft2rent.ru/loft/30985/124312/
Private 25 / 25 ПриватЛофт с террасой на крыше 25 эт.;Лофт, крыша, веранда;+79252676534;N/A;https://www.loft2rent.ru/loft/95893/95895/
ProDelki / ПроделкиProDelki (Ленинский пр. д.111, к. 2);Лофт, игровой зал;+79313234252;N/A;https://www.loft2rent.ru/loft/163646/180804/
ProDelki / ПроделкиProDelki (ул. Адмирала Черокова, 18 к 2);Зал;+79313234252;N/A;https://www.loft2rent.ru/loft/163646/168278/
ProDelki / ПроделкиProDelki (ул. Малая Митрофаньевская д. 5 к. 1);Лофт, игровой зал;+79313234252;N/A;https://www.loft2rent.ru/loft/163646/163719/
Production8;Фотостудия;+7(977)406-22-08;N/A;https://www.loft2rent.ru/loft/187873/187875/
Proloft;Лофт;89251539733;N/A;https://www.loft2rent.ru/loft/132167/132184/
Prosvet Hall;Зал, конференц-зал, учебный зал, переговорная;+79776615700;N/A;https://www.loft2rent.ru/loft/74776/74778/
Prosvet Hall ( малый зал );Коворкинг, конференц-зал, учебный зал, переговорная;+79776615700;https://www.loft2rent.ru/loft/74776/;https://www.loft2rent.ru/loft/74776/106084/
PROстранствоЛофт PROстранство для мероприятий и дней рождений с караоке в Казани;Бар, зал, концертный зал;89270346624;N/A;https://www.loft2rent.ru/loft/95670/95672/
Pulsar;Зал, конференц-зал;+74958433175;https://www.loft2rent.ru/loft/108466/;https://www.loft2rent.ru/loft/108466/108468/
Queen Loft;Лофт, веранда;+7 (495)0080403;https://www.loft2rent.ru/loft/30985/;https://www.loft2rent.ru/loft/30985/95983/
QUERCUS CLUB;Концертный зал;89852111331;N/A;https://www.loft2rent.ru/loft/203532/203556/
R414 studioТерраса на Плющихе;Ресторан, крыша, на открытом воздухе, веранда;+79654143322;N/A;https://www.loft2rent.ru/loft/182467/182469/
Radiant Loft;Лофт, бар, кальянная;+7 (995) 626-65-65;https://www.loft2rent.ru/loft/134148/;https://www.loft2rent.ru/loft/134148/139704/
Radiola Loft;Лофт, веранда;+7 (495)0080403;https://www.loft2rent.ru/loft/30985/;https://www.loft2rent.ru/loft/30985/97228/
RANCHO LOFTRancho lof;;+7 915 005-68-25;N/A;https://www.loft2rent.ru/loft/165571/165831/
RATUSHA HALL;Лофт, зал, конференц-зал, веранда;+7 495 120-19-05;https://www.loft2rent.ru/loft/5338/;https://www.loft2rent.ru/loft/5338/29003/
Razgruzka;Лофт, бар, концертный зал, кальянная;89262268857;N/A;https://www.loft2rent.ru/loft/208022/208032/
Reboot LoftReboot Loft;Лофт, антикафе;+79663000200;N/A;https://www.loft2rent.ru/loft/162392/162397/
Reboot LoftВеранда с шатрами Flamingo;На открытом воздухе, кальянная;+79663000200;N/A;https://www.loft2rent.ru/loft/162392/184810/
RED BOATLoft boat;Банкетный зал, на открытом воздухе;84996478964;N/A;https://www.loft2rent.ru/loft/35892/36501/
RED BOATТеплоход Артурс;Ресторан, конференц-зал, теплоход;84996478964;N/A;https://www.loft2rent.ru/loft/35892/38931/
RED BOATТеплоход Барс;Ресторан, бар, теплоход, веранда;84996478964;N/A;https://www.loft2rent.ru/loft/35892/66955/
RED BOATТеплоход Благодать;Ресторан, зал, теплоход, веранда;84996478964;N/A;https://www.loft2rent.ru/loft/35892/66914/
RED BOATТеплоход Богема;Ресторан, зал, теплоход, веранда;84996478964;N/A;https://www.loft2rent.ru/loft/35892/66908/
RED BOATТеплоход Дельфин;Зал, теплоход;84996478964;N/A;https://www.loft2rent.ru/loft/35892/38928/
RED BOATТеплоход Держава;Банкетный зал, ресторан, теплоход, веранда;84996478964;N/A;https://www.loft2rent.ru/loft/35892/66939/
RED BOATТеплоход Жемчужина;Ресторан, теплоход, веранда;84996478964;N/A;https://www.loft2rent.ru/loft/35892/66919/
RED BOATТеплоход Крокус;Ресторан, зал, теплоход, веранда;84996478964;N/A;https://www.loft2rent.ru/loft/35892/66949/
RED BOATТеплоход Лагуна;Ресторан, зал, теплоход, веранда;84996478964;N/A;https://www.loft2rent.ru/loft/35892/66903/
RED BOATТеплоход Маэстро;Ресторан, веранда;84996478964;N/A;https://www.loft2rent.ru/loft/35892/47797/
RED BOATТеплоход Маэстро;Ресторан, веранда;84996478964;N/A;https://www.loft2rent.ru/loft/35892/47802/
RED BOATТеплоход Ривер Лаундж;Ресторан, крыша;84996478964;N/A;https://www.loft2rent.ru/loft/35892/47789/
RED BOATТеплоход Ривер Палас;Банкетный зал, бар, крыша;84996478964;N/A;https://www.loft2rent.ru/loft/35892/47785/
RED BOATТеплоход Ривьера;Ресторан, концертный зал, веранда;84996478964;N/A;https://www.loft2rent.ru/loft/35892/47807/
RED BOATТеплоход Светоч;Ресторан, зал, на открытом воздухе, теплоход;84996478964;N/A;https://www.loft2rent.ru/loft/35892/66924/
RED BOATТеплоход Соларис;Ресторан, зал, теплоход, веранда;84996478964;N/A;https://www.loft2rent.ru/loft/35892/66896/
RED BOATТеплоход Уникум;Ресторан, зал, теплоход, веранда;84996478964;N/A;https://www.loft2rent.ru/loft/35892/66870/
RED BOATТеплоход Царица Елена;Бар, зал, крыша, веранда;84996478964;N/A;https://www.loft2rent.ru/loft/35892/47792/
RED BOATЯхта Azimut 55;Аппартаменты, зал, на открытом воздухе, теплоход;84996478964;N/A;https://www.loft2rent.ru/loft/35892/66963/
RED BOATЯхта BAYLINER;Крыша, теплоход;84996478964;N/A;https://www.loft2rent.ru/loft/35892/66978/
RED BOATЯхта BLUE MARINA;На открытом воздухе;84996478964;N/A;https://www.loft2rent.ru/loft/35892/66983/
RED BOATЯхта Виктория;На открытом воздухе, теплоход;84996478964;N/A;https://www.loft2rent.ru/loft/35892/66974/
RED BOATЯхта Легрина;Зал, на открытом воздухе, теплоход;84996478964;N/A;https://www.loft2rent.ru/loft/35892/66969/
RedBrick.loft;Лофт;+79818314981;https://www.loft2rent.ru/loft/204932/;https://www.loft2rent.ru/loft/120937/120941/
Replace LOFTPINTEREST;Лофт, фотостудия;+7 925 068-48-97;N/A;https://www.loft2rent.ru/loft/118453/118455/
RibambelleRibambelle Green;Ресторан, зал, детский центр;+79670912800;N/A;https://www.loft2rent.ru/loft/172437/172476/
RibambelleRibambelle Vremena Goda;Ресторан, игровой зал, детский центр;+79670912800;N/A;https://www.loft2rent.ru/loft/172437/172439/
RibambelleRibambelle Сердце столицы;Зал, игровой зал, детский центр;+79670912800;N/A;https://www.loft2rent.ru/loft/172437/172505/
RibambelleRibambelle Хамовники;Бар, зал, детский центр;+79670912800;N/A;https://www.loft2rent.ru/loft/172437/172500/
Rich Loft;Лофт, веранда;+7 (495)0080403;https://www.loft2rent.ru/loft/30985/;https://www.loft2rent.ru/loft/30985/124045/
Rise Apartments Blonde Апартаменты Москва Сити;Кабинет, отель;+79958998202;https://www.loft2rent.ru/loft/171815/;https://www.loft2rent.ru/loft/171815/184377/
Rise Apartments Pretty студия в Москва Сити;Отель;+79958998202;https://www.loft2rent.ru/loft/171815/;https://www.loft2rent.ru/loft/171815/187287/
Rise Apartments Неоновый апартамент на 62 этаже под мероприятия в Москва Сити!;Апартаменты, отель;+79958998202;https://www.loft2rent.ru/loft/171815/;https://www.loft2rent.ru/loft/171815/196508/
Rise Diamond Апартаменты в Москва Сити;Апартаменты;+79958998202;https://www.loft2rent.ru/loft/171815/;https://www.loft2rent.ru/loft/171815/184364/
Rise-Apartments 43 floor Moscow City;Апартаменты;+79958998202;https://www.loft2rent.ru/loft/171815/;https://www.loft2rent.ru/loft/171815/184340/
RiverOneRiverOne, Hi-Tech lounge бар с панорамными окнами;Лофт, зал, кальянная;89165588810;N/A;https://www.loft2rent.ru/loft/45360/45391/
RIZZПАРАДАЙС / ПАРАДАЙС банкетный зал;Банкетный зал, зал, концертный зал;+79254200006;N/A;https://www.loft2rent.ru/loft/180043/180051/
RL Loft;Лофт, ресторан, конференц-зал;89788760354;N/A;https://www.loft2rent.ru/loft/160550/160552/
Rock & Roll;Лофт, антикафе;+79990071109;https://www.loft2rent.ru/loft/125195/;https://www.loft2rent.ru/loft/125195/125197/
Rock'n'Roll;Лофт, зал, антикафе;+7 (812) 200-78-18;https://www.loft2rent.ru/loft/75982/;https://www.loft2rent.ru/loft/75982/77373/
ROCKEFELLER’S HALL;Лофт, зал, конференц-зал, концертный зал;+7 495 120-19-05;https://www.loft2rent.ru/loft/5338/;https://www.loft2rent.ru/loft/5338/5371/
Rocket Space;Лофт, ресторан, бар, зал;+79995105599;https://www.loft2rent.ru/loft/81681/;https://www.loft2rent.ru/loft/81681/81683/
Roof LoungeЗАЛ ВАЙБ;;+7 (995) 120-59-99;N/A;https://www.loft2rent.ru/loft/189162/195671/
ROOM;Зал, на открытом воздухе;+7 (495) 032-36-35;https://www.loft2rent.ru/loft/1926/;https://www.loft2rent.ru/loft/1926/45622/
Room 404 -двухэтажный лофт с панорамными окнами;Лофт, бар, зал, конференц-зал;+74998881829;https://www.loft2rent.ru/loft/1821/;https://www.loft2rent.ru/loft/63097/63131/
Rossa Loft;Бар, веранда;+7 (965) 417-05-97;N/A;https://www.loft2rent.ru/loft/124023/145170/
ROTHSCHILD’S HALL;Лофт, зал, конференц-зал;+7 495 120-19-05;https://www.loft2rent.ru/loft/5338/;https://www.loft2rent.ru/loft/5338/5657/
ROYAL;Лофт, бар, зал, конференц-зал;+7 (495) 032-36-35;https://www.loft2rent.ru/loft/1926/;https://www.loft2rent.ru/loft/1926/12237/
RubiconКонференц-зал до 12 человек в центре СПБ;Кабинет, коворкинг, учебный зал;+79110008819;N/A;https://www.loft2rent.ru/loft/170656/170666/
RubiconКонференц-зал до 25 человек в центре СПБ;Конференц-зал, учебный зал;+79110008819;N/A;https://www.loft2rent.ru/loft/170656/170658/
RubiconКонференц-зал до 60 человек в центре СПБ;Конференц-зал;+79110008819;N/A;https://www.loft2rent.ru/loft/170656/170663/
Sabor de la VidaРесторан Sabor de la Vida;Банкетный зал, ресторан;+7 (926) 222-71-22;N/A;https://www.loft2rent.ru/loft/209177/209999/
Safisa;Ресторан, зал, особняк;+79164400130;https://www.loft2rent.ru/loft/101001/;https://www.loft2rent.ru/loft/101001/168378/
Sansara LoftBreeze - новый лофт для праздников под ключ;Лофт, антикафе;89151989966;N/A;https://www.loft2rent.ru/loft/203791/203838/
Sansara LoftGlam - лофт с караоке, диско-шаром и приставкой для ваших мероприятий;Лофт, антикафе;89151989966;N/A;https://www.loft2rent.ru/loft/203791/203834/
Sansara LoftGrand - яркий лофт с караоке для праздников!;Лофт, антикафе;89151989966;N/A;https://www.loft2rent.ru/loft/203791/203930/
Sansara LoftGray - стильный лофт с караоке для ваших праздников;Лофт, антикафе;89151989966;N/A;https://www.loft2rent.ru/loft/203791/203824/
Sansara LoftHappy - лофт для счастливых моментов!;Лофт, антикафе;89151989966;N/A;https://www.loft2rent.ru/loft/203791/203842/
Sansara LoftLoft - лофт с караоке, фотозоной и приставкой!;Банкетный зал, лофт, антикафе;89151989966;N/A;https://www.loft2rent.ru/loft/203791/204943/
Santa лофт;Лофт, кальянная;+7 (958) 521-27-15;https://www.loft2rent.ru/loft/144719/;https://www.loft2rent.ru/loft/144719/144724/
Sante Loft;Лофт;+79522600333;N/A;https://www.loft2rent.ru/loft/173242/181199/
Sapphire — яркий, классический лофт с караоке, 8 минут от метро;Лофт, учебный зал;+7 958 578 23 62;https://www.loft2rent.ru/loft/loftaviator/;https://www.loft2rent.ru/loft/3593/74072/
Sava loft с уютной верандой и грилем;Лофт, ночной клуб, веранда;+7 (495)0080403;https://www.loft2rent.ru/loft/30985/;https://www.loft2rent.ru/loft/30985/51566/
SAVANNAH LOFT;Лофт, ресторан, фотостудия;89259700202;N/A;https://www.loft2rent.ru/loft/140407/140409/
SAVANNAH LOFTSPACE LOFT;Бар, зал, ночной клуб;89259700202;N/A;https://www.loft2rent.ru/loft/140407/177594/
SB Lounge BarКальянная SB Lounge Bar;;89251013238;N/A;https://www.loft2rent.ru/loft/209098/209104/
ScandyLoft / СкандиЛофт;Лофт, зал, игровой зал;+79152223001;N/A;https://www.loft2rent.ru/loft/108903/108906/
SD_loungeSD_lounge Самый большой лаунж-бар в России!;Ресторан, бар, ночной клуб, клуб;89254200006;N/A;https://www.loft2rent.ru/loft/118930/118944/
SD_loungeSD_lounge_space;Лофт, ресторан, бар, кальянная;89254200006;N/A;https://www.loft2rent.ru/loft/118930/119081/
Sea Grill банкетный зал с панорамным видом на Неву;Банкетный зал, бар;+79112601333;https://www.loft2rent.ru/loft/169659/;https://www.loft2rent.ru/loft/169659/169674/
Secret lounge;Бар, игровой зал, кальянная;+7 (993) 005-31-67;N/A;https://www.loft2rent.ru/loft/163923/164276/
Segreto;Ресторан, бар;+7 909 949 50 85;N/A;https://www.loft2rent.ru/loft/129937/129940/
Sent Loft;Банкетный зал, зал, конференц-зал;+79150883390;https://www.loft2rent.ru/loft/48959/;https://www.loft2rent.ru/loft/48959/64326/
"Setl Комьюнити / Сэтл КомьюнитиSetl Комьюнити ЖК ""Солнечный город. Резиденции""";Коворкинг;89319905580;N/A;https://www.loft2rent.ru/loft/182811/182826/
Shaker GroupBunin Bar;Бар, переговорная;89222272628;https://clck.ru/pPfur;https://www.loft2rent.ru/loft/54661/76627/
Shaker GroupCoyote Ugly;Бар, зал, ночной клуб;89222272628;N/A;https://www.loft2rent.ru/loft/54661/54690/
Shaker GroupStar Bar;Бар, концертный зал;89222272628;N/A;https://www.loft2rent.ru/loft/54661/54685/
Shantaramshantaram loft 19;Бар, антикафе, кальянная;89810082702;N/A;https://www.loft2rent.ru/loft/169278/169318/
ShantiPlaceShantiPlace зал Библиотека;Коворкинг;+79163083838;N/A;https://www.loft2rent.ru/loft/94258/94416/
ShantiPlaceShantiPlace зал Комодо;Коворкинг;+79163083838;N/A;https://www.loft2rent.ru/loft/94258/94418/
ShantiPlaceShantiPlace Зал Лекторий;Коворкинг, зал;+79163083838;N/A;https://www.loft2rent.ru/loft/94258/94295/
ShantiPlaceShantiPlace Зал Музей;Коворкинг, зал;+79163083838;N/A;https://www.loft2rent.ru/loft/94258/94288/
ShantiPlaceShantiPlace Каминный зал;Коворкинг, зал;+79163083838;N/A;https://www.loft2rent.ru/loft/94258/94329/
ShantiPlaceShantiPlace Музыкальный зал;Зал, концертный зал;+79163083838;N/A;https://www.loft2rent.ru/loft/94258/94326/
Sheikh Lounge;Зал, игровой зал, кальянная;;N/A;https://www.loft2rent.ru/loft/181952/181954/
Show TodayЛофт в стиле ТВ ШОУ;Лофт;+79998280732;N/A;https://www.loft2rent.ru/loft/126644/126646/
Silverpool  площадка с баней-бассейном-джакузиSilverpool площадка с баней-бассейном-джакузи;Лофт, пляж, аквапарк;+79150638860;N/A;https://www.loft2rent.ru/loft/127753/127758/
Simple loft с уютной верандой и грилем;Лофт;+7 (495)0080403;https://www.loft2rent.ru/loft/30985/;https://www.loft2rent.ru/loft/30985/46292/
SKY;Лофт, зал;+7 495 120-19-05;https://www.loft2rent.ru/loft/5338/;https://www.loft2rent.ru/loft/5338/29246/
Sky Apartments;Апартаменты, лофт;+74952553934;N/A;https://www.loft2rent.ru/loft/47177/196147/
Sky City MoscowCity View;;89264450404;N/A;https://www.loft2rent.ru/loft/165490/190017/
Sky City MoscowPlatinum Orange;;89264450404;N/A;https://www.loft2rent.ru/loft/165490/190008/
Sky City MoscowPremium Black;Аппартаменты;89913290088;N/A;https://www.loft2rent.ru/loft/165490/190018/
Sky City Moscowsky 61;;89264450404;N/A;https://www.loft2rent.ru/loft/165490/172935/
Sky City MoscowSky Residence;;;N/A;https://www.loft2rent.ru/loft/165490/190005/
Sky City MoscowSky Space;Аппартаменты;89264450404;N/A;https://www.loft2rent.ru/loft/165490/190023/
Sky City MoscowSkyline;Аппартаменты;89264450404;N/A;https://www.loft2rent.ru/loft/165490/190060/
Sky Cozy Апартаменты в Москва Сити;Апартаменты;89958998202;https://www.loft2rent.ru/loft/171815/;https://www.loft2rent.ru/loft/171815/173000/
Sky Elite 54 floor Moscow City;Апартаменты;+79021444676;https://skyrent24.ru;https://www.loft2rent.ru/loft/19512/33164/
Sky Individual Апартаменты в Москва Сити;Апартаменты;+79958998202;https://www.loft2rent.ru/loft/171815/;https://www.loft2rent.ru/loft/171815/172464/
Sky Lounge Апартаменты в Москва Сити;Апартаменты;89958998202;https://www.loft2rent.ru/loft/171815/;https://www.loft2rent.ru/loft/171815/173004/
Sky Terrasse;Крыша, шатер, на открытом воздухе, веранда;88129592686;N/A;https://www.loft2rent.ru/loft/78928/78932/
SkyLine 59 Уютный Апартмент в Москва Сити;Апартаменты;+79958998202;https://www.loft2rent.ru/loft/171815/;https://www.loft2rent.ru/loft/171815/172271/
SKYNIA HALL / Скиния Холл;Конференц-зал, концертный зал;8 (495) 41-41-491;N/A;https://www.loft2rent.ru/loft/131578/131583/
SKYPOINT STUDIOБольшая гостиная;Фотостудия;8 952 222 4599;N/A;https://www.loft2rent.ru/loft/118092/118094/
SKYPOINT STUDIOВЕРХНИЙ;Лофт;+79500233331;N/A;https://www.loft2rent.ru/loft/118092/118140/
SKYPOINT STUDIOЗал 24;Фотостудия;8 952 222 4599;N/A;https://www.loft2rent.ru/loft/118092/118123/
SKYPOINT STUDIOКабинет;Фотостудия;8 952 222 4599;N/A;https://www.loft2rent.ru/loft/118092/118128/
SKYPOINT STUDIOЛОФТ 100;Фотостудия;+79111280012;N/A;https://www.loft2rent.ru/loft/118092/118151/
SKYPOINT STUDIOМАНСАРДА;Фотостудия;+79315933082;N/A;https://www.loft2rent.ru/loft/118092/118160/
SKYPOINT STUDIOНИЖНИЙ;Фотостудия, веранда;+79500233331;N/A;https://www.loft2rent.ru/loft/118092/118132/
SKYPOINT STUDIOПавильон 7НЕБО;Лофт, зал, фотостудия, концертный зал;+7 911 107 77 10;N/A;https://www.loft2rent.ru/loft/118092/157033/
SKYPOINT STUDIOСРЕДНИЙ ЛОФТ 50;Фотостудия;+79111280012;N/A;https://www.loft2rent.ru/loft/118092/118149/
SKYPOINT STUDIOУЮТ;Детский центр, фотостудия;+79315933082;N/A;https://www.loft2rent.ru/loft/118092/118155/
SKYPOINT STUDIOХОЛЛ;Фотостудия;8 952 222 4599;N/A;https://www.loft2rent.ru/loft/118092/118119/
SLEventsTime'n'Space;Зал, антикафе;;N/A;https://www.loft2rent.ru/loft/193873/193876/
Smoky rooms;Бар, зал, игровой зал, кальянная;89099256100;https://www.loft2rent.ru/loft/53089/;https://www.loft2rent.ru/loft/53089/155159/
SOFT;Лофт, фотостудия;+79219254594;https://www.loft2rent.ru/loft/79646/;https://www.loft2rent.ru/loft/79646/177871/
Soirée – видовая терраса в центре Петербурга;Лофт, крыша;;N/A;https://www.loft2rent.ru/loft/86657/86675/
SoldOut Loft;Лофт, зал;8(985) 362-45-58;N/A;https://www.loft2rent.ru/loft/40111/40113/
Solist loft;Лофт;+7 993 075-29-93;https://www.loft2rent.ru/loft/101644/;https://www.loft2rent.ru/loft/101644/101655/
Solo Loft;Лофт;+7 (495)0080403;https://www.loft2rent.ru/loft/30985/;https://www.loft2rent.ru/loft/30985/123303/
Soma SpaceSOMA Петроградка;Лофт, зал, конференц-зал, переговорная;;N/A;https://www.loft2rent.ru/loft/119664/155574/
Space Loft на Бауманской с караоке и PS 4 !;Лофт, зал;+7 (499) 302-53-72;https://www.loft2rent.ru/loft/66644/;https://www.loft2rent.ru/loft/66644/97448/
SPBFOTOфотостудия SPBFOTO;Лофт;+78126291315;N/A;https://www.loft2rent.ru/loft/73666/73671/
SportStationEvent Hall;Коворкинг, спорт-зал, детский центр, аквапарк;89646442436;N/A;https://www.loft2rent.ru/loft/77925/77931/
SredaБольшой зал;Лофт, конференц-зал, учебный зал, концертный зал;+79163304414;N/A;https://www.loft2rent.ru/loft/163980/164920/
STAR LOFT;Лофт, бар, кальянная;+7 (995) 626-65-65;https://www.loft2rent.ru/loft/134148/;https://www.loft2rent.ru/loft/134148/168214/
Star Lounge;Лофт, бар, концертный зал, кальянная;+79259900335;N/A;https://www.loft2rent.ru/loft/197170/197172/
Start Loft Новосибирск Галущака 9;Лофт;89039328089;https://www.loft2rent.ru/loft/86655/;https://www.loft2rent.ru/loft/86655/86706/
Status LoftСтатус Лофт на Кадетской;Лофт;+79219356035;N/A;https://www.loft2rent.ru/loft/73553/73555/
Status LoftСтатус Лофт на Лиговском;Лофт;+79219356035;N/A;https://www.loft2rent.ru/loft/73553/94955/
Status LoftСтатус Лофт на Площади Ленина;Лофт;+79219356035;N/A;https://www.loft2rent.ru/loft/73553/115809/
Steklo loft - с грилем, верандой и настольным теннисом в ЦАО;с грилем, верандой и настольным теннисом в ЦАО - Лофт, бар, веранда;+7 (495)0080403;https://www.loft2rent.ru/loft/30985/;https://www.loft2rent.ru/loft/30985/65965/
StockOut Loft;Лофт, зал;+7 (985) 362-45-58;https://www.loft2rent.ru/loft/40111/;https://www.loft2rent.ru/loft/120824/120826/
STONE;Лофт;+79219254594;https://www.loft2rent.ru/loft/79646/;https://www.loft2rent.ru/loft/79646/178208/
Strata Concept;Коворкинг, ресторан, зал, галерея;89104505611;N/A;https://www.loft2rent.ru/loft/162585/162587/
Street food Maniac's;Лофт;+79031405972;N/A;https://www.loft2rent.ru/loft/171949/171960/
StreetArtLoft - 2х ярусный лофт с приватной верандой 60м2;2х ярусный лофт с приватной верандой 60м2 - Лофт, бар, игровой зал, веранда;+79166683000;https://www.loft2rent.ru/loft/75181/;https://www.loft2rent.ru/loft/75181/78796/
STUDIOHALLЗал №10;Зал;+79263705050;N/A;https://www.loft2rent.ru/loft/712/164610/
STUDIOHALLЗал №13 (450м2);Лофт;+7 495 223-10-71;N/A;https://www.loft2rent.ru/loft/712/723/
STUDIOHALLЗал №14 (750м2);Лофт;+7 495 223-10-71;N/A;https://www.loft2rent.ru/loft/712/742/
STUDIOHALLЗал №15 (500 м2);Лофт;+7 (495) 223-10-71;N/A;https://www.loft2rent.ru/loft/712/5918/
STUDIOHALLЗал №17 (160 м2);Лофт;+7 (495) 223-10-71;N/A;https://www.loft2rent.ru/loft/712/5919/
Sun Loft на Бауманской с караоке и PS 4 !;Лофт;+7 (499) 302-53-72;https://www.loft2rent.ru/loft/66644/;https://www.loft2rent.ru/loft/66644/97428/
Sunny Art LoftSunny Art Loft Кутузовский;Лофт, галерея, детский центр, кулинарная студия;+7 (919) 099-85-71;N/A;https://www.loft2rent.ru/loft/6643/26858/
SUNRISE — ламповый лофт на Таганке, в 3 минутах от метро;Лофт, ночной клуб;+7 958 578 23 62;https://www.loft2rent.ru/loft/loftaviator/;https://www.loft2rent.ru/loft/3593/171662/
Svet;Лофт, фотостудия;+74951084290;https://www.loft2rent.ru/loft/153561/;https://www.loft2rent.ru/loft/153561/153572/
SVOY Хамовники;Лофт, конференц-зал, концертный зал;+7 (909) 942-88-22;https://www.loft2rent.ru/loft/71700/;https://www.loft2rent.ru/loft/71700/153434/
SVOY Яуза;Лофт, конференц-зал, особняк, концертный зал;+79099428822;https://www.loft2rent.ru/loft/71700/;https://www.loft2rent.ru/loft/71700/71704/
Swan loft;Лофт, веранда;+7 (495)0080403;https://www.loft2rent.ru/loft/30985/;https://www.loft2rent.ru/loft/30985/125280/
Sтанция2025;Лофт, бар, зал, ночной клуб;+7 (495) 215-21-41;N/A;https://www.loft2rent.ru/loft/41881/44655/
TabooEvent venue;Ресторан;89969799221;N/A;https://www.loft2rent.ru/loft/195213/195258/
Tagankaroof_TOPTagankaRoof;Крыша, концертный зал, веранда;+79774854878;N/A;https://www.loft2rent.ru/loft/77436/77460/
TANDOOR;Банкетный зал, ресторан, особняк;89254200006;N/A;https://www.loft2rent.ru/loft/190803/190805/
Tangiers Lounge;Бар, кальянная;89259859699;N/A;https://www.loft2rent.ru/loft/194841/194860/
Taste&TalkУютный бар в Замоскворечье;Лофт, ресторан, бар;+7995-113-03-43;N/A;https://www.loft2rent.ru/loft/134055/134224/
TAU;Лофт, зал, конференц-зал, концертный зал;+7 (495) 255-10-08;N/A;https://www.loft2rent.ru/loft/182281/182284/
Teamфотостудия / помещение свободного назначения;Лофт, конференц-зал, фотостудия;89992777978;N/A;https://www.loft2rent.ru/loft/67998/105856/
Teamфотостудия / помещение свободного назначения;;89992777978;N/A;https://www.loft2rent.ru/loft/67998/105857/
Tematika food&wine bar;Банкетный зал, бар, зал;+79165032327;N/A;https://www.loft2rent.ru/loft/191486/191500/
TERRA loft;Лофт, бар, ночной клуб;+7 909 989-99-33;https://www.loft2rent.ru/loft/65325/;https://www.loft2rent.ru/loft/65325/65327/
The art soul;Лофт;+79154831438;N/A;https://www.loft2rent.ru/loft/199886/199888/
The Corner Boxing Gym;Лофт, бар, спорт-зал;+79258400409;N/A;https://www.loft2rent.ru/loft/67196/67208/
The Event Hall;Банкетный зал, конференц-зал, концертный зал;88129935054;N/A;https://www.loft2rent.ru/loft/95215/95219/
The Family partyThe Family party;Лофт, детский центр, антикафе;+7 (916) 085-12-22;N/A;https://www.loft2rent.ru/loft/113695/113697/
The Gallery Mafia Room / Лофт для мафии и настольных игр;Игровой зал, антикафе;89166784019;https://www.loft2rent.ru/loft/204507/;https://www.loft2rent.ru/loft/204507/208314/
THE HOOK AREA;Кальянная;;N/A;https://www.loft2rent.ru/loft/209225/209227/
THE HOOK AREA;Банкетный зал, бар, кальянная;+79163500044;N/A;https://www.loft2rent.ru/loft/209225/209229/
The Last BarКонцептуальный лофт/бар на Маросейке;Бар;+7 (962) 753-14-14;N/A;https://www.loft2rent.ru/loft/169865/170280/
The Lobbiest;Ресторан, бар, на открытом воздухе, веранда;+79999917444;https://www.loft2rent.ru/loft/199380/;https://www.loft2rent.ru/loft/112609/112631/
The Party;Банкетный зал, лофт;+79080760055;N/A;https://www.loft2rent.ru/loft/169756/169798/
THE RING OF FUNBABY LOFT с городом профессий;Зал, игровой зал;+74950216696;N/A;https://www.loft2rent.ru/loft/57152/61351/
THE RING OF FUNLOFT с ретро-автомобилем;Лофт;+74950216696;N/A;https://www.loft2rent.ru/loft/57152/57208/
THE RING OF FUNMINI LOFT;Лофт, зал, игровой зал;+74950216696;N/A;https://www.loft2rent.ru/loft/57152/144204/
THE RING OF FUNNEON c игровыми приставками;Лофт;+74950216696;N/A;https://www.loft2rent.ru/loft/57152/71264/
THE RING OF FUNДиско Лофт с яркой фотозоной и светомузыкой;Банкетный зал, лофт, игровой зал, детский центр;+74950216696;N/A;https://www.loft2rent.ru/loft/57152/191161/
THON HALL;Лофт, зал, конференц-зал;8 (812) 317-12-20;https://www.loft2rent.ru/loft/5338/;https://www.loft2rent.ru/loft/5338/112064/
Today Loft;Лофт;+7 9688627255;N/A;https://www.loft2rent.ru/loft/124701/124703/
Today LoftGrafiti Loft;Коворкинг, лофт;+7 9688627255;N/A;https://www.loft2rent.ru/loft/124701/168296/
Today LoftПространство для мастер-классов;Лофт, зал, конференц-зал;89688627255;N/A;https://www.loft2rent.ru/loft/124701/189204/
Tokyo Night Club - лофт в японском киберпанк стиле c караоке и PS 5 !;лофт в японском киберпанк стиле c караоке и PS 5 ! - Лофт;+74991101614;https://www.loft2rent.ru/loft/66644/;https://www.loft2rent.ru/loft/66644/128602/
TopView.citySky level 29;Аппартаменты;89916272075;N/A;https://www.loft2rent.ru/loft/174907/174909/
TopView.citySky Level 29;Аппартаменты;;N/A;https://www.loft2rent.ru/loft/174907/175338/
TopView.citySky Level 47;Аппартаменты;;N/A;https://www.loft2rent.ru/loft/174907/175340/
TopView.citySky Level 52;Аппартаменты;89916272075;N/A;https://www.loft2rent.ru/loft/174907/175333/
TopView.citySky Level 54;Аппартаменты;89916272075;N/A;https://www.loft2rent.ru/loft/174907/175335/
toshasbarKaraoke King Voice;Лофт, бар, ночной клуб;+79213217111;N/A;https://www.loft2rent.ru/loft/172412/172414/
toshasbarTosha'S Bar;Ночной клуб, концертный зал;+79213217111;N/A;https://www.loft2rent.ru/loft/172412/172938/
toshasbarБар СМБ;;+79213217111;N/A;https://www.loft2rent.ru/loft/172412/173099/
Touch на Садовнической набережнойРесторан TOUCH;Ресторан, бар;+7 495 782 77 52;N/A;https://www.loft2rent.ru/loft/53531/177780/
TOWN;Лофт, зал;+7 495 120-19-05;https://www.loft2rent.ru/loft/5338/;https://www.loft2rent.ru/loft/5338/29236/
Transform.StudioContent;Лофт, фотостудия, кулинарная студия;+7 926 759 62 69;N/A;https://www.loft2rent.ru/loft/110107/125841/
Transform.StudioDark;Лофт, зал, фотостудия;+7 926 759 62 69;N/A;https://www.loft2rent.ru/loft/110107/125889/
Transform.StudioTransform.Loft;Лофт, зал, фотостудия, кулинарная студия;+7 926 759 62 69;N/A;https://www.loft2rent.ru/loft/110107/125905/
TREFF8;Бар, зал;+7 (926) 574-05-11;https://www.loft2rent.ru/loft/139542/;https://www.loft2rent.ru/loft/139542/141066/
TRENERSKAYA;Лофт;+7 (495) 032-36-35;https://www.loft2rent.ru/loft/1926/;https://www.loft2rent.ru/loft/1926/45621/
TRY Bar;Лофт, бар, кальянная;+7 (999) 988-19-45;N/A;https://www.loft2rent.ru/loft/193928/193933/
TT Loft - Лофт с караоке, баром, детской комнатой и мангальной зоной;Лофт с караоке, баром, детской комнатой и мангальной зоной - Лофт, бар, ночной клуб, детский центр;+79253166501;https://www.loft2rent.ru/loft/184817/;https://www.loft2rent.ru/loft/184817/184833/
Twede's Cafe;Лофт, зал, антикафе;+7 (812) 200-78-18;https://www.loft2rent.ru/loft/75982/;https://www.loft2rent.ru/loft/75982/77330/
Twenty OneTwenty One Club;Банкетный зал, бар, концертный зал, кальянная;+7 (495) 134-61-21;N/A;https://www.loft2rent.ru/loft/86185/86510/
Umberto;Ресторан;+7 (495) 660-53-53;https://www.loft2rent.ru/loft/200502/;https://www.loft2rent.ru/loft/200502/200698/
UNDR BAR на ТаганскойБар на Таганской UNDR BAR;Бар, зал;+7 985 767-55-35;N/A;https://www.loft2rent.ru/loft/40392/40394/
Uni Space;Лофт;+79959808091;N/A;https://www.loft2rent.ru/loft/169629/169631/
URANIUM - светлый лофт с большим количеством окон, 7 минут от метро;светлый лофт с большим количеством окон, 7 минут от метро - Лофт, зал, ночной клуб;+7 958 578 23 62;https://www.loft2rent.ru/loft/loftaviator/;https://www.loft2rent.ru/loft/3593/106907/
URBAN;Конференц-зал;+7 (495) 032-36-35;https://www.loft2rent.ru/loft/1926/;https://www.loft2rent.ru/loft/1926/28501/
Valkirye.loftValkirye.lounge;Лофт, бар, антикафе, кальянная;89379441488;N/A;https://www.loft2rent.ru/loft/70359/70363/
VechesVeches | Динамо;Ресторан, веранда;89629659656;N/A;https://www.loft2rent.ru/loft/179058/179067/
Vega Loft - покерный стол, вид на арт-пространство;покерный стол, вид на арт-пространство  - Лофт;+7 (495)0080403;https://www.loft2rent.ru/loft/30985/;https://www.loft2rent.ru/loft/30985/82926/
Veraloft Shodnya;Лофт, зал;+79169486628;N/A;https://www.loft2rent.ru/loft/121209/121223/
Verde Loft двухуровневый лофт в центре с небольшой верандой (chill & sit зона);Лофт;+79933450544;https://www.loft2rent.ru/loft/136868/;https://www.loft2rent.ru/loft/136868/201930/
VERO_LOFTVERO_LOFT&KARAOKE / ИСТИНА_ЛОФТиКАРАОКЕ;Лофт, бар, ночной клуб;+79057373648;N/A;https://www.loft2rent.ru/loft/205597/206697/
Vesna Hall;Банкетный зал, веранда;+7 (916) 442-42-46;https://vesna-hall.ru;https://www.loft2rent.ru/loft/209591/209593/
VESNA Novaya Riga;Ресторан, зал, веранда;+7 495 280-38-98;N/A;https://www.loft2rent.ru/loft/85684/85686/
VIBE STUDIOThe Creator;Зал, конференц-зал, учебный зал, переговорная;+79919898808;N/A;https://www.loft2rent.ru/loft/153507/153509/
Vida loft;Лофт;+7 (495)0080403;https://www.loft2rent.ru/loft/30985/;https://www.loft2rent.ru/loft/30985/92535/
VILLA MR. PINKY;Лофт, зал, особняк;+7 (495) 120-19-05;https://www.loft2rent.ru/loft/5338/;https://www.loft2rent.ru/loft/5338/112078/
VINOTEKA;Бар, зал, крыша;+7 (495) 032-36-35;https://www.loft2rent.ru/loft/1926/;https://www.loft2rent.ru/loft/1926/11770/
Vintage - атмосферный лофт в винтажном стиле;атмосферный лофт в винтажном стиле - Лофт, конференц-зал;89031292578;https://www.loft2rent.ru/loft/167313/;https://www.loft2rent.ru/loft/167313/168518/
VINYL;Банкетный зал, лофт, конференц-зал;+7 (495) 032-36-35;https://www.loft2rent.ru/loft/1926/;https://www.loft2rent.ru/loft/1926/155111/
Vinylloft белый в центре Москвы;Лофт, зал, конференц-зал;+7 9773592477;https://www.loft2rent.ru/loft/vinyl/;https://www.loft2rent.ru/loft/2148/63918/
Vinylloft на Арбате;Лофт, зал, конференц-зал;+7 9773592477;https://www.loft2rent.ru/loft/vinyl/;https://www.loft2rent.ru/loft/2148/51676/
Vinylloft Терасса с мангалом и двориком с верандой;Лофт, зал, на открытом воздухе;+7 9773592477;https://www.loft2rent.ru/loft/vinyl/;https://www.loft2rent.ru/loft/2148/90100/
Vinylloft- Кристалл с зоной барбекю;Лофт, зал;+7 9773592477;https://www.loft2rent.ru/loft/vinyl/;https://www.loft2rent.ru/loft/2148/85545/
VIP LUX апартаменты в Москва-СитиThe Element №1;Аппартаменты;+79801239715;N/A;https://www.loft2rent.ru/loft/175184/175188/
VIP LUX апартаменты в Москва-СитиThe Element №2;Аппартаменты;+79801239715;N/A;https://www.loft2rent.ru/loft/175184/175193/
VIP LUX апартаменты в Москва-СитиThe Element №3;Аппартаменты;+79801239715;N/A;https://www.loft2rent.ru/loft/175184/175198/
VIP LUX апартаменты в Москва-СитиThe Element №4;Аппартаменты;+79801239715;N/A;https://www.loft2rent.ru/loft/175184/175223/
VIP апартаменты в башнях Москва-СитиIvory dreams №1;Аппартаменты;+79252042927;N/A;https://www.loft2rent.ru/loft/175171/175181/
VIP апартаменты в башнях Москва-СитиIvory dreams №2;Аппартаменты;+79252042927;N/A;https://www.loft2rent.ru/loft/175171/175221/
VIP апартаменты в башнях Москва-СитиIvory dreams №3;Аппартаменты;+79252042927;N/A;https://www.loft2rent.ru/loft/175171/175230/
VIP-зал караоке №1 на Новослободской;Ночной клуб;+74991163697;https://www.loft2rent.ru/loft/103317/;https://www.loft2rent.ru/loft/103317/208371/
VIVA DANCE / Вива Дэнс;Зал, учебный зал;+7 (968) 948-90-58;N/A;https://www.loft2rent.ru/loft/133564/133571/
VIVA DANCEBLACK GOLD  / Черное золото;Зал;+7 (968) 948-90-58;N/A;https://www.loft2rent.ru/loft/133564/174901/
"VIVA DANCEЗал в стиле ""КУБА""";Зал;+7 (968) 948-90-58;N/A;https://www.loft2rent.ru/loft/133564/186842/
VK stadium концертный зал;Бар, зал, концертный зал;+79585410041;https://www.loft2rent.ru/loft/97591/;https://www.loft2rent.ru/loft/97591/103369/
VOID HALL;Лофт, зал;8 (812) 317-12-20;https://www.loft2rent.ru/loft/5338/;https://www.loft2rent.ru/loft/5338/112004/
Voltage;Лофт, учебный зал;89031292578;https://www.loft2rent.ru/loft/167313/;https://www.loft2rent.ru/loft/167313/189863/
VORONIN Берег;Лофт, бар;+7 (993) 918-04-93;https://www.loft2rent.ru/loft/84536/;https://www.loft2rent.ru/loft/84536/56394/
Voyage - уютный лофт из красного кирпича на Бауманской;уютный лофт из красного кирпича на Бауманской - Лофт, игровой зал;89031292578;https://www.loft2rent.ru/loft/167313/;https://www.loft2rent.ru/loft/167313/168005/
Vozduh StudioVozduh.Studio;Фотостудия, на открытом воздухе;+79060454789;N/A;https://www.loft2rent.ru/loft/164642/164644/
VR Home АвтозаводскаяLOUNGE с караоке и кальяном в VR HOME на Автозаводской;Лофт, антикафе;+79852491213;N/A;https://www.loft2rent.ru/loft/37779/39265/
VR Home АвтозаводскаяУютный лофт на Автозаводской;Коворкинг, лофт, игровой зал, антикафе;+79852491213;N/A;https://www.loft2rent.ru/loft/37779/155892/
VR Home АвтозаводскаяУютный лофт с виртуальной реальностью + LOUNGE зал с караоке на Автозаводской;Лофт, игровой зал, кальянная;+79852491213;N/A;https://www.loft2rent.ru/loft/37779/41040/
VR Home АвтозаводскаяУютный лофт с виртуальной реальностью на Автозаводской;Лофт, зал, игровой зал;+79852491213;N/A;https://www.loft2rent.ru/loft/37779/37827/
VR HOME АкадемическаяЛОФТ метро Ленинский проспект;Коворкинг, лофт, игровой зал, антикафе;+7(916) 594 87 57;N/A;https://www.loft2rent.ru/loft/5884/152833/
VR HOME АкадемическаяУютный лофт с виртуальной реальностью;Лофт, игровой зал, антикафе;+7(916) 594 87 57;N/A;https://www.loft2rent.ru/loft/5884/7889/
VR Home ТимирязевскаяLOUNGE С КАРАОКЕ И КАЛЬЯНОМ;Лофт, антикафе, кальянная;89911043146;N/A;https://www.loft2rent.ru/loft/60976/68537/
VR Home ТимирязевскаяПространство с панорамой и виртуальной реальностью;Лофт, зал, игровой зал;89911043146;N/A;https://www.loft2rent.ru/loft/60976/61015/
VR Home ТимирязевскаяУютный лофт с панорамой;Коворкинг, лофт, зал, игровой зал;89911043146;N/A;https://www.loft2rent.ru/loft/60976/155913/
VseSvoi;Лофт, зал, антикафе, кальянная;+79137774230;https://www.loft2rent.ru/loft/79147/;https://www.loft2rent.ru/loft/79147/79149/
VV&AКрасносельская;Коворкинг, лофт, зал;89104284751;N/A;https://www.loft2rent.ru/loft/196833/196838/
VМЕСТЕЛофт со сценой и фотозонами Вместе;Лофт, фотостудия, концертный зал;+79265913185;N/A;https://www.loft2rent.ru/loft/123755/123759/
Wave.studio / Вэйв студияКвартира;Лофт, фотостудия, кулинарная студия;+79150127722;N/A;https://www.loft2rent.ru/loft/116807/122975/
WEST SIDE LOFT на Белорусской с караоке и PS 5 !;Лофт, ночной клуб;+7 (499) 302-52-98;https://www.loft2rent.ru/loft/66644/;https://www.loft2rent.ru/loft/66644/22658/
WEST SIDE VIP на Белорусской с караоке и PS5 !;Лофт, ночной клуб, кальянная;+7 (499) 302-52-98;https://www.loft2rent.ru/loft/66644/;https://www.loft2rent.ru/loft/66644/35012/
Western loft - просторный лофт в стиле дикого запада;просторный лофт в стиле дикого запада - Лофт, бар;8 916 380 97 57;https://www.loft2rent.ru/loft/60562/;https://www.loft2rent.ru/loft/60562/60570/
WHITE;Лофт, бар, зал;+7 (495) 032-36-35;https://www.loft2rent.ru/loft/1926/;https://www.loft2rent.ru/loft/1926/56744/
White Garden;Коворкинг, лофт, фотостудия, учебный зал;;https://www.loft2rent.ru/loft/153561/;https://www.loft2rent.ru/loft/153561/153568/
WHITE HALL;Лофт, зал, конференц-зал;8 (812) 317-12-20;https://www.loft2rent.ru/loft/5338/;https://www.loft2rent.ru/loft/5338/112037/
White House Лофт;Веранда;+7 (977) 423-77-09;N/A;https://www.loft2rent.ru/loft/123833/123840/
White Loft;Лофт;8-952-284-13-97;N/A;https://www.loft2rent.ru/loft/177148/177150/
WHITE LOFT;Лофт, зал;89215770757;N/A;https://www.loft2rent.ru/loft/177716/177719/
White Loft;Банкетный зал, лофт;+79936053121;https://www.loft2rent.ru/loft/30979/;https://www.loft2rent.ru/loft/30979/201131/
White Lux Ap Moscow City;Апартаменты;89958998202;https://www.loft2rent.ru/loft/171815/;https://www.loft2rent.ru/loft/171815/172073/
White Mare - апартаменты;апартаменты - Апартаменты, отель, лофт, кулинарная студия;+79218888879;https://www.loft2rent.ru/loft/76631/;https://www.loft2rent.ru/loft/76631/105146/
White Mare - дом на воде;дом на воде - Апартаменты, отель, на открытом воздухе, веранда;+7 (921) 888-88-79;https://www.loft2rent.ru/loft/76631/;https://www.loft2rent.ru/loft/76631/96273/
White Mare - лофт на воде;лофт на воде - Лофт, зал, на открытом воздухе, теплоход;+79218888879;https://www.loft2rent.ru/loft/76631/;https://www.loft2rent.ru/loft/76631/76633/
Whitefox на НагатинскойЗал с циклорамой / Вайт Фокс;Зал, фотостудия;+79653246648;N/A;https://www.loft2rent.ru/loft/157199/157207/
Whitefox на НагатинскойИнтерьерный зал / Вайт Фокс;Фотостудия, учебный зал, кулинарная студия;+79653246648;N/A;https://www.loft2rent.ru/loft/157199/157201/
Wild Roses;Конференц-зал, фотостудия, учебный зал;;https://www.loft2rent.ru/loft/153561/;https://www.loft2rent.ru/loft/153561/153570/
Wine Loft;Лофт;+7 (495)0080403;https://www.loft2rent.ru/loft/30985/;https://www.loft2rent.ru/loft/30985/55221/
WINGS.club (company group)Конференц-зал на Ленинском проспекте;Конференц-зал, учебный зал;+79264661718;N/A;https://www.loft2rent.ru/loft/77474/181857/
WINGS.club (company group)Малый Белый Зал на Ленинском Проспекте;Лофт, ресторан, зал;+79264661718;N/A;https://www.loft2rent.ru/loft/77474/170190/
WOOD;Лофт, зал, галерея;+7 495 120-19-05;https://www.loft2rent.ru/loft/5338/;https://www.loft2rent.ru/loft/5338/29226/
WorkShop Loft 1;Лофт, крыша, веранда;+74951203454;https://www.loft2rent.ru/loft/workshoploft/;https://www.loft2rent.ru/loft/748/34134/
WorkShop Loft 10;Лофт, зал, ночной клуб, веранда;+7(495)1203454;https://www.loft2rent.ru/loft/workshoploft/;https://www.loft2rent.ru/loft/748/5940/
WorkShop Loft 11;Лофт, конференц-зал, веранда;+7 (495)120 34 54;https://www.loft2rent.ru/loft/workshoploft/;https://www.loft2rent.ru/loft/748/5512/
WorkShop Loft 2;Лофт, крыша, веранда;+74951203454;https://www.loft2rent.ru/loft/workshoploft/;https://www.loft2rent.ru/loft/748/34133/
WorkShop Loft 9;Лофт, бар, ночной клуб, веранда;+7(495)120-34-54;https://www.loft2rent.ru/loft/workshoploft/;https://www.loft2rent.ru/loft/748/19433/
WOW Land;Игровой зал, детский центр;+79999255575;https://www.loft2rent.ru/loft/178603/;https://www.loft2rent.ru/loft/178603/178608/
WOW — камерный лофт с караоке в центре, 8 минут от метро;Кабинет, лофт, игровой зал;+7 958 578 23 62;https://www.loft2rent.ru/loft/loftaviator/;https://www.loft2rent.ru/loft/3593/179108/
Ya-cafe 1;Лофт, ресторан, конференц-зал;89057975744;https://www.loft2rent.ru/loft/97970/;https://www.loft2rent.ru/loft/97970/98044/
YA-cafe 2;Веранда;8-905-797-57-44;https://www.loft2rent.ru/loft/97970/;https://www.loft2rent.ru/loft/97970/167971/
YA-cafe 3;Лофт, зал;8-905-797-57-44;https://www.loft2rent.ru/loft/97970/;https://www.loft2rent.ru/loft/97970/97991/
Ya-Loft 1;Лофт;89057975744;https://www.loft2rent.ru/loft/97970/;https://www.loft2rent.ru/loft/97970/170068/
Ya-Loft 2;Веранда;89057975744;https://www.loft2rent.ru/loft/97970/;https://www.loft2rent.ru/loft/97970/170081/
You Working;Коворкинг, лофт;89259998499;N/A;https://www.loft2rent.ru/loft/121029/121539/
You Working Измайловский;Коворкинг, лофт;+79259998499;https://www.loft2rent.ru/loft/121029/;https://www.loft2rent.ru/loft/121029/185163/
Zafferano Loft;Банкетный зал, бар;8 499 490 29 99;N/A;https://www.loft2rent.ru/loft/108473/108495/
«ДОНЖОН» - три атмосферных лофта со СПА-зонойЛофт 2;Лофт;8-968-527-02-02;N/A;https://www.loft2rent.ru/loft/179415/179454/
«ДОНЖОН» - три атмосферных лофта со СПА-зонойЛофт 3;Лофт;8-968-527-02-02;N/A;https://www.loft2rent.ru/loft/179415/179465/
«НеДома»;Банкетный зал, лофт, бар;+7 902 099 2265;https://www.loft2rent.ru/loft/208510/;https://www.loft2rent.ru/loft/126318/182605/
Úность;Бар, веранда;+7 (925) 602-06-07;N/A;https://www.loft2rent.ru/loft/162570/162604/
Абракадабра;Лофт, зал, антикафе;+79671853333;https://www.loft2rent.ru/loft/129279/;https://www.loft2rent.ru/loft/129279/129284/
Авиатор;Лофт, переговорная;+74998773459;https://www.loft2rent.ru/loft/aviator/;https://www.loft2rent.ru/loft/1032/1033/
Авиатор;Лофт, антикафе;+7 (495) 478-06-38;https://www.loft2rent.ru/loft/109926/;https://www.loft2rent.ru/loft/109926/171907/
Агава лофт;Лофт;+7 (958) 521-27-15;https://www.loft2rent.ru/loft/144719/;https://www.loft2rent.ru/loft/144719/144737/
АгартаЗал 62м;Зал, спорт-зал;+79269091991;N/A;https://www.loft2rent.ru/loft/146099/146101/
Агора Лофт;Лофт;+7 (925) 221-02-65;N/A;https://www.loft2rent.ru/loft/199087/199151/
Адам - Площадка для мероприятий;Лофт, зал;+7 993 980 7979;N/A;https://www.loft2rent.ru/loft/181228/181234/
Академия Be ProЗал для конференций;Зал, конференц-зал;+79912843123;N/A;https://www.loft2rent.ru/loft/104965/104967/
Академия Be ProЗал для лекций и семинаров;Лофт, зал, переговорная;+79912843123;N/A;https://www.loft2rent.ru/loft/104965/104971/
Академия ПСБ;Учебный зал;84951981999;N/A;https://www.loft2rent.ru/loft/187927/188114/
Аквамарин;Лофт, веранда;+7-916-496-11-91;https://www.loft2rent.ru/loft/44815/;https://www.loft2rent.ru/loft/44815/21232/
АКИ.лаб;Коворкинг, бар, зал, переговорная;+7 915 064 42 24;N/A;https://www.loft2rent.ru/loft/141269/141640/
Алан;Конференц-зал, фотостудия, учебный зал;+79150127722;https://www.loft2rent.ru/loft/116807/;https://www.loft2rent.ru/loft/116807/117182/
Альма;Лофт;+79055733733;https://www.loft2rent.ru/loft/97743/;https://www.loft2rent.ru/loft/97743/53616/
АМПЕР;Лофт, конференц-зал;+74952924217;https://www.loft2rent.ru/loft/53255/;https://www.loft2rent.ru/loft/53255/71095/
"АНО ДПО ""ЛРКТ""Общество развития мышления";Зал, переговорная;89255575745;N/A;https://www.loft2rent.ru/loft/207711/208571/
"Антикафе ""Code505""Erker Loft / Эркер лофт";Коворкинг, лофт, переговорная, антикафе;+79319645467;N/A;https://www.loft2rent.ru/loft/69071/81355/
"Антикафе ""Code505""Светлый лофт с панорамным видом";Коворкинг, лофт, зал, антикафе;+79319645467;N/A;https://www.loft2rent.ru/loft/69071/69460/
Антикафе Fun-time;Антикафе;+79607854421;N/A;https://www.loft2rent.ru/loft/70637/70742/
Антикафе «Греча» на м.АэропортКинозал на м.Аэропорт;Лофт, игровой зал, антикафе;79654440309;N/A;https://www.loft2rent.ru/loft/189041/189048/
Антикафе «Греча» на м.АэропортЛофт;Коворкинг, лофт, антикафе;79654440309;N/A;https://www.loft2rent.ru/loft/189041/189043/
Антикафе Соколиная НораБольшая комната;Игровой зал, учебный зал, антикафе;+7 995 920 78 60;N/A;https://www.loft2rent.ru/loft/126596/126690/
Антикафе Соколиная НораМягкая комната;Коворкинг, игровой зал, антикафе;+7 995 920 78 60;N/A;https://www.loft2rent.ru/loft/126596/126688/
Антикафе Соколиная НораОбщий зал;Коворкинг, клуб, антикафе;+7 995 920 78 60;N/A;https://www.loft2rent.ru/loft/126596/126601/
Антресоль;Лофт;+78122133202;https://twitter.com/sevcableport;https://www.loft2rent.ru/loft/80332/80438/
Антресоль фотостудии PROSTRANSTVO;Лофт, фотостудия;+74992887790;https://www.loft2rent.ru/loft/31821/;https://www.loft2rent.ru/loft/31821/48323/
Антуражный кирпичный лофт;Лофт;+79937772233;https://www.loft2rent.ru/loft/27053/;https://www.loft2rent.ru/loft/27053/69047/
Апарамент в Москва Сити 54 этаж;Апартаменты;+79021444676;https://www.loft2rent.ru/loft/19512/;https://www.loft2rent.ru/loft/19512/178013/
"Апарт-отель ""Анис СтайлБанкетный зал ""Амарант""";Коворкинг, банкетный зал, конференц-зал;+7 (495) 123-32-94;N/A;https://www.loft2rent.ru/loft/125358/125450/
"Апарт-отель ""Анис СтайлКонференц-залы ""Шафран"" и ""Мускат""";Аппартаменты, ресторан, конференц-зал;+7 (495) 123-32-94;N/A;https://www.loft2rent.ru/loft/125358/125366/
Апартаменты Sky City Moscow Особенный вид на Лужники, Парк Победы, башни и город!;Отель;+79958998202;https://www.loft2rent.ru/loft/171815/;https://www.loft2rent.ru/loft/171815/206006/
Апартаменты в Москва Сити посуточно и почасово38 SPB Лучший вид - так называемый золотой угол.;Аппартаменты, лофт;+79534678202;N/A;https://www.loft2rent.ru/loft/27218/82702/
Апартаменты в Москва Сити посуточно и почасово42 этаж иделаьная Лаундж зона в апартаментах Москва Сити;Аппартаменты, кальянная;+79534678202;N/A;https://www.loft2rent.ru/loft/27218/196078/
Апартаменты в Москва Сити посуточно и почасово47 Room Moscow City OKO Tower;Аппартаменты;+79534678202;N/A;https://www.loft2rent.ru/loft/27218/54261/
Апартаменты в Москва Сити посуточно и почасово69 этаж 3 комнаты угловой с видом на Radison в Москва Сити;Аппартаменты, зал;+79534678202;N/A;https://www.loft2rent.ru/loft/27218/196072/
Апартаменты в Москва Сити посуточно и почасово69 Этаж Москва Сити Премиальный апартамент Apartments-city.ru;Аппартаменты;+79534678202;N/A;https://www.loft2rent.ru/loft/27218/73445/
Апартаменты в Москва Сити посуточно и почасово71 этаж в Москва Сити с видом на всю Столицу;Аппартаменты;+79534678202;N/A;https://www.loft2rent.ru/loft/27218/102965/
Апартаменты в Москва Сити посуточно и почасовоApartments city 57 этаж 3 комнаты Угловой! Бесценный вид с больших окон в Москва Сити;Аппартаменты, отель;+79534678202;N/A;https://www.loft2rent.ru/loft/27218/196088/
Апартаменты в Москва Сити посуточно и почасовоApartments City ru 230 метров Угловой большой апартамент в Москва Сити с видом на башни и город!;Аппартаменты, отель;+79534678202;N/A;https://www.loft2rent.ru/loft/27218/196102/
Апартаменты в Москва Сити посуточно и почасовоApartments City ru Шикарный лофт на 50 этаже в Москва Сити 200 метров;Аппартаменты, кальянная;+79534678202;N/A;https://www.loft2rent.ru/loft/27218/196083/
Апартаменты в Москва Сити посуточно и почасовоApartments-city ru 28 Brilliant Apartment;Аппартаменты;+79534678202;N/A;https://www.loft2rent.ru/loft/27218/43218/
Апартаменты в Москва Сити посуточно и почасовоApartments-city ru 42 Relax Apartment;Аппартаменты, зал;+79534678202;N/A;https://www.loft2rent.ru/loft/27218/32939/
Апартаменты в Москва Сити посуточно и почасовоApartments-city ru 46 Black;Аппартаменты, зал;+79534678202;N/A;https://www.loft2rent.ru/loft/27218/36607/
Апартаменты в Москва Сити посуточно и почасовоApartments-city ru 48 sky apartament;Аппартаменты;+79534678202;N/A;https://www.loft2rent.ru/loft/27218/27230/
Апартаменты в Москва Сити посуточно и почасовоApartments-city ru 54 Elite apartment;Аппартаменты, переговорная;+79534678202;N/A;https://www.loft2rent.ru/loft/27218/27276/
Апартаменты в Москва Сити посуточно и почасовоApartments-city ru 78 floor Moscow City apartment;Аппартаменты;+79534678202;N/A;https://www.loft2rent.ru/loft/27218/36599/
Апартаменты в Москва Сити посуточно и почасовоApartments-city ru Luxury apartment;Аппартаменты;+79534678202;N/A;https://www.loft2rent.ru/loft/27218/27262/
Апартаменты в Москва Сити посуточно и почасовоApartments-city ru Neva Tower;Аппартаменты;+79534678202;N/A;https://www.loft2rent.ru/loft/27218/37167/
Апартаменты в Москва Сити посуточно и почасовоApartments-city ru Premium Sky;Аппартаменты;+79534678202;N/A;https://www.loft2rent.ru/loft/27218/29198/
Апартаменты в Москва Сити посуточно и почасовоApartments-city ru Sky Avis;Аппартаменты;+79534678202;N/A;https://www.loft2rent.ru/loft/27218/37164/
Апартаменты в Москва Сити посуточно и почасовоEmerald Sky Угловой апартманент Москва Сити Apartments-city.ru;Аппартаменты, зал;+79534678202;N/A;https://www.loft2rent.ru/loft/27218/73427/
Апартаменты в Москва Сити посуточно и почасовоSky Blue Lounge Москва Сити Премиум апартамент на 72 этаже;Аппартаменты, зал;+79534678202;N/A;https://www.loft2rent.ru/loft/27218/196052/
Апартаменты в Москва Сити посуточно и почасовоWhite Lux apartments-city ru;Аппартаменты, бар;+79534678202;N/A;https://www.loft2rent.ru/loft/27218/55594/
Апартаменты в Москва Сити посуточно и почасовоАпартамент в Москва Сити 54 этаж 230 метров под мероприятия;Лофт, кальянная;+79534678202;N/A;https://www.loft2rent.ru/loft/27218/82799/
Апартаменты в Москва Сити посуточно и почасовоАпартамент с ванной у окна на 44 этаже в Москва Сити;Аппартаменты;+79534678202;N/A;https://www.loft2rent.ru/loft/27218/114611/
Апартаменты Москва Сити 38 floor;Апартаменты;+79021444676;https://www.loft2rent.ru/loft/19512/;https://www.loft2rent.ru/loft/19512/177991/
Апартаменты Москва СитиEmbassy Dj;Аппартаменты;89833185888;N/A;https://www.loft2rent.ru/loft/56632/56634/
Апартаменты Москва СитиEmbassy Dj Pro;Аппартаменты, зал;89833185888;N/A;https://www.loft2rent.ru/loft/56632/130089/
Апартаменты Москва СитиNova;Ресторан, бар, кальянная;89833185888;N/A;https://www.loft2rent.ru/loft/56632/96785/
Апартаменты Москва СитиRoyal;Аппартаменты, отель;89833185888;N/A;https://www.loft2rent.ru/loft/56632/113480/
Апартаменты МоскваАпартаменты Москва-Сити: Modern Serenity;Аппартаменты;+79852388407;N/A;https://www.loft2rent.ru/loft/174341/174347/
Апартаменты МоскваВеликолепные апартаменты Москва-Сити;Аппартаменты;+79852388407;N/A;https://www.loft2rent.ru/loft/174341/175253/
Апартаменты МоскваМосква-сити апартаменты с видом на башни;Аппартаменты;+79852388407;N/A;https://www.loft2rent.ru/loft/174341/175276/
Арбат HallАрбат холл (Arbat hall);Банкетный зал, зал, конференц-зал, концертный зал;+7 (996) 902-34-50;N/A;https://www.loft2rent.ru/loft/207597/207760/
Аргентина;Лофт;+7 812 606 70 20;https://www.loft2rent.ru/loft/169051/;https://www.loft2rent.ru/loft/169051/169143/
Аренда антикафе полностью на Тверской;Коворкинг, лофт, антикафе;89262851313;https://www.loft2rent.ru/loft/104695/;https://www.loft2rent.ru/loft/104695/105543/
Аренда арт-пространства Фонтанта Ланта (ex. Том Сойер);Зал;89623199742;https://www.loft2rent.ru/loft/112114/;https://www.loft2rent.ru/loft/112114/112155/
Аренда беседок-иглу;На открытом воздухе;+79162411919;https://www.loft2rent.ru/loft/177097/;https://www.loft2rent.ru/loft/177097/177102/
Аренда зала КОМФОРТ на Тверской;Коворкинг, антикафе;89262851313;https://www.loft2rent.ru/loft/104695/;https://www.loft2rent.ru/loft/104695/105563/
Аренда Избы в Русском стиле для проведения детских мероприятий;Особняк;+79162411919;https://www.loft2rent.ru/loft/177097/;https://www.loft2rent.ru/loft/177097/177162/
Аренда КИНОЗАЛА до 16 гостей на Чеховской;Коворкинг, антикафе;89262851313;https://www.loft2rent.ru/loft/104695/;https://www.loft2rent.ru/loft/104695/115035/
аренда конференц-зала. Оборудование входит в стоимость. Высота потолка - 5 м. Работаем с юр.лицами. ЭДО.;5 м. Работаем с юр.лицами. ЭДО. - Зал, конференц-зал, учебный зал;+7 (495) 130-11-27;https://www.loft2rent.ru/loft/207105/;https://www.loft2rent.ru/loft/207105/207110/
Аренда ЛОФТ до 15 гостей на Маяковской;Коворкинг, лофт, антикафе, кальянная;89262851313;https://www.loft2rent.ru/loft/104695/;https://www.loft2rent.ru/loft/104695/105555/
Аренда лофта в Русском стиле для проведения детских мероприятий;Зал;+79162411919;https://www.loft2rent.ru/loft/177097/;https://www.loft2rent.ru/loft/177097/177164/
аренда лофта для мероприятий;Лофт, зал, конференц-зал;+79630402828;https://www.loft2rent.ru/loft/174204/;https://www.loft2rent.ru/loft/174204/174206/
Аренда лофта для проведения детских мероприятий;Лофт;+79162411919;https://www.loft2rent.ru/loft/177097/;https://www.loft2rent.ru/loft/177097/177160/
Аренда лофта ЗАЛ под мероприятия;Банкетный зал, лофт, конференц-зал, клуб;+79585410041;https://www.loft2rent.ru/loft/97591/;https://www.loft2rent.ru/loft/97591/124109/
Аренда Светлицы для проведения детских мероприятий;Лофт;+79162411919;https://www.loft2rent.ru/loft/177097/;https://www.loft2rent.ru/loft/177097/177166/
Аренда Шатра для проведения детских выпускных;Шатер;+79162411919;https://www.loft2rent.ru/loft/177097/;https://www.loft2rent.ru/loft/177097/177169/
Аристократ;Ресторан, зал;+79164400130;https://www.loft2rent.ru/loft/101001/;https://www.loft2rent.ru/loft/101001/167654/
АРТ Буffет;Бар, зал, кальянная;+7 (985) 991-77-66;N/A;https://www.loft2rent.ru/loft/161079/165045/
"Арт Лофт А53 на ""Красном Октябре""";Лофт, галерея, конференц-зал, концертный зал;+79851098054;https://www.loft2rent.ru/loft/115632/;https://www.loft2rent.ru/loft/115632/115641/
"Арт Пространство ""Тайная"" с камином террасой и отдельным входом";Лофт, зал, крыша, веранда;+7 926 999-59-48;https://www.loft2rent.ru/loft/85351/;https://www.loft2rent.ru/loft/85351/85353/
"Арт пространство Грин Тайм для проведения мероприятий. Студия компании ""Солнечный я"" - детские праздникиАрт пространство Грин Тайм для проведения мероприятий. Студия компании ""Солнечный я"" - детские праздники";;+79089210504;N/A;https://www.loft2rent.ru/loft/127110/127114/
Арт холл «Президент»;Зал, галерея, конференц-зал;+79250106304;N/A;https://www.loft2rent.ru/loft/37496/37517/
Арт-квартира;Апартаменты, лофт;+79969805056;https://www.loft2rent.ru/loft/40532/;https://www.loft2rent.ru/loft/40532/161581/
Арт-Клуб DUSHA;Лофт, конференц-зал, учебный зал, концертный зал;89812500025;https://www.loft2rent.ru/loft/160753/;https://www.loft2rent.ru/loft/160753/161816/
"Арт-лофт ""ПАНОПТИКУМ""";Лофт, зал, антикафе;;N/A;https://www.loft2rent.ru/loft/159663/159665/
Арт-лофт на мансардном этажеЛофт художника на мансардном этаже;Особняк;;N/A;https://www.loft2rent.ru/loft/184128/184130/
"арт-оранжерея ""ЛюбаПетя""ЛюбаПетя на Лесопарковой 5к2";Коворкинг, зал, галерея, конференц-зал;89026185600;N/A;https://www.loft2rent.ru/loft/137096/168233/
"арт-оранжерея ""ЛюбаПетя""ЛюбаПетя на Свободы 2к5";Лофт, галерея, фотостудия;89026185600;N/A;https://www.loft2rent.ru/loft/137096/137104/
Арт-пространство «Кристофер»Просторный зал на 1905г;Зал;+7 925 780-35-35;N/A;https://www.loft2rent.ru/loft/37250/37346/
Арт-пространство «Кристофер»Уютный коворкинг на 1905г(Библиотека);Коворкинг, учебный зал, переговорная;+7 925 780-35-35;N/A;https://www.loft2rent.ru/loft/37250/37343/
Арт-пространство «Кристофер»Уютный Лофт на 1905г;Коворкинг, лофт, галерея;+7 925 780-35-35;N/A;https://www.loft2rent.ru/loft/37250/37267/
Арт-пространство АмареАрт-пространство Амаре;Лофт, детский центр, учебный зал, антикафе;89778488845;N/A;https://www.loft2rent.ru/loft/208223/208236/
Арт-пространство БайресАрт-пространство Байрес;Лофт, зал, концертный зал;89269026968;N/A;https://www.loft2rent.ru/loft/194664/208135/
Арт-пространство на Таганской;Веранда;+79265262480;N/A;https://www.loft2rent.ru/loft/8151/26516/
Арт-пространство на ТаганскойANALOG;Бар, зал;+79265262480;N/A;https://www.loft2rent.ru/loft/8151/46148/
Арт-пространство Палуба;Лофт, детский центр;+79826752485;N/A;https://www.loft2rent.ru/loft/71337/71346/
Арт-пространство Тайная:Променад для ваших событий, 170 кв.м, с отдельным входом,  в парке на набережной;Лофт, зал, конференц-зал;+7 (926) 999-59-48;https://www.loft2rent.ru/loft/85351/;https://www.loft2rent.ru/loft/85351/180711/
"Арт-пространство, лофт для взрослыхМузей любви ""Точка G""";Зал, галерея, игровой зал;+79999776524;N/A;https://www.loft2rent.ru/loft/181897/181899/
Арт-резиденция «Русская дача»Арт-резиденция;Банкетный зал, зал, веранда;+79255047077;N/A;https://www.loft2rent.ru/loft/199074/199076/
Арт-студия Сфера;Учебный зал;+7(977)537-86-00;N/A;https://www.loft2rent.ru/loft/87373/87377/
Арт-холл Лужники;Зал;+7 (495) 909−26−63;https://www.loft2rent.ru/loft/164090/;https://www.loft2rent.ru/loft/164090/166253/
Арт-центр ИЛА;Лофт, зал, антикафе;89218715942;N/A;https://www.loft2rent.ru/loft/95845/97609/
Арт-центр ИСИ Арт-центр ИСИ;Лофт, концертный зал;+7 (909) 963-94-78;N/A;https://www.loft2rent.ru/loft/185798/185800/
Артико Холл;Банкетный зал, веранда;89363166867;N/A;https://www.loft2rent.ru/loft/193063/193071/
Ателье Благородная Гниль;Бар, зал, концертный зал, клуб;+7 (921) 428-94-91;https://www.loft2rent.ru/loft/168932/;https://www.loft2rent.ru/loft/168932/170443/
Атлант;Банкетный зал, лофт, конференц-зал, фотостудия;8-968-973-90-30;https://www.loft2rent.ru/loft/2518/;https://www.loft2rent.ru/loft/2518/1710/
АТМОквестDrevo лофт на закрытой территории! / Древо лофт;Лофт;89160106636;N/A;https://www.loft2rent.ru/loft/67266/47552/
АТМОквестВаршава лофт;Лофт, бар;+7 916 010-66-36;N/A;https://www.loft2rent.ru/loft/67266/177279/
Атмосферный зал 60 м² на Чистых прудах для любых мероприятий;Зал, спорт-зал, конференц-зал, учебный зал;89175091916;https://www.loft2rent.ru/loft/74665/;https://www.loft2rent.ru/loft/74665/183043/
"Атмосферный лофт ""Диор"" - сочетание роскоши и комфорта / 3 мин. от метро Семеновская";сочетание роскоши и комфорта / 3 мин. от метро Семеновская - Лофт;+7 4998881633;https://www.loft2rent.ru/loft/126908/;https://www.loft2rent.ru/loft/126908/180947/
атмосферный лофт на БаррикаднойУютный лофт на Никитской;Лофт, конференц-зал, учебный зал;+79257405902;N/A;https://www.loft2rent.ru/loft/172676/172688/
Аудитория ПромРесурс на водномАудитория на водном;Зал;+7 (915) 207-01-37;N/A;https://www.loft2rent.ru/loft/33330/33332/
Африка;Лофт;+7 812 606 70 20;https://www.loft2rent.ru/loft/169051/;https://www.loft2rent.ru/loft/169051/169699/
Ацтеки;Лофт;+7 812 606 70 20;https://www.loft2rent.ru/loft/169051/;https://www.loft2rent.ru/loft/169051/169504/
АэродинамикаThe Base;Ресторан, зал, детский центр, квест;+79164125699;N/A;https://www.loft2rent.ru/loft/122928/122932/
Бабл-гам;Зал;+7 (495) 478-06-38;https://www.loft2rent.ru/loft/109926/;https://www.loft2rent.ru/loft/109926/134487/
База отдыха ЗаветноеАктовый зал с деревянным покрытием;Концертный зал;+781232348535;N/A;https://www.loft2rent.ru/loft/161069/161186/
База отдыха ЗаветноеУчебный класс для тренингов и семинаров;Кабинет;+781232348535;N/A;https://www.loft2rent.ru/loft/161069/161203/
База отдыха ЗаветноеШатер;Зал, шатер;+781232348535;N/A;https://www.loft2rent.ru/loft/161069/161179/
Базовая переговорная комната до 12 человек;Переговорная;8 980 430 08 88;https://www.loft2rent.ru/loft/199576/;https://www.loft2rent.ru/loft/199576/200806/
Байкал;Лофт, конференц-зал, фотостудия;8-968-973-90-30;https://www.loft2rent.ru/loft/2518/;https://www.loft2rent.ru/loft/2518/2525/
Бакарди;Лофт, антикафе;+7 (495) 478-06-38;https://www.loft2rent.ru/loft/109926/;https://www.loft2rent.ru/loft/109926/189286/
Балдеть сюда;Коворкинг, лофт, ресторан, зал;89999604107;https://www.loft2rent.ru/loft/129446/;https://www.loft2rent.ru/loft/129446/129448/
Бали;Зал, спорт-зал, фотостудия;+79150127722;https://www.loft2rent.ru/loft/116807/;https://www.loft2rent.ru/loft/116807/117179/
"Банкетный зал ""Каретный двор""";Банкетный зал, лофт;89250520976;https://www.loft2rent.ru/loft/125499/;https://www.loft2rent.ru/loft/125499/204554/
"Банкетный зал ""Каспий""";Банкетный зал, лофт, ресторан;+7 (991) 178 86 97;N/A;https://www.loft2rent.ru/loft/153869/153872/
"Банкетный зал ""Каспий""Лотф Фабрика";Ресторан, зал;+7 (991) 178 86 97;N/A;https://www.loft2rent.ru/loft/153869/173307/
"Банкетный зал ""Ретро"" Банкетный зал ""Ретро""";;+7(985)922-0752;N/A;https://www.loft2rent.ru/loft/194215/194217/
Банкетный зал Fursa;Лофт;89032143774;https://www.loft2rent.ru/loft/208085/;https://www.loft2rent.ru/loft/208085/208170/
Банкетный зал Parrots;Лофт;89036147119;https://www.loft2rent.ru/loft/198727/;https://www.loft2rent.ru/loft/198727/207686/
Банкетный зал River PalaceРесторан The River.;Банкетный зал, ресторан, конференц-зал;+79990349081;N/A;https://www.loft2rent.ru/loft/100328/100463/
Банкетный зал Stroganoff;Лофт;89036147119;https://www.loft2rent.ru/loft/198727/;https://www.loft2rent.ru/loft/198727/207740/
Банкетный зал «Высота5642 на Якиманке»;Кабинет, бар, зал, концертный зал;+7 495 129 29 43;N/A;https://www.loft2rent.ru/loft/156779/156781/
Банкетный зал «Выставка» на ВДНХ;Банкетный зал, зал, конференц-зал, веранда;+7 968 455-93-41;N/A;https://www.loft2rent.ru/loft/208132/209372/
Банкетный зал Аманд;Лофт;89036147119;https://www.loft2rent.ru/loft/198727/;https://www.loft2rent.ru/loft/198727/207670/
Банкетный зал Барский;Зал, веранда;89250520976;https://www.loft2rent.ru/loft/125499/;https://www.loft2rent.ru/loft/125499/204873/
Банкетный зал ВДНХ;Галерея, конференц-зал;+79585410041;https://www.loft2rent.ru/loft/97591/;https://www.loft2rent.ru/loft/97591/142144/
Банкетный Зал Верба;Банкетный зал, ресторан;+79959196886;https://www.loft2rent.ru/loft/140271/;https://www.loft2rent.ru/loft/140271/152357/
Банкетный зал Мир у Озера;Лофт;89036147119;https://www.loft2rent.ru/loft/198727/;https://www.loft2rent.ru/loft/198727/207681/
Банкетный зал Ржевский;Лофт;89036147119;https://www.loft2rent.ru/loft/198727/;https://www.loft2rent.ru/loft/198727/207720/
Банкетный зал Тиара;Лофт;8 903 614 71 19;https://www.loft2rent.ru/loft/198727/;https://www.loft2rent.ru/loft/198727/207645/
Банкетный зал Эйфория;Лофт;89036147119;https://www.loft2rent.ru/loft/198727/;https://www.loft2rent.ru/loft/198727/207666/
Банкетный ЗалБанкетный зал;Банкетный зал, зал, конференц-зал;89990096918;N/A;https://www.loft2rent.ru/loft/102060/155234/
Банкетный Комплекс_на Авиамоторной;Банкетный зал, ресторан, бар, зал;+79264661718;https://www.loft2rent.ru/loft/77474/;https://www.loft2rent.ru/loft/77474/100606/
"Бар ""Зачёт""";Бар;+7 (495) 157-20-81;https://www.loft2rent.ru/loft/199629/;https://www.loft2rent.ru/loft/199629/199631/
"Бар ""Край""";Лофт, бар;+79856250121;N/A;https://www.loft2rent.ru/loft/187819/187822/
Бар 4 попугая;Лофт;89779970269;N/A;https://www.loft2rent.ru/loft/184548/184553/
Бар IlluminatorБар ILLUMINATOR;Лофт, бар, ночной клуб, кальянная;+79998284900;N/A;https://www.loft2rent.ru/loft/78727/78730/
бар Mishka;Бар, игровой зал, клуб;+ 7 812 313 29 25;N/A;https://www.loft2rent.ru/loft/103117/103125/
Бар «Старая Америка» в центре Москвы;Лофт, бар, ночной клуб;+7 916 440 01 30;https://www.loft2rent.ru/loft/101001/;https://www.loft2rent.ru/loft/101001/171833/
"Бар Бар ""А что если?""";Бар, антикафе, кальянная;+7 9771506923;N/A;https://www.loft2rent.ru/loft/172633/172675/
Бар Барные ТанцыБар Барные Танцы (Гадкий Койот);Бар, ночной клуб;+79063269129;N/A;https://www.loft2rent.ru/loft/131728/131811/
бар География;Бар;+74951355450;https://www.loft2rent.ru/loft/2003/;https://www.loft2rent.ru/loft/2003/66276/
бар Заря90х;Бар;+79147022890;https://www.loft2rent.ru/loft/108647/;https://www.loft2rent.ru/loft/108647/108658/
Бар на Красносельской;Лофт, ресторан, бар, кальянная;+79164400130;https://www.loft2rent.ru/loft/101001/;https://www.loft2rent.ru/loft/101001/167347/
Бар с Бильрядом3-х этажный особняк на Новокузнейкой 410м2;Ресторан, бар, игровой зал;+79152733347;N/A;https://www.loft2rent.ru/loft/155298/202492/
"Бар с БильрядомБар с бильярдом ""БТК""";Лофт, бар;+79932790619;N/A;https://www.loft2rent.ru/loft/155298/155320/
Бар с террасой;Бар, веранда;+7 (499) 113-10-95;https://www.loft2rent.ru/loft/9768/;https://www.loft2rent.ru/loft/9768/34476/
Бар Танцы food&people;Ресторан, зал, ночной клуб, на открытом воздухе;+7 (985) 119-47-09;N/A;https://www.loft2rent.ru/loft/190583/190585/
Барби;Лофт;+7 812 606 70 20;https://www.loft2rent.ru/loft/169051/;https://www.loft2rent.ru/loft/169051/169517/
Барби;Зал, фотостудия, антикафе;+7(812) 443-57-02;https://www.loft2rent.ru/loft/83744/;https://www.loft2rent.ru/loft/83744/138500/
Барби - розовый лофт с диско-шаром, фотозоной и караоке!;розовый лофт с диско-шаром, фотозоной и караоке! - Лофт, зал, антикафе;+7 495 191 41 57;https://www.loft2rent.ru/loft/142644/;https://www.loft2rent.ru/loft/142644/142863/
Бармалей;Лофт, игровой зал, детский центр;+79629939200;N/A;https://www.loft2rent.ru/loft/114920/114923/
Барное - творческое пространство ИНСАЙД;творческое пространство ИНСАЙД  - Лофт, бар, концертный зал, кальянная;89112793938;https://www.loft2rent.ru/loft/94069/;https://www.loft2rent.ru/loft/94069/73482/
Барный кластер в АТС на Некрасова;Бар, зал;+79222688548;N/A;https://www.loft2rent.ru/loft/166206/166208/
БАХРУШИНЪ LOFTСветлый зал на Алексеевской с верандой и барбекю;Лофт, зал, галерея, конференц-зал;+79168359422;N/A;https://www.loft2rent.ru/loft/1248/1249/
БАХРУШИНЪ LOFTТёмный зал на Алексеевской с верандой и барбекю;Лофт, зал, конференц-зал, фотостудия;+79168359422;N/A;https://www.loft2rent.ru/loft/1248/1252/
Башня Старка;Лофт, зал, антикафе;+7 (812) 200-78-18;https://www.loft2rent.ru/loft/75982/;https://www.loft2rent.ru/loft/75982/77288/
Безумное чаепитие;Лофт, антикафе;+7 (812) 200-78-18;https://www.loft2rent.ru/loft/75982/;https://www.loft2rent.ru/loft/75982/77395/
БелККа на Белорусской.;Лофт, ресторан, бар, зал;+79264661718;https://www.loft2rent.ru/loft/77474/;https://www.loft2rent.ru/loft/77474/156837/
Белый зал;Лофт;+7 (916) 496-11-91;https://www.loft2rent.ru/loft/44815/;https://www.loft2rent.ru/loft/44815/120052/
Белый зал;Лофт, зал, конференц-зал;+7(929) 630-30-19;https://www.loft2rent.ru/loft/5676/;https://www.loft2rent.ru/loft/5676/36197/
Белый Зал/Белый лофт/White HallБелый Зал/Белый лофт/White Hall;Зал, галерея, конференц-зал, концертный зал;+79169291659;N/A;https://www.loft2rent.ru/loft/188049/188053/
БЕЛЫЙ ЛОФТ;Лофт, бар, зал, кальянная;89965349615;https://www.loft2rent.ru/loft/126318/;https://www.loft2rent.ru/loft/126318/143091/
Белый Лофт в парке Сокольники;Лофт, учебный зал;8 (916) 796-86-82;N/A;https://www.loft2rent.ru/loft/1145/26543/
Белый лофт для тренингов и обучений;Зал, учебный зал, веранда;89258696615;N/A;https://www.loft2rent.ru/loft/1555/41060/
Белый Лофт с верандой на Нагатинской;Зал, конференц-зал, веранда;89258696615;N/A;https://www.loft2rent.ru/loft/1555/26629/
Белый минималистичный лофт с кухней и панорамными окнами (лофт МОНИКА);Лофт, зал, кулинарная студия;8 (939)888-00-08;https://www.loft2rent.ru/loft/1564/;https://www.loft2rent.ru/loft/1564/34363/
Берег;Банкетный зал, лофт, фотостудия;+79689739030;https://www.loft2rent.ru/loft/2518/;https://www.loft2rent.ru/loft/2518/195764/
Бериот танцевальный ресторан на Новом Арбате;Банкетный зал, ресторан, бар, зал, ночной клуб, концертный зал, клуб;+79255165332;https://www.loft2rent.ru/loft/172081/;https://www.loft2rent.ru/loft/172081/210647/
Берлин;Ресторан, конференц-зал, переговорная;+79629037706;N/A;https://www.loft2rent.ru/loft/105745/105752/
Бертгольд центрИвент холл Бертгольд центра;Лофт, ночной клуб, конференц-зал, концертный зал;+7 991 047-74-07;N/A;https://www.loft2rent.ru/loft/159928/160052/
беседка веранда;Детский центр, фотостудия, на открытом воздухе, веранда;89857776453;https://www.loft2rent.ru/loft/106924/;https://www.loft2rent.ru/loft/106924/180180/
Библиотека;Зал, фотостудия;+74993703816;https://www.loft2rent.ru/loft/29857/;https://www.loft2rent.ru/loft/29857/132810/
Библиотека 161;Зал, конференц-зал;89152767259;N/A;https://www.loft2rent.ru/loft/132313/132315/
Библиотека ВинаМузей винной этикетки;Отель, галерея;+7 919 771-24-65;N/A;https://www.loft2rent.ru/loft/124712/124714/
"Библиотека № 164 ""Просвещение трудящихся""";Конференц-зал;+7 926 142 17 75;N/A;https://www.loft2rent.ru/loft/61030/61033/
Библиотека №163Зал мероприятий;Коворкинг, конференц-зал, учебный зал;89166136321;N/A;https://www.loft2rent.ru/loft/48357/132851/
Библиотека №166 им. 1-го МаяБиблиотека №166 им. 1-го Мая - Большой зал;Зал, учебный зал;8-495-682-42-22 (доб. 2685);N/A;https://www.loft2rent.ru/loft/48357/48361/
Библиотека №166 им. 1-го МаяБиблиотека №166 им. 1-го Мая - Малый зал;Коворкинг, учебный зал;8-495-682-42-22 (доб. 2685);N/A;https://www.loft2rent.ru/loft/48357/173044/
Библиотека №1Библиотека №1;Зал, концертный зал;89060496233;N/A;https://www.loft2rent.ru/loft/210633/210635/
"бизнес-отель ""Россо Рива""Библиотека";Зал;+74957952444;N/A;https://www.loft2rent.ru/loft/42712/42716/
"бизнес-отель ""Россо Рива""Венеция";Банкетный зал;+74957952444;N/A;https://www.loft2rent.ru/loft/42712/42714/
"бизнес-отель ""Россо Рива""Милан";Конференц-зал;+74957952444;N/A;https://www.loft2rent.ru/loft/42712/42718/
"бизнес-отель ""Россо Рива""Палермо";Конференц-зал;+74957952444;N/A;https://www.loft2rent.ru/loft/42712/42729/
"бизнес-отель ""Россо Рива""Ресторан Россо Рива с Каминным залом";Ресторан;+74957952444;N/A;https://www.loft2rent.ru/loft/42712/42726/
"бизнес-отель ""Россо Рива""Римини";Переговорная;+74957952444;N/A;https://www.loft2rent.ru/loft/42712/42735/
"бизнес-отель ""Россо Рива""Сан-Ремо";Конференц-зал;+74957952444;N/A;https://www.loft2rent.ru/loft/42712/42731/
"бизнес-отель ""Россо Рива""Флоренция";Конференц-зал;+74957952444;N/A;https://www.loft2rent.ru/loft/42712/42733/
Бильярдный клуб Double KissPrivate Space с бильярдом (малый зал до 10 человек) в фудмолле Три Вокзала.Депо;Лофт, игровой зал;+79032602220;N/A;https://www.loft2rent.ru/loft/185623/186124/
Бильярдный клуб Double KissБильярд в фудмолле Три вокзала.Депо;Игровой зал;+79032602220;N/A;https://www.loft2rent.ru/loft/185623/185668/
Биркрафт Бар;Бар;+79104423061;N/A;https://www.loft2rent.ru/loft/89397/89403/
БК клуб;Зал, детский центр;8(499)3402808;N/A;https://www.loft2rent.ru/loft/198987/198997/
Благородная гнильДворец Олимпия;Зал, особняк, концертный зал;+79219089980;N/A;https://www.loft2rent.ru/loft/141287/141289/
Благородная гнильМьюзик-бар Литейный 14;Зал;+79219089980;N/A;https://www.loft2rent.ru/loft/141287/173216/
Богема;Банкетный зал, лофт;+7 (495) 478-06-38;https://www.loft2rent.ru/loft/109926/;https://www.loft2rent.ru/loft/109926/189273/
Богема;Лофт;+7 812 606 70 20;https://www.loft2rent.ru/loft/169051/;https://www.loft2rent.ru/loft/169051/169121/
Большая комната на Петроградской;Фотостудия;;https://www.loft2rent.ru/loft/157563/;https://www.loft2rent.ru/loft/157563/173173/
БОЛЬШОЙ;Банкетный зал, лофт, конференц-зал, фотостудия;+79035558942;https://www.loft2rent.ru/loft/15054/;https://www.loft2rent.ru/loft/15054/15063/
Большой зал;Учебный зал;+7 (812) 240-78-80;https://www.loft2rent.ru/loft/142338/;https://www.loft2rent.ru/loft/142338/142359/
Большой зал для мероприятий;Зал, концертный зал;+79637687698;https://www.loft2rent.ru/loft/65867/;https://www.loft2rent.ru/loft/65867/65870/
Большой зал на Балтийской;Лофт, зал, конференц-зал;+78122408585;https://www.loft2rent.ru/loft/144088/;https://www.loft2rent.ru/loft/144088/144112/
Большой Каминный Зал;Лофт, зал, концертный зал;+7 (952) 373-58-70;https://www.loft2rent.ru/loft/81543/;https://www.loft2rent.ru/loft/81543/126784/
Большой конференц-зал в Лужниках;Конференц-зал;+7 (495) 909−26−63;https://www.loft2rent.ru/loft/164090/;https://www.loft2rent.ru/loft/164090/166261/
БОЛЬШОЙ ЛОФТ 100М2 С БИЛЬЯРДОМ, ПРОЕКТОРОМ, НАСТОЛЬНЫМ ТЕННИСОМ И ДАРТС!;Лофт, учебный зал, антикафе;89120829050;https://www.loft2rent.ru/loft/83754/;https://www.loft2rent.ru/loft/83754/84266/
БОЛЬШОЙ ФИОЛЕТОВЫЙ ЗАЛ;Лофт, антикафе, кальянная;89120829050;https://www.loft2rent.ru/loft/83754/;https://www.loft2rent.ru/loft/83754/84137/
Бохо;Лофт;+7 812 606 70 20;https://www.loft2rent.ru/loft/169051/;https://www.loft2rent.ru/loft/169051/169223/
Браун;Лофт;+7 (495) 478-06-38;https://www.loft2rent.ru/loft/109926/;https://www.loft2rent.ru/loft/109926/133902/
БРАШ (BRASH);Фотостудия;+7 (925) 858-24-94;https://www.loft2rent.ru/loft/138720/;https://www.loft2rent.ru/loft/138720/138841/
БРИЗ (BREEZE);Фотостудия;+7 (925) 858-24-94;https://www.loft2rent.ru/loft/138720/;https://www.loft2rent.ru/loft/138720/204905/
БРОСКО ЛОФТ;Лофт, бар, конференц-зал, кальянная;89965349615;https://www.loft2rent.ru/loft/126318/;https://www.loft2rent.ru/loft/126318/135900/
Бруклин;Лофт, антикафе;+7 (495) 478-06-38;https://www.loft2rent.ru/loft/109926/;https://www.loft2rent.ru/loft/109926/189260/
Брусницын Лофт Брусницын Лофт;Лофт, зал, конференц-зал;+7 (953) 410-22-76;N/A;https://www.loft2rent.ru/loft/140258/140263/
БСА Конф Лужники;Концертный зал, на открытом воздухе;+7 (495) 909−26−63;https://www.loft2rent.ru/loft/164090/;https://www.loft2rent.ru/loft/164090/180454/
Бутик в БутикеПространство для камерных мероприятий Бутик в Бутике;Кабинет, банкетный зал;+7 (999) 460-44-50;N/A;https://www.loft2rent.ru/loft/202669/202673/
"Бутиковый лофт ""Гештальт клуб"" в старинном особняке на Чистых прудах";Лофт, бар, ночной клуб, клуб;7 901 417-24-60;https://www.loft2rent.ru/loft/102611/;https://www.loft2rent.ru/loft/102611/102772/
Бухта Майями;Лофт, антикафе;+7 (812) 200-78-18;https://www.loft2rent.ru/loft/75982/;https://www.loft2rent.ru/loft/75982/77275/
БЦ STROTSKISEvent Пространство;Зал;+79645119243;N/A;https://www.loft2rent.ru/loft/110939/110959/
БЦ STROTSKISSLAB BAR;Веранда;+79645119243;N/A;https://www.loft2rent.ru/loft/110939/114117/
БЦ STROTSKISКонференц зал;Конференц-зал, переговорная;+79645119243;N/A;https://www.loft2rent.ru/loft/110939/110941/
БЦ STROTSKISПереговорная EAST;Конференц-зал, переговорная;+79645119243;N/A;https://www.loft2rent.ru/loft/110939/110948/
БЦ STROTSKISПереговорная WEST;Конференц-зал, переговорная;+79645119243;N/A;https://www.loft2rent.ru/loft/110939/110952/
БЦ STROTSKISРесторан-Караоке COSMO;Ресторан;+79645119243;N/A;https://www.loft2rent.ru/loft/110939/114066/
Бэкстейдж лофт на Красном Октябре с караоке и камином;Лофт;+79165699364;https://www.loft2rent.ru/loft/66644/;https://www.loft2rent.ru/loft/66644/210842/
Бэтмен;Лофт, антикафе;+7 (812) 200-78-18;https://www.loft2rent.ru/loft/75982/;https://www.loft2rent.ru/loft/75982/77240/
Бюро Горбунова Учебный класс Бюро Горбунова;Зал, учебный зал, веранда;+79256566293;N/A;https://www.loft2rent.ru/loft/189623/189626/
Вагнер;Апартаменты, лофт, фотостудия;+79689739030;https://www.loft2rent.ru/loft/2518/;https://www.loft2rent.ru/loft/2518/56774/
Ван Гог - Светлый лофт в центре Москвы;Светлый лофт в центре Москвы - Лофт, конференц-зал;+7 (495) 032-73-90;https://www.loft2rent.ru/loft/5581/;https://www.loft2rent.ru/loft/5581/6854/
ВАТТ;Лофт;+74952924217;https://www.loft2rent.ru/loft/53255/;https://www.loft2rent.ru/loft/53255/71108/
Вдохновляющий Loft Москва-сити;Апартаменты;;https://www.loft2rent.ru/loft/107530/;https://www.loft2rent.ru/loft/107530/156373/
Вебинарная комната для работы за компьютером;Кабинет;89898415534;https://www.loft2rent.ru/loft/157491/;https://www.loft2rent.ru/loft/157491/187218/
Вегас;Лофт;+7 812 606 70 20;https://www.loft2rent.ru/loft/169051/;https://www.loft2rent.ru/loft/169051/169221/
Велетный причал;Банкетный зал, зал, конференц-зал;+79858003339;https://www.loft2rent.ru/loft/180659/;https://www.loft2rent.ru/loft/180659/180662/
Веранда гриль;Лофт, зал, конференц-зал, кальянная;89152288949;N/A;https://www.loft2rent.ru/loft/88837/88842/
Веранда Крылатские холмы;Ресторан, бар, зал, веранда;+79164400130;https://www.loft2rent.ru/loft/101001/;https://www.loft2rent.ru/loft/101001/130819/
"Веранда Лофт ""Комнаты"" аренда под мероприятия";Лофт, зал, конференц-зал, веранда;+79585410041;https://www.loft2rent.ru/loft/97591/;https://www.loft2rent.ru/loft/97591/105211/
Веранда на ВДНХ;Ресторан, зал, веранда;+79164400130;https://www.loft2rent.ru/loft/101001/;https://www.loft2rent.ru/loft/101001/169200/
Веранда на крыше винного бара Do;Бар, зал, веранда;+79819869826;https://www.loft2rent.ru/loft/141917/;https://www.loft2rent.ru/loft/141917/141949/
Версаль. Элегантный лофт с караоке и атмосферой роскоши.;Лофт, зал, антикафе;+7 495 191 41 57;https://www.loft2rent.ru/loft/142644/;https://www.loft2rent.ru/loft/142644/192370/
Вершина стиля в Москва сити лофт на 83 этаже;Апартаменты;+79111023333;https://www.loft2rent.ru/loft/107530/;https://www.loft2rent.ru/loft/107530/156426/
"Видеостудия ""Послушай Сюда!""Темный и Светлый залы";Зал, фотостудия;+79266055515;N/A;https://www.loft2rent.ru/loft/177563/177565/
Вилла дель Венто/Villa del Vento;Лофт, фотостудия;+7 952 214 34 18;https://www.loft2rent.ru/loft/94920/;https://www.loft2rent.ru/loft/94920/94931/
Винил;Лофт;+7 812 606 70 20;https://www.loft2rent.ru/loft/169051/;https://www.loft2rent.ru/loft/169051/169526/
Винил лофт с верандой рядом с метро;Лофт, зал, веранда;+7 9773592477;https://www.loft2rent.ru/loft/vinyl/;https://www.loft2rent.ru/loft/2148/90106/
Винный погреб LA Grande CaveВинный погреб La Grande Cave;Зал, конференц-зал;+7 985 922 31 91;N/A;https://www.loft2rent.ru/loft/186082/186084/
Виола - большой камерный лофт с панорамными окнами в парке Сокольники;большой камерный лофт с панорамными окнами в парке Сокольники - Банкетный зал, бар, конференц-зал, особняк;+7 (931) 111-81-02;https://www.loft2rent.ru/loft/42016/;https://www.loft2rent.ru/loft/42016/175903/
Виола Восточная - светлый лофт до 40 человек в Сокольниках;светлый лофт до 40 человек в Сокольниках - Лофт;+7 (931) 111-81-02;https://www.loft2rent.ru/loft/42016/;https://www.loft2rent.ru/loft/42016/173509/
Виола Западная - небольшой лофт с мангалом в парке;небольшой лофт с мангалом в парке - Банкетный зал, лофт, особняк, веранда;+7 (931) 111-81-02;https://www.loft2rent.ru/loft/42016/;https://www.loft2rent.ru/loft/42016/174884/
ВИП комната с ps до 10 гостей;Кальянная;8-977-333-22-18;https://www.loft2rent.ru/loft/62564/;https://www.loft2rent.ru/loft/62564/64135/
"Вип-зал в УСЗ ""Дружба"" в Лужниках";Зал;+7 (495) 909−26−63;https://www.loft2rent.ru/loft/164090/;https://www.loft2rent.ru/loft/164090/166824/
Вип-зал №4 на Новослободской;Бар;+74991163697;https://www.loft2rent.ru/loft/103317/;https://www.loft2rent.ru/loft/103317/141361/
Вип-ложа Лужники;Кабинет, конференц-зал, переговорная;+7 (495) 909−26−63;https://www.loft2rent.ru/loft/164090/;https://www.loft2rent.ru/loft/164090/181092/
ВИП-ЛОФТ С МЯГКОЙ МЕБЕЛЬЮ ОТ 7200Р;Лофт, антикафе, кальянная;89120829050;https://www.loft2rent.ru/loft/83754/;https://www.loft2rent.ru/loft/83754/99004/
Вкус & ЦветЗал Космос;Зал, спорт-зал;8 (495) 278 11 24;N/A;https://www.loft2rent.ru/loft/69354/69358/
"Водно-спортивная база ""ГАЛС""Большой шатер Антлантик";;+79588085751;N/A;https://www.loft2rent.ru/loft/177580/177603/
"Водно-спортивная база ""ГАЛС""Верхний шатер IBIZA";Шатер, на открытом воздухе;+79588085751;N/A;https://www.loft2rent.ru/loft/177580/177600/
"Водно-спортивная база ""ГАЛС""Шатер у воды MONACO";;+79588085751;N/A;https://www.loft2rent.ru/loft/177580/177602/
Воздушный лофт для девичников и гендер-пати (лофт Классик);Лофт, зал;8 (939)888-00-08;https://www.loft2rent.ru/loft/1564/;https://www.loft2rent.ru/loft/1564/87313/
Волна (Циклорама);Зал, фотостудия;+79150127722;https://www.loft2rent.ru/loft/116807/;https://www.loft2rent.ru/loft/116807/122989/
Вольт;Лофт, зал, галерея;+78122133202;https://twitter.com/sevcableport;https://www.loft2rent.ru/loft/80332/80426/
Вольта;Фотостудия, кулинарная студия;8-968-973-90-30;https://www.loft2rent.ru/loft/2518/;https://www.loft2rent.ru/loft/2518/69113/
Вольта;Лофт;+79935905884;https://www.loft2rent.ru/loft/92780/;https://www.loft2rent.ru/loft/92780/133464/
Воробьевы Холл;Лофт, ресторан, конференц-зал;+7(495) 161-67-47;N/A;https://www.loft2rent.ru/loft/150971/150983/
Восточный экспресс 1 и 2;Банкетный зал, конференц-зал, концертный зал;+7 (495) 660-53-53;https://www.loft2rent.ru/loft/200502/;https://www.loft2rent.ru/loft/200502/200532/
"Врубель - Купольное пространство в парке ""Сокольники""";"Купольное пространство в парке &quot;Сокольники&quot; - Лофт, зал";+7 (495) 032-73-90;https://www.loft2rent.ru/loft/5581/;https://www.loft2rent.ru/loft/5581/171348/
ВУД (WOOD);Зал, фотостудия;+7 (925) 858-24-94;https://www.loft2rent.ru/loft/138720/;https://www.loft2rent.ru/loft/138720/144073/
Высота 57 Lounge;Банкетный зал, ресторан, бар, кальянная;+79851305757;N/A;https://www.loft2rent.ru/loft/203654/203656/
ВЫСОТА ЛОФТ;Лофт;+79233388212;https://www.loft2rent.ru/loft/126318/;https://www.loft2rent.ru/loft/126318/169037/
Гавайи;Зал;+7 (495) 478-06-38;https://www.loft2rent.ru/loft/109926/;https://www.loft2rent.ru/loft/109926/134475/
Гавайи Лофт - двухэтажный большой лофт на Бауманской;двухэтажный большой лофт на Бауманской - Банкетный зал, лофт, бар, веранда;+7 (931) 111-81-02;https://www.loft2rent.ru/loft/42016/;https://www.loft2rent.ru/loft/42016/62440/
"Галерея ""Колокольников,17""";Лофт, бар, зал, галерея;+7 964 763 59 89;N/A;https://www.loft2rent.ru/loft/102466/102470/
Галерея дизайна;Галерея, конференц-зал, переговорная;+79266507747;N/A;https://www.loft2rent.ru/loft/119138/119149/
галерея Другое Дело;Конференц-зал, концертный зал;89262312885;N/A;https://www.loft2rent.ru/loft/75602/75660/
Галерея Лофт;Лофт, зал;+79268244318;https://www.loft2rent.ru/loft/179457/;https://www.loft2rent.ru/loft/179457/179509/
Галерея М - антикафе;антикафе - Лофт, галерея, антикафе;+79636936248;https://www.loft2rent.ru/loft/191451/;https://www.loft2rent.ru/loft/191451/192267/
Галерея Ретро Лофт! Новое пространство / Мid-Cеntury / Bаuhаus / Vinyl;Лофт, игровой зал, конференц-зал, учебный зал;89166784019;https://www.loft2rent.ru/loft/204507/;https://www.loft2rent.ru/loft/204507/204509/
Гастробар Open People;Бар;88123807838;N/A;https://www.loft2rent.ru/loft/136559/136561/
Гастрономическая улица strEATБалкон у сцены;Ресторан, бар;8(985)228-66-33;N/A;https://www.loft2rent.ru/loft/84302/84616/
Гастрономическая улица strEATБольшой балкон;Ресторан, бар, зал;8(985)228-66-33;N/A;https://www.loft2rent.ru/loft/84302/84604/
Гастрономическая улица strEATМалый балкон;Ресторан, зал;8(985)228-66-33;N/A;https://www.loft2rent.ru/loft/84302/84613/
"Гастротеатр ""Красная мельница""Гастротеатр ""Красная мельница""";Ресторан, зал, концертный зал;89139583777;N/A;https://www.loft2rent.ru/loft/168858/168901/
Геолофт;Лофт, зал;+74951355450;https://www.loft2rent.ru/loft/2003/;https://www.loft2rent.ru/loft/2003/32352/
ГЕРЦ;Лофт, зал, конференц-зал, концертный зал;+74952924217;https://www.loft2rent.ru/loft/53255/;https://www.loft2rent.ru/loft/53255/86214/
Герцег лофт аренда под мероприятия;Банкетный зал, лофт, ресторан, конференц-зал;+79585410041;https://www.loft2rent.ru/loft/97591/;https://www.loft2rent.ru/loft/97591/186238/
Гламур;Лофт;7 915 210 34 51;N/A;https://www.loft2rent.ru/loft/155834/155836/
ГНЕЗДО Африка - камерный афро-лофт 35 м²;камерный афро-лофт 35 м² - Лофт, антикафе;+7 (958) 827 71 73;https://www.loft2rent.ru/loft/16584/;https://www.loft2rent.ru/loft/16584/171945/
ГНЕЗДО Дом — двухэтажный лофт-квартира 65 м²;Лофт;+7 (958) 827 71 73;https://www.loft2rent.ru/loft/16584/;https://www.loft2rent.ru/loft/16584/162607/
Голден - тусовочный лофт с диско-шаром, фотозоной и караоке!;тусовочный лофт с диско-шаром, фотозоной и караоке! - Банкетный зал, лофт, антикафе, кальянная;+74991113716;https://www.loft2rent.ru/loft/131919/;https://www.loft2rent.ru/loft/131919/136828/
Гольф Центр на Красном Октябре;Лофт, ресторан, зал;+74997500505;N/A;https://www.loft2rent.ru/loft/76600/76828/
Гонки на радиоуправляемых монстр-траках;Лофт, игровой зал, детский центр;89681866965;N/A;https://www.loft2rent.ru/loft/173039/173047/
Горизонт;Лофт, фотостудия, переговорная;8-968-973-90-30;https://www.loft2rent.ru/loft/2518/;https://www.loft2rent.ru/loft/2518/37396/
Горизонт Событий;Зал, учебный зал, переговорная;+7 (343) 228-78-84;N/A;https://www.loft2rent.ru/loft/94347/94353/
ГОРПАБ 10/05;Ресторан, бар, кальянная;+78432034554;N/A;https://www.loft2rent.ru/loft/146917/152954/
Гостиная;Банкетный зал;+7 (999) 062-33-53;N/A;https://www.loft2rent.ru/loft/100720/100722/
Гостиная в особняке на Выборгской;Фотостудия;;https://www.loft2rent.ru/loft/157563/;https://www.loft2rent.ru/loft/157563/173192/
Гостиная для друзей с террасой;Лофт, веранда;+79360019650;https://www.loft2rent.ru/loft/107715/;https://www.loft2rent.ru/loft/107715/107717/
Гостиная №9;Лофт, крыша, переговорная;+7 (926)769-99-90;https://www.loft2rent.ru/loft/115019/;https://www.loft2rent.ru/loft/115019/156178/
Гостиница Звёздная«Звёздная»;;+79851124227;N/A;https://www.loft2rent.ru/loft/208020/208024/
ГоТайГоТай - Китайский ресторан;Банкетный зал, ресторан, конференц-зал;+7 985 890 57 25;N/A;https://www.loft2rent.ru/loft/139533/139535/
Гранд;Лофт, зал, фотостудия, учебный зал;+79150127722;https://www.loft2rent.ru/loft/116807/;https://www.loft2rent.ru/loft/116807/116814/
Гранд Лес;Банкетный зал, веранда;89250520976;https://www.loft2rent.ru/loft/125499/;https://www.loft2rent.ru/loft/125499/204419/
Гранд-холл Лужники;Зал;+7 (495) 909−26−63;https://www.loft2rent.ru/loft/164090/;https://www.loft2rent.ru/loft/164090/166255/
Графит;Зал, галерея, ночной клуб, концертный зал;+79099071169;N/A;https://www.loft2rent.ru/loft/124114/124244/
Гриндей - свежий лофт с диско-шаром, караоке и приставкой!;свежий лофт с диско-шаром, караоке и приставкой! - Лофт, антикафе, кальянная;+74991113716;https://www.loft2rent.ru/loft/131919/;https://www.loft2rent.ru/loft/131919/136833/
Гэтсби;Зал;+7 (495) 478-06-38;https://www.loft2rent.ru/loft/109926/;https://www.loft2rent.ru/loft/109926/134479/
Гэтсби;Лофт, зал, антикафе;+7(812) 443-57-02;https://www.loft2rent.ru/loft/83744/;https://www.loft2rent.ru/loft/83744/84977/
Гэтсби - cтильный тематический лофт в черно-золотых цветах с караоке, светомузыкой и фотозоной!;cтильный тематический лофт в черно-золотых цветах с караоке, светомузыкой и фотозоной! - Лофт, зал, антикафе;+7 495 191 41 57;https://www.loft2rent.ru/loft/142644/;https://www.loft2rent.ru/loft/142644/142867/
Давид;Лофт;+7 812 606 70 20;https://www.loft2rent.ru/loft/169051/;https://www.loft2rent.ru/loft/169051/169686/
Дали - Уютный лофт в стиле прованс;Уютный лофт в стиле прованс - Лофт;+7 (495) 032-73-90;https://www.loft2rent.ru/loft/5581/;https://www.loft2rent.ru/loft/5581/81945/
Даниловский Холл;Концертный зал;+7 (495) 798-51-81;https://www.loft2rent.ru/loft/28030/;https://www.loft2rent.ru/loft/28030/192132/
Дарк;Зал;+7 (495) 478-06-38;https://www.loft2rent.ru/loft/109926/;https://www.loft2rent.ru/loft/109926/134477/
Дачные Истории;Фотостудия, на открытом воздухе, веранда;89993669111;N/A;https://www.loft2rent.ru/loft/191709/191711/
Два Дивана Шоу МоскваБольшая студия + банкетная зона Два Дивана;Коворкинг, фотостудия;+7 495 877-49-55;N/A;https://www.loft2rent.ru/loft/139515/139524/
Два Дивана Шоу МоскваМалая Студия Два Дивана;Игровой зал;+7 495 877-49-55;N/A;https://www.loft2rent.ru/loft/139515/139521/
Два Дивана Шоу МоскваПереговорная / лаундж зона Два Дивана;Коворкинг;+7 495 877-49-55;N/A;https://www.loft2rent.ru/loft/139515/139518/
Две комнатыДве Комнаты Светлая комната;Лофт;89771553073;N/A;https://www.loft2rent.ru/loft/168102/168120/
Две комнатыДве комнаты. Темная комната;Лофт;89771553073;N/A;https://www.loft2rent.ru/loft/168102/168116/
Двойной зал на Калашном;Лофт, зал;+7 495 255 2522;https://www.loft2rent.ru/loft/54442/;https://www.loft2rent.ru/loft/54442/54471/
Дворец Ирины Винер Лужники;Зал, спорт-зал, конференц-зал, концертный зал;+7 (495) 909−26−63;https://www.loft2rent.ru/loft/164090/;https://www.loft2rent.ru/loft/164090/180238/
"Дворец КваренгиЗал ""Music Hall""";Бар;+79219042081;N/A;https://www.loft2rent.ru/loft/174894/174898/
"Дворец КваренгиЗал ""Белый""";Лофт;+79219042081;N/A;https://www.loft2rent.ru/loft/174894/174992/
"Дворец КваренгиЗал ""Библиотека""";Конференц-зал, концертный зал;+79219042081;N/A;https://www.loft2rent.ru/loft/174894/174995/
"Дворец КваренгиЗал ""Голубая гостиная""";Банкетный зал, зал, конференц-зал;+79219042081;N/A;https://www.loft2rent.ru/loft/174894/175067/
"Дворец КваренгиЗал ""Каминный""";Зал;+79219042081;N/A;https://www.loft2rent.ru/loft/174894/175025/
"Дворец КваренгиЗал ""Мон Плезир""";Лофт, конференц-зал;+79219042081;N/A;https://www.loft2rent.ru/loft/174894/175094/
"Дворец КваренгиЗал ""Пеликанов""";Зал;+79219042081;N/A;https://www.loft2rent.ru/loft/174894/174897/
Дворец Культур;Банкетный зал, зал, конференц-зал;74991197380;https://www.loft2rent.ru/loft/193410/;https://www.loft2rent.ru/loft/193410/193418/
"Двухуровневый лофт ""МЫВМЕСТЕ""";Лофт;+79052121332;N/A;https://www.loft2rent.ru/loft/135295/135323/
Двухуровневый лофт ЮкаЮка лофт;Коворкинг, игровой зал, детский центр;+79265261337;N/A;https://www.loft2rent.ru/loft/14310/24270/
ДВУХЭТАЖНЫЙ ЛОФТ С КАРАОКЕ СО СКИДКОЙ ОТ 10000Р;Лофт, антикафе, кальянная;89120829050;https://www.loft2rent.ru/loft/83754/;https://www.loft2rent.ru/loft/83754/118224/
Двухэтажный пентхаус с видом на Москву;Зал, крыша, на открытом воздухе;;https://www.loft2rent.ru/loft/200169/;https://www.loft2rent.ru/loft/200169/201029/
Деловой центр К29Большой зал Делового центра К29;Зал, концертный зал;+7-925-4944162;N/A;https://www.loft2rent.ru/loft/86350/86366/
Деловой центр К29Паркетный зал Делового центра К29;Конференц-зал, учебный зал;+7-925-4944162;N/A;https://www.loft2rent.ru/loft/86350/89017/
Детский и семейный лофт в Новосибирске | ПингвиЛофт;;+79931909032;N/A;https://www.loft2rent.ru/loft/150257/150259/
"Детский лофт ""мяу""Детский лофт МЯУ";Лофт, игровой зал;+79030020918;N/A;https://www.loft2rent.ru/loft/164268/164270/
Детский лофт с верандой в парке;Лофт, игровой зал, на открытом воздухе;+79013551562;https://www.loft2rent.ru/loft/58317/;https://www.loft2rent.ru/loft/58317/59076/
Детский лофт Чудо чердачокЧудо чердачок (Glow);Лофт, игровой зал, детский центр;+74993504653;N/A;https://www.loft2rent.ru/loft/104981/105098/
Детский лофт Чудо чердачокЧудо чердачок (Green);Игровой зал, детский центр;+74993504653;N/A;https://www.loft2rent.ru/loft/104981/105094/
Детский лофт Чудо чердачокЧудо чердачок (Love);Лофт, игровой зал, детский центр;+74993504653;N/A;https://www.loft2rent.ru/loft/104981/105139/
Детский лофт Чудо чердачокЧудо чердачок (Neon);Лофт, игровой зал, детский центр;+74993504653;N/A;https://www.loft2rent.ru/loft/104981/104988/
Детский лофт Чудо чердачокЧудо чердачок (Wood);Лофт, игровой зал, детский центр;8-499-350-46-53;N/A;https://www.loft2rent.ru/loft/104981/105133/
ДЕТСКИЙ ЦЕНТР НА ЛОМОНОСОВСКОМ;Зал, игровой зал, детский центр;+7 916 543-62-46;N/A;https://www.loft2rent.ru/loft/98620/98622/
Детское пространство «Гнезда»Детское пространство «Гнезда»;Лофт, игровой зал, детский центр;89165294078;N/A;https://www.loft2rent.ru/loft/132707/132723/
Джаз;Лофт, зал, антикафе;+7 (495) 478-06-38;https://www.loft2rent.ru/loft/109926/;https://www.loft2rent.ru/loft/109926/134719/
Джаз;Лофт, зал;+7(812) 443-57-02;https://www.loft2rent.ru/loft/83744/;https://www.loft2rent.ru/loft/83744/84721/
ДЖАЗ (JAZZ);Фотостудия;+7 (925) 858-24-94;https://www.loft2rent.ru/loft/138720/;https://www.loft2rent.ru/loft/138720/141532/
Джентльмены;Лофт;+7 (391) 989-86-33;https://www.loft2rent.ru/loft/164165/;https://www.loft2rent.ru/loft/164165/164167/
Джуманджи;Лофт;+7 (391) 989-86-33;https://www.loft2rent.ru/loft/164165/;https://www.loft2rent.ru/loft/164165/164170/
Джунгли;Зал;+7 (495) 478-06-38;https://www.loft2rent.ru/loft/109926/;https://www.loft2rent.ru/loft/109926/134485/
Дизайнерский лофт Гараж с караоке и игровой в 2-х минутах от метро;Лофт, ночной клуб;+7 9932617652;https://www.loft2rent.ru/loft/1665/;https://www.loft2rent.ru/loft/68944/134352/
Диско;Лофт, антикафе;+7 (495) 478-06-38;https://www.loft2rent.ru/loft/109926/;https://www.loft2rent.ru/loft/109926/188963/
Диско;Лофт;+7 812 606 70 20;https://www.loft2rent.ru/loft/169051/;https://www.loft2rent.ru/loft/169051/169512/
Диско;Лофт, антикафе;+7 (812) 200-78-18;https://www.loft2rent.ru/loft/75982/;https://www.loft2rent.ru/loft/75982/77057/
ДК КироваХолл;Зал, галерея, конференц-зал;+7 (981) 109 66 99;N/A;https://www.loft2rent.ru/loft/134314/165610/
ДК КРИСТАЛЛ клуб-лофт, концертный зал;Зал, концертный зал;++79585410041;https://www.loft2rent.ru/loft/97591/;https://www.loft2rent.ru/loft/97591/103982/
ДК Рассвет;Лофт, зал, конференц-зал, фотостудия;wa.me/79164754824;N/A;https://www.loft2rent.ru/loft/52227/52236/
Дом Business SpeechЗал Мансарда;Конференц-зал, учебный зал, переговорная;+7 (495) 680-57-88;N/A;https://www.loft2rent.ru/loft/2758/38066/
Дом Business SpeechШКМ;Конференц-зал, учебный зал, переговорная;+7 (495) 680-57-88;N/A;https://www.loft2rent.ru/loft/2758/38991/
"Дом АтлантовЗал ""Игнис""";Конференц-зал;+7 9246063249;N/A;https://www.loft2rent.ru/loft/53574/53576/
"Дом АтлантовПереговорая ""Аура""";Переговорная;+7 9246063249;N/A;https://www.loft2rent.ru/loft/53574/53681/
"Дом АтлантовПереговорная ""Аква""";Переговорная;+7 9246063249;N/A;https://www.loft2rent.ru/loft/53574/53685/
"Дом АтлантовПереговорная ""Терра""";Переговорная;+7 9246063249;N/A;https://www.loft2rent.ru/loft/53574/53679/
"Дом АтлантовПереговорная ""Футурум""";Переговорная;+7 9246063249;N/A;https://www.loft2rent.ru/loft/53574/206029/
"Дом АтлантовПереговорная ""Эфир""";Переговорная;+7 9246063249;N/A;https://www.loft2rent.ru/loft/53574/206020/
ДОМ БОСИКОМСтудия йоги;Зал, спорт-зал, учебный зал;+79670631251;N/A;https://www.loft2rent.ru/loft/73675/73678/
ДОМ ВИНТАЖНОЙ МУЗЫКИ: БОЛЬШАЯ СЦЕНА;Бар, галерея, концертный зал, клуб;+79169328983;https://www.loft2rent.ru/loft/133379/;https://www.loft2rent.ru/loft/133379/133381/
ДОМ ВИНТАЖНОЙ МУЗЫКИ: МАЛАЯ СЦЕНА;Клуб;+79169328983;https://www.loft2rent.ru/loft/133379/;https://www.loft2rent.ru/loft/133379/169682/
Дом Гарри Поттера;Лофт, квест, антикафе;+7 (901) 333-77-31;https://www.loft2rent.ru/loft/39148/;https://www.loft2rent.ru/loft/39148/39150/
Дом Дизайна;Коворкинг, переговорная;89057410694;N/A;https://www.loft2rent.ru/loft/202484/202488/
Дом Зелено;Коворкинг, переговорная;89168651859;N/A;https://www.loft2rent.ru/loft/177429/177431/
Дом Культуры;Зал, игровой зал, учебный зал;+7(925) 448-13-73;https://www.loft2rent.ru/loft/77612/;https://www.loft2rent.ru/loft/77612/77615/
Дом культуры FAKTURA#1913Маросейка;Лофт, зал;+74952210170;N/A;https://www.loft2rent.ru/loft/1405/1406/
Дом культуры FAKTURA#1913Покровка;Лофт, зал, конференц-зал, учебный зал;+74952210170;N/A;https://www.loft2rent.ru/loft/1405/1407/
Дом розового кролика;Бар, фотостудия;+79118353489;N/A;https://www.loft2rent.ru/loft/158746/158782/
Дом розового кроликаSuper Vip;Бар;+79118353489;N/A;https://www.loft2rent.ru/loft/158746/163574/
Дом розового кроликаКинозал-Караоке;Бар;+79118353489;N/A;https://www.loft2rent.ru/loft/158746/159194/
Дом ЭвиЦентра;Зал, конференц-зал, на открытом воздухе, антикафе;+79160876137;https://www.loft2rent.ru/loft/155206/;https://www.loft2rent.ru/loft/155206/182635/
Дрепин ЛофтДрепин Дача;Шатер, особняк, на открытом воздухе, веранда;+79660758366;N/A;https://www.loft2rent.ru/loft/98969/107997/
Дрепин ЛофтДрепин Лофт;Лофт, зал, детский центр;89154868833;N/A;https://www.loft2rent.ru/loft/98969/98973/
Дримс - клубный лофт с караоке с отличной акустикой для любимых хитов, фотозоной с неоновым оформлением и диско‑шаром!;клубный лофт с караоке с отличной акустикой для любимых хитов, фотозоной с неоновым оформлением и диско‑шаром! - Лофт, зал, антикафе;+7 495 191 41 57;https://www.loft2rent.ru/loft/142644/;https://www.loft2rent.ru/loft/142644/142906/
Дробь 8;Кабинет, лофт, учебный зал, переговорная;8991 233 3175;N/A;https://www.loft2rent.ru/loft/159284/159307/
Дубай;Лофт;+7 812 606 70 20;https://www.loft2rent.ru/loft/169051/;https://www.loft2rent.ru/loft/169051/169150/
ДУШУ НАРУЖУ;Коворкинг, лофт, спорт-зал;89936299657;N/A;https://www.loft2rent.ru/loft/104858/104866/
Дэнс - яркий и современный лофт с фотозоной с неоном, караоке и диско-шаром!;яркий и современный лофт с фотозоной с неоном, караоке и диско-шаром! - Лофт, зал, антикафе;+7 495 191 41 57;https://www.loft2rent.ru/loft/142644/;https://www.loft2rent.ru/loft/142644/142914/
Желтый ДомБар Желтый Дом;Ресторан, бар, особняк;+7 9684508760;N/A;https://www.loft2rent.ru/loft/168238/168873/
Жемчуг;Лофт, антикафе;+7 (495) 478-06-38;https://www.loft2rent.ru/loft/109926/;https://www.loft2rent.ru/loft/109926/171901/
Живописный лофт Москва сити;Апартаменты, лофт;+79111023333;https://www.loft2rent.ru/loft/107530/;https://www.loft2rent.ru/loft/107530/156446/
За Нарисованным Очагом;Зал, конференц-зал, концертный зал;+79811682250;https://www.loft2rent.ru/loft/81543/;https://www.loft2rent.ru/loft/81543/126814/
"Загородный банкетный комплекс ""ТЕПЛИЦА-ПАРК""ТЕПЛИЦА-ПАРК";Отель, ресторан, зал, веранда;+7 (926) 127 25 22;N/A;https://www.loft2rent.ru/loft/181035/181040/
Зазеркалье;Лофт, антикафе;+7 (812) 200-78-18;https://www.loft2rent.ru/loft/75982/;https://www.loft2rent.ru/loft/75982/77319/
"Зал ""Барный"" для новогоднего корпоратива";Игровой зал, антикафе;+7 (900) 649-02-29;https://www.loft2rent.ru/loft/109505/;https://www.loft2rent.ru/loft/109505/147968/
"Зал ""Вознесенский""";Зал, конференц-зал, учебный зал;+7 958 538-65-47;https://www.loft2rent.ru/loft/114505/;https://www.loft2rent.ru/loft/114505/129025/
"Зал ""Гарда""";Лофт, ресторан, бар, зал;+79255165332;https://www.loft2rent.ru/loft/172081/;https://www.loft2rent.ru/loft/172081/190825/
"Зал ""Голландия""";Отель, ресторан, зал, конференц-зал;+7 (950) 011 4828;N/A;https://www.loft2rent.ru/loft/165014/165016/
"Зал ""Измайловский""";Зал, конференц-зал, учебный зал;+7 958 538-65-47;https://www.loft2rent.ru/loft/114505/;https://www.loft2rent.ru/loft/114505/128997/
"Зал ""Лекторий!"" для уютного корпоратива";Учебный зал, переговорная;+7 (900) 649-02-29;https://www.loft2rent.ru/loft/109505/;https://www.loft2rent.ru/loft/109505/147965/
"Зал ""Лермонтовский""";Лофт, зал, учебный зал;+7 958 538-65-47;https://www.loft2rent.ru/loft/114505/;https://www.loft2rent.ru/loft/114505/129004/
"Зал ""Московский""";Зал, конференц-зал, учебный зал;+7 958 538-65-47;https://www.loft2rent.ru/loft/114505/;https://www.loft2rent.ru/loft/114505/114508/
"Зал ""Троицкий""";Лофт, зал, учебный зал;+7 958 538-65-47;https://www.loft2rent.ru/loft/114505/;https://www.loft2rent.ru/loft/114505/129028/
"Зал ""Фонтанка""";Лофт, зал, учебный зал;+7 958 538-65-47;https://www.loft2rent.ru/loft/114505/;https://www.loft2rent.ru/loft/114505/128998/
Зал 100;Фотостудия;+7 (901)417-71-10;https://www.loft2rent.ru/loft/166921/;https://www.loft2rent.ru/loft/166921/166942/
Зал 190;Фотостудия, учебный зал;+7 (901)417-71-10;https://www.loft2rent.ru/loft/166921/;https://www.loft2rent.ru/loft/166921/166923/
Зал 2 - дизайнерская кабинет до 8 человек;дизайнерская кабинет до 8 человек - Кабинет;89898415534;https://www.loft2rent.ru/loft/157491/;https://www.loft2rent.ru/loft/157491/187165/
Зал 27 м² для йоги, мастер-классов, тренингов;Зал, спорт-зал, учебный зал;89175091916;https://www.loft2rent.ru/loft/74665/;https://www.loft2rent.ru/loft/74665/74673/
Зал 3 - уютный и светлый кабинет до 4 человек;уютный и светлый кабинет до 4 человек - Кабинет;89898415534;https://www.loft2rent.ru/loft/157491/;https://www.loft2rent.ru/loft/157491/187096/
Зал 4 - стильная кулинарная студия для творческих мастер-классов;стильная кулинарная студия для творческих мастер-классов - Кабинет, переговорная, кулинарная студия;89898415534;https://www.loft2rent.ru/loft/157491/;https://www.loft2rent.ru/loft/157491/186765/
Зал 5 - светлый малый зал до 20 человек;светлый малый зал до 20 человек - Переговорная;89898415534;https://www.loft2rent.ru/loft/157491/;https://www.loft2rent.ru/loft/157491/186054/
Зал 6 - просторный и светлый конференц-зал с проектором до 50 человек;просторный и светлый конференц-зал с проектором до 50 человек - Конференц-зал;89898415534;https://www.loft2rent.ru/loft/157491/;https://www.loft2rent.ru/loft/157491/157663/
Зал 65 кв.м с большими окнами;Зал, спорт-зал;+7 (999) 984-29-62;https://www.loft2rent.ru/loft/163570/;https://www.loft2rent.ru/loft/163570/163599/
Зал 80;Фотостудия;+7 (901)417-71-10;https://www.loft2rent.ru/loft/166921/;https://www.loft2rent.ru/loft/166921/166940/
Зал 9 - просторный конференц-зал 300кв.м до 200 человек;просторный конференц-зал 300кв.м до 200 человек - Конференц-зал;89898415534;https://www.loft2rent.ru/loft/157491/;https://www.loft2rent.ru/loft/157491/187210/
Зал BRIGHT;Банкетный зал;89851150101;https://www.loft2rent.ru/loft/154904/;https://www.loft2rent.ru/loft/154904/154953/
Зал Crystal;Банкетный зал, лофт, конференц-зал, концертный зал;89851150101;https://www.loft2rent.ru/loft/154904/;https://www.loft2rent.ru/loft/154904/156531/
Зал Grey;Банкетный зал, зал, на открытом воздухе;89851150101;https://www.loft2rent.ru/loft/154904/;https://www.loft2rent.ru/loft/154904/157026/
Зал Loft;Банкетный зал, лофт, конференц-зал;89851150101;https://www.loft2rent.ru/loft/154904/;https://www.loft2rent.ru/loft/154904/160491/
зал No 3 фотостудии Пространство;Лофт, зал, конференц-зал, фотостудия;+74992887790;https://www.loft2rent.ru/loft/31821/;https://www.loft2rent.ru/loft/31821/31865/
Зал SKY;Банкетный зал;89851150101;https://www.loft2rent.ru/loft/154904/;https://www.loft2rent.ru/loft/154904/207375/
Зал «Агат» в Ballesta Space;Зал;+79262488448;https://www.loft2rent.ru/loft/186577/;https://www.loft2rent.ru/loft/186577/186649/
Зал «Аметист» в Ballesta Space;Спорт-зал;+79262488448;https://www.loft2rent.ru/loft/186577/;https://www.loft2rent.ru/loft/186577/186653/
Зал «Розовый кварц» в Ballesta Space;Спорт-зал;+79262488448;https://www.loft2rent.ru/loft/186577/;https://www.loft2rent.ru/loft/186577/186651/
Зал Балдеж для семинаров и мастер-классов;Зал, конференц-зал, учебный зал;+79254214746;https://www.loft2rent.ru/loft/53804/;https://www.loft2rent.ru/loft/53804/80163/
Зал Большой фотостудии PROSTRANSTVO на Марьиной Роще;Лофт, конференц-зал;+74992887790;https://www.loft2rent.ru/loft/31821/;https://www.loft2rent.ru/loft/31821/126212/
Зал в арендуЗал для проведения тренингов, медитаций, пилатеса, йоги;Спорт-зал;+79912289501;N/A;https://www.loft2rent.ru/loft/90289/90291/
Зал в зелёных тонах GreenLand;Лофт, зал, антикафе;89031959349;https://www.loft2rent.ru/loft/151727/;https://www.loft2rent.ru/loft/151727/158135/
Зал в центре МосквыЗал в центре Москвы на 1264 мест;Банкетный зал, зал, переговорная, концертный зал;+74959950807;N/A;https://www.loft2rent.ru/loft/182962/182993/
Зал в центре МосквыЗал в центре Москвы на 480 мест;Банкетный зал, зал, конференц-зал, концертный зал;+74959950807;N/A;https://www.loft2rent.ru/loft/182962/183004/
Зал Воздух;Фотостудия;+79254214746;https://www.loft2rent.ru/loft/53804/;https://www.loft2rent.ru/loft/53804/53836/
Зал Гала фотостудии PROSTRANSTVO на Марьиной Роще;Лофт, зал, фотостудия;+74992887790;https://www.loft2rent.ru/loft/31821/;https://www.loft2rent.ru/loft/31821/32004/
Зал для деловых мероприятий P17PLACE;Спорт-зал;+79999721717;https://www.loft2rent.ru/loft/55645/;https://www.loft2rent.ru/loft/55645/55649/
Зал для индивидуальных консультаций;Учебный зал;+7 (812) 240-78-80;https://www.loft2rent.ru/loft/142338/;https://www.loft2rent.ru/loft/142338/142368/
Зал для конференции/треннинга/банкета;Зал, конференц-зал, учебный зал;+74959950807;N/A;https://www.loft2rent.ru/loft/150956/150959/
Зал для мероприятий;Зал, учебный зал;+79637687698;https://www.loft2rent.ru/loft/65867/;https://www.loft2rent.ru/loft/65867/95996/
Зал для мероприятий BELKAБольшой зал со сценой;Бар;8 (962) 948-03-96;N/A;https://www.loft2rent.ru/loft/62047/62094/
Зал для мероприятий BELKAМалый зал;Учебный зал;8 (962) 948-03-96;N/A;https://www.loft2rent.ru/loft/62047/62129/
Зал для небольшой компании Little Party;Лофт, зал, антикафе;89031959349;https://www.loft2rent.ru/loft/151727/;https://www.loft2rent.ru/loft/151727/158104/
Зал для танцев и мероприятийТанго Зал;Лофт, зал;89142312145;N/A;https://www.loft2rent.ru/loft/107753/107755/
Зал для танцев, фотосессий, тренировокЗал для танцев и тренировок;Игровой зал, спорт-зал, учебный зал;89030981111;N/A;https://www.loft2rent.ru/loft/171099/171106/
Зал для тренингов;Зал, конференц-зал, учебный зал;89804300502;N/A;https://www.loft2rent.ru/loft/152750/152761/
Зал для тренировок в центре Москвы;Спорт-зал;+79999721717;https://www.loft2rent.ru/loft/55645/;https://www.loft2rent.ru/loft/55645/182449/
зал для фитнесаЛофт Тукан, зал, 24/7;Коворкинг, зал, спорт-зал, конференц-зал;+79651502432;N/A;https://www.loft2rent.ru/loft/82762/82764/
Зал Камин*Сердце*Уют;Зал, конференц-зал;+74951059839;https://www.loft2rent.ru/loft/187480/;https://www.loft2rent.ru/loft/187480/187598/
Зал Квартира фотостудии Пространство на Марьиной Роще;Лофт;+74992887790;https://www.loft2rent.ru/loft/31821/;https://www.loft2rent.ru/loft/31821/35982/
Зал Контраст;Банкетный зал, антикафе;+7 (812) 200-78-18;https://www.loft2rent.ru/loft/75982/;https://www.loft2rent.ru/loft/75982/77410/
зал Кухня фотостудии PROSTRANSTVO;Лофт, зал;+74992887790;https://www.loft2rent.ru/loft/31821/;https://www.loft2rent.ru/loft/31821/43043/
Зал ЛАУНДЖ до 12 гостей на Новослободской;Коворкинг, антикафе;89262851313;https://www.loft2rent.ru/loft/104695/;https://www.loft2rent.ru/loft/104695/115024/
Зал Лира;Лофт, зал;+79810029048;https://www.loft2rent.ru/loft/177338/;https://www.loft2rent.ru/loft/177338/184890/
Зал Лофт*Свет и глубина*Воздух;Зал;+74951059839;https://www.loft2rent.ru/loft/187480/;https://www.loft2rent.ru/loft/187480/187602/
зал Лу́на фотостудии Пространство;Фотостудия;+74992887790;https://www.loft2rent.ru/loft/31821/;https://www.loft2rent.ru/loft/31821/43071/
Зал Мансарда - Quattro Space;Quattro Space - Крыша, конференц-зал, веранда;+7 (499) 444-19-08;https://www.loft2rent.ru/loft/120842/;https://www.loft2rent.ru/loft/120842/121039/
Зал Меркури;Лофт, зал;89250545290;https://www.loft2rent.ru/loft/122172/;https://www.loft2rent.ru/loft/122172/145508/
Зал Мини;Конференц-зал, учебный зал, переговорная;+79299142029;https://www.loft2rent.ru/loft/53804/;https://www.loft2rent.ru/loft/53804/80325/
Зал Моно;Лофт, фотостудия;+79254214746;https://www.loft2rent.ru/loft/53804/;https://www.loft2rent.ru/loft/53804/103375/
Зал Муза;Зал, фотостудия;+79299142029;https://www.loft2rent.ru/loft/53804/;https://www.loft2rent.ru/loft/53804/205926/
Зал на Пушкинской (П-406);Лофт, учебный зал, переговорная;+79150624544;https://www.loft2rent.ru/loft/69466/;https://www.loft2rent.ru/loft/69466/69468/
Зал на Пушкинской Светлый лофт (П-411);Кабинет, коворкинг, переговорная;+79150624544;https://www.loft2rent.ru/loft/69466/;https://www.loft2rent.ru/loft/69466/176534/
Зал Нижний - Тень и отсвет*Нулевой;Тень и отсвет*Нулевой - Зал, конференц-зал;+74951059839;https://www.loft2rent.ru/loft/187480/;https://www.loft2rent.ru/loft/187480/187606/
Зал Нью-Йорк на 16 гостей с караоке;Лофт, ресторан, кальянная;8-977-333-22-18;https://www.loft2rent.ru/loft/62564/;https://www.loft2rent.ru/loft/62564/72924/
Зал Орион;Лофт, зал;+79810029048;https://www.loft2rent.ru/loft/177338/;https://www.loft2rent.ru/loft/177338/178234/
Зал Париж;Лофт, зал, фотостудия;+79254214746;https://www.loft2rent.ru/loft/53804/;https://www.loft2rent.ru/loft/53804/53833/
Зал Париж+Балдеж;Зал, фотостудия;+79254214746;https://www.loft2rent.ru/loft/53804/;https://www.loft2rent.ru/loft/53804/53839/
Зал под бьюти мастер-класс;Зал;+7 (967) 599-12-23;https://www.loft2rent.ru/loft/78182/;https://www.loft2rent.ru/loft/78182/153090/
Зал Праздничный на 20-30 гостей с караоке;Лофт, бар, кальянная;8-977-333-22-18;https://www.loft2rent.ru/loft/62564/;https://www.loft2rent.ru/loft/62564/97890/
Зал с открытой верандой;Зал, крыша, конференц-зал, веранда;+79067066480;https://www.loft2rent.ru/loft/41220/;https://www.loft2rent.ru/loft/41220/62454/
Зал с панорамными окнами;Зал, учебный зал, особняк;+79067066480;https://www.loft2rent.ru/loft/41220/;https://www.loft2rent.ru/loft/41220/41266/
Зал Саксофон с караоке до 12 гостей;Лофт, кальянная;8-977-333-22-18;https://www.loft2rent.ru/loft/62564/;https://www.loft2rent.ru/loft/62564/95292/
Зал Салон фотостудии PROSTRANSTVO на Марьиной Роще;Зал, фотостудия;+7 (499) 288-77-90;https://www.loft2rent.ru/loft/31821/;https://www.loft2rent.ru/loft/31821/126207/
Зал самолет;Лофт, кальянная;89250545290;https://www.loft2rent.ru/loft/122172/;https://www.loft2rent.ru/loft/122172/192540/
Зал Серебро;Лофт, фотостудия;+79251976532;https://www.loft2rent.ru/loft/110422/;https://www.loft2rent.ru/loft/110422/110433/
Зал Слизерин;Лофт, зал;+7 (901) 333-77-31;https://www.loft2rent.ru/loft/39148/;https://www.loft2rent.ru/loft/39148/74283/
Зал Солярис фотостудии Пространство на Марьиной Роще;Лофт, зал, фотостудия;+74992887790;https://www.loft2rent.ru/loft/31821/;https://www.loft2rent.ru/loft/31821/43794/
Зал Форма;Зал, фотостудия;+79299142029;https://www.loft2rent.ru/loft/53804/;https://www.loft2rent.ru/loft/53804/205917/
Зал Шотик 20м2;Лофт;89612267251;https://www.loft2rent.ru/loft/125716/;https://www.loft2rent.ru/loft/125716/126992/
Зал № 24 для тренингов и мастер-классов;Коворкинг, учебный зал, переговорная;89647264515;https://www.loft2rent.ru/loft/118815/;https://www.loft2rent.ru/loft/118815/118949/
Зал № 28 (с гардеробной и санузлом) для лекций и семинаров;Коворкинг, зал, конференц-зал, учебный зал;89647264515;https://www.loft2rent.ru/loft/118815/;https://www.loft2rent.ru/loft/118815/118955/
Зал № 3 для проведения мероприятий;Конференц-зал;89647264515;https://www.loft2rent.ru/loft/118815/;https://www.loft2rent.ru/loft/118815/118981/
зал №53;Зал, конференц-зал;89853365056;https://www.loft2rent.ru/loft/47660/;https://www.loft2rent.ru/loft/47660/118445/
Зал, лофт для мероприятий, тренингов, праздников, корпоративов, обучения;Зал, конференц-зал, учебный зал;+7 913 716-21-33;https://www.loft2rent.ru/loft/170584/;https://www.loft2rent.ru/loft/170584/171047/
Зал/Лофт для тренингов, лекций, семинаров и практик.;Лофт, зал, спорт-зал, конференц-зал;+79104223602;https://www.loft2rent.ru/loft/114019/;https://www.loft2rent.ru/loft/114019/114042/
Заречная Лофт;Лофт;+79219308733;N/A;https://www.loft2rent.ru/loft/131483/131489/
Звезда смерти;Лофт, зал, антикафе, кальянная;+7 (812) 200-78-18;https://www.loft2rent.ru/loft/75982/;https://www.loft2rent.ru/loft/75982/77378/
Звездный разрушитель;Лофт, антикафе;+7 (812) 200-78-18;https://www.loft2rent.ru/loft/75982/;https://www.loft2rent.ru/loft/75982/77303/
ЗвёздныйЗал 1;;+79162336147;N/A;https://www.loft2rent.ru/loft/171649/171651/
Зеленая мансарда на Чистых прудах М-24;Кабинет, учебный зал, переговорная;+79150624544;https://www.loft2rent.ru/loft/69466/;https://www.loft2rent.ru/loft/69466/199514/
Зеленый дом;Коворкинг, конференц-зал, учебный зал;89175324309;N/A;https://www.loft2rent.ru/loft/141243/141247/
Зеленый зал;Лофт, зал, конференц-зал;+7(929) 630-30-19;https://www.loft2rent.ru/loft/5676/;https://www.loft2rent.ru/loft/5676/6088/
Зефир;Лофт;+7 812 606 70 20;https://www.loft2rent.ru/loft/169051/;https://www.loft2rent.ru/loft/169051/169690/
ЗЕФИРКА;Лофт, фотостудия, веранда;8(985)455-10-33;https://www.loft2rent.ru/loft/18038/;https://www.loft2rent.ru/loft/18038/102703/
Зион лофт;Лофт;+79035848913;https://www.loft2rent.ru/loft/134158/;https://www.loft2rent.ru/loft/134158/134160/
Золотое кольцо ТеатрGolden Stage;Зал, концертный зал;89686007912;N/A;https://www.loft2rent.ru/loft/130948/130953/
Золотой зал;Лофт, кулинарная студия;+7 (916) 496-11-91;https://www.loft2rent.ru/loft/44815/;https://www.loft2rent.ru/loft/44815/152827/
Зона Комфорта;Лофт, фотостудия, учебный зал;89679769636;N/A;https://www.loft2rent.ru/loft/171391/171393/
Зонтик/Umbrella;;89119316282;N/A;https://www.loft2rent.ru/loft/177789/177796/
Ибица;Лофт, антикафе, кальянная;+7(812) 443-57-02;https://www.loft2rent.ru/loft/83744/;https://www.loft2rent.ru/loft/83744/84974/
Ивент-пространство Музея Гаража особого назначенияVip-зал AURUS;Кабинет, конференц-зал;+7 916 566‑19‑87‬;N/A;https://www.loft2rent.ru/loft/160275/160981/
Ивент-пространство Музея Гаража особого назначенияМузей Гараж - Банкетный Зал;Галерея, конференц-зал, концертный зал;+7 916 566‑19‑87‬;N/A;https://www.loft2rent.ru/loft/160275/160975/
Ивент-пространство Музея Гаража особого назначенияРесторан Разгон;Ресторан;+7 916 566‑19‑87‬;N/A;https://www.loft2rent.ru/loft/160275/160988/
ИГЛУ Большая;Крыша, на открытом воздухе;89933426897;https://www.loft2rent.ru/loft/194243/;https://www.loft2rent.ru/loft/194243/201599/
Иглу маленькая;Крыша, на открытом воздухе;89933426897;https://www.loft2rent.ru/loft/194243/;https://www.loft2rent.ru/loft/194243/201991/
Игра Престолов;Лофт;+7 812 606 70 20;https://www.loft2rent.ru/loft/169051/;https://www.loft2rent.ru/loft/169051/169704/
Игровая с PS5 до 6 гостей на Тверской;Игровой зал, антикафе;89262851313;https://www.loft2rent.ru/loft/104695/;https://www.loft2rent.ru/loft/104695/115039/
Икша Кантри Клаб;Отель, ресторан, пляж, на открытом воздухе;+74995055031;N/A;https://www.loft2rent.ru/loft/69187/69189/
Икша Кантри КлабДача 100 м² на участке 10 соток;Аппартаменты, ресторан, пляж, на открытом воздухе;+74995055031;N/A;https://www.loft2rent.ru/loft/69187/112222/
Икша Кантри КлабДомик Олимпийская деревня Коралловый;Зал;+74995055031;N/A;https://www.loft2rent.ru/loft/69187/137626/
Икша Кантри КлабДомик Олимпийская деревня Морской;Зал;+74995055031;N/A;https://www.loft2rent.ru/loft/69187/137623/
Икша Кантри КлабКоттедж 150 м² на участке 10 соток;Шатер, пляж, на открытом воздухе, веранда;+74995055031;N/A;https://www.loft2rent.ru/loft/69187/112172/
Икша Кантри КлабТаунхаус 100 м² на участке 10 сот. Таунхаус 100 м² на участке 10 соток;Веранда;+74995055031;N/A;https://www.loft2rent.ru/loft/69187/112256/
Икша Кантри КлабТаунхаус 50 м² на участке 10 сот.;Ресторан, шатер, пляж, на открытом воздухе;+74995055031;N/A;https://www.loft2rent.ru/loft/69187/111578/
Икша Кантри КлабШале 70 м;Коворкинг, игровой зал, детский центр, переговорная;+74995055031;N/A;https://www.loft2rent.ru/loft/69187/112194/
Империя Скай Лофт;Лофт, бар;84999385501;N/A;https://www.loft2rent.ru/loft/10755/26531/
Импульс;Лофт, зал;+7 993 590-58-84;https://www.loft2rent.ru/loft/92780/;https://www.loft2rent.ru/loft/92780/111671/
Индиго;Лофт, антикафе;+7 (495) 478-06-38;https://www.loft2rent.ru/loft/109926/;https://www.loft2rent.ru/loft/109926/188931/
ИНСАЙД 2.0;Коворкинг, лофт;89112793938;https://www.loft2rent.ru/loft/94069/;https://www.loft2rent.ru/loft/94069/94098/
Интра Лофт;Лофт, игровой зал, переговорная, антикафе;89956973260;N/A;https://www.loft2rent.ru/loft/92492/92495/
Интра ЛофтЛоки Лофт;Коворкинг, лофт, зал, антикафе;+7 995 697 32 60;N/A;https://www.loft2rent.ru/loft/92492/117415/
Интра ЛофтЛофт Ронго;Коворкинг, лофт, антикафе;79956973260;N/A;https://www.loft2rent.ru/loft/92492/135308/
Интра ЛофтРати Лофт;Лофт, конференц-зал, антикафе;79956973260;N/A;https://www.loft2rent.ru/loft/92492/134378/
ИнтриганыТеатральное пространство;Кабинет, лофт, зал;89161717969;N/A;https://www.loft2rent.ru/loft/206070/206077/
ИпСдвижков;;89777752726;N/A;https://www.loft2rent.ru/loft/210458/210483/
ИскраХоллБанкетный зал ИскраХолл;Банкетный зал, конференц-зал, концертный зал;+79055472820;N/A;https://www.loft2rent.ru/loft/154327/158133/
ИскраХоллКонференц-зал ИскраХолл;Конференц-зал, учебный зал;+79055472820;N/A;https://www.loft2rent.ru/loft/154327/171717/
Источник света;Лофт;89198973218;N/A;https://www.loft2rent.ru/loft/103888/103890/
Источник светаЦиклорама;Фотостудия;89198973218;N/A;https://www.loft2rent.ru/loft/103888/197260/
Италия;Лофт, антикафе;+7 (495) 478-06-38;https://www.loft2rent.ru/loft/109926/;https://www.loft2rent.ru/loft/109926/188949/
К Марсу;Лофт, зал, антикафе;+7 (812) 200-78-18;https://www.loft2rent.ru/loft/75982/;https://www.loft2rent.ru/loft/75982/77340/
"Кабинет ""Державинский""";Зал, учебный зал;+7 958 538-65-47;https://www.loft2rent.ru/loft/114505/;https://www.loft2rent.ru/loft/114505/178435/
"Кабинет ""Ревельский""";Зал;+7 958 538-65-47;https://www.loft2rent.ru/loft/114505/;https://www.loft2rent.ru/loft/114505/129032/
"Кабинет ""Рыцарский""";Кабинет;+7 958 538-65-47;https://www.loft2rent.ru/loft/114505/;https://www.loft2rent.ru/loft/114505/129034/
Кабинет 101;Лофт, бар, ночной клуб, концертный зал;+79991201020;N/A;https://www.loft2rent.ru/loft/177033/177035/
Кабинет для переговоров № 13;Конференц-зал, учебный зал, переговорная;89647264515;https://www.loft2rent.ru/loft/118815/;https://www.loft2rent.ru/loft/118815/118974/
Кабинет для проведения семинаров и тренинговЗал 35 м2;Учебный зал;+7 9253162853;N/A;https://www.loft2rent.ru/loft/78914/112521/
Кабинет для проведения семинаров и тренинговЗал 40 м2;Учебный зал;+7 9253162853;N/A;https://www.loft2rent.ru/loft/78914/79733/
Кабинет для проведения семинаров и тренинговЗал 46 м2;Учебный зал;+7 9253162853;N/A;https://www.loft2rent.ru/loft/78914/79736/
Кабинет для проведения семинаров и тренинговЗал№4;Учебный зал;+7 9253162853;N/A;https://www.loft2rent.ru/loft/78914/79230/
Кабинет психолога №25;Кабинет;89647264515;https://www.loft2rent.ru/loft/118815/;https://www.loft2rent.ru/loft/118815/119011/
Кабинет психолога №26;Кабинет;89647264515;https://www.loft2rent.ru/loft/118815/;https://www.loft2rent.ru/loft/118815/118997/
Кабинет психолога №27;Коворкинг, переговорная;;https://www.loft2rent.ru/loft/118815/;https://www.loft2rent.ru/loft/118815/199536/
Кабинет Эви;Кабинет;+79160876137;https://www.loft2rent.ru/loft/155206/;https://www.loft2rent.ru/loft/155206/155210/
КайросСмоленский бульвар 22/14;Кабинет, учебный зал;89670696835;N/A;https://www.loft2rent.ru/loft/198471/198474/
Кальянная ПОЧИЛИМ;Бар, кальянная;89026984414;https://www.loft2rent.ru/loft/195455/;https://www.loft2rent.ru/loft/195455/195457/
Камерная площадка в стиле лофт на Большой Никиктской;Лофт;+7 985 197-80-01;https://www.loft2rent.ru/loft/188222/;https://www.loft2rent.ru/loft/188222/188228/
Камерный зал винного бара;Бар, галерея;+79819869826;https://www.loft2rent.ru/loft/141917/;https://www.loft2rent.ru/loft/141917/165143/
Камерный лофт Life со сценой и красивым видом из окна;Лофт, зал;+7 985 219 8400;https://www.loft2rent.ru/loft/97467/;https://www.loft2rent.ru/loft/97467/195501/
Каминный зал в особняке на Невском;Зал, фотостудия;;https://www.loft2rent.ru/loft/157563/;https://www.loft2rent.ru/loft/157563/173184/
Кандинский - Уютный лофт мансарда, лекторий с амфитеатром;Уютный лофт мансарда, лекторий с амфитеатром - Лофт, зал;+7 (495) 032-73-90;https://www.loft2rent.ru/loft/5581/;https://www.loft2rent.ru/loft/5581/117757/
"Караоке ""Bonnie&Clyde""";Лофт, бар, кальянная;+79119257643;N/A;https://www.loft2rent.ru/loft/93765/93771/
Караоке клуб Трели;Ресторан, зал;+79036295353;N/A;https://www.loft2rent.ru/loft/127613/127615/
Караоке Соловей Караоке Соловей;Лофт, ресторан, бар, кальянная;+7 (999) 882-08-68;N/A;https://www.loft2rent.ru/loft/166272/166274/
Караоке-ЛофтЭхоЗал Космос;Лофт, игровой зал, кальянная;+7 (929) 934-77-33;N/A;https://www.loft2rent.ru/loft/114708/119257/
Караоке-ЛофтЭхоЗал Лава;Лофт, игровой зал;+7 (929) 934-77-33;N/A;https://www.loft2rent.ru/loft/114708/119282/
Караоке-ЛофтЭхоЗал Лагуна;Игровой зал, кальянная;+7 (929) 934-77-33;N/A;https://www.loft2rent.ru/loft/114708/119270/
Караоке-ЛофтЭхоЗал Тропики;Игровой зал, кальянная;+7 (929) 934-77-33;N/A;https://www.loft2rent.ru/loft/114708/119264/
Караоке-ЛофтЭхоЗал Эйфория;Лофт;+7 (929) 934-77-33;N/A;https://www.loft2rent.ru/loft/114708/119280/
Каток;На открытом воздухе;+78122133202;https://twitter.com/sevcableport;https://www.loft2rent.ru/loft/80332/82101/
Кафе Соколов Еда;Лофт;+79616073600;N/A;https://www.loft2rent.ru/loft/123399/123406/
Кафе ТочкаКАФЕ ТОЧКА;Ресторан, зал;89067116660;N/A;https://www.loft2rent.ru/loft/206054/206100/
КафеРоза ВЕТРОВ;Ресторан, бар, зал;89261825584;N/A;https://www.loft2rent.ru/loft/186174/187845/
Квант;Лофт;+79162981998;https://www.loft2rent.ru/loft/92780/;https://www.loft2rent.ru/loft/92780/150395/
Квартира на Горьковской;Зал, фотостудия;;https://www.loft2rent.ru/loft/157563/;https://www.loft2rent.ru/loft/157563/173196/
Квартира №9;Лофт, бар, игровой зал;+7 993 339-19-39;N/A;https://www.loft2rent.ru/loft/160743/160745/
Квартира №9Квартира №9 VIP;Лофт, бар;+7 993 339-19-39;N/A;https://www.loft2rent.ru/loft/160743/163087/
Кварц;Лофт, фотостудия;8-968-973-90-30;https://www.loft2rent.ru/loft/2518/;https://www.loft2rent.ru/loft/2518/27322/
Квестаун partyLOFT А1;Лофт, квест;+7 (916) 107-65-53;N/A;https://www.loft2rent.ru/loft/33582/145414/
Квестаун partyГолубой лофт;Банкетный зал, лофт, квест;+7 (977) 520-21-27;N/A;https://www.loft2rent.ru/loft/33582/73598/
Квестаун partyЗеленый лофт;Лофт, квест;+7 (977) 520-21-27;N/A;https://www.loft2rent.ru/loft/33582/45711/
Кедр Зайцево;Отель, ресторан, шатер, на открытом воздухе;+7 (495) 274-53-54;N/A;https://www.loft2rent.ru/loft/183501/183503/
Кенди- милый лофт с диско-шаром, караоке и приставкой!;Лофт, антикафе, кальянная;+74991113716;https://www.loft2rent.ru/loft/131919/;https://www.loft2rent.ru/loft/131919/198628/
Кентукки;Лофт;+73433630042;https://www.loft2rent.ru/loft/115047/;https://www.loft2rent.ru/loft/115047/130111/
КиберКлуб на праздник / КиберКлуб на праздникКибер-Клуб;Антикафе;89663220805;N/A;https://www.loft2rent.ru/loft/169049/171682/
Киберпанк;Лофт;+7 (391) 989-86-33;https://www.loft2rent.ru/loft/164165/;https://www.loft2rent.ru/loft/164165/164174/
КидсТаунЛофт - игровая КидсТаун , детский центр;Банкетный зал, игровой зал, детский центр;+79015203025;N/A;https://www.loft2rent.ru/loft/198921/199771/
Киндер Лофт;Лофт, игровой зал, антикафе;+7 (915) 397-54-32;https://www.loft2rent.ru/loft/66611/;https://www.loft2rent.ru/loft/66611/66626/
Кинобар на крыше;Лофт, крыша;89933426897;https://www.loft2rent.ru/loft/194243/;https://www.loft2rent.ru/loft/194243/194261/
Киностудия ТвоёКино;Банкетный зал, бар, веранда;+7 (499) 113-10-95;N/A;https://www.loft2rent.ru/loft/9768/44321/
Китай;Лофт, зал, антикафе;+7(812) 443-57-02;https://www.loft2rent.ru/loft/83744/;https://www.loft2rent.ru/loft/83744/84982/
Китайский Летчик Джао ДаГостиная Лётчика;Бар, зал, концертный зал;+74956245611;N/A;https://www.loft2rent.ru/loft/205810/206021/
Классик;Зал;+7 (495) 478-06-38;https://www.loft2rent.ru/loft/109926/;https://www.loft2rent.ru/loft/109926/134465/
Классик - элегантный лофт в классическом стиле с акцентным освещением, диско‑шаром и караоке!;элегантный лофт в классическом стиле с акцентным освещением, диско‑шаром и караоке! - Лофт, зал, антикафе;+7 495 191 41 57;https://www.loft2rent.ru/loft/142644/;https://www.loft2rent.ru/loft/142644/142902/
Классик и Дримс - лофт с двумя залами с объемным профессиональным звуком, караоке и фотозоной и с неоном!;лофт с двумя залами с объемным профессиональным звуком, караоке и фотозоной и с неоном! - Лофт, зал, антикафе;+7 495 191 41 57;https://www.loft2rent.ru/loft/142644/;https://www.loft2rent.ru/loft/142644/160399/
"Классический зал ""Вдохновение""";Банкетный зал, лофт, антикафе;+79119590326;https://www.loft2rent.ru/loft/92234/;https://www.loft2rent.ru/loft/92234/92240/
"Классический зал ""Лофт"" с караоке / 3 мин. от метро Семеновская";Лофт;+7 4998881633;https://www.loft2rent.ru/loft/126908/;https://www.loft2rent.ru/loft/126908/126952/
Клаустрофобия ОнлайнЛофт Волшебный лес;Лофт;89257676433;N/A;https://www.loft2rent.ru/loft/200457/200459/
Клаустрофобия ОфлайнЛофт-зона для праздников;Лофт;;N/A;https://www.loft2rent.ru/loft/203337/203348/
Клаустрофобия ОфлайнПостапокалипсис МСК2048;Бар;+7 (499) 460-54-20;N/A;https://www.loft2rent.ru/loft/199550/199552/
КлаустрофобияДревний Египет;Фотостудия, квест;84951350500;N/A;https://www.loft2rent.ru/loft/199746/200029/
КлаустрофобияМашина времени;Фотостудия, квест;84951350500;N/A;https://www.loft2rent.ru/loft/199746/200035/
КлаустрофобияОграбление Банка;Фотостудия, квест;84951350500;N/A;https://www.loft2rent.ru/loft/199746/200032/
КлаустрофобияСредневековье;Фотостудия, квест;84951350500;N/A;https://www.loft2rent.ru/loft/199746/200024/
Климт - 26 м² золотого символизма;26 м² золотого символизма  - Лофт, конференц-зал;+7 (495) 032-73-90;https://www.loft2rent.ru/loft/5581/;https://www.loft2rent.ru/loft/5581/81679/
Клуб «Сова» караоке;Клуб;+7 977 850 20 14;N/A;https://www.loft2rent.ru/loft/142119/142121/
Клуб Гадкий Койот;Лофт, бар;+79164400130;https://www.loft2rent.ru/loft/101001/;https://www.loft2rent.ru/loft/101001/172906/
Клуб Лофт PRAVDA;Зал;+79585410041;https://www.loft2rent.ru/loft/97591/;https://www.loft2rent.ru/loft/97591/104071/
Клуб Лофт «ЗАВАРКА» аренда под мероприятия;Бар;+79585410041;https://www.loft2rent.ru/loft/97591/;https://www.loft2rent.ru/loft/97591/107114/
Клуб Лофт «Ленинград» аренда;Ресторан, зал;+79585410041;https://www.loft2rent.ru/loft/97591/;https://www.loft2rent.ru/loft/97591/105584/
Клуб Лофт Пляж “Soho country club”;Ресторан, веранда;+79585410041;https://www.loft2rent.ru/loft/97591/;https://www.loft2rent.ru/loft/97591/105918/
Клуб Притяжение;Ночной клуб, клуб;+79197672719;N/A;https://www.loft2rent.ru/loft/193133/193135/
Клуб резиденция для праздников и мероприятий;Бар, зал, ночной клуб, концертный зал;89255165332;https://www.loft2rent.ru/loft/172081/;https://www.loft2rent.ru/loft/172081/205358/
Клуб-бар Резиденция;Бар, ночной клуб, концертный зал, клуб;+79653734040;https://www.loft2rent.ru/loft/207271/;https://www.loft2rent.ru/loft/207271/207273/
Клубная система ОреховоКонцертный зал;Лофт, зал, конференц-зал, концертный зал;+74956824222 доб. 3751,3754;N/A;https://www.loft2rent.ru/loft/136619/136621/
Клубный лофт ЮМЕЙКЕР на Красном октябре;Лофт, ночной клуб;+79770002153;https://www.loft2rent.ru/loft/183656/;https://www.loft2rent.ru/loft/4688/4690/
Клуэдо;Лофт, антикафе, кальянная;+7 (812) 200-78-18;https://www.loft2rent.ru/loft/75982/;https://www.loft2rent.ru/loft/75982/77252/
Коворкинг RIDGE;Кабинет, аппартаменты, конференц-зал, учебный зал;89213609300;N/A;https://www.loft2rent.ru/loft/95630/95649/
Коворкинг Smart Yard2-х этажный лофт вместимость до 30 человек;Лофт, зал, переговорная;+7 9645136167;N/A;https://www.loft2rent.ru/loft/57408/201262/
Коворкинг Smart YardКоворкинг Практик;Коворкинг;+7 9645136167;N/A;https://www.loft2rent.ru/loft/57408/57410/
Коворкинг для мероприятийВода;Кабинет;+79055906622;N/A;https://www.loft2rent.ru/loft/181731/181737/
Коворкинг для мероприятийВоздух;Конференц-зал;+79055906622;N/A;https://www.loft2rent.ru/loft/181731/181733/
Коворкинг для мероприятийЗемля;Коворкинг, лофт, антикафе;+79055906622;N/A;https://www.loft2rent.ru/loft/181731/189583/
Коворкинг для мероприятийОгонь;Кабинет, переговорная;+79055906622;N/A;https://www.loft2rent.ru/loft/181731/189593/
"Коворкинг-Центр ""Fабрика""Коворкинг-Центр";Коворкинг, конференц-зал, переговорная;+7 926 133-11-91;N/A;https://www.loft2rent.ru/loft/109232/109234/
Коворкинг-центр Люди Учат;Коворкинг, учебный зал, переговорная;+7 985 340 8131;N/A;https://www.loft2rent.ru/loft/199953/202140/
Койот Бар ГадкийБар Гадкий Койот;Бар, зал, ночной клуб;+79063269129;N/A;https://www.loft2rent.ru/loft/184693/184696/
Колизей холл;Банкетный зал, лофт, особняк, концертный зал;84955183030;N/A;https://www.loft2rent.ru/loft/207950/207952/
Компас зал 120 Quattro Space;Лофт, зал, конференц-зал;+7 (499) 444-19-08;https://www.loft2rent.ru/loft/120842/;https://www.loft2rent.ru/loft/120842/198989/
Комфортный Loft Москва-сити;Апартаменты;+79111023333;https://www.loft2rent.ru/loft/107530/;https://www.loft2rent.ru/loft/107530/156279/
Комфортный, стильный, просторный лофт «BRONZA»  в центре Москвы, 10 мин. от метро;Лофт, зал, ночной клуб;+79099060421;https://www.loft2rent.ru/loft/41462/;https://www.loft2rent.ru/loft/41462/50556/
"Конгресс-КейтерингЛофт ""Серый""";Лофт, бар, ночной клуб;+79031609009;N/A;https://www.loft2rent.ru/loft/197027/197029/
Контраст лофтКонтраст лофт  / Контраст лофт;Лофт, бар, веранда;8-953-343-82-00;N/A;https://www.loft2rent.ru/loft/128824/128826/
Конференц зал;Апартаменты, ресторан, пляж;+7 (812) 441-29-42;https://www.loft2rent.ru/loft/150682/;https://www.loft2rent.ru/loft/150682/150812/
Конференц-зал;Лофт, конференц-зал;+ 9313784778;https://www.loft2rent.ru/loft/99859/;https://www.loft2rent.ru/loft/99859/99861/
"Конференц-зал ""Борис Годунов""";Зал, конференц-зал, учебный зал;+74951112200;N/A;https://www.loft2rent.ru/loft/166336/166340/
Конференц-зал / банкетный зал;Банкетный зал, бар, конференц-зал, веранда;+74956003606;https://www.loft2rent.ru/loft/36344/;https://www.loft2rent.ru/loft/36344/36355/
Конференц-Зал 190м2 Quattro Space;Коворкинг, лофт, конференц-зал;+7 (499) 444-19-08;https://www.loft2rent.ru/loft/120842/;https://www.loft2rent.ru/loft/120842/122596/
Конференц-Зал 310 - Quattro Space;Quattro Space - Лофт, конференц-зал, веранда;+7 (499) 444-19-08;https://www.loft2rent.ru/loft/120842/;https://www.loft2rent.ru/loft/120842/121049/
Конференц-зал во Дворце тенниса Лужники;Конференц-зал;+7 (495) 909−26−63;https://www.loft2rent.ru/loft/164090/;https://www.loft2rent.ru/loft/164090/166325/
Конференц-зал до 50 человек;Коворкинг, зал, конференц-зал, переговорная;8 980 430 08 88;https://www.loft2rent.ru/loft/199576/;https://www.loft2rent.ru/loft/199576/199884/
Конференц-зал до 70 человек;Зал, конференц-зал;8 980 430 08 88;https://www.loft2rent.ru/loft/199576/;https://www.loft2rent.ru/loft/199576/199881/
Конференц-зал и Лофт Волга;Банкетный зал, конференц-зал, учебный зал, концертный зал;+79262082079;N/A;https://www.loft2rent.ru/loft/41174/41176/
Конференц-зал с балконом во Дворце тенниса Лужники;Конференц-зал, учебный зал;+7 (495) 909−26−63;https://www.loft2rent.ru/loft/164090/;https://www.loft2rent.ru/loft/164090/166327/
Конференц-зал УСЗ Дружба в Лужниках;Конференц-зал;+7 (495) 909−26−63;https://www.loft2rent.ru/loft/164090/;https://www.loft2rent.ru/loft/164090/166517/
Концептуальный лофт/бар на МаросейкеThe Last Bar;Бар;89153422339;N/A;https://www.loft2rent.ru/loft/166332/166334/
Концертно-репетиционный лофт ТРИТОНТритон;Лофт, конференц-зал, концертный зал;+79778333192;N/A;https://www.loft2rent.ru/loft/171022/171024/
"Концертный зал и кинозалКонцертный зал ""Фламенкерия""";Конференц-зал, особняк, концертный зал;+7 925 865-97-84;N/A;https://www.loft2rent.ru/loft/110026/110528/
Концертный зал со сценой, премиальным светом и звуком, LED-экраном на Бауманской;Лофт, зал, конференц-зал, концертный зал;+79269540354;https://www.loft2rent.ru/loft/172102/;https://www.loft2rent.ru/loft/172102/210471/
Корабль Илона Маска;Лофт, антикафе;+7 (812) 200-78-18;https://www.loft2rent.ru/loft/75982/;https://www.loft2rent.ru/loft/75982/77293/
Космо Кидс Символ;Зал, детский центр;+79260330440;N/A;https://www.loft2rent.ru/loft/203892/203894/
Космос;Зал;+7 (495) 478-06-38;https://www.loft2rent.ru/loft/109926/;https://www.loft2rent.ru/loft/109926/134516/
Космос;Лофт;+79990071109;https://www.loft2rent.ru/loft/125195/;https://www.loft2rent.ru/loft/125195/125518/
КОСМОС;Лофт, бар, зал, веранда;8(985)455-10-33;https://www.loft2rent.ru/loft/18038/;https://www.loft2rent.ru/loft/18038/71064/
Космос;Лофт, зал, антикафе;+7(812) 443-57-02;https://www.loft2rent.ru/loft/83744/;https://www.loft2rent.ru/loft/83744/84973/
Котельная;Лофт, зал;+7 (926)769-99-90;https://www.loft2rent.ru/loft/115019/;https://www.loft2rent.ru/loft/115019/115067/
"кофейня ""не плачь, пей кофе"" на Красноказарменной";Коворкинг, ресторан, бар;https://t.me/m/cSIjbHo_Zjgy;https://www.loft2rent.ru/loft/157378/;https://www.loft2rent.ru/loft/157378/157381/
Коэффициент тепла;Лофт, зал;+7 993 590-58-84;https://www.loft2rent.ru/loft/92780/;https://www.loft2rent.ru/loft/92780/92828/
Красивый Loft Москва-сити;Апартаменты;+79111023333;https://www.loft2rent.ru/loft/107530/;https://www.loft2rent.ru/loft/107530/156257/
Красивый лофт «BALANCE». Включено -караоке, светомузыка, мебель, PS4.  3 минуты от метро;Лофт, зал, клуб;+79099060421;https://www.loft2rent.ru/loft/41462/;https://www.loft2rent.ru/loft/41462/59147/
Красивый лофт с верандой и грилем MULTIROOM;Лофт, зал;+79099060421;https://www.loft2rent.ru/loft/41462/;https://www.loft2rent.ru/loft/41462/26507/
Красный зал;Зал, конференц-зал;+7(929) 630-30-19;https://www.loft2rent.ru/loft/5676/;https://www.loft2rent.ru/loft/5676/7189/
Креативное пространство Центр дизайн-мышленияКомната для воркшопов;Коворкинг, конференц-зал, учебный зал, переговорная;8 999 333 50 31;N/A;https://www.loft2rent.ru/loft/108042/108126/
Креативное пространство Центр дизайн-мышленияКомната эмпатии;;8 999 333 50 31;N/A;https://www.loft2rent.ru/loft/108042/108136/
Креативное пространство Центр дизайн-мышленияКонференц-зал;Коворкинг, зал, конференц-зал;8 999 333 50 31;N/A;https://www.loft2rent.ru/loft/108042/108048/
Креативное пространство Центр дизайн-мышленияМастерская для творческой работы;Коворкинг, учебный зал;8 999 333 50 31;N/A;https://www.loft2rent.ru/loft/108042/108109/
"Креативный кластер ""На Заводе""Здание Заводоуправления";Лофт, конференц-зал, особняк;+79090001732;N/A;https://www.loft2rent.ru/loft/134615/135099/
Креативный кластер в ЧерноисточинскеКреативный кластер Черноисточинске;Коворкинг, галерея, учебный зал, на открытом воздухе;+79222188705;N/A;https://www.loft2rent.ru/loft/87311/87332/
Криминальное Чтиво;Лофт;+7 812 606 70 20;https://www.loft2rent.ru/loft/169051/;https://www.loft2rent.ru/loft/169051/169509/
Кристалл;Банкетный зал, лофт, зал;89999798783;https://www.loft2rent.ru/loft/154278/;https://www.loft2rent.ru/loft/154278/201388/
КРЫМ terrace Moscow;Лофт, зал, веранда;+74953084959;N/A;https://www.loft2rent.ru/loft/189235/189240/
Крыша Лофт;Лофт, зал, антикафе;8(925)-253-83-93;https://www.loft2rent.ru/loft/141021/;https://www.loft2rent.ru/loft/141021/141045/
Крыша на Красном Октябре;Банкетный зал, зал;+79955932808;https://www.loft2rent.ru/loft/208949/;https://www.loft2rent.ru/loft/208949/209075/
крыша Руфтоп 921;Лофт, веранда;+79031164834 Жанна;https://www.loft2rent.ru/loft/142489/;https://www.loft2rent.ru/loft/142489/142494/
Куб;Ночной клуб, фотостудия, концертный зал;+74952080038;https://www.loft2rent.ru/loft/3318/;https://www.loft2rent.ru/loft/3318/3343/
Куб;Лофт, галерея, конференц-зал;+79267395955;https://www.loft2rent.ru/loft/85879/;https://www.loft2rent.ru/loft/85879/86191/
Кудри и ЦветыКудри и цветы;Лофт;89231230911;N/A;https://www.loft2rent.ru/loft/123968/123970/
КукLabаудитория 2;Детский центр;+7 (985) 920 05 25;N/A;https://www.loft2rent.ru/loft/100104/100279/
КукLabАудитория №3;Зал, детский центр, учебный зал;+7 (985) 920 05 25;N/A;https://www.loft2rent.ru/loft/100104/100136/
КукLabбольшая мастерская;Лофт, концертный зал;+7 (985) 920 05 25;N/A;https://www.loft2rent.ru/loft/100104/100455/
КукLabзал Аэропорт;Зал, детский центр, антикафе;+7 (985) 920 05 25;N/A;https://www.loft2rent.ru/loft/100104/100129/
КукLabзал+мастерские+кафе пространства Аэропорт;Зал, игровой зал, детский центр, учебный зал;+7 (985) 920 05 25;N/A;https://www.loft2rent.ru/loft/100104/100125/
КукLabЛаб1 Аэропорт;Игровой зал, детский центр, концертный зал, антикафе;+7 (985) 920 05 25;N/A;https://www.loft2rent.ru/loft/100104/149640/
КукLabмалая мастерская смоленская;Лофт;+7 (985) 920 05 25;N/A;https://www.loft2rent.ru/loft/100104/100448/
КукLabСмоленская Зал;Лофт, зал, концертный зал;+7 (985) 920 05 25;N/A;https://www.loft2rent.ru/loft/100104/102886/
Кулинарная студия;Кулинарная студия;+79637687698;https://www.loft2rent.ru/loft/65867/;https://www.loft2rent.ru/loft/65867/66051/
Кулинарная Студия Clever;Лофт, кулинарная студия;+(495) 191-33-45;N/A;https://www.loft2rent.ru/loft/5834/26847/
Кулинарная студия Кремлевская Кухня;Лофт, веранда, кулинарная студия;+79777719201;N/A;https://www.loft2rent.ru/loft/21195/26729/
Кулинарная студия Лофт 17;Лофт, кулинарная студия, антикафе;+7 (917) 517-97-77;N/A;https://www.loft2rent.ru/loft/150535/150539/
Кулинарная студия Юлии ВысоцкойСтудия на Молодежной;Банкетный зал, кулинарная студия;+7 (495) 021 63 65;N/A;https://www.loft2rent.ru/loft/197591/197597/
Кулинарная студия Юлии ВысоцкойСтудия на Молодежной (малая);Банкетный зал, кулинарная студия;+7 (495) 021 63 65;N/A;https://www.loft2rent.ru/loft/197591/197607/
Кулинарная студия/ЛОФТ;Лофт, кулинарная студия;+79104444951;N/A;https://www.loft2rent.ru/loft/117304/117860/
Кулинарная Школа Чили ШоколадЗал Лофт;Кулинарная студия;+79854215571;N/A;https://www.loft2rent.ru/loft/174665/174690/
Культура;Банкетный зал, ресторан, бар, кальянная;+79161474724;N/A;https://www.loft2rent.ru/loft/203539/203547/
"Культурный Центр ""Строгино""Концертный зал и другие помещения";Коворкинг, конференц-зал, учебный зал, концертный зал;+7(495)198-65-36;N/A;https://www.loft2rent.ru/loft/77854/77856/
Культурный центр СемимостьеЗал 95м;Концертный зал;+79214220213;N/A;https://www.loft2rent.ru/loft/85818/85823/
Купольная беседка ВДНХ с верандой на крыше;Крыша, шатер, веранда;+7(930)036-82-07;https://www.loft2rent.ru/loft/43392/;https://www.loft2rent.ru/loft/43392/140154/
Купольная беседка на ВДНХ с верандой;Крыша, шатер, веранда;+7(930)036-82-07;https://www.loft2rent.ru/loft/43392/;https://www.loft2rent.ru/loft/43392/140089/
Купольная беседка на двоих праздник на крыше | rooftop;Крыша, шатер, веранда;+7(930)036-82-07;https://www.loft2rent.ru/loft/43392/;https://www.loft2rent.ru/loft/43392/70861/
Купольная беседка праздник на крыше | rooftop;Крыша, шатер, веранда;+7(930)036-82-07;https://www.loft2rent.ru/loft/43392/;https://www.loft2rent.ru/loft/43392/140096/
Купольная беседка праздник на крыше | rooftop;Крыша, шатер, веранда;+7(930)036-82-07;https://www.loft2rent.ru/loft/43392/;https://www.loft2rent.ru/loft/43392/57494/
Купольная беседка праздник на крыше | rooftop;Крыша, шатер, веранда;+7(930)036-82-07;https://www.loft2rent.ru/loft/43392/;https://www.loft2rent.ru/loft/43392/73923/
Купольная беседка с верандой;Крыша, шатер, веранда;+7(930)036-82-07;https://www.loft2rent.ru/loft/43392/;https://www.loft2rent.ru/loft/43392/140117/
Купольная ВИП беседка праздник на крыше | rooftop;Крыша, шатер, веранда;+7(930)036-82-07;https://www.loft2rent.ru/loft/43392/;https://www.loft2rent.ru/loft/43392/73921/
Куркино лофт;Коворкинг, лофт, переговорная;89057337525;N/A;https://www.loft2rent.ru/loft/46562/46670/
Кусь;Лофт, квест;+7 (977) 341-85-39;N/A;https://www.loft2rent.ru/loft/128814/129168/
КУТУЗОВ ЛОФТ (ex ПОРТАЛ);Лофт;+7 (495) 798-51-81;https://www.loft2rent.ru/loft/28030/;https://www.loft2rent.ru/loft/110915/110917/
Лаборатория;Лофт, зал, веранда;8(985)455-10-33;https://www.loft2rent.ru/loft/18038/;https://www.loft2rent.ru/loft/18038/78809/
Лас-Вегас;Лофт, зал, антикафе;+7(812) 443-57-02;https://www.loft2rent.ru/loft/83744/;https://www.loft2rent.ru/loft/83744/84980/
ЛАСТОЧКА;Ресторан, на открытом воздухе, теплоход;+7 (495) 765-11-01;https://www.loft2rent.ru/loft/90945/;https://www.loft2rent.ru/loft/90945/91188/
Лаундж-бар на Трифоновской;Бар;+7 926 824-43-18;https://www.loft2rent.ru/loft/121243/;https://www.loft2rent.ru/loft/121243/201688/
Легион | Крылатское. Пространство праздников и активных развлечений.;Банкетный зал;74951282293;https://www.loft2rent.ru/loft/182884/;https://www.loft2rent.ru/loft/182884/198191/
Легпромпарк Экспо;Зал, конференц-зал;+79166521012;N/A;https://www.loft2rent.ru/loft/207134/207137/
Лекторий;Конференц-зал, фотостудия;;https://www.loft2rent.ru/loft/4585/;https://www.loft2rent.ru/loft/4585/146278/
Лекторий;Зал, учебный зал, переговорная;+79637687698;https://www.loft2rent.ru/loft/65867/;https://www.loft2rent.ru/loft/65867/66083/
Лекторий 1;Зал, учебный зал;+79637687698;https://www.loft2rent.ru/loft/65867/;https://www.loft2rent.ru/loft/65867/96005/
ЛЕНЬ.ЛЕНЬ.;Зал, учебный зал;+79055296305;N/A;https://www.loft2rent.ru/loft/76940/76973/
Лео Лофт Мск;Лофт, зал, концертный зал;89670066399;N/A;https://www.loft2rent.ru/loft/100917/104078/
Лео Лофт МскДинамика;Лофт;89850033387;N/A;https://www.loft2rent.ru/loft/100917/166494/
ЛЕСТеатральный лофт «ЛЕС»;Лофт, зал, концертный зал, антикафе;+79999780977;N/A;https://www.loft2rent.ru/loft/52135/52137/
Летний шатер Тиффани;Шатер, на открытом воздухе, веранда;+79164400130;https://www.loft2rent.ru/loft/101001/;https://www.loft2rent.ru/loft/101001/125055/
Летняя веранда ПригорокБелоснежный шатер;Шатер;9099093669;N/A;https://www.loft2rent.ru/loft/171193/172264/
Летняя веранда ПригорокВеранда у пруда;Шатер, веранда;89099093669;N/A;https://www.loft2rent.ru/loft/171193/171368/
"Летняя веранда ПригорокЛетняя веранда ""Луна""";Бар, веранда;89099093669;N/A;https://www.loft2rent.ru/loft/171193/171219/
Летняя веранда ПригорокМалина бар;Лофт, бар, клуб;9099093669;N/A;https://www.loft2rent.ru/loft/171193/173102/
Летняя веранда ПригорокМалый летний шатер;Шатер;9099093669;N/A;https://www.loft2rent.ru/loft/171193/172268/
Летняя веранда ПригорокСплетни бар;Лофт, бар, клуб;9099093669;N/A;https://www.loft2rent.ru/loft/171193/173114/
Летняя веранда ПригорокШатер «Царица»;Шатер, веранда;89099093669;N/A;https://www.loft2rent.ru/loft/171193/171344/
Литературная гостиная;Учебный зал, переговорная;+79213544851;https://www.loft2rent.ru/loft/110170/;https://www.loft2rent.ru/loft/110170/131126/
личноПоддворье;Банкетный зал, лофт;89269818713;N/A;https://www.loft2rent.ru/loft/193047/193058/
Лось;Лофт, зал, веранда;8(985)455-10-33;https://www.loft2rent.ru/loft/18038/;https://www.loft2rent.ru/loft/18038/66508/
Лофт;Зал, антикафе;+7(812) 443-57-02;https://www.loft2rent.ru/loft/83744/;https://www.loft2rent.ru/loft/83744/84975/
Лофт;Лофт;+7 (985) 684-78-40;N/A;https://www.loft2rent.ru/loft/90263/90285/
Лофт  NOAR;Банкетный зал, лофт;+79777816590;https://www.loft2rent.ru/loft/108186/;https://www.loft2rent.ru/loft/108186/116727/
Лофт  Антресоль - лофт на Бауманской с караоке;лофт на Бауманской с караоке  - Лофт, зал, конференц-зал;89301703019;https://www.loft2rent.ru/loft/58868/;https://www.loft2rent.ru/loft/58868/58874/
"Лофт ""All Stars""";Лофт, игровой зал, антикафе, кальянная;+79219087797;https://www.loft2rent.ru/loft/76044/;https://www.loft2rent.ru/loft/76044/117363/
"Лофт ""Eminem""";Лофт, антикафе;+79219087797;https://www.loft2rent.ru/loft/76044/;https://www.loft2rent.ru/loft/76044/76069/
"Лофт ""Freddie Mercury""";Лофт, антикафе;+79219087797;https://www.loft2rent.ru/loft/76044/;https://www.loft2rent.ru/loft/76044/76084/
"ЛОФТ ""GAZGOLDER CLUB"" аренда под мероприятия";Лофт, ночной клуб, конференц-зал, клуб;+79585410041;https://www.loft2rent.ru/loft/97591/;https://www.loft2rent.ru/loft/97591/102710/
"Лофт ""Madonna""";Лофт, антикафе;+79219087797;https://www.loft2rent.ru/loft/76044/;https://www.loft2rent.ru/loft/76044/76076/
"Лофт ""Marvel""";Лофт, антикафе, кальянная;+79219087797;https://www.loft2rent.ru/loft/76044/;https://www.loft2rent.ru/loft/76044/102697/
"Лофт ""Mega Party""";Лофт, антикафе;+79219087797;https://www.loft2rent.ru/loft/76044/;https://www.loft2rent.ru/loft/76044/76080/
"Лофт ""Metallica""";Лофт, зал, антикафе;+79219087797;https://www.loft2rent.ru/loft/76044/;https://www.loft2rent.ru/loft/76044/76061/
"Лофт ""MyHope"" 2";Лофт, игровой зал;+7 (968) 376-01-02;https://www.loft2rent.ru/loft/46064/;https://www.loft2rent.ru/loft/46064/61126/
"Лофт ""Rihanna""";Лофт, антикафе;+79219087797;https://www.loft2rent.ru/loft/76044/;https://www.loft2rent.ru/loft/76044/76065/
"Лофт ""Август""";Лофт, бар, зал;+74959607866;https://www.loft2rent.ru/loft/58720/;https://www.loft2rent.ru/loft/58720/121515/
"Лофт ""Арка"" , зал 0+";Лофт, детский центр;+79830012520;https://www.loft2rent.ru/loft/98733/;https://www.loft2rent.ru/loft/98733/98778/
"Лофт ""Арка"", зал для взрослых и подростков";Лофт, зал, антикафе;+79830012520;https://www.loft2rent.ru/loft/98733/;https://www.loft2rent.ru/loft/98733/98786/
"Лофт ""В Моменте""";Лофт, зал;89826683119;N/A;https://www.loft2rent.ru/loft/82776/82908/
"Лофт ""Ван"" для свадьбы";Веранда;+79585410041;https://www.loft2rent.ru/loft/97591/;https://www.loft2rent.ru/loft/97591/128063/
"Лофт ""Гоголь""";Лофт, бар;+74959607866;https://www.loft2rent.ru/loft/58720/;https://www.loft2rent.ru/loft/58720/127966/
"Лофт ""Гости""Уютный лофт на Киевской";Лофт, фотостудия;+79685536976;N/A;https://www.loft2rent.ru/loft/25564/26795/
"Лофт ""Грант"" веранда для мероприятий";Лофт, зал, веранда;8 9167150457;https://www.loft2rent.ru/loft/182845/;https://www.loft2rent.ru/loft/182845/190522/
"Лофт ""Грин""";Коворкинг, лофт, антикафе;+7 (929) 506 8889;N/A;https://www.loft2rent.ru/loft/162405/162407/
"лофт ""Дрим""";Зал, игровой зал;8 925 052-09-76;https://www.loft2rent.ru/loft/125499/;https://www.loft2rent.ru/loft/125499/204143/
"Лофт ""Дым"" аренда под мероприятия";Банкетный зал, лофт, зал;+79585410041;https://www.loft2rent.ru/loft/97591/;https://www.loft2rent.ru/loft/97591/199171/
"Лофт ""Дюплекс""";Лофт, ночной клуб, концертный зал, клуб;8 9167150457;https://www.loft2rent.ru/loft/182845/;https://www.loft2rent.ru/loft/182845/189430/
"Лофт ""Знакомые лица""Брауни";Лофт;89779998820;N/A;https://www.loft2rent.ru/loft/153240/190434/
"Лофт ""Знакомые лица""Кенди";Лофт, антикафе;89779998820;N/A;https://www.loft2rent.ru/loft/153240/153243/
"Лофт ""Концерт"" Мультиформатная площадка для мероприятий";Конференц-зал, концертный зал;8 9167150457;https://www.loft2rent.ru/loft/182845/;https://www.loft2rent.ru/loft/182845/206808/
"Лофт ""Космос"" в парке ВДНХ";Лофт, фотостудия, особняк, веранда;+7 925 401 31 59;https://www.loft2rent.ru/loft/4585/;https://www.loft2rent.ru/loft/4585/27773/
"Лофт ""Крыша"" аренда под мероприятия";Банкетный зал, лофт, конференц-зал, веранда;+79585410041;https://www.loft2rent.ru/loft/97591/;https://www.loft2rent.ru/loft/97591/195121/
"Лофт ""Крыша"" с открытой верандой";Лофт, зал, крыша, антикафе;+79675556028;https://www.loft2rent.ru/loft/160870/;https://www.loft2rent.ru/loft/160870/160913/
"Лофт ""Мансарда"" аренда под меропирятие";Лофт;+79585410041;https://www.loft2rent.ru/loft/97591/;https://www.loft2rent.ru/loft/97591/139112/
"Лофт ""МЕСТО ЮГ""";Лофт;+74959607866;https://www.loft2rent.ru/loft/58720/;https://www.loft2rent.ru/loft/58720/140182/
"Лофт ""Место""";Лофт, веранда;+74959607866;https://www.loft2rent.ru/loft/58720/;https://www.loft2rent.ru/loft/58720/140176/
"Лофт ""МуНоре"" Рассвет";Лофт, зал;+7 (968) 376-01-02;https://www.loft2rent.ru/loft/46064/;https://www.loft2rent.ru/loft/46064/61346/
"Лофт ""На Зорге""Лофт ""На Зорге"" с конференц-залом и сценой";Зал;89265361225;N/A;https://www.loft2rent.ru/loft/133375/133547/
"Лофт ""Нави""";Лофт, кальянная;+7 (931) 111-81-02;https://www.loft2rent.ru/loft/42016/;https://www.loft2rent.ru/loft/42016/200000/
"Лофт ""Нашедший Себя """;Лофт, ночной клуб;+79099936807;https://www.loft2rent.ru/loft/57365/;https://www.loft2rent.ru/loft/57365/57622/
"Лофт ""Ночной клуб""";Бар, ночной клуб, фотостудия, кальянная;+7 (925) 401 31 59;https://www.loft2rent.ru/loft/4585/;https://www.loft2rent.ru/loft/4585/189107/
"Лофт ""Октябрь""Технолофт ""Октябрь"" на Красном Октябре";Лофт, бар, ночной клуб;+7 (926) 544-97-98;N/A;https://www.loft2rent.ru/loft/43969/44403/
"Лофт ""Олив""";Банкетный зал, лофт, кальянная;+7 (931) 111-81-02;https://www.loft2rent.ru/loft/42016/;https://www.loft2rent.ru/loft/42016/199899/
"Лофт ""Открытие"" для мероприятий";Банкетный зал, концертный зал, клуб;8 9167150457;https://www.loft2rent.ru/loft/182845/;https://www.loft2rent.ru/loft/182845/206789/
"Лофт ""Охра""";Лофт, кальянная;+7 (931) 111-81-02;https://www.loft2rent.ru/loft/42016/;https://www.loft2rent.ru/loft/42016/199970/
"Лофт ""Палермо""";Банкетный зал, лофт;+74959607866;https://www.loft2rent.ru/loft/58720/;https://www.loft2rent.ru/loft/58720/197479/
"Лофт ""Панорамный""";Лофт, зал;+79936053121;https://www.loft2rent.ru/loft/30979/;https://www.loft2rent.ru/loft/30979/196803/
"Лофт ""Президент""";Лофт, фотостудия, кулинарная студия;+7 925 401 31 59;https://www.loft2rent.ru/loft/4585/;https://www.loft2rent.ru/loft/4585/4721/
"Лофт ""Прошивка""";Лофт, игровой зал, антикафе, кальянная;+79255165332;https://www.loft2rent.ru/loft/172081/;https://www.loft2rent.ru/loft/172081/172083/
"Лофт ""Ринг""";Лофт, игровой зал, антикафе;+78125011002;N/A;https://www.loft2rent.ru/loft/74695/74701/
"Лофт ""Роза""";Бар;+74959607866;https://www.loft2rent.ru/loft/58720/;https://www.loft2rent.ru/loft/58720/142134/
"Лофт ""Сказочный домик""Лофт с детской игровой зоной";Лофт, игровой зал, детский центр;+7 993 281-54-58;N/A;https://www.loft2rent.ru/loft/177077/177082/
"Лофт ""Скарлет""";Лофт, кальянная;+7 (931) 111-81-02;https://www.loft2rent.ru/loft/42016/;https://www.loft2rent.ru/loft/42016/199903/
"Лофт ""Суворов""";Банкетный зал, лофт, особняк;89250520976;https://www.loft2rent.ru/loft/125499/;https://www.loft2rent.ru/loft/125499/204901/
"Лофт ""ТЕБЕ МОЖНО""";Лофт, зал, концертный зал;+79684676417;N/A;https://www.loft2rent.ru/loft/124726/124728/
"Лофт ""Терраса"" для корпоративов";Банкетный зал, крыша, конференц-зал;8 9167150457;https://www.loft2rent.ru/loft/182845/;https://www.loft2rent.ru/loft/182845/196093/
"Лофт ""Черри"" для мероприятий";Лофт, концертный зал, клуб;89167150457;https://www.loft2rent.ru/loft/182845/;https://www.loft2rent.ru/loft/182845/182903/
"лофт ""Эйфория""City лофт";Лофт, зал, игровой зал, антикафе;+7 923 105-14-14;N/A;https://www.loft2rent.ru/loft/133572/180221/
"Лофт ""Юг""";Лофт, бар;+74959607866;https://www.loft2rent.ru/loft/58720/;https://www.loft2rent.ru/loft/58720/132891/
"Лофт ""Явление""";Учебный зал;+79213544851;https://www.loft2rent.ru/loft/110170/;https://www.loft2rent.ru/loft/110170/115133/
Лофт #1 три зала с верандой на крыше с видом на реку;Лофт, крыша, ночной клуб;+79255701919;https://www.loft2rent.ru/loft/68540/;https://www.loft2rent.ru/loft/68540/68543/
Лофт & ActionAction;Лофт, клуб;+79851267070;N/A;https://www.loft2rent.ru/loft/71895/78850/
Лофт ''Крылатский'' для свадьбы;Шатер;+79585410041;https://www.loft2rent.ru/loft/97591/;https://www.loft2rent.ru/loft/97591/128140/
ЛОФТ - 415 БАЗАЛОФТ - 415 БАЗА;Лофт, бар, зал;+7 (980) 199-20-20;N/A;https://www.loft2rent.ru/loft/201754/201765/
Лофт 13 на Мясницкойбукстор 250;Ресторан, зал, конференц-зал;89257405902;N/A;https://www.loft2rent.ru/loft/3442/3522/
Лофт 13 на Мясницкойверанда на крыше 170;Крыша, конференц-зал, веранда;89257405902;N/A;https://www.loft2rent.ru/loft/3442/133543/
Лофт 13 на Мясницкойлетняя веранда на Чистых Прудах;Ресторан, веранда;89257405902;N/A;https://www.loft2rent.ru/loft/3442/110165/
Лофт 13 на Мясницкойлофт 175;Лофт, конференц-зал, учебный зал;89257405902;N/A;https://www.loft2rent.ru/loft/3442/3521/
Лофт 13 на Мясницкойлофт 250;Ресторан, конференц-зал;89257405902;N/A;https://www.loft2rent.ru/loft/3442/3529/
Лофт 13 на Мясницкойпереговорная 30;Переговорная;89257405902;N/A;https://www.loft2rent.ru/loft/3442/3531/
Лофт 1914. Исторический лофт с выходом на веранду;Лофт, шатер, веранда;+7 (495) 432-01-36;https://www.loft2rent.ru/loft/22257/;https://www.loft2rent.ru/loft/22257/41610/
Лофт 24;Лофт;+79855044979;N/A;https://www.loft2rent.ru/loft/56966/56968/
Лофт 365 Серебряный бор;Лофт, на открытом воздухе;89197279747;N/A;https://www.loft2rent.ru/loft/184910/184912/
Лофт 40-150м2 на Арбатской, в историческом особнякеSecret place;Лофт, бар, зал;89169557531;N/A;https://www.loft2rent.ru/loft/40247/59955/
Лофт 40-150м2 на Арбатской, в историческом особнякеUnderground lounge;Лофт, кальянная;89169557531;N/A;https://www.loft2rent.ru/loft/40247/40249/
Лофт 42 аренда в Москве;Лофт, зал;+79161970937;https://www.loft2rent.ru/loft/207439/;https://www.loft2rent.ru/loft/207439/207778/
Лофт 457 ВДНХ аренда под корпоратив;Зал, галерея;+79585410041;https://www.loft2rent.ru/loft/97591/;https://www.loft2rent.ru/loft/97591/149722/
Лофт 9012;Лофт;89037572201;N/A;https://www.loft2rent.ru/loft/158637/158641/
ЛОФТ ART НА ЛУБЯНКЕ;Лофт;+79938946465;N/A;https://www.loft2rent.ru/loft/155152/155156/
ЛОФТ ART НА ЛУБЯНКЕЛОФТ КЛАССИКА НА ЛУБЯНКЕ;Зал;+79938946465;N/A;https://www.loft2rent.ru/loft/155152/194003/
Лофт c террасой CLOUD NINE;Лофт, крыша, на открытом воздухе, веранда;+79959001274;https://www.loft2rent.ru/loft/45889/;https://www.loft2rent.ru/loft/45889/50372/
Лофт Cactus J.;Ресторан;89032143720;https://www.loft2rent.ru/loft/208153/;https://www.loft2rent.ru/loft/208153/210223/
Лофт Dream ForestВкусотеррия - Зал 1;Лофт, кулинарная студия;+7 (495) 153-10-14;https://twitter.com/Vkusoterriaru;https://www.loft2rent.ru/loft/29502/29513/
Лофт Dream ForestВкусотеррия - Зал 2;Ресторан, конференц-зал, учебный зал, кулинарная студия;+7 (495) 153-10-14;https://twitter.com/Vkusoterriaru;https://www.loft2rent.ru/loft/29502/29517/
Лофт Dream ForestВкусотеррия - Зал 3;Лофт, ресторан, зал, кулинарная студия;+7 (495) 153-10-14;https://twitter.com/Vkusoterriaru;https://www.loft2rent.ru/loft/29502/30439/
Лофт Dream ForestЛофт Dream forest;Лофт, кулинарная студия;+7 (495) 153-10-14;https://twitter.com/Vkusoterriaru;https://www.loft2rent.ru/loft/29502/36714/
Лофт Fantom 2.0 - стильное многофункциональное пространство со сценой и панорамным окном;стильное многофункциональное пространство со сценой и панорамным окном - Банкетный зал, лофт, конференц-зал;+7 985 219 8400;https://www.loft2rent.ru/loft/97467/;https://www.loft2rent.ru/loft/97467/97471/
Лофт FLORA - включено посуда, светомузыка, караоке. ЦАО, отдельный вход, возле реки;включено посуда, светомузыка, караоке. ЦАО, отдельный вход, возле реки - Лофт;+79099060421;https://www.loft2rent.ru/loft/41462/;https://www.loft2rent.ru/loft/41462/189253/
Лофт Garden с летней верандой;Лофт, зал, веранда;+79939054093;https://www.loft2rent.ru/loft/41186/;https://www.loft2rent.ru/loft/41186/53821/
Лофт Gold с телевизором, караоке и музыкой;Коворкинг, лофт, кальянная;+79999141421;https://vk.me/magnatloft;https://www.loft2rent.ru/loft/137680/172443/
Лофт Grapefruit;Лофт, ночной клуб;+74993703816;https://www.loft2rent.ru/loft/29857/;https://www.loft2rent.ru/loft/29857/29865/
Лофт Happy TimeHappy Time;Лофт, детский центр;+79218889012;N/A;https://www.loft2rent.ru/loft/172337/172353/
Лофт Happy TimeHАРРY ТIMЕ;Лофт, зал, детский центр;+7 921 888-90-12;N/A;https://www.loft2rent.ru/loft/172337/172363/
Лофт Hide;Ресторан, на открытом воздухе;+79585410041;https://www.loft2rent.ru/loft/97591/;https://www.loft2rent.ru/loft/97591/129141/
Лофт HIGHLIGHT с выходом на крышу с панорамным видом;Лофт, крыша, на открытом воздухе, веранда;+7 (495) 432-01-36;https://www.loft2rent.ru/loft/22257/;https://www.loft2rent.ru/loft/22257/33470/
Лофт Industrial;Лофт, зал, антикафе, кальянная;+79936053121;https://www.loft2rent.ru/loft/30979/;https://www.loft2rent.ru/loft/30979/201141/
ЛОФТ LIKEЛОФТ ЛАЙК;Лофт, детский центр;89295107900;N/A;https://www.loft2rent.ru/loft/125076/125078/
ЛОФТ LIKEЛОФТ ЛАЙК;Лофт, детский центр, фотостудия;+79295107900;N/A;https://www.loft2rent.ru/loft/125076/152270/
Лофт NEFTЬ с телевизором, музыкой и караоке;Лофт, антикафе, кальянная;+79999141421;https://vk.me/magnatloft;https://www.loft2rent.ru/loft/137680/137716/
Лофт Pomelo;Лофт, переговорная;+74993703816;https://www.loft2rent.ru/loft/29857/;https://www.loft2rent.ru/loft/29857/75517/
Лофт Pool Party Молодежная 26;Лофт, антикафе;89039328089;https://www.loft2rent.ru/loft/86655/;https://www.loft2rent.ru/loft/86655/86799/
Лофт Pro-Platforma;Лофт, конференц-зал, концертный зал, на открытом воздухе;+7 495 023 96 00;N/A;https://www.loft2rent.ru/loft/159974/159996/
Лофт RentPlaza Караоке;Лофт, игровой зал;89276977102;N/A;https://www.loft2rent.ru/loft/121270/121272/
Лофт STAR Centre на Тукая;Лофт, зал, конференц-зал, концертный зал;89932550001;N/A;https://www.loft2rent.ru/loft/181433/181435/
Лофт Sweetie;Лофт, зал, фотостудия;+74993703816;https://www.loft2rent.ru/loft/29857/;https://www.loft2rent.ru/loft/29857/33452/
Лофт Tалисман на Нижегородской;Лофт;+7 9262851941;https://www.loft2rent.ru/loft/157778/;https://www.loft2rent.ru/loft/157778/157781/
Лофт White с проектором, караоке и музыкой;Лофт, фотостудия;+79999141421;https://vk.me/magnatloft;https://www.loft2rent.ru/loft/137680/204723/
лофт Wood&stone Лофт Wood&stone / Лофт ВудСтоун;Лофт;+79776638891;N/A;https://www.loft2rent.ru/loft/58757/58788/
Лофт «5 оклок» с верандой на крыше;Лофт, зал, кальянная;+79311065003;https://www.loft2rent.ru/loft/54749/;https://www.loft2rent.ru/loft/54749/148810/
Лофт «Forest» с верандой на крыше;Лофт, зал;+79311065003;https://www.loft2rent.ru/loft/54749/;https://www.loft2rent.ru/loft/54749/153833/
Лофт «UFC» с верандой на крыше;Лофт, игровой зал, кальянная;+79311065003;https://www.loft2rent.ru/loft/54749/;https://www.loft2rent.ru/loft/54749/54782/
Лофт «Айсберг» с летней верандой на крыше;Лофт, кальянная;+79311065004;https://www.loft2rent.ru/loft/54749/;https://www.loft2rent.ru/loft/43392/158025/
Лофт «Акира» с верандой на крыше;Лофт, крыша, кальянная;+79311065003;https://www.loft2rent.ru/loft/54749/;https://www.loft2rent.ru/loft/54749/73297/
Лофт «Арена» с верандой на крыше;Лофт, игровой зал, кальянная;+79311065003;https://www.loft2rent.ru/loft/54749/;https://www.loft2rent.ru/loft/54749/124830/
Лофт «Арис»;Лофт, зал, игровой зал, детский центр;+7 (917) 790-08-53;https://www.loft2rent.ru/loft/157583/;https://www.loft2rent.ru/loft/157583/183785/
Лофт «Арт Фьюжен» с верандой на крыше;Лофт, зал, кальянная;+79311065003;https://www.loft2rent.ru/loft/54749/;https://www.loft2rent.ru/loft/54749/145536/
Лофт «Атлантида» | летняя веранда на крыше;Лофт, антикафе, кальянная;+79311065004;https://www.loft2rent.ru/loft/54749/;https://www.loft2rent.ru/loft/43392/158028/
Лофт «Атриум» с летней верандой на крыше | панорамные окна;Лофт, антикафе, кальянная;+79311065004;https://www.loft2rent.ru/loft/54749/;https://www.loft2rent.ru/loft/43392/92596/
Лофт «Баленсиага» с верандой на крыше;Лофт, кальянная;+79311065003;https://www.loft2rent.ru/loft/54749/;https://www.loft2rent.ru/loft/54749/148767/
Лофт «Блэк Антик» с верандой на крыше;Лофт, веранда;+79311066350;https://www.loft2rent.ru/loft/77624/;https://www.loft2rent.ru/loft/77624/77882/
Лофт «Богема» с верандой на крыше;Лофт, крыша, кальянная;+79311065004;https://www.loft2rent.ru/loft/54749/;https://www.loft2rent.ru/loft/43392/176896/
Лофт «Бохо» с верандой на крыше;Лофт, зал, кальянная;+79311065003;https://www.loft2rent.ru/loft/54749/;https://www.loft2rent.ru/loft/54749/68714/
Лофт «Бруталити» с верандой на крыше;Лофт, антикафе, кальянная;+79311065004;https://www.loft2rent.ru/loft/54749/;https://www.loft2rent.ru/loft/43392/176876/
Лофт «Бунгало» с верандой на крыше;Лофт, зал, кальянная;+79311065003;https://www.loft2rent.ru/loft/54749/;https://www.loft2rent.ru/loft/54749/54797/
Лофт «Буржуй» с летней верандой на крыше;Зал, антикафе, кальянная;+79311065004;https://www.loft2rent.ru/loft/54749/;https://www.loft2rent.ru/loft/43392/158023/
Лофт «Бэд Гёрл» с верандой | панорама на Останкинскую башню;Лофт;+79311066350;https://www.loft2rent.ru/loft/77624/;https://www.loft2rent.ru/loft/77624/77880/
Лофт «Вандал» с верандой на крыше;Лофт, кальянная;+79311065003;https://www.loft2rent.ru/loft/54749/;https://www.loft2rent.ru/loft/54749/73301/
Лофт «Вегас» с верандой на крыше;Лофт, игровой зал, кальянная;+79311065003;https://www.loft2rent.ru/loft/54749/;https://www.loft2rent.ru/loft/54749/68704/
Лофт «Веном» с верандой на крыше;Лофт, игровой зал, кальянная;+79311065003;https://www.loft2rent.ru/loft/54749/;https://www.loft2rent.ru/loft/54749/54776/
Лофт «Винил» с верандой на крыше;Лофт, игровой зал, кальянная;+79311065003;https://www.loft2rent.ru/loft/54749/;https://www.loft2rent.ru/loft/54749/122533/
Лофт «Винишко» с верандой на крыше;Лофт, зал, кальянная;+79311065003;https://www.loft2rent.ru/loft/54749/;https://www.loft2rent.ru/loft/54749/165411/
Лофт «Во все тяжкие» с верандой на крыше;Лофт, крыша, антикафе, кальянная;+79311065003;https://www.loft2rent.ru/loft/54749/;https://www.loft2rent.ru/loft/54749/73299/
Лофт «Галактика» с верандой на крыше;Лофт, антикафе;+79322105457;https://www.loft2rent.ru/loft/145926/;https://www.loft2rent.ru/loft/145926/145977/
Лофт «Галерея» с верандой на крыше;Лофт, зал, кальянная;+79311065003;https://www.loft2rent.ru/loft/54749/;https://www.loft2rent.ru/loft/54749/73651/
Лофт «Гармония» с верандой на крыше;Лофт, антикафе, кальянная;+79311065004;https://www.loft2rent.ru/loft/54749/;https://www.loft2rent.ru/loft/43392/176878/
Лофт «Гетсби» с верандой на крыше;Лофт, зал, кальянная;+79311065003;https://www.loft2rent.ru/loft/54749/;https://www.loft2rent.ru/loft/54749/68708/
Лофт «Готэм» | летняя веранда на крыше | панорамные окна;Лофт;+79311065004;https://www.loft2rent.ru/loft/54749/;https://www.loft2rent.ru/loft/43392/158021/
Лофт «Грейлофт» с летней верандой на крыше | панорамные окна;Лофт, антикафе, кальянная;+79311065004;https://www.loft2rent.ru/loft/54749/;https://www.loft2rent.ru/loft/43392/70868/
Лофт «Гримерка» с верандой на крыше;Лофт, игровой зал, кальянная;+79311065003;https://www.loft2rent.ru/loft/54749/;https://www.loft2rent.ru/loft/54749/54751/
Лофт «Гринвуд» с верандой на крыше;Лофт, веранда, кальянная;+79311066350;https://www.loft2rent.ru/loft/77624/;https://www.loft2rent.ru/loft/77624/85583/
Лофт «ГТА» с верандой на крыше;Лофт, игровой зал, кальянная;+79311065003;https://www.loft2rent.ru/loft/54749/;https://www.loft2rent.ru/loft/54749/68697/
Лофт «Двойной Антик» с верандой на крыше;Лофт, кальянная;+79311066350;https://www.loft2rent.ru/loft/77624/;https://www.loft2rent.ru/loft/77624/176921/
Лофт «Джокер» с верандой на крыше;Лофт, кальянная;+79311065003;https://www.loft2rent.ru/loft/54749/;https://www.loft2rent.ru/loft/54749/148771/
Лофт «Дионис» с верандой на крыше;Лофт, антикафе;+79322105457;https://www.loft2rent.ru/loft/145926/;https://www.loft2rent.ru/loft/145926/145986/
Лофт «Диско спа» с верандой на крыше;Лофт, зал, кальянная;+79311065003;https://www.loft2rent.ru/loft/54749/;https://www.loft2rent.ru/loft/54749/68702/
Лофт «Дримлофт» с верандой на крыше;Лофт;+79311066350;https://www.loft2rent.ru/loft/77624/;https://www.loft2rent.ru/loft/77624/117400/
Лофт «Душа» в парке Сокольники;Банкетный зал, лофт, учебный зал;+79153556751;https://www.loft2rent.ru/loft/199153/;https://www.loft2rent.ru/loft/199153/203433/
Лофт «Дюна» с верандой на крыше;Лофт;+79311065003;https://www.loft2rent.ru/loft/54749/;https://www.loft2rent.ru/loft/54749/148814/
Лофт «Золотое яблоко» с летней верандой на крыше | панорамные окна;Лофт, антикафе, кальянная;+79311065003;https://www.loft2rent.ru/loft/54749/;https://www.loft2rent.ru/loft/43392/73438/
Лофт «Империал» с верандой на крыше;Лофт, веранда, кальянная;+79311066350;https://www.loft2rent.ru/loft/77624/;https://www.loft2rent.ru/loft/77624/83912/
Лофт «Индастриал» с верандой на крыше;Лофт, зал, кальянная;+79322105457;https://www.loft2rent.ru/loft/145926/;https://www.loft2rent.ru/loft/145926/146747/
Лофт «Индиго» с верандой на крыше;Лофт, кальянная;+79311065003;https://www.loft2rent.ru/loft/54749/;https://www.loft2rent.ru/loft/54749/73304/
Лофт «Интрига» с летней верандой на крыше | панорамные окна;Лофт, кальянная;+79311065004;https://www.loft2rent.ru/loft/54749/;https://www.loft2rent.ru/loft/43392/124877/
Лофт «Кашемир» с летней верандой на крыше | панорамные окна;Лофт, кальянная;+79311065004;https://www.loft2rent.ru/loft/54749/;https://www.loft2rent.ru/loft/43392/158027/
Лофт «Кибер Антик» с верандой на крыше;Лофт;+79311066350;https://www.loft2rent.ru/loft/77624/;https://www.loft2rent.ru/loft/77624/77892/
Лофт «Киберпанк» с верандой на крыше;Лофт, зал, кальянная;+79311065003;https://www.loft2rent.ru/loft/54749/;https://www.loft2rent.ru/loft/54749/148790/
Лофт «Контент база» для фотосессий с верандой на крыше;Лофт, фотостудия, кальянная;+79311065003;https://www.loft2rent.ru/loft/54749/;https://www.loft2rent.ru/loft/54749/73644/
Лофт «Конференция» с верандой на крыше;Лофт, зал, кальянная;+79311065003;https://www.loft2rent.ru/loft/54749/;https://www.loft2rent.ru/loft/54749/68706/
Лофт «Космополитен» с верандой на крыше;Лофт, веранда, кальянная;+79311066350;https://www.loft2rent.ru/loft/77624/;https://www.loft2rent.ru/loft/77624/89151/
Лофт «Красная комната» с верандой на крыше;Лофт;+79311065003;https://www.loft2rent.ru/loft/54749/;https://www.loft2rent.ru/loft/54749/153695/
Лофт «Кристалл» с верандой на крыше;Лофт;+79311065003;https://www.loft2rent.ru/loft/54749/;https://www.loft2rent.ru/loft/54749/165530/
Лофт «Кэш» с верандой на крыше;Лофт, зал, кальянная;+79311065003;https://www.loft2rent.ru/loft/54749/;https://www.loft2rent.ru/loft/54749/93818/
Лофт «Лав из» с летней верандой на крыше | панорамные окна;Лофт, антикафе, кальянная;+79311065004;https://www.loft2rent.ru/loft/54749/;https://www.loft2rent.ru/loft/43392/158024/
Лофт «Лакрица» с летней верандой на крыше | панорамные окна;Лофт, кальянная;+79311065004;https://www.loft2rent.ru/loft/54749/;https://www.loft2rent.ru/loft/43392/158022/
Лофт «Либерти» с верандой на крыше;Лофт, кальянная;+79311066350;https://www.loft2rent.ru/loft/77624/;https://www.loft2rent.ru/loft/77624/83917/
Лофт «Луи»  с летней верандой на крыше | панорамные окна;Крыша, антикафе, кальянная;+79311065004;https://www.loft2rent.ru/loft/54749/;https://www.loft2rent.ru/loft/43392/43505/
Лофт «Люкс» с верандой на крыше;Лофт, антикафе, кальянная;+79311065003;https://www.loft2rent.ru/loft/54749/;https://www.loft2rent.ru/loft/54749/177025/
Лофт «Люмьер» с верандой на крыше;Лофт;+79311066350;https://www.loft2rent.ru/loft/77624/;https://www.loft2rent.ru/loft/77624/105731/
Лофт «Мантра» с летней верандой на крыше | панорамные окна;Лофт, антикафе, кальянная;+79311065004;https://www.loft2rent.ru/loft/54749/;https://www.loft2rent.ru/loft/43392/161683/
Лофт «Марсель» с летней верандой на крыше | панорамные окна;Лофт, кальянная;+79311065004;https://www.loft2rent.ru/loft/54749/;https://www.loft2rent.ru/loft/43392/51128/
Лофт «Миллениум» с верандой на крыше;Лофт, антикафе, кальянная;+79311065003;https://www.loft2rent.ru/loft/54749/;https://www.loft2rent.ru/loft/54749/177021/
Лофт «Мира»;Банкетный зал, лофт, веранда;+7 (917) 790-08-53;https://www.loft2rent.ru/loft/157583/;https://www.loft2rent.ru/loft/157583/157592/
Лофт «Модерн Платинум» с верандой на крыше;Лофт, антикафе, кальянная;+79311065003;https://www.loft2rent.ru/loft/54749/;https://www.loft2rent.ru/loft/54749/177029/
Лофт «МУН» аренда под мероприятия;Лофт, зал;+79585410041;https://www.loft2rent.ru/loft/97591/;https://www.loft2rent.ru/loft/97591/106603/
Лофт «Нео классик» с летней верандой на крыше | панорамные окна;Лофт, кальянная;+79311065004;https://www.loft2rent.ru/loft/54749/;https://www.loft2rent.ru/loft/43392/51133/
Лофт «Необарокко» с верандой на крыше;Лофт, зал, кальянная;+79311065003;https://www.loft2rent.ru/loft/54749/;https://www.loft2rent.ru/loft/54749/74471/
Лофт «Неон бар» с верандой на крыше;Лофт, игровой зал, кальянная;+79311065003;https://www.loft2rent.ru/loft/54749/;https://www.loft2rent.ru/loft/54749/68700/
Лофт «Нефрит» с верандой на крыше;Лофт;+79311066350;https://www.loft2rent.ru/loft/77624/;https://www.loft2rent.ru/loft/77624/176939/
Лофт «Нефть» с верандой на крыше;Лофт, антикафе, кальянная;+79311065004;https://www.loft2rent.ru/loft/54749/;https://www.loft2rent.ru/loft/43392/176915/
Лофт «Оазис» с летней верандой на крыше | панорамные окна;Лофт, кальянная;+79311065004;https://www.loft2rent.ru/loft/54749/;https://www.loft2rent.ru/loft/43392/43394/
Лофт «Око» с верандой на крыше;Лофт, веранда, антикафе;+79311065004;https://www.loft2rent.ru/loft/54749/;https://www.loft2rent.ru/loft/43392/176889/
Лофт «Октава» звукозаписывающая студия с верандой на крыше;Лофт, кальянная;+79311065003;https://www.loft2rent.ru/loft/54749/;https://www.loft2rent.ru/loft/54749/89615/
Лофт «Олимпия» с верандой на крыше;Лофт, зал, кальянная;+79311065003;https://www.loft2rent.ru/loft/54749/;https://www.loft2rent.ru/loft/54749/145529/
Лофт «Оникс» с верандой на крыше;Веранда;+79311066350;https://www.loft2rent.ru/loft/77624/;https://www.loft2rent.ru/loft/77624/120561/
Лофт «Оранжерея» ВДНХ;Зал, конференц-зал;+79585410041;https://www.loft2rent.ru/loft/97591/;https://www.loft2rent.ru/loft/97591/149965/
Лофт «Очень странные дела» с верандой на крыше;Лофт, кальянная;+79311065003;https://www.loft2rent.ru/loft/54749/;https://www.loft2rent.ru/loft/54749/54785/
Лофт «Пинк вайб» с верандой на крыше;Лофт, антикафе;+79322105457;https://www.loft2rent.ru/loft/145926/;https://www.loft2rent.ru/loft/145926/145973/
Лофт «Подушка пати» с верандой на крыше;Лофт, зал, кальянная;+79311065003;https://www.loft2rent.ru/loft/54749/;https://www.loft2rent.ru/loft/54749/74468/
Лофт «Рич лофт» с верандой на крыше;Лофт, антикафе, кальянная;+79311065004;https://www.loft2rent.ru/loft/54749/;https://www.loft2rent.ru/loft/43392/176901/
Лофт «Роза»;Лофт, зал, фотостудия;+7 (917) 790-08-53;https://www.loft2rent.ru/loft/157583/;https://www.loft2rent.ru/loft/157583/171016/
Лофт «Розовый фламинго» с верандой на крыше;Лофт, кальянная;+79311065003;https://www.loft2rent.ru/loft/54749/;https://www.loft2rent.ru/loft/54749/148846/
Лофт «Сафари» с летней верандой на крыше;Лофт, кальянная;+79311065004;https://www.loft2rent.ru/loft/54749/;https://www.loft2rent.ru/loft/43392/48187/
Лофт «Сказка»аренда под свадьбу;Веранда;+79585410041;https://www.loft2rent.ru/loft/97591/;https://www.loft2rent.ru/loft/97591/169030/
Лофт «Слово пацана» с верандой на крыше;Лофт, игровой зал, кальянная;+79311065003;https://www.loft2rent.ru/loft/54749/;https://www.loft2rent.ru/loft/54749/68712/
Лофт «Союз» с верандой на крыше;Лофт, антикафе, кальянная;+79311066350;https://www.loft2rent.ru/loft/77624/;https://www.loft2rent.ru/loft/77624/176935/
Лофт «Студия» с верандой на крыше;Лофт, антикафе, кальянная;+79311065003;https://www.loft2rent.ru/loft/54749/;https://www.loft2rent.ru/loft/54749/177011/
Лофт «ТехноБар» с верандой | панорама на Останкинскую башню;Веранда;+79311066350;https://www.loft2rent.ru/loft/77624/;https://www.loft2rent.ru/loft/77624/77833/
Лофт «Ультра» с верандой на крыше;Лофт, игровой зал, кальянная;+79311065003;https://www.loft2rent.ru/loft/54749/;https://www.loft2rent.ru/loft/54749/68716/
Лофт «Ультрафиолет» с верандой на крыше;Лофт, антикафе, кальянная;+79311065003;https://www.loft2rent.ru/loft/54749/;https://www.loft2rent.ru/loft/54749/177007/
Лофт «Урбан» с верандой на крыше;Лофт, зал, кальянная;+79311065003;https://www.loft2rent.ru/loft/54749/;https://www.loft2rent.ru/loft/54749/68694/
Лофт «Флекс из будущего» с верандой на крыше;Лофт, антикафе;+79322105457;https://www.loft2rent.ru/loft/145926/;https://www.loft2rent.ru/loft/145926/145990/
Лофт «Форсаж» с верандой на крыше;Лофт, игровой зал, кальянная;+79311065003;https://www.loft2rent.ru/loft/54749/;https://www.loft2rent.ru/loft/54749/73649/
Лофт «Центральный» аренда под корпоратив;Зал, конференц-зал;+79585410041;https://www.loft2rent.ru/loft/97591/;https://www.loft2rent.ru/loft/97591/149939/
Лофт «Черный Антик» с верандой на крыше;Лофт, игровой зал, кальянная;+79311065003;https://www.loft2rent.ru/loft/54749/;https://www.loft2rent.ru/loft/54749/54769/
Лофт «Чилаут» с верандой на крыше;Лофт, зал, кальянная;+79322105457;https://www.loft2rent.ru/loft/145926/;https://www.loft2rent.ru/loft/145926/146767/
Лофт «Шэдоулофт» с верандой на крыше | панорамные окна;Лофт, кальянная;+79311065004;https://www.loft2rent.ru/loft/54749/;https://www.loft2rent.ru/loft/43392/128174/
Лофт «Элита» с верандой на крыше;Лофт, антикафе;+79322105457;https://www.loft2rent.ru/loft/145926/;https://www.loft2rent.ru/loft/145926/145937/
Лофт «Эра» с верандой на крыше;Лофт, игровой зал, кальянная;+79311065003;https://www.loft2rent.ru/loft/54749/;https://www.loft2rent.ru/loft/54749/126066/
Лофт «Эрмитаж» с летней верандой на крыше | панорамные окна;Лофт, кальянная;+79311065004;https://www.loft2rent.ru/loft/54749/;https://www.loft2rent.ru/loft/43392/158026/
Лофт «Эстетика» с верандой на крыше;Лофт, веранда;+79311066350;https://www.loft2rent.ru/loft/77624/;https://www.loft2rent.ru/loft/77624/77898/
Лофт «Якудза» с верандой на крыше;Лофт, игровой зал, кальянная;+79311065003;https://www.loft2rent.ru/loft/54749/;https://www.loft2rent.ru/loft/54749/68690/
Лофт Алиса с пилоном и мангалом;Лофт;+7(903)239 99 89;https://www.loft2rent.ru/loft/187063/;https://www.loft2rent.ru/loft/86479/120525/
Лофт Амулет с верандой, мангалом и игровой. Сценический звук, свет, сцена;Банкетный зал, лофт, ночной клуб;+79932617652;https://www.loft2rent.ru/loft/1665/;https://www.loft2rent.ru/loft/1665/35005/
Лофт АндерСон Resort;Лофт, конференц-зал, переговорная;+7 (903) 211-00-66;N/A;https://www.loft2rent.ru/loft/79093/79095/
"Лофт АндерСон Resortзал ""Марк Твен""";Лофт, зал;+7 (903) 211-00-66;N/A;https://www.loft2rent.ru/loft/79093/94040/
Лофт АОКИ;Лофт, бар;+7 926 495 0693;https://www.loft2rent.ru/loft/151019/;https://www.loft2rent.ru/loft/151019/201631/
Лофт Аполло в Кремле;Лофт;89969668151;https://www.loft2rent.ru/loft/129446/;https://www.loft2rent.ru/loft/129446/133927/
Лофт Атмосфера;Лофт;+74998773459;https://www.loft2rent.ru/loft/aviator/;https://www.loft2rent.ru/loft/1032/130385/
Лофт Атриум;Лофт, крыша;+79585410041;https://www.loft2rent.ru/loft/97591/;https://www.loft2rent.ru/loft/97591/129136/
Лофт АУДИЕНЦИЯ с верандой и крышей;Банкетный зал, лофт, крыша, веранда;+74991121830;N/A;https://www.loft2rent.ru/loft/884/114551/
Лофт Бангкок;Лофт;+79854311004;https://www.loft2rent.ru/loft/27053/;https://www.loft2rent.ru/loft/27053/27139/
ЛОФТ БАНКА;Банкетный зал, лофт, бар, зал;+74991121830;N/A;https://www.loft2rent.ru/loft/884/892/
Лофт Бар ВДНХ;Лофт, бар, кальянная;+7 916 440 01 30;https://www.loft2rent.ru/loft/101001/;https://www.loft2rent.ru/loft/101001/128596/
Лофт Бар на Люсиновской;Лофт, бар;+79852143202;N/A;https://www.loft2rent.ru/loft/132896/132900/
Лофт бар Сегодня Вечером;Бар, антикафе;+7 (911)015-21-96;N/A;https://www.loft2rent.ru/loft/71471/71478/
Лофт БЕРКАНА - это светлый, уютный лофт с панорамными окнами, караоке, технологиями умного дома...;это светлый, уютный лофт с панорамными окнами, караоке, технологиями умного дома... - Банкетный зал, лофт, зал;+79912974996;https://www.loft2rent.ru/loft/61271/;https://www.loft2rent.ru/loft/61271/185523/
Лофт Бизон (бар + кальяны);Лофт, бар, антикафе, кальянная;+79936224470;N/A;https://www.loft2rent.ru/loft/179956/179966/
Лофт БОТАНИСТ;Бар, крыша, веранда;89774719382;N/A;https://www.loft2rent.ru/loft/42036/42039/
Лофт Бурбон на Бауманской;Лофт;+7 926 495 0693;https://www.loft2rent.ru/loft/151019/;https://www.loft2rent.ru/loft/151019/178843/
Лофт в Москва сити в стиле BurjAlArab;Апартаменты;+79111023333;https://www.loft2rent.ru/loft/107530/;https://www.loft2rent.ru/loft/107530/156404/
Лофт в самом центре Москвы;Лофт, зал, конференц-зал;+7 916 388-51-31;N/A;https://www.loft2rent.ru/loft/114638/114640/
Лофт в центре Москвы;Апартаменты, лофт;+79111023333;https://www.loft2rent.ru/loft/107530/;https://www.loft2rent.ru/loft/107530/125501/
ЛОФТ В ЦЕНТРЕ МОСКВЫ;Лофт, детский центр, конференц-зал, учебный зал;+79999721717;https://www.loft2rent.ru/loft/55645/;https://www.loft2rent.ru/loft/55645/55647/
Лофт Ван Гог с верандой и мангалом;Лофт, веранда;+7(903)239 99 89;https://www.loft2rent.ru/loft/187063/;https://www.loft2rent.ru/loft/86479/90802/
Лофт Видео-салон;Лофт, бар, игровой зал;+79219569468;https://www.loft2rent.ru/loft/158569/;https://www.loft2rent.ru/loft/158569/159358/
ЛОФТ ВИТРИНА с верандой;Банкетный зал, лофт, зал, конференц-зал;+74991121830;N/A;https://www.loft2rent.ru/loft/884/10700/
Лофт ВОЙС с большим экраном и лазерной анимацией;Лофт, игровой зал, ночной клуб;+79770002153;https://www.loft2rent.ru/loft/183656/;https://www.loft2rent.ru/loft/4688/43432/
Лофт Галерея с верандой на Электрозаводской;Лофт, зал, веранда;+7 951 085 8112;https://www.loft2rent.ru/loft/151019/;https://www.loft2rent.ru/loft/151019/215613/
Лофт ГОЛЛИВУД;Лофт, игровой зал, антикафе;8-800-550-11-60;https://www.loft2rent.ru/loft/53422/;https://www.loft2rent.ru/loft/53422/83995/
Лофт Головоломка с мангалом;Лофт;+7(903)239 99 89;https://www.loft2rent.ru/loft/187063/;https://www.loft2rent.ru/loft/86479/141498/
Лофт Графит с проектором, музыкой и караоке;Лофт, антикафе;+79999141421;https://vk.me/magnatloft;https://www.loft2rent.ru/loft/137680/137703/
Лофт для вечеринок Новосибирск Галущака 2;Лофт;89039328089;https://www.loft2rent.ru/loft/86655/;https://www.loft2rent.ru/loft/86655/86702/
Лофт для вечеринок с караоке в АкадемгородкеЛофт для мероприятий;Лофт;;N/A;https://www.loft2rent.ru/loft/136592/136600/
Лофт для свидания и девичника Сладкий;Лофт;+7 926 495 0693;https://www.loft2rent.ru/loft/151019/;https://www.loft2rent.ru/loft/151019/182512/
"Лофт для творческих «Это место»Пространство для творческих ""Это место""";Фотостудия;89175778451;N/A;https://www.loft2rent.ru/loft/134358/155204/
"Лофт для фестивалей, корпоративов, Дней рождения ""В Небо""";Банкетный зал, лофт, зал, квест;+7 (911) 959-03-26;https://www.loft2rent.ru/loft/92234/;https://www.loft2rent.ru/loft/92234/177239/
Лофт ДОГГИ - это уютный, стильный лофт с караоке, кальянами, PS4, проектором...;это уютный, стильный лофт с караоке, кальянами, PS4, проектором... - Банкетный зал, лофт, зал, кальянная;+79912974996;https://www.loft2rent.ru/loft/61271/;https://www.loft2rent.ru/loft/61271/99886/
Лофт ДОМ + АФРИКА с кухней и топ звуком, 100м2;Лофт, зал;+7 (958) 827 71 73;https://www.loft2rent.ru/loft/16584/;https://www.loft2rent.ru/loft/16584/59064/
Лофт ДунькаDunka / Лофт Дунька;Лофт, зал;89312925079;N/A;https://www.loft2rent.ru/loft/70103/70107/
Лофт Екатерининский для свадьбы;Зал, шатер, особняк, пляж;+79585410041;https://www.loft2rent.ru/loft/97591/;https://www.loft2rent.ru/loft/97591/128049/
Лофт зал №14;Лофт;89647264515;https://www.loft2rent.ru/loft/118815/;https://www.loft2rent.ru/loft/118815/193972/
Лофт зал №4;Конференц-зал;89647264515;https://www.loft2rent.ru/loft/118815/;https://www.loft2rent.ru/loft/118815/193427/
Лофт зал №6;Лофт;89647264515;https://www.loft2rent.ru/loft/118815/;https://www.loft2rent.ru/loft/118815/198830/
Лофт Зеркальный;Лофт;+79936053121;https://www.loft2rent.ru/loft/30979/;https://www.loft2rent.ru/loft/30979/144605/
Лофт Империя - Шаболовка 58 Караоке-Лофт Империя на Шаболовке 58;Лофт, ресторан;+74959991220;N/A;https://www.loft2rent.ru/loft/160497/160500/
Лофт ИнсайтИнсайт Лофт;Лофт, зал;+79879895000;N/A;https://www.loft2rent.ru/loft/169065/169069/
Лофт Карлсон;Лофт, кулинарная студия;+74998773459;https://www.loft2rent.ru/loft/aviator/;https://www.loft2rent.ru/loft/1032/187228/
Лофт Каскад;Банкетный зал, лофт, зал;+79264061129;N/A;https://www.loft2rent.ru/loft/87761/87880/
Лофт КАСТЛ;Лофт;8-800-550-11-60;https://www.loft2rent.ru/loft/53422/;https://www.loft2rent.ru/loft/53422/53434/
Лофт Квартира;Лофт, зал, фотостудия;+79251976532;https://www.loft2rent.ru/loft/110422/;https://www.loft2rent.ru/loft/110422/110424/
Лофт КВАРТИРА. Включено - посуда, светомузыка, караоке. ЦАО, возле реки;посуда, светомузыка, караоке. ЦАО, возле реки - Лофт;+79099060421;https://www.loft2rent.ru/loft/41462/;https://www.loft2rent.ru/loft/41462/189232/
Лофт клуб с шикарным звукомКлуб с Шикарным звуком;Лофт, бар, ночной клуб, концертный зал;+7 (960) 280 28 28;N/A;https://www.loft2rent.ru/loft/80523/112724/
Лофт КОМПАСБелый лофт;Лофт, зал, конференц-зал;+7 (926) 648-55-66;N/A;https://www.loft2rent.ru/loft/21225/24298/
Лофт КОМПАСЛофт Компас;Лофт;+7 (926) 648-55-66;N/A;https://www.loft2rent.ru/loft/21225/28845/
Лофт КОМПАССтильный офис для деловых встреч;Учебный зал, переговорная;+7 (926) 648-55-66;N/A;https://www.loft2rent.ru/loft/21225/39775/
"Лофт КОНФЕТАЛофт ""КОНФЕТА""";Лофт, зал, детский центр;89998354342;N/A;https://www.loft2rent.ru/loft/96624/96627/
ЛОФТ КРЕПОСТЬ ДЛЯ КОМПАНИИ 15-20 ЧЕЛОВЕК С КАРАОКЕ И МЯГКОЙ МЕБЕЛЬЮ;Лофт, антикафе, кальянная;89120829050;https://www.loft2rent.ru/loft/83754/;https://www.loft2rent.ru/loft/83754/86032/
Лофт Крылья;Лофт;+79268244318;https://www.loft2rent.ru/loft/179457/;https://www.loft2rent.ru/loft/179457/179521/
Лофт Кухня №19;Лофт;89647264515;https://www.loft2rent.ru/loft/118815/;https://www.loft2rent.ru/loft/118815/198832/
Лофт лесной аренда для свадьбы;На открытом воздухе, веранда;+79585410041;https://www.loft2rent.ru/loft/97591/;https://www.loft2rent.ru/loft/97591/127982/
Лофт ЛИХИЕ 90-Е;Лофт, ночной клуб;8-800-550-11-60;https://www.loft2rent.ru/loft/53422/;https://www.loft2rent.ru/loft/53422/71609/
Лофт Лодж 1;Лофт, конференц-зал;89091554505;https://www.loft2rent.ru/loft/6825/;https://www.loft2rent.ru/loft/6825/23775/
Лофт Лодж 10;Лофт, зал, конференц-зал, учебный зал;89091554505;https://www.loft2rent.ru/loft/6825/;https://www.loft2rent.ru/loft/6825/150468/
Лофт Лодж 11;Лофт, бар, зал, конференц-зал;89091554505;https://www.loft2rent.ru/loft/6825/;https://www.loft2rent.ru/loft/6825/176162/
Лофт Лодж 2;Лофт, конференц-зал;89091554505;https://www.loft2rent.ru/loft/6825/;https://www.loft2rent.ru/loft/6825/26787/
Лофт Лодж 3;Лофт, конференц-зал, на открытом воздухе;89091554505;https://www.loft2rent.ru/loft/6825/;https://www.loft2rent.ru/loft/6825/1103/
Лофт Лодж 4;Лофт;89091554505;https://www.loft2rent.ru/loft/6825/;https://www.loft2rent.ru/loft/6825/23777/
Лофт Лодж 5;Лофт, конференц-зал, учебный зал, концертный зал;89091554505;https://www.loft2rent.ru/loft/6825/;https://www.loft2rent.ru/loft/6825/33502/
Лофт Лодж 6;Бар, конференц-зал, учебный зал;89091554505;https://www.loft2rent.ru/loft/6825/;https://www.loft2rent.ru/loft/6825/26523/
Лофт Лодж 7;Лофт, конференц-зал;89091554505;https://www.loft2rent.ru/loft/6825/;https://www.loft2rent.ru/loft/6825/85505/
Лофт Лодж 8;Лофт, конференц-зал;89091554505;https://www.loft2rent.ru/loft/6825/;https://www.loft2rent.ru/loft/6825/97801/
Лофт Лодж 9;Лофт, зал, конференц-зал, учебный зал;89091554505;https://www.loft2rent.ru/loft/6825/;https://www.loft2rent.ru/loft/6825/143877/
Лофт Льюис  на Дмитровской;Лофт, бар;+7 926 495 0693;https://www.loft2rent.ru/loft/151019/;https://www.loft2rent.ru/loft/151019/198954/
Лофт МАЙ с верандой на Электрозаводской;Банкетный зал, лофт, зал;+7 951 085 8112;https://www.loft2rent.ru/loft/151019/;https://www.loft2rent.ru/loft/151019/215599/
Лофт Марти с караоке на Бауманской;Лофт;+7 926 495 0693;https://www.loft2rent.ru/loft/151019/;https://www.loft2rent.ru/loft/151019/179016/
ЛОФТ МИРАЖ с верандой;Банкетный зал, лофт, зал, учебный зал;+74991121830;N/A;https://www.loft2rent.ru/loft/884/57768/
Лофт Мой первый с верандой на Дмитровской;Лофт, веранда;+7 926 495 0693;https://www.loft2rent.ru/loft/151019/;https://www.loft2rent.ru/loft/151019/188014/
ЛОФТ МОККО С ПРОЕКТОРОМ, БОЛЬШИМ СТОЛОМ И НЕОНОМ!;Лофт, учебный зал, антикафе;89120829050;https://www.loft2rent.ru/loft/83754/;https://www.loft2rent.ru/loft/83754/173588/
Лофт Москва;Банкетный зал, лофт, зал, конференц-зал;+7 906-774-90-64;https://vkvideo.ru/video-230716527_456239090;https://www.loft2rent.ru/loft/20959/20961/
Лофт Москва-Сити Дизайнерский;Апартаменты;+79111023333;https://www.loft2rent.ru/loft/107530/;https://www.loft2rent.ru/loft/107530/156334/
Лофт МОХ;Лофт, бар, концертный зал;89855001104;N/A;https://www.loft2rent.ru/loft/60110/60211/
Лофт музей;Лофт, ресторан, клуб;+79259149813;N/A;https://www.loft2rent.ru/loft/87043/87048/
Лофт Музыка аренда под мероприятия;Банкетный зал, конференц-зал, концертный зал;+79585410041;https://www.loft2rent.ru/loft/97591/;https://www.loft2rent.ru/loft/97591/199319/
Лофт на Алексеевской;Отель, лофт, крыша;+79111023333;https://www.loft2rent.ru/loft/107530/;https://www.loft2rent.ru/loft/107530/152331/
Лофт на балакиревскомMystical house;Квест;+79037898344;N/A;https://www.loft2rent.ru/loft/121342/123796/
Лофт на балакиревскомMystical house #3;Квест;+79037898344;N/A;https://www.loft2rent.ru/loft/121342/176302/
Лофт на балакиревскомMystical house 4;Квест;+79037898344;N/A;https://www.loft2rent.ru/loft/121342/200934/
Лофт на балакиревскомMystical house №2;Квест;+79037898344;N/A;https://www.loft2rent.ru/loft/121342/123798/
Лофт на балакиревскомОбитель;Лофт;+79037898344;N/A;https://www.loft2rent.ru/loft/121342/121372/
Лофт на БауманскойПространство на Бауманской;Коворкинг, учебный зал;+74955185705;N/A;https://www.loft2rent.ru/loft/179325/199028/
Лофт на Белорусской;Лофт, зал, конференц-зал, учебный зал;+79067749064;https://vkvideo.ru/video-230716527_456239136;https://www.loft2rent.ru/loft/20959/109582/
Лофт на Васильевском ЛофтХА;Коворкинг, лофт, детский центр;+781242253085;https://www.loft2rent.ru/loft/132095/;https://www.loft2rent.ru/loft/132095/132111/
Лофт на Васильевском НЕвзрослые;Лофт, детский центр, переговорная;+79119441407;https://www.loft2rent.ru/loft/132095/;https://www.loft2rent.ru/loft/132095/132098/
Лофт на ВернадкеЛофт на Нагорной;Лофт, зал;+79099644646;N/A;https://www.loft2rent.ru/loft/2741/26800/
Лофт на водеМаэстро;Зал, на открытом воздухе, теплоход;+79250380605;N/A;https://www.loft2rent.ru/loft/175076/175082/
Лофт на водеСанторини;Лофт, пляж, теплоход;+79250380605;N/A;https://www.loft2rent.ru/loft/175076/175200/
Лофт на Горьковской;Переговорная, концертный зал;+ 9313784778;N/A;https://www.loft2rent.ru/loft/99859/99862/
"Лофт на Красного Текстильщика ""Меморис Роял""";Лофт, зал, конференц-зал;+7 (812) 602-51-21;https://www.loft2rent.ru/loft/136999/;https://www.loft2rent.ru/loft/136999/172150/
"Лофт на Красного Текстильщика ""Меморис Сантэ""";Лофт, зал;+7 (812) 602-51-21;https://www.loft2rent.ru/loft/136999/;https://www.loft2rent.ru/loft/136999/172146/
"Лофт на Лиговском ""Меморис Классик""";Лофт, зал, конференц-зал;+7 (812) 602-51-21;https://www.loft2rent.ru/loft/136999/;https://www.loft2rent.ru/loft/136999/137008/
Лофт на Маяковке;Банкетный зал, ресторан, бар, концертный зал;+79165904662;https://www.loft2rent.ru/loft/136279/;https://www.loft2rent.ru/loft/136279/136284/
Лофт на Маяковской;Отель, лофт;+79111023333;https://www.loft2rent.ru/loft/107530/;https://www.loft2rent.ru/loft/107530/125486/
"Лофт на Обводном ""Меморис Стори""";Лофт, зал, конференц-зал;+7 (812) 602-51-21;https://www.loft2rent.ru/loft/136999/;https://www.loft2rent.ru/loft/136999/172142/
"Лофт на Обводном ""Меморис Студио""";Банкетный зал, лофт, зал;+7 (812) 602-51-21;https://www.loft2rent.ru/loft/136999/;https://www.loft2rent.ru/loft/136999/172155/
Лофт на одном из самых высоких этажей Нева ТаверсNest53;Аппартаменты;89030135784;N/A;https://www.loft2rent.ru/loft/173706/173709/
Лофт на Радуге;Лофт, игровой зал, детский центр, антикафе;+7 980 446-39-29;N/A;https://www.loft2rent.ru/loft/181769/181771/
Лофт на Рижском;Лофт, концертный зал;+79035501844;N/A;https://www.loft2rent.ru/loft/18688/18689/
Лофт на РижскомВерсаль;Лофт, зал, конференц-зал, учебный зал;+79035501844;N/A;https://www.loft2rent.ru/loft/18688/78269/
Лофт на Рождественском бульвареЛофт на Сретенке;Лофт;+7-963-693-6248;N/A;https://www.loft2rent.ru/loft/64508/64562/
Лофт на Северке;Лофт;+7 (901) 519-50-13;N/A;https://www.loft2rent.ru/loft/173226/173228/
Лофт на ТаганкеАРТ-ГАЛЕРЕЯ В ЦЕНТРЕ МОСКВЫ;Лофт, галерея, ночной клуб;+7 9851880503;N/A;https://www.loft2rent.ru/loft/73701/73720/
Лофт на Тульской;Бар, зал;89268475200;N/A;https://www.loft2rent.ru/loft/148122/148128/
Лофт на Чистых прудах;Лофт;89774909897;https://www.loft2rent.ru/loft/41092/;https://www.loft2rent.ru/loft/41092/48877/
Лофт на Яузе;Лофт;+79969805056;N/A;https://www.loft2rent.ru/loft/40532/40534/
Лофт на Яузе (Большой зал);Лофт;+79969805056;https://www.loft2rent.ru/loft/40532/;https://www.loft2rent.ru/loft/40532/147989/
Лофт на Яузе (Зал 2);Лофт, бар;+79969805056;https://www.loft2rent.ru/loft/40532/;https://www.loft2rent.ru/loft/40532/86772/
Лофт на Яузе (Зал 3);Лофт;+79969805056;https://www.loft2rent.ru/loft/40532/;https://www.loft2rent.ru/loft/40532/147974/
Лофт настроение;Лофт;+79855044979;https://www.loft2rent.ru/loft/56966/;https://www.loft2rent.ru/loft/56966/81638/
Лофт Новый с верандой;Лофт, особняк, на открытом воздухе;+7 951 085 8112;https://www.loft2rent.ru/loft/151019/;https://www.loft2rent.ru/loft/151019/156479/
Лофт Нуар с караоке на Бауманской;Лофт, бар, клуб;+7 951 085 8112;https://www.loft2rent.ru/loft/151019/;https://www.loft2rent.ru/loft/151019/157070/
Лофт Облака ОдинцовоЛофт для детских праздников;Лофт;+7 (977) 185-76-27;N/A;https://www.loft2rent.ru/loft/131385/131387/
Лофт ОблакаKids LoftOblaka;Лофт;8 912 635 9771;N/A;https://www.loft2rent.ru/loft/127087/127108/
Лофт Октябрь для мероприятий на Кропоткинской;Банкетный зал, лофт, зал;+79264950653;https://www.loft2rent.ru/loft/151019/;https://www.loft2rent.ru/loft/151019/219525/
Лофт Оливковый с верандой на Электрозаводской;Лофт, зал, веранда;+7 951 085 8112;https://www.loft2rent.ru/loft/151019/;https://www.loft2rent.ru/loft/151019/215609/
Лофт ОПЕРА кирпичный лофт со сценой и неонами;Лофт, бар, ночной клуб;+79770002153;https://www.loft2rent.ru/loft/183656/;https://www.loft2rent.ru/loft/4688/4689/
лофт ПАРТИЯ;Лофт, галерея, конференц-зал;+79263427655;N/A;https://www.loft2rent.ru/loft/117096/129604/
Лофт ПИЖАМА ПАТИ;Лофт, зал, детский центр;9264111984;N/A;https://www.loft2rent.ru/loft/29977/29986/
Лофт ПЛАН БЗал Артель;Лофт, зал;+79643685920;N/A;https://www.loft2rent.ru/loft/138440/138460/
Лофт ПЛАН БЗал Нова;Банкетный зал, лофт, зал;+79643685920;N/A;https://www.loft2rent.ru/loft/138440/138732/
ЛОФТ ПОЗИТИВ;Лофт, антикафе;89265539755;N/A;https://www.loft2rent.ru/loft/29549/29552/
ЛОФТ ПОЗИТИВЛОФТ ВЕРАНДА ГРИЛЬ;Лофт, кальянная;89152288949;N/A;https://www.loft2rent.ru/loft/29549/95373/
ЛОФТ ПОЗИТИВЛофт ЛЕТО в эко стиле;Антикафе;89152288949;N/A;https://www.loft2rent.ru/loft/29549/95442/
Лофт Порт;Лофт, зал;+79956228279;https://www.loft2rent.ru/loft/74440/;https://www.loft2rent.ru/loft/74440/74520/
Лофт Прованс аренда для мероприятий;Лофт;+79585410041;https://www.loft2rent.ru/loft/97591/;https://www.loft2rent.ru/loft/97591/183986/
Лофт Пространство с верандой и барбекю;Лофт;+7 9936053121;https://www.loft2rent.ru/loft/30979/;https://www.loft2rent.ru/loft/30979/46086/
Лофт Пространство Семеновский;Банкетный зал, лофт;+7 9936053121;https://www.loft2rent.ru/loft/30979/;https://www.loft2rent.ru/loft/30979/61785/
Лофт Рассвет;Лофт;+74998773459;https://www.loft2rent.ru/loft/aviator/;https://www.loft2rent.ru/loft/1032/185943/
Лофт Рассвет с летней верандой;Лофт;+7 951 085 8112;https://www.loft2rent.ru/loft/151019/;https://www.loft2rent.ru/loft/151019/161568/
Лофт РУНА - это светлый, уютный лофт со сценой, мангальной зоной, караоке...;это светлый, уютный лофт со сценой, мангальной зоной, караоке... - Банкетный зал, лофт, зал, конференц-зал;+79912974996;https://www.loft2rent.ru/loft/61271/;https://www.loft2rent.ru/loft/95559/84065/
Лофт рядом с М Курская, с большим окном и выходом на собственную террасу на крыше;Крыша, на открытом воздухе, веранда;89250545290;https://www.loft2rent.ru/loft/122172/;https://www.loft2rent.ru/loft/122172/140428/
лофт с  мангалом ГНЕЗДО ЛЕС;Лофт, шатер, веранда;+7 958 827 71 73;https://www.loft2rent.ru/loft/16584/;https://www.loft2rent.ru/loft/16584/77508/
Лофт с бассейном;Шатер;+79585410041;https://www.loft2rent.ru/loft/97591/;https://www.loft2rent.ru/loft/97591/112417/
ЛОФТ С БИЛЬЯРДНЫМ СТОЛОМ И НЕОНОМ 100М2;Банкетный зал, лофт;89120829050;https://www.loft2rent.ru/loft/83754/;https://www.loft2rent.ru/loft/83754/192899/
Лофт с верандой в парке Сокольники;Лофт;+79013551562;https://www.loft2rent.ru/loft/58317/;https://www.loft2rent.ru/loft/58317/148754/
Лофт с джакузи на террассе Центр СпбJumeirah Super Loft;Лофт;+78129672423;N/A;https://www.loft2rent.ru/loft/182388/182392/
Лофт с игровой для семейных праздников;Игровой зал;+79013551562;https://www.loft2rent.ru/loft/58317/;https://www.loft2rent.ru/loft/58317/72711/
Лофт с караоке для дня рождения;Лофт, зал, игровой зал;8 (905) 833-30-03;N/A;https://www.loft2rent.ru/loft/137353/137372/
Лофт с караоке для дня рожденияЛофт для вечеринки с караоке и x-box;Зал, игровой зал, кальянная;8 (905) 833-30-03;N/A;https://www.loft2rent.ru/loft/137353/138024/
Лофт с караоке у метро Менделеевская Crystal loft;Зал;7 (499) 322-24-13;https://www.loft2rent.ru/loft/66644/;https://www.loft2rent.ru/loft/66644/207011/
Лофт с коктейлями;Зал;+79165904662;https://www.loft2rent.ru/loft/136279/;https://www.loft2rent.ru/loft/136279/137156/
Лофт с настольным теннисом и светомузыкой;Лофт, зал, игровой зал, клуб;+7 (996) 677-70-32;N/A;https://www.loft2rent.ru/loft/77071/77088/
лофт с оборудованием и фото зонами;Лофт, зал, конференц-зал, фотостудия;89857776453;https://www.loft2rent.ru/loft/106924/;https://www.loft2rent.ru/loft/106924/106926/
Лофт с панорамным видом на набережную;Лофт, бар, зал;+79161004416;https://www.loft2rent.ru/loft/96367/;https://www.loft2rent.ru/loft/96367/96416/
Лофт СЕНДИ;Лофт, бар;+7 926 495 0693;https://www.loft2rent.ru/loft/151019/;https://www.loft2rent.ru/loft/151019/201635/
Лофт Силино;Лофт;+79268244318;https://www.loft2rent.ru/loft/179457/;https://www.loft2rent.ru/loft/179457/179516/
Лофт Событие на Таганке;Лофт, бар, конференц-зал;79268640107;https://www.loft2rent.ru/loft/118569/;https://www.loft2rent.ru/loft/118569/120575/
Лофт Сосновый для свадьбы;Шатер;+79585410041;https://www.loft2rent.ru/loft/97591/;https://www.loft2rent.ru/loft/97591/128060/
Лофт Сочный на Ордынке;Лофт, бар;+7 999 405 0699;https://www.loft2rent.ru/loft/151019/;https://www.loft2rent.ru/loft/151019/172911/
Лофт СПЭЙС - это светлый, уютный лофт с панорамными окнами, караоке, кальянами...;это светлый, уютный лофт с панорамными окнами, караоке, кальянами... - Банкетный зал, лофт, зал;+79912974996;https://www.loft2rent.ru/loft/61271/;https://www.loft2rent.ru/loft/61271/61281/
"Лофт стеклянный ""Бриз"" аренда под свадьбу";На открытом воздухе, веранда;+79585410041;https://www.loft2rent.ru/loft/97591/;https://www.loft2rent.ru/loft/97591/139639/
Лофт Таежный для свадьбы;Отель, на открытом воздухе;+79585410041;https://www.loft2rent.ru/loft/97591/;https://www.loft2rent.ru/loft/97591/128056/
Лофт Тайна;Кабинет, лофт, переговорная;89251973620;https://www.loft2rent.ru/loft/176812/;https://www.loft2rent.ru/loft/176812/176815/
Лофт ТВИКС - это светлый, уютный лофт с верандой, мангалом, караоке, кальянами...;это светлый, уютный лофт с верандой, мангалом, караоке, кальянами...  - Лофт, зал, конференц-зал, веранда;+7 (991) 297-49-96;https://www.loft2rent.ru/loft/61271/;https://www.loft2rent.ru/loft/61271/132748/
ЛОФТ ТЕЛЕСКОП с собственной Крышей;Лофт, крыша, веранда;+74991121830;N/A;https://www.loft2rent.ru/loft/884/893/
Лофт Тепло в ЕКБ;Лофт, кулинарная студия;89953430416;https://www.loft2rent.ru/loft/80704/;https://www.loft2rent.ru/loft/80704/100143/
Лофт ТОКИО;Лофт, антикафе;8-800-550-11-60;https://www.loft2rent.ru/loft/53422/;https://www.loft2rent.ru/loft/53422/131440/
Лофт Толстого;Лофт, конференц-зал;+79274923932;N/A;https://www.loft2rent.ru/loft/94725/94734/
Лофт ТУСА - включено караоке, светомузыка, посуда. ЦАО, рядом с рекой;включено караоке, светомузыка, посуда. ЦАО, рядом с рекой - Лофт;+79099060421;https://www.loft2rent.ru/loft/41462/;https://www.loft2rent.ru/loft/41462/189258/
Лофт Удачи;Коворкинг, лофт, зал, фотостудия;89122608967;N/A;https://www.loft2rent.ru/loft/156910/157365/
Лофт Уютный;Лофт, зал, фотостудия;+79251976532;https://www.loft2rent.ru/loft/110422/;https://www.loft2rent.ru/loft/110422/110428/
Лофт Флора;Лофт, клуб, кальянная;+79936053121;https://www.loft2rent.ru/loft/30979/;https://www.loft2rent.ru/loft/30979/201916/
Лофт Флоу;Банкетный зал, бар, зал, клуб;+7 926 495 0693;https://www.loft2rent.ru/loft/151019/;https://www.loft2rent.ru/loft/151019/188020/
Лофт Цоколь;Лофт;+79274923932;https://www.loft2rent.ru/loft/94725/;https://www.loft2rent.ru/loft/94725/95134/
Лофт Шекспир с караоке на Дмитровской;Лофт, бар;+7 926 495 0693;https://www.loft2rent.ru/loft/151019/;https://www.loft2rent.ru/loft/151019/199231/
Лофт, залы для мероприятий, тренингов, праздников, корпоративов, обучения;Зал, конференц-зал, учебный зал;+7 913 716-21-33;https://www.loft2rent.ru/loft/170584/;https://www.loft2rent.ru/loft/170584/170699/
Лофт-BEE-LOUNGE;Лофт, кальянная;+79254101344;https://www.loft2rent.ru/loft/77214/;https://www.loft2rent.ru/loft/77214/85166/
Лофт-RAVE;Лофт, кальянная;+79254101344;https://www.loft2rent.ru/loft/77214/;https://www.loft2rent.ru/loft/77214/79317/
Лофт-The-Forest;Зал;+79254101344;https://www.loft2rent.ru/loft/77214/;https://www.loft2rent.ru/loft/77214/77216/
"Лофт-Бар ""Сота"" на Алексеевской";Бар, зал, веранда;+79771476874;N/A;https://www.loft2rent.ru/loft/110857/110865/
"Лофт-бар зал ""Под Крышей""";Лофт, кальянная;+79993492320;https://www.loft2rent.ru/loft/39383/;https://www.loft2rent.ru/loft/39383/39627/
"Лофт-Веранда ""Дивный лес""";Зал, конференц-зал, на открытом воздухе, веранда;8 9167150457;https://www.loft2rent.ru/loft/182845/;https://www.loft2rent.ru/loft/182845/189845/
Лофт-дача;Коворкинг, лофт, учебный зал;+79268156052;N/A;https://www.loft2rent.ru/loft/190365/190369/
Лофт-зал в розовых тонах Queen с диско-шаром, фотозоной, караоке;Лофт, зал, антикафе;89031959349;https://www.loft2rent.ru/loft/151727/;https://www.loft2rent.ru/loft/151727/158062/
"Лофт-игровая ""вМесте""";Зал, игровой зал;+79217816118;https://www.loft2rent.ru/loft/84117/;https://www.loft2rent.ru/loft/84117/147447/
Лофт-клуб Метаморфоза;Лофт, бар, веранда, кальянная;+79778066761;https://www.loft2rent.ru/loft/69872/;https://www.loft2rent.ru/loft/69872/69874/
Лофт-нарния «Иду Лесом»;Лофт, антикафе;89998957134;https://www.loft2rent.ru/loft/49814/;https://www.loft2rent.ru/loft/49814/87644/
Лофт-пространство Centrum круглой формы со сценой и диско-шарами;Лофт, бар, зал, ночной клуб;+7 985 219 8400;https://www.loft2rent.ru/loft/97467/;https://www.loft2rent.ru/loft/97467/195495/
Лофт-центр «Б69» с верандой на крыше;Лофт, крыша, антикафе, кальянная;+79311065003;https://www.loft2rent.ru/loft/54749/;https://www.loft2rent.ru/loft/54749/72101/
ЛофтDream Game Center;Лофт, бар, веранда;+ 7 (495) 739-09-15;N/A;https://www.loft2rent.ru/loft/144107/144124/
ЛофтRose;Зал, на открытом воздухе, веранда;;N/A;https://www.loft2rent.ru/loft/181324/181327/
Лофт«PAPA BARVILLAGE»;Лофт, бар, клуб, кальянная;+79585410041;https://www.loft2rent.ru/loft/97591/;https://www.loft2rent.ru/loft/97591/124285/
ЛофтЗал-сцена;Банкетный зал, зал, ночной клуб, концертный зал;+7-(977)-422-26-29;N/A;https://www.loft2rent.ru/loft/141961/149990/
ЛофтКараоке зал;Банкетный зал, лофт, зал;+7-(977)-422-26-29;N/A;https://www.loft2rent.ru/loft/141961/142023/
ЛофтЛаунж-зал;Лофт, переговорная, кальянная;+7-(977)-422-26-29;N/A;https://www.loft2rent.ru/loft/141961/176556/
ЛофтПати Рум №1;Зал, игровой зал, детский центр;+ 7 (495) 739-09-15;N/A;https://www.loft2rent.ru/loft/144107/183473/
ЛофтСамый Лучший День;Лофт, фотостудия;+73432710202;N/A;https://www.loft2rent.ru/loft/101669/101686/
"Лофты в Химках и ЗеленоградеЛофт ""Королевство праздников""";Лофт, зал, квест;89637619043;N/A;https://www.loft2rent.ru/loft/142525/142528/
"Лофты в Химках и ЗеленоградеЛофт ""Планета праздника""";Квест;+79637619043;N/A;https://www.loft2rent.ru/loft/142525/186860/
"Лофты в Химках и ЗеленоградеЛофт ""У дяди Саши""";Лофт, зал, квест;89685251155;N/A;https://www.loft2rent.ru/loft/142525/142584/
Лофты Москва-СитиКонференц-зал Восток Центр Москва Сити;Конференц-зал, переговорная;+7 (967) 234-84-69;N/A;https://www.loft2rent.ru/loft/36970/48409/
Лофты Москва-СитиЛофты в Москва-Сити. высокие этажи, панорамные виды;Аппартаменты, лофт;+7 (967) 234-84-69;N/A;https://www.loft2rent.ru/loft/36970/43905/
"Лофты Москва-СитиПереговорная комната ""Восток а30"" Москва-Сити";Конференц-зал, учебный зал, переговорная;+7 (967) 234-84-69;N/A;https://www.loft2rent.ru/loft/36970/52493/
Лофты Москва-СитиПереговорная комната Москва-Сити;Зал, учебный зал, переговорная;+7 (967) 234-84-69;N/A;https://www.loft2rent.ru/loft/36970/48617/
Лофты РичЛофт Грин Рич;Лофт;89653998900;N/A;https://www.loft2rent.ru/loft/86479/209976/
Лофты РичЛофт Рич;Лофт;89653998900;N/A;https://www.loft2rent.ru/loft/86479/162219/
Луна;Лофт, зал, антикафе;+7 (495) 478-06-38;https://www.loft2rent.ru/loft/109926/;https://www.loft2rent.ru/loft/109926/171904/
ЛУНА;Лофт, игровой зал;+79500081238;https://www.loft2rent.ru/loft/185740/;https://www.loft2rent.ru/loft/185740/185742/
Луна 2077;Банкетный зал, бар, зал, игровой зал;+79031078595;N/A;https://www.loft2rent.ru/loft/158576/158607/
Любовь;Веранда;+7 916 440 01 30;https://www.loft2rent.ru/loft/101001/;https://www.loft2rent.ru/loft/101001/170824/
Люди ГородаЗал с Проектором. Зал Бруклин.;Учебный зал, переговорная;+7 (977) 4767984;N/A;https://www.loft2rent.ru/loft/9937/65895/
Люди ГородаЗал с проектором. Зал Мельбурн;Коворкинг, конференц-зал, учебный зал, переговорная;+7 (977) 4767984;N/A;https://www.loft2rent.ru/loft/9937/128024/
Люди ГородаКабинет Психолога. Зал Мали;Кабинет;+7 (977) 4767984;N/A;https://www.loft2rent.ru/loft/9937/65887/
Люди ГородаКабинет Психолога. Зал Ницца;Кабинет, коворкинг;+7 (977) 4767984;N/A;https://www.loft2rent.ru/loft/9937/74200/
Люкс апартаменты Москва-СитиThe Cloud Room №1;Аппартаменты;+7(995) 557-39-68;N/A;https://www.loft2rent.ru/loft/174655/174659/
Люкс апартаменты Москва-СитиThe Cloud Room №2;Аппартаменты;+7(995) 557-39-68;N/A;https://www.loft2rent.ru/loft/174655/174671/
Люкс апартаменты Москва-СитиThe Cloud Room №3;Аппартаменты;+7(995) 557-39-68;N/A;https://www.loft2rent.ru/loft/174655/174674/
Люкс-лофт 89 м² в Москва-Сити Neva Towers (Moscow city Neva Towers);Апартаменты, отель;+79111023333;https://www.loft2rent.ru/loft/107530/;https://www.loft2rent.ru/loft/107530/107533/
Люксовые Апартаменты В Москва-Сити;Апартаменты, отель;+79111023333;https://www.loft2rent.ru/loft/107530/;https://www.loft2rent.ru/loft/107530/156394/
Люксовый лофт Москва-сити;Апартаменты, отель;+79111023333;https://www.loft2rent.ru/loft/107530/;https://www.loft2rent.ru/loft/107530/156381/
Ля МузонКонцертный зал;Банкетный зал, бар, концертный зал;+79857662030;N/A;https://www.loft2rent.ru/loft/186547/186554/
Ля МузонХрустальный зал;Ресторан, зал, ночной клуб;+79857662030;N/A;https://www.loft2rent.ru/loft/186547/186549/
ЛЁГКИЙ;Коворкинг, конференц-зал, веранда;+79035558942;https://www.loft2rent.ru/loft/15054/;https://www.loft2rent.ru/loft/15054/15056/
Магритт - Светлый лофт с настроением лета и большим арочным окном;Светлый лофт с настроением лета и большим арочным окном - Лофт;+7 (495) 032-73-90;https://www.loft2rent.ru/loft/5581/;https://www.loft2rent.ru/loft/5581/81272/
Майами;Лофт, зал, антикафе;+7(812) 443-57-02;https://www.loft2rent.ru/loft/83744/;https://www.loft2rent.ru/loft/83744/132006/
Майами-Бич;Лофт, зал, антикафе, кальянная;+7 (812) 200-78-18;https://www.loft2rent.ru/loft/75982/;https://www.loft2rent.ru/loft/75982/77388/
МАКСВЕЛЛ;Лофт;+74952924217;https://www.loft2rent.ru/loft/53255/;https://www.loft2rent.ru/loft/53255/53502/
Малая Арена;Концертный зал;+7(916)838-31-34;https://www.loft2rent.ru/loft/129061/;https://www.loft2rent.ru/loft/129061/129125/
Малевич - Уютный лофт в стиле супрематизм;Уютный лофт в стиле супрематизм - Лофт;+7 (495) 032-73-90;https://www.loft2rent.ru/loft/5581/;https://www.loft2rent.ru/loft/5581/81950/
Малый зал;Учебный зал;+7 (812) 240-78-80;https://www.loft2rent.ru/loft/142338/;https://www.loft2rent.ru/loft/142338/142364/
Малый зал;Фотостудия;;https://www.loft2rent.ru/loft/157563/;https://www.loft2rent.ru/loft/157563/157832/
МАЛЫЙ ЗАЛ;Учебный зал, переговорная;+74956003606;https://www.loft2rent.ru/loft/36344/;https://www.loft2rent.ru/loft/36344/46544/
Малый зал на Балтийской;Лофт, конференц-зал, концертный зал;+78122408585;https://www.loft2rent.ru/loft/144088/;https://www.loft2rent.ru/loft/144088/144148/
Малый Тронный Зал;Лофт, зал;+7 (952) 373-58-70;https://www.loft2rent.ru/loft/81543/;https://www.loft2rent.ru/loft/81543/81545/
Мансарда;Учебный зал, переговорная;+79213544851;https://www.loft2rent.ru/loft/110170/;https://www.loft2rent.ru/loft/110170/110340/
Мансарда;Лофт;+79274923932;https://www.loft2rent.ru/loft/94725/;https://www.loft2rent.ru/loft/94725/94794/
Манхэттен;Лофт;+7 812 606 70 20;https://www.loft2rent.ru/loft/169051/;https://www.loft2rent.ru/loft/169051/169515/
Марокко;Лофт, антикафе;+7 (495) 478-06-38;https://www.loft2rent.ru/loft/109926/;https://www.loft2rent.ru/loft/109926/188950/
МастериумЛофт 230м² | Потолки 5м | Звук 1000Вт | Своя парковка | Метро 10 мин;Лофт, конференц-зал;+79032625352;N/A;https://www.loft2rent.ru/loft/189763/189826/
"МастериумПереговорка 12 чел | 55"" ЖК | Своя парковка | Метро 10 мин";Кабинет, учебный зал;+79032625352;N/A;https://www.loft2rent.ru/loft/189763/196965/
МаякDanceБольшой зал (2 танцкласс);Спорт-зал;89295879151;N/A;https://www.loft2rent.ru/loft/43338/108226/
МаякDanceМалый зал (4 танцкласс);Зал;89295879151;N/A;https://www.loft2rent.ru/loft/43338/108512/
МаякDanceСредний зал (3 танцзал);Лофт, зал;89295879151;N/A;https://www.loft2rent.ru/loft/43338/43340/
МаякDanceЧерный зал(1 танцкласс);Зал;89295879151;N/A;https://www.loft2rent.ru/loft/43338/143821/
Международная Школа;Конференц-зал, учебный зал, концертный зал;89037358355;N/A;https://www.loft2rent.ru/loft/189553/189558/
Межпространственная лаборатория;Лофт, антикафе;+7 (812) 200-78-18;https://www.loft2rent.ru/loft/75982/;https://www.loft2rent.ru/loft/75982/77383/
Мексика;Лофт;+7 812 606 70 20;https://www.loft2rent.ru/loft/169051/;https://www.loft2rent.ru/loft/169051/169218/
МелОк Лофт;Лофт, детский центр;+7 936 313 1606;N/A;https://www.loft2rent.ru/loft/120045/120947/
Мемори - танцевальный лофт с караоке, большим экраном, фотозоной с неоном и сценой!;танцевальный лофт с караоке, большим экраном, фотозоной с неоном и сценой! - Банкетный зал, лофт, антикафе;+7 495 191 41 57;https://www.loft2rent.ru/loft/142644/;https://www.loft2rent.ru/loft/142644/142871/
Мемфис - дизайнерский лофт с отдельной кухней и отдельным входом в ЦАО;дизайнерский лофт с отдельной кухней и отдельным входом в ЦАО - Лофт;+7 (495)0080403;https://www.loft2rent.ru/loft/30985/;https://www.loft2rent.ru/loft/30985/204870/
Мемфис - дизайнерский лофт с отдельной кухней и отдельным входом в ЦАО;дизайнерский лофт с отдельной кухней и отдельным входом в ЦАО - Лофт;+7 (495)0080403;https://www.loft2rent.ru/loft/30985/;https://www.loft2rent.ru/loft/30985/204870/
Место Встречи;Лофт;79912822728;N/A;https://www.loft2rent.ru/loft/202376/202378/
Микеланджело - Лофт из белого кирпича с верандой с панорамным остеклением и камином;Лофт из белого кирпича с верандой с панорамным остеклением и камином - Лофт, зал, конференц-зал;+7 (495) 032-73-90;https://www.loft2rent.ru/loft/5581/;https://www.loft2rent.ru/loft/5581/81471/
МИКС ЛОФТ;Лофт, зал, клуб;+79117555688;https://www.loft2rent.ru/loft/126318/;https://www.loft2rent.ru/loft/126318/126332/
МИКС ЛОФТ;Лофт, бар, ночной клуб;+79117555688;https://www.loft2rent.ru/loft/126318/;https://www.loft2rent.ru/loft/126318/126336/
МИЛК (MILK);Фотостудия;+7 (925) 858-24-94;https://www.loft2rent.ru/loft/138720/;https://www.loft2rent.ru/loft/138720/140818/
Милый Loft Москва-сити;Апартаменты, зал;+79111023333;https://www.loft2rent.ru/loft/107530/;https://www.loft2rent.ru/loft/107530/156400/
"Мини-отель ""Таёжный""Банкетный зал";Банкетный зал;7 495 134 34 64;N/A;https://www.loft2rent.ru/loft/81868/81870/
"Мини-отель ""Таёжный""Деревянный Дом";Пляж, на открытом воздухе, веранда;7 495 134 34 64;N/A;https://www.loft2rent.ru/loft/81868/162285/
"Мини-отель ""Таёжный""Треугольный дом";Отель;7 495 134 34 64;N/A;https://www.loft2rent.ru/loft/81868/120531/
МиниМания – Детская игровая комнатаМиниМания;Лофт, игровой зал, детский центр;+7(917)599-5654;N/A;https://www.loft2rent.ru/loft/152329/152369/
Министерство лофт в Столешниковом переулке;Лофт, переговорная;+74998773459;https://www.loft2rent.ru/loft/aviator/;https://www.loft2rent.ru/loft/1032/4209/
МИР концертный зал;Зал;+79585410041;https://www.loft2rent.ru/loft/97591/;https://www.loft2rent.ru/loft/97591/103839/
Мира - атмосферный лофт в арт-пространстве с барами и кафе;атмосферный лофт в арт-пространстве с барами и кафе - Лофт;+7 (495)0080403;https://www.loft2rent.ru/loft/30985/;https://www.loft2rent.ru/loft/30985/208028/
Мира - атмосферный лофт в арт-пространстве с барами и кафе;атмосферный лофт в арт-пространстве с барами и кафе - Лофт;+7 (495)0080403;https://www.loft2rent.ru/loft/30985/;https://www.loft2rent.ru/loft/30985/208028/
МираХолл - площадка для любых мероприятий.;площадка для любых мероприятий. - Зал, конференц-зал, концертный зал;74951207719;https://www.loft2rent.ru/loft/187684/;https://www.loft2rent.ru/loft/187684/187697/
Мишель Вермишель;Ресторан, бар;+79256090545;N/A;https://www.loft2rent.ru/loft/193055/194971/
Модильяни - Просторный светлый лофт с камином;Просторный светлый лофт с камином - Лофт, зал, конференц-зал, антикафе;+7 (495) 032-73-90;https://www.loft2rent.ru/loft/5581/;https://www.loft2rent.ru/loft/5581/31343/
МодникиБар Модники;Бар;+7 (915) 134-33-39;N/A;https://www.loft2rent.ru/loft/119050/119662/
Молодежное пространствоЛофт Молодежное пространстов;Зал;89268153040;N/A;https://www.loft2rent.ru/loft/198256/202532/
Мондриан;Лофт, антикафе, кальянная;+7 (812) 200-78-18;https://www.loft2rent.ru/loft/75982/;https://www.loft2rent.ru/loft/75982/77052/
Моне - Уютный лофт в стиле импрессионизм;Уютный лофт в стиле импрессионизм - Лофт;+7 (495) 032-73-90;https://www.loft2rent.ru/loft/5581/;https://www.loft2rent.ru/loft/5581/81947/
Монмартр - 3-х этажный особняк;3-х этажный особняк - Лофт, зал, конференц-зал, особняк;+7 (495) 032-73-90;https://www.loft2rent.ru/loft/5581/;https://www.loft2rent.ru/loft/5581/131684/
Монолит Холл;Банкетный зал, игровой зал;+79775068120;N/A;https://www.loft2rent.ru/loft/184686/184688/
Монте Карло;Лофт;+7 812 606 70 20;https://www.loft2rent.ru/loft/169051/;https://www.loft2rent.ru/loft/169051/169126/
Морская Площадь;Концертный зал, на открытом воздухе;+78122133202;https://twitter.com/sevcableport;https://www.loft2rent.ru/loft/80332/80417/
Морская симфония;Зал;+7 (495) 478-06-38;https://www.loft2rent.ru/loft/109926/;https://www.loft2rent.ru/loft/109926/134514/
Мос лофт;Лофт, ночной клуб, конференц-зал, фотостудия;89661116114;N/A;https://www.loft2rent.ru/loft/79730/80145/
Москва-Сити апартаментыМосква-Сити;Аппартаменты;79111886754;N/A;https://www.loft2rent.ru/loft/175285/175291/
Москва-Сити апартаментыПремиум апартаменты Москва-Сити;Аппартаменты;79111886754;N/A;https://www.loft2rent.ru/loft/175285/175299/
Москва-Сити апартаментыПремиум апартаменты Москва-Сити;Аппартаменты;79111886754;N/A;https://www.loft2rent.ru/loft/175285/175321/
Москва-СитиSKY PREMIER на 67 этаже Москва-Сити;Лофт;+79153356825;N/A;https://www.loft2rent.ru/loft/11565/34968/
Москва-СитиSKY VIEW на 55 этаже Москва-Сити;Лофт, зал, конференц-зал, фотостудия;+79153356825;N/A;https://www.loft2rent.ru/loft/11565/100526/
Мост семейный центрМОСТ;Кабинет, коворкинг, зал, спорт-зал;+79117700408;N/A;https://www.loft2rent.ru/loft/173599/173605/
МСЛВЕРАНДА-Лофт;Лофт;+79855635615;N/A;https://www.loft2rent.ru/loft/87538/87568/
МСЛКОНГА-Лофт;Лофт;+79937772233;N/A;https://www.loft2rent.ru/loft/87538/100853/
МСЛЛофт-МОЖЖЕВЕЛЬНИК;Лофт;+79855635615;N/A;https://www.loft2rent.ru/loft/87538/129164/
МУД ЛОФТ;Лофт, бар;89602407223;https://www.loft2rent.ru/loft/126318/;https://www.loft2rent.ru/loft/126318/126507/
МУЗLOFTМУЗ LOFT;Лофт, концертный зал;+79939211777;N/A;https://www.loft2rent.ru/loft/206716/206720/
Музей Гарри Поттера в парке ВДНХ;Лофт;+7 (901) 333-77-31;https://www.loft2rent.ru/loft/39148/;https://www.loft2rent.ru/loft/39148/84112/
Музей Пинбола;Игровой зал;+79253322216;N/A;https://www.loft2rent.ru/loft/19174/26687/
Музей русского десертаМузей Кофе;Зал;;N/A;https://www.loft2rent.ru/loft/37220/37222/
Музей русского импрессионизма;Зал, галерея, конференц-зал, веранда;+7 9778081400;N/A;https://www.loft2rent.ru/loft/65548/65551/
Музыкальная студия;Фотостудия;89937738586;https://www.loft2rent.ru/loft/80704/;https://www.loft2rent.ru/loft/80704/100154/
Музыкальный караоке лофт ПарусМузыкальный лаунж караоке Парус;Лофт, бар, концертный зал, кальянная;+7(985) 617-48-34;N/A;https://www.loft2rent.ru/loft/29021/31149/
Музыкальный лофт;Лофт, бар, кальянная;+7 (921) 857-75-44;https://www.loft2rent.ru/loft/72825/;https://www.loft2rent.ru/loft/72825/72831/
Мультивселенная;Лофт, антикафе;+7 (812) 200-78-18;https://www.loft2rent.ru/loft/75982/;https://www.loft2rent.ru/loft/75982/77309/
Мультимедийное пространство LUMIONМультимедийное пространство LUMION;Концертный зал;+79211811188;N/A;https://www.loft2rent.ru/loft/146054/146061/
Мун-светлый лофт с луной, высокими потолками и караоке!;Лофт, антикафе;+74991113716;https://www.loft2rent.ru/loft/131919/;https://www.loft2rent.ru/loft/131919/143284/
МункMunk;Банкетный зал, лофт, бар;+7 (999) 5587889;N/A;https://www.loft2rent.ru/loft/84338/84380/
Мята PlatinumМята Platinum PS5;Кальянная;+7 (996) 677-59-66;N/A;https://www.loft2rent.ru/loft/169095/170471/
Мята PlatinumМята Platinum VIP;Кальянная;+7 (996) 677-59-66;N/A;https://www.loft2rent.ru/loft/169095/170475/
Мятный лисМятный лис;Лофт;89952609094;N/A;https://www.loft2rent.ru/loft/68312/68315/
МЯТНЫЙ ЛОФТ С ОТДЕЛЬНЫМ ВХОДОМ И КАРАОКЕ!;Лофт, антикафе, кальянная;89120829050;https://www.loft2rent.ru/loft/83754/;https://www.loft2rent.ru/loft/83754/145762/
На Берегу;Банкетный зал, веранда;8 925 052-09-76;https://www.loft2rent.ru/loft/125499/;https://www.loft2rent.ru/loft/125499/204411/
На Охте;Ресторан;+7(999)062-19-39;N/A;https://www.loft2rent.ru/loft/100712/100714/
На Тульской;Лофт;+79937772233;https://www.loft2rent.ru/loft/27053/;https://www.loft2rent.ru/loft/27053/195929/
Набережная Севкабель Порта;На открытом воздухе;+78122133202;https://twitter.com/sevcableport;https://www.loft2rent.ru/loft/80332/80421/
НаВысоте;Крыша, веранда, антикафе;+79629723232;N/A;https://www.loft2rent.ru/loft/186080/187537/
Настроение Лофт;Лофт, конференц-зал, учебный зал, кальянная;+79999917766;N/A;https://www.loft2rent.ru/loft/122672/124158/
Наутилус;Лофт, зал, антикафе, кальянная;+7 (812) 200-78-18;https://www.loft2rent.ru/loft/75982/;https://www.loft2rent.ru/loft/75982/77257/
Наутилус Наутилус;Ресторан;+79626842654;N/A;https://www.loft2rent.ru/loft/100716/100718/
НЕ ТОТ ЦИРК;Лофт, зал;89253195678;N/A;https://www.loft2rent.ru/loft/53281/53283/
Небеса;Лофт, антикафе, кальянная;+7 (812) 200-78-18;https://www.loft2rent.ru/loft/75982/;https://www.loft2rent.ru/loft/75982/77335/
Небо;Коворкинг, апартаменты, лофт, конференц-зал;8-968-973-90-30;https://www.loft2rent.ru/loft/2518/;https://www.loft2rent.ru/loft/2518/135555/
Небо Сахары / Sahara Sky;Лофт, зал, фотостудия;+7 (925) 240-52-42;https://www.loft2rent.ru/loft/10420/;https://www.loft2rent.ru/loft/10420/10421/
НЕБОЛЬШОЙ ДВУХЭТАЖНЫЙ ЛОФТ ОТ 6000Р;Лофт, антикафе, кальянная;89120829050;https://www.loft2rent.ru/loft/83754/;https://www.loft2rent.ru/loft/83754/118209/
НЕБОЛЬШОЙ ЛОФТ АМПИР С КАРАОКЕ ЗА 7200;Лофт, антикафе, кальянная;89120829050;https://www.loft2rent.ru/loft/83754/;https://www.loft2rent.ru/loft/83754/84351/
Небольшой уютный лофт, рядом с М Курская;Лофт;89250545290;https://www.loft2rent.ru/loft/122172/;https://www.loft2rent.ru/loft/122172/140646/
Невероятной красоты лофт в башне Москва сити;Апартаменты, фотостудия;+79111023333;https://www.loft2rent.ru/loft/107530/;https://www.loft2rent.ru/loft/107530/156360/
Невероятный лофт в Москва сити;Апартаменты;+79111023333;https://www.loft2rent.ru/loft/107530/;https://www.loft2rent.ru/loft/107530/156431/
Невероятный лофт Москва сити;Апартаменты;+79111023333;https://www.loft2rent.ru/loft/107530/;https://www.loft2rent.ru/loft/107530/156417/
"Нежный лофт ""Дримзон"" с диско-шаром, фотозоной и караоке / 3 мин. от метро Семеновская";Лофт;+7 4998881633;https://www.loft2rent.ru/loft/126908/;https://www.loft2rent.ru/loft/126908/126950/
Необычная Веранда;На открытом воздухе, веранда;+74952080038;https://www.loft2rent.ru/loft/3318/;https://www.loft2rent.ru/loft/3318/75892/
"неорюмочная ""Мама Тата""";Лофт, ресторан, бар;+7 911 258 23-76;N/A;https://www.loft2rent.ru/loft/95637/95639/
Нобель;Лофт;+7 993 590-58-84;https://www.loft2rent.ru/loft/92780/;https://www.loft2rent.ru/loft/92780/160571/
НОВА ХОЛЛ - большая светлая площадка под разные мероприятия;большая светлая площадка под разные мероприятия  - Лофт, конференц-зал, учебный зал;+7 9505677787;https://www.loft2rent.ru/loft/203236/;https://www.loft2rent.ru/loft/203236/203239/
Новахово_клуб;Апартаменты, особняк;;https://www.loft2rent.ru/loft/77474/;https://www.loft2rent.ru/loft/77474/191513/
НОВОЕ и единственное пространство в аренду в АкадемеНОВОЕ и единственное пространство в аренду в Академе;;+79697778485;N/A;https://www.loft2rent.ru/loft/135494/135496/
Нора;Лофт, переговорная, антикафе;89586348677;N/A;https://www.loft2rent.ru/loft/186858/186862/
Нора - уютный лофт в центре Москвы на Комсомольской / Бауманской;уютный лофт в центре Москвы на Комсомольской / Бауманской - Кабинет, лофт, антикафе;79163954428;https://www.loft2rent.ru/loft/176575/;https://www.loft2rent.ru/loft/176575/176577/
Нотно-музыкальная библиотека №17 им. П.И.ЮргенсонаВыставочный зал;Галерея, конференц-зал;84959112289;N/A;https://www.loft2rent.ru/loft/157349/157353/
Нотно-музыкальная библиотека №17 им. П.И.ЮргенсонаМузыкальная гостиная;Зал;84959112289;N/A;https://www.loft2rent.ru/loft/157349/157352/
Ночной клуб SistersПлощадка под мероприятия (до 600 чел);Ночной клуб, клуб;7 905 569-69-86;N/A;https://www.loft2rent.ru/loft/103728/103735/
Ночной Клуб Zall;Ночной клуб, концертный зал;+79164400130;https://www.loft2rent.ru/loft/101001/;https://www.loft2rent.ru/loft/101001/130814/
Ночной клуб ZANOZA;Ночной клуб;79256147616;N/A;https://www.loft2rent.ru/loft/190306/190484/
Ночной_Клуб||ЦС/19;Ночной клуб, конференц-зал, концертный зал, клуб;+79264661718;https://www.loft2rent.ru/loft/77474/;https://www.loft2rent.ru/loft/77474/188657/
Нуар;Лофт;+7 (391) 989-86-33;https://www.loft2rent.ru/loft/164165/;https://www.loft2rent.ru/loft/164165/164186/
Нью Йорк;Зал;+7 (495) 478-06-38;https://www.loft2rent.ru/loft/109926/;https://www.loft2rent.ru/loft/109926/134491/
НЮД (NUDE);Фотостудия;+7 (925) 858-24-94;https://www.loft2rent.ru/loft/138720/;https://www.loft2rent.ru/loft/138720/141122/
О ЛюбвиО.Любви – свадебная оранжерея в лесу;Ресторан;8-993-895-10-03;N/A;https://www.loft2rent.ru/loft/127578/127582/
ОблакоOBLAKO;Лофт, ресторан;8 (499) 113-01-53;N/A;https://www.loft2rent.ru/loft/177376/177384/
Образовательный центр Refformat Education;Конференц-зал, учебный зал;79260001090;N/A;https://www.loft2rent.ru/loft/177654/177660/
Общая гостиная;Лофт, зал, антикафе, кальянная;+7 (812) 200-78-18;https://www.loft2rent.ru/loft/75982/;https://www.loft2rent.ru/loft/75982/77047/
Общий зал караоке на Новослободской;Банкетный зал, зал, ночной клуб;+74991163697;https://www.loft2rent.ru/loft/103317/;https://www.loft2rent.ru/loft/103317/209132/
Объект47;Бар, антикафе;+7 9167569159;N/A;https://www.loft2rent.ru/loft/96044/96046/
Однажды в Голливуде;Лофт, антикафе, кальянная;+7 (812) 200-78-18;https://www.loft2rent.ru/loft/75982/;https://www.loft2rent.ru/loft/75982/77400/
Ой, всё! Content Studio 24/7«Ой, всё!»;Фотостудия;89260150090;N/A;https://www.loft2rent.ru/loft/162087/162090/
Океан;Зал;+7 (495) 478-06-38;https://www.loft2rent.ru/loft/109926/;https://www.loft2rent.ru/loft/109926/134468/
Олимп;Лофт;+7 812 606 70 20;https://www.loft2rent.ru/loft/169051/;https://www.loft2rent.ru/loft/169051/169521/
ОМ;Лофт, веранда;+74952924217;https://www.loft2rent.ru/loft/53255/;https://www.loft2rent.ru/loft/53255/53499/
Омега;Фотостудия;8-968-973-90-30;https://www.loft2rent.ru/loft/2518/;https://www.loft2rent.ru/loft/2518/69116/
Онлайн-трансляция из Лофта;Лофт, зал;+7(929) 630-30-19;https://www.loft2rent.ru/loft/5676/;https://www.loft2rent.ru/loft/5676/36892/
"ООО ""Берег Надежды""Chelsea Gastropub";Банкетный зал, ресторан, бар, зал;+7 (916) 073-71-57;N/A;https://www.loft2rent.ru/loft/195633/195642/
"ООО ""ГрандКвест""Космос";Лофт, квест;+7 (977) 106-84-71;N/A;https://www.loft2rent.ru/loft/83581/84103/
"ООО ""ГрандКвест""Отель";Квест;+7 (977) 106-84-71;N/A;https://www.loft2rent.ru/loft/83581/84106/
"ООО ""Дизайн Парк""Бутик-шоурум";Конференц-зал, фотостудия;89296740735;N/A;https://www.loft2rent.ru/loft/203229/203232/
ООО ГаваньГавань-пространство для Ваших мероприятий;Банкетный зал, лофт, зал;89268490989;N/A;https://www.loft2rent.ru/loft/207390/207397/
ООО КРОСТ-ДН2Невский Холл;Банкетный зал, конференц-зал, переговорная;+7 (929) 531-35-92;N/A;https://www.loft2rent.ru/loft/208383/208385/
ОптимистыОптимисты;Бар;89917403191;N/A;https://www.loft2rent.ru/loft/98810/98920/
ОрденАнтарес;Лофт, ресторан, бар;+79099991836;N/A;https://www.loft2rent.ru/loft/88187/116614/
ОрденОРДЕН;Бар, кальянная;+79099991836;N/A;https://www.loft2rent.ru/loft/88187/88191/
Орлеан;Лофт;+7 812 606 70 20;https://www.loft2rent.ru/loft/169051/;https://www.loft2rent.ru/loft/169051/169148/
Оружейный лофт КАРБОН с аэрохоккеем;Зал, антикафе;+79777816590;https://www.loft2rent.ru/loft/108186/;https://www.loft2rent.ru/loft/108186/197447/
ОсноваОсноваLOFT;Лофт;89221563034;N/A;https://www.loft2rent.ru/loft/163461/163463/
Основной зал;Лофт, зал, конференц-зал;+7(929) 630-30-19;https://www.loft2rent.ru/loft/5676/;https://www.loft2rent.ru/loft/5676/94390/
Особняк 400 м² для частных мероприятий на Чистых прудах;Лофт, конференц-зал, учебный зал, особняк;89175091916;https://www.loft2rent.ru/loft/74665/;https://www.loft2rent.ru/loft/74665/183206/
Особняк DOM;Бар, особняк, переговорная, кулинарная студия;+79112600880;N/A;https://www.loft2rent.ru/loft/102030/102263/
Особняк на Малой Ордынке;;89250967004;N/A;https://www.loft2rent.ru/loft/174058/174182/
Особняк Сухозанета (Дом Журналиста)Конференц-зал;Конференц-зал, особняк, переговорная;+7 921 400-49-00;N/A;https://www.loft2rent.ru/loft/162722/162750/
Отдельный VIP-зал караоке №1 Semenov в Столешниковом переулке;Зал;+74991163697;https://www.loft2rent.ru/loft/103317/;https://www.loft2rent.ru/loft/103317/141256/
Отдельный VIP-зал караоке №1 на Пресне;Кальянная;+74991163697;https://www.loft2rent.ru/loft/103317/;https://www.loft2rent.ru/loft/103317/141312/
Отдельный VIP-зал караоке №1 на Цветном;Клуб;+74991163697;https://www.loft2rent.ru/loft/103317/;https://www.loft2rent.ru/loft/103317/141395/
Отдельный VIP-зал караоке №2 Semenov в Столешниковом переулке;Зал, ночной клуб;+74991163697;https://www.loft2rent.ru/loft/103317/;https://www.loft2rent.ru/loft/103317/141261/
Отдельный VIP-зал караоке №2 на Китай-городе;Зал;+74991163697;https://www.loft2rent.ru/loft/103317/;https://www.loft2rent.ru/loft/103317/141404/
Отдельный VIP-зал караоке №2 на Пресне;Бар;+74991163697;https://www.loft2rent.ru/loft/103317/;https://www.loft2rent.ru/loft/103317/141315/
Отдельный VIP-зал караоке №2 на Цветном;Ночной клуб;+74991163697;https://www.loft2rent.ru/loft/103317/;https://www.loft2rent.ru/loft/103317/141397/
Отдельный VIP-зал караоке №3 Semenov в Столешниковом переулке;Банкетный зал, ночной клуб, клуб;+74991163697;https://www.loft2rent.ru/loft/103317/;https://www.loft2rent.ru/loft/103317/209437/
Отдельный VIP-зал караоке №3 на Новослободской;Бар, ночной клуб, клуб;+74991163697;https://www.loft2rent.ru/loft/103317/;https://www.loft2rent.ru/loft/103317/141348/
Отдельный VIP-зал караоке №3 на Пресне;Ресторан, бар, кальянная;+74991163697;https://www.loft2rent.ru/loft/103317/;https://www.loft2rent.ru/loft/103317/141319/
Отдельный VIP-зал караоке №3 на Цветном;Зал;+74991163697;https://www.loft2rent.ru/loft/103317/;https://www.loft2rent.ru/loft/103317/141399/
Отдельный VIP-зал караоке №4 Semenov в Столешниковом переулке;Ночной клуб, клуб;+74991163697;https://www.loft2rent.ru/loft/103317/;https://www.loft2rent.ru/loft/103317/209604/
Отдельный VIP-зал караоке №4 на Китай-городе;Зал;+74991163697;https://www.loft2rent.ru/loft/103317/;https://www.loft2rent.ru/loft/103317/141406/
Отдельный VIP-зал караоке №4 на Новослободской;Банкетный зал, ночной клуб;+74991163697;https://www.loft2rent.ru/loft/103317/;https://www.loft2rent.ru/loft/103317/209142/
Отдельный VIP-зал караоке №5 Semenov в Столешниковом переулке;Ночной клуб;+74991163697;https://www.loft2rent.ru/loft/103317/;https://www.loft2rent.ru/loft/103317/209608/
Отдельный VIP-зал караоке №5 на Китай городе;Ресторан, кальянная;+74991163697;https://www.loft2rent.ru/loft/103317/;https://www.loft2rent.ru/loft/103317/141408/
Отдельный VIP-зал караоке №6 на Новослободской;Ночной клуб;+74991163697;https://www.loft2rent.ru/loft/103317/;https://www.loft2rent.ru/loft/103317/209420/
Отдельный VIP-зал караоке №7 на Новослободской;Зал, ночной клуб, клуб;+74991163697;https://www.loft2rent.ru/loft/103317/;https://www.loft2rent.ru/loft/103317/209421/
Отдельный VIP-зал караоке №8 на Новослободской;Зал, ночной клуб, клуб;+74991163697;https://www.loft2rent.ru/loft/103317/;https://www.loft2rent.ru/loft/103317/209429/
Отдых в МосквеРетро лофт на тургеневской;Лофт, ночной клуб, веранда;+7 977 838 0164;N/A;https://www.loft2rent.ru/loft/141007/141148/
Отдых на воде АэлитаАренда лаундж зоны в Подмосковье;Шатер, веранда;+79031885655;N/A;https://www.loft2rent.ru/loft/199967/199986/
Отдых на воде АэлитаАренда лофта с баней ПарХод;;+79031885655;N/A;https://www.loft2rent.ru/loft/199967/201078/
Отдых на воде АэлитаПлощадка для свадьбы у воды Порт пяти морей;Банкетный зал, особняк, пляж;+79031885655;N/A;https://www.loft2rent.ru/loft/199967/199973/
"Отель ""40-й меридиан Яхт-Клуб""";Отель, ресторан, конференц-зал, теплоход;+7 (496) 615-20-27;N/A;https://www.loft2rent.ru/loft/107724/108112/
"Отель ""40-й меридиан Яхт-Клуб""Зал ""Адмиральский""";Конференц-зал;+7 (496) 615-20-27;N/A;https://www.loft2rent.ru/loft/107724/108117/
"Отель ""40-й меридиан Яхт-Клуб""Зал ""Речной""";Конференц-зал;+7 (496) 615-20-27;N/A;https://www.loft2rent.ru/loft/107724/108119/
"Отель ""Сретенская"" Зал ""Пушкарев""";Конференц-зал;+7 495 933-55-44;N/A;https://www.loft2rent.ru/loft/72485/72487/
"Отель ""Сретенская""Зал ""Русский""";Учебный зал;+7 495 933-55-44;N/A;https://www.loft2rent.ru/loft/72485/116921/
ОТСЕБЯлофт на Арбате;Кабинет, коворкинг, лофт, переговорная;89773149423;N/A;https://www.loft2rent.ru/loft/209596/209598/
Офис;Коворкинг, переговорная;+74952042861;https://www.loft2rent.ru/loft/86306/;https://www.loft2rent.ru/loft/86306/86321/
Офис на Красном Октябре;Конференц-зал, учебный зал, особняк;+7 977 669 03 00;N/A;https://www.loft2rent.ru/loft/129904/129926/
ОфЛайнОфЛайн коворкинг;Коворкинг, лофт, зал;8 (906) 776 85 55;N/A;https://www.loft2rent.ru/loft/64361/64374/
ПАЛАТИУМ-ЛОФТ - ПРОСТОРНЫЙ ЗАЛ С ПРОЕКТОРОМ И АКУСТИЧЕСКОЙ СИСТЕМОЙ, ИДЕАЛЬНО ДЛЯ ТРЕНИНГОВ И БОЛЬШИХ ВЕЧЕРИНОК!;ПРОСТОРНЫЙ ЗАЛ С ПРОЕКТОРОМ И АКУСТИЧЕСКОЙ СИСТЕМОЙ, ИДЕАЛЬНО ДЛЯ ТРЕНИНГОВ И БОЛЬШИХ ВЕЧЕРИНОК! - Лофт, зал, учебный зал;89120829050;https://www.loft2rent.ru/loft/83754/;https://www.loft2rent.ru/loft/83754/147853/
ПалаццоИсторический особняк на набережной;Ресторан, зал, особняк;+79219337016;N/A;https://www.loft2rent.ru/loft/96611/96977/
палитра чувств;Лофт, учебный зал;+79779097925;N/A;https://www.loft2rent.ru/loft/126748/126750/
Пандора | Выхино. Пространство праздников и активных развлечений;Банкетный зал;74951280076;https://www.loft2rent.ru/loft/182884/;https://www.loft2rent.ru/loft/182884/183463/
Панорама;Банкетный зал, ресторан;+7 (812) 984-43-54;https://www.loft2rent.ru/loft/99182/;https://www.loft2rent.ru/loft/99182/99185/
Панорама-холл Лужники;Зал;+7 (495) 909−26−63;https://www.loft2rent.ru/loft/164090/;https://www.loft2rent.ru/loft/164090/166259/
Панорамный Loft Москва-сити;Апартаменты;+79111023333;https://www.loft2rent.ru/loft/107530/;https://www.loft2rent.ru/loft/107530/156379/
Панорамный лофт;Лофт, галерея, крыша, фотостудия;+79291588439;N/A;https://www.loft2rent.ru/loft/130410/130419/
Панорамный ресторан Москва Сити;Ресторан, бар;+79164400130;https://www.loft2rent.ru/loft/101001/;https://www.loft2rent.ru/loft/101001/164760/
Панорамный теплый дом на Москве-реке;Пляж, на открытом воздухе, веранда;89258231808;N/A;https://www.loft2rent.ru/loft/57651/57658/
Панорамный теплый дом на Москве-рекеПанорамный теплый дом средний;Лофт, зал, веранда;89258231808;N/A;https://www.loft2rent.ru/loft/57651/81130/
Панорамный теплый дом на Москве-рекеПлавучий дом для праздников и встреч;Зал, на открытом воздухе, веранда;89258231808;N/A;https://www.loft2rent.ru/loft/57651/140947/
Парадайз;Лофт, зал;+7 (495) 478-06-38;https://www.loft2rent.ru/loft/109926/;https://www.loft2rent.ru/loft/109926/171888/
Парадайс / ПарадайсРИЗЗ / РИЗЗ;Банкетный зал, ресторан, бар, кальянная;+79254200006;N/A;https://www.loft2rent.ru/loft/180043/187835/
Парадная;Лофт, ресторан, кальянная;89853810192;N/A;https://www.loft2rent.ru/loft/191214/191364/
ПАРИЖ - PROSPECT;PROSPECT - Лофт, кальянная;89120829050;https://www.loft2rent.ru/loft/83754/;https://www.loft2rent.ru/loft/83754/84449/
Парк виртуальной реальности WARPOINTWarpoint Vegas;Лофт, игровой зал, детский центр, антикафе;89031032447;N/A;https://www.loft2rent.ru/loft/134894/134919/
Парк отдыха Атмосфера;Лофт, зал;89042530111;N/A;https://www.loft2rent.ru/loft/101835/101837/
Парк СказкаБазилик;Банкетный зал, веранда;+79680122670;N/A;https://www.loft2rent.ru/loft/196281/196294/
"Парк-отель ""Медвежья гора""Ресторан ""Мейд ин Раша""";Отель, ресторан, пляж, на открытом воздухе;+7 (812) 408-88-88;N/A;https://www.loft2rent.ru/loft/132459/132467/
Паста и Вино;Банкетный зал, ресторан;+79112389747;https://www.loft2rent.ru/loft/170615/;https://www.loft2rent.ru/loft/170615/170622/
Пафосный апартамент Москва сити;Апартаменты, фотостудия;+79111023333;https://www.loft2rent.ru/loft/107530/;https://www.loft2rent.ru/loft/107530/156367/
ПенкаЛофт;Лофт, зал, антикафе;89262270222;N/A;https://www.loft2rent.ru/loft/147486/147492/
Пентхаус c панорамным видом на Москву;Банкетный зал, лофт, бар, веранда;8 (985) 439-38-38;https://www.loft2rent.ru/loft/171365/;https://www.loft2rent.ru/loft/171365/197274/
Пентхаус-формат на 64 этаже: оникс, подсветка, панорамные окна Уникальный вид на башни и город;Апартаменты, отель;+79958998202;https://www.loft2rent.ru/loft/171815/;https://www.loft2rent.ru/loft/171815/206001/
Первый лофт;Лофт;89629009535;N/A;https://www.loft2rent.ru/loft/120232/120234/
Первый этаж ЭвиЦентра;Зал, детский центр;+79160876137;https://www.loft2rent.ru/loft/155206/;https://www.loft2rent.ru/loft/155206/182648/
Переговорная «Синяя» на 8 человек;Переговорная;8 980 430 08 88;https://www.loft2rent.ru/loft/199576/;https://www.loft2rent.ru/loft/199576/200820/
Переговорная комната;Коворкинг, переговорная;+79151245829;https://www.loft2rent.ru/loft/40995/;https://www.loft2rent.ru/loft/40995/195118/
Переговорная комната;Конференц-зал, переговорная;+74952042861;https://www.loft2rent.ru/loft/86306/;https://www.loft2rent.ru/loft/86306/86317/
Переговорная комната «Стеклянная» до 8 человек;Переговорная;8 980 430 08 88;https://www.loft2rent.ru/loft/199576/;https://www.loft2rent.ru/loft/199576/200823/
Переговорная комната на проспекте Мира;Конференц-зал, переговорная;74951207719;https://www.loft2rent.ru/loft/187684/;https://www.loft2rent.ru/loft/187684/203706/
Переговорная комната у Ресторана до 12 человек;Переговорная;8 980 430 08 88;https://www.loft2rent.ru/loft/199576/;https://www.loft2rent.ru/loft/199576/199896/
Переговорная комната №29;Кабинет, учебный зал, переговорная;89647264515;https://www.loft2rent.ru/loft/118815/;https://www.loft2rent.ru/loft/118815/198826/
Переговорная комната №5;Кабинет, переговорная;89647264515;https://www.loft2rent.ru/loft/118815/;https://www.loft2rent.ru/loft/118815/198821/
Персия;Лофт;+7 812 606 70 20;https://www.loft2rent.ru/loft/169051/;https://www.loft2rent.ru/loft/169051/169688/
ПЕШИ;Банкетный зал, ресторан, зал, веранда;+79256444401;https://www.loft2rent.ru/loft/179994/;https://www.loft2rent.ru/loft/179994/180031/
Пикассо - Светлый лофт в стиле Бохо;Светлый лофт в стиле Бохо - Лофт;+7 (495) 032-73-90;https://www.loft2rent.ru/loft/5581/;https://www.loft2rent.ru/loft/5581/81571/
ПИНК ШИК;Лофт;+79852179198;N/A;https://www.loft2rent.ru/loft/198212/198214/
Пирс;Банкетный зал, лофт, зал, фотостудия;+79689739030;https://www.loft2rent.ru/loft/2518/;https://www.loft2rent.ru/loft/2518/195757/
"Площадка ""Шатер у озера""";Шатер, веранда;89250520976;https://www.loft2rent.ru/loft/125499/;https://www.loft2rent.ru/loft/125499/204894/
Площадка для безнес-мероприятий на Якиманской набережнойВ самом центре Москвы;Конференц-зал;+79851125955;N/A;https://www.loft2rent.ru/loft/102616/102687/
Площадка для мастер-классов и мероприятий;Лофт;89850553888;https://www.loft2rent.ru/loft/78182/;https://www.loft2rent.ru/loft/78182/78190/
Площадка для мероприятий без аренды;Банкетный зал, лофт, зал, конференц-зал;+7 906-774-90-64;https://vkvideo.ru/video-230716527_456239090;https://www.loft2rent.ru/loft/20959/192303/
Площадка на 60 этаже;Зал, конференц-зал, учебный зал;+7 (968) 444 13 48;N/A;https://www.loft2rent.ru/loft/1366/26589/
Площадка с караоке и верандой;Банкетный зал, веранда, кальянная;+7 (999) 823-83-98;https://www.loft2rent.ru/loft/94559/;https://www.loft2rent.ru/loft/94559/94562/
Площадки в разном стиле под мероприятия2-х уровневый Лофт с барной стойкой;Лофт, зал, фотостудия, учебный зал;+7(916)242-10-22;N/A;https://www.loft2rent.ru/loft/14228/27764/
Площадки в разном стиле под мероприятияИллюзион - зал с театральной сценой и хромакеем;Зал, ночной клуб, фотостудия, концертный зал;+7(916)242-10-22;N/A;https://www.loft2rent.ru/loft/14228/42156/
Площадки в разном стиле под мероприятияИнтригующий Лофт с барной стойкой;Лофт, зал, фотостудия, квест;+7(916)242-10-22;N/A;https://www.loft2rent.ru/loft/14228/20090/
Площадки в разном стиле под мероприятияКулинарная студия;Лофт, фотостудия, кулинарная студия;+79163122244;N/A;https://www.loft2rent.ru/loft/14228/194419/
Площадки в разном стиле под мероприятияЛофт в стиле Ренессанс;Банкетный зал, лофт, фотостудия, учебный зал;+7(916)242-10-22;N/A;https://www.loft2rent.ru/loft/14228/17293/
Площадки в разном стиле под мероприятияЛофт Кардинал в стиле эпохи былого величия;Банкетный зал, лофт, бар, ночной клуб;+7(916)242-10-22;N/A;https://www.loft2rent.ru/loft/14228/29537/
Площадки в разном стиле под мероприятияМногофункциональная площадка со Сценой;Лофт, фотостудия, учебный зал, концертный зал;+7(916)242-10-22;N/A;https://www.loft2rent.ru/loft/14228/14266/
Площадки в разном стиле под мероприятияСтудия с лесной поляной в стиле Прованс;Банкетный зал, лофт, фотостудия, концертный зал;+7(916)242-10-22;N/A;https://www.loft2rent.ru/loft/14228/17292/
Площадки в разном стиле под мероприятияСтудия с морским песком и водопадом;Лофт, фотостудия;+7(916)242-10-22;N/A;https://www.loft2rent.ru/loft/14228/17291/
Повод ЕстьПространство Повод Есть;Ресторан;8 929 628 94 38;N/A;https://www.loft2rent.ru/loft/127212/127215/
Подземелье Тёмного Лорда;Лофт, квест, антикафе;89251935330;N/A;https://www.loft2rent.ru/loft/140849/140852/
Подземелье Тёмного ЛордаДом Гарри;Лофт, квест, антикафе;89251935330;N/A;https://www.loft2rent.ru/loft/140849/145212/
ПОКРОВКА ЛАБ;Коворкинг, конференц-зал, переговорная;8 (903) 892 66 91;N/A;https://www.loft2rent.ru/loft/206913/206969/
Поле и Пляж;Пляж, на открытом воздухе;+78122133202;https://twitter.com/sevcableport;https://www.loft2rent.ru/loft/80332/80423/
Политех;Бар, зал, концертный зал;+79660111741;N/A;https://www.loft2rent.ru/loft/154774/154785/
"Помещение в отеле ""Софит""";Ресторан, конференц-зал;89157800260;N/A;https://www.loft2rent.ru/loft/159296/159299/
Помещение до 500 человек вместимостью и 450м²;Ночной клуб, концертный зал, клуб;89151956806;N/A;https://www.loft2rent.ru/loft/88592/88600/
Поп-арт;Лофт, зал, антикафе, кальянная;+7 (812) 200-78-18;https://www.loft2rent.ru/loft/75982/;https://www.loft2rent.ru/loft/75982/77265/
Посольство ГипербореиГАЛЕРЕЯ 153;Галерея, конференц-зал, переговорная, концертный зал;+78124080989;N/A;https://www.loft2rent.ru/loft/100626/163901/
Посольство ГипербореиУникальная мультимедийная площадка в Москва Сити;Лофт, ресторан, бар, ночной клуб;+7 495 476-59-76;N/A;https://www.loft2rent.ru/loft/100626/100639/
Поэт и котПОЭТ И КОТ;Коворкинг;+79232288435;N/A;https://www.loft2rent.ru/loft/183349/183367/
Прадо - 3-х этажный особняк;3-х этажный особняк - Конференц-зал, особняк;+7 (495) 032-73-90;https://www.loft2rent.ru/loft/5581/;https://www.loft2rent.ru/loft/5581/138748/
Президент-СервисПомещение № 237;Зал, учебный зал;89267177279;N/A;https://www.loft2rent.ru/loft/37539/38153/
Президент-СервисПомещение № 633;Переговорная;89267177279;N/A;https://www.loft2rent.ru/loft/37539/56935/
Президентская ложа в Лужниках;Зал;+7 (495) 909−26−63;https://www.loft2rent.ru/loft/164090/;https://www.loft2rent.ru/loft/164090/166263/
Премиальное пространство Ветви Жизни;Зал, спорт-зал, учебный зал;8 (985) 211-11-83;N/A;https://www.loft2rent.ru/loft/202873/203636/
Премиальный медный лофт Cuprum с летней верандой;Лофт, клуб, веранда;+7 (495) 432-01-36;https://www.loft2rent.ru/loft/22257/;https://www.loft2rent.ru/loft/22257/57955/
Премиум Конференц-зал в Москва Сити на 58 этаже;Переговорная;8 993 7050100;N/A;https://www.loft2rent.ru/loft/187948/187950/
Премия Оскар;Банкетный зал, лофт, антикафе;+7 (812) 200-78-18;https://www.loft2rent.ru/loft/75982/;https://www.loft2rent.ru/loft/75982/77270/
Пресс-центр в УСЗ Дружба в Лужниках;Коворкинг, учебный зал, переговорная;+7 (495) 909−26−63;https://www.loft2rent.ru/loft/164090/;https://www.loft2rent.ru/loft/164090/166817/
Престижный Loft Москва-сити;Апартаменты;+79111023333;https://www.loft2rent.ru/loft/107530/;https://www.loft2rent.ru/loft/107530/156384/
Природа;Лофт;+7-916-496-11-91;https://www.loft2rent.ru/loft/44815/;https://www.loft2rent.ru/loft/44815/62176/
Притяжение;Лофт, зал, антикафе;+7 993 590-58-84;https://www.loft2rent.ru/loft/92780/;https://www.loft2rent.ru/loft/92780/101457/
Прованс;Зал;+7 (495) 478-06-38;https://www.loft2rent.ru/loft/109926/;https://www.loft2rent.ru/loft/109926/134496/
ПролессPROLess Loft;Лофт;89299888499;N/A;https://www.loft2rent.ru/loft/207040/207049/
Промзона Коворкинг;Конференц-зал, переговорная;+79057159236;N/A;https://www.loft2rent.ru/loft/65955/65957/
Просторный зал 120 м² со сценой на Чистых прудах;Лофт, зал, спорт-зал, конференц-зал;89175091916;https://www.loft2rent.ru/loft/74665/;https://www.loft2rent.ru/loft/74665/74667/
Просторный лофт  с двумя верандами и караоке;Лофт, зал, на открытом воздухе, веранда;+7 9773592477;https://www.loft2rent.ru/loft/vinyl/;https://www.loft2rent.ru/loft/2148/90108/
Просторный лофт Дельта со сценой, караоке, верандой и активностями в 3-х минутах от метро;Банкетный зал, лофт, ночной клуб;+7 (967) 239 36 03;https://www.loft2rent.ru/loft/1665/;https://www.loft2rent.ru/loft/1665/127559/
Просторный лофт на Вернисаже  с терассой и окошками;Лофт, зал, веранда;+79773592477;https://www.loft2rent.ru/loft/vinyl/;https://www.loft2rent.ru/loft/2148/189515/
Пространство;Галерея, конференц-зал, концертный зал;+79267395955;https://www.loft2rent.ru/loft/85879/;https://www.loft2rent.ru/loft/85879/86067/
"Пространство "" Аквариум""Арт-зал для мероприятий";Зал, конференц-зал, учебный зал;+79818924436;N/A;https://www.loft2rent.ru/loft/78685/78687/
"Пространство "" Аквариум""Большой Арт Зал";Бар;+79818924436;N/A;https://www.loft2rent.ru/loft/78685/136059/
"Пространство "" Аквариум""Большой Зеркальный Зал";Спорт-зал;+79818924436;N/A;https://www.loft2rent.ru/loft/78685/136073/
"Пространство "" Аквариум""Кулинарная студия";Кулинарная студия;+79818924436;N/A;https://www.loft2rent.ru/loft/78685/78692/
"Пространство "" Аквариум""Лофт для празднования Нового Года";Бар, зал, кулинарная студия;+79818924436;N/A;https://www.loft2rent.ru/loft/78685/92219/
"Пространство "" Аквариум""Малый Зеркальный Зал";Зал, спорт-зал;+79818924436;N/A;https://www.loft2rent.ru/loft/78685/136093/
"Пространство ""Место Радости""Лофт ""Место Радости""";Кабинет, лофт;+79669305406;N/A;https://www.loft2rent.ru/loft/116515/116519/
Пространство Lime;Коворкинг, конференц-зал, учебный зал, переговорная;+74993703816;https://www.loft2rent.ru/loft/29857/;https://www.loft2rent.ru/loft/29857/33459/
Пространство Mandarin;Лофт, зал;+74993703816;https://www.loft2rent.ru/loft/29857/;https://www.loft2rent.ru/loft/29857/33455/
Пространство «Мистерия»Зал 1;Спорт-зал, конференц-зал;+79966663431;N/A;https://www.loft2rent.ru/loft/108221/108223/
Пространство «Мистерия»Зал 2;Лофт, зал;+79966663431;N/A;https://www.loft2rent.ru/loft/108221/109881/
Пространство «Мистерия»Кабинет;Кабинет, лофт;+79966663431;N/A;https://www.loft2rent.ru/loft/108221/109884/
Пространство ВЕСНА;Лофт, зал, конференц-зал;+7(929) 630-30-19;N/A;https://www.loft2rent.ru/loft/5676/6087/
Пространство с большой террасой.;Лофт, зал, ночной клуб, веранда;89031888081;https://www.loft2rent.ru/loft/49928/;https://www.loft2rent.ru/loft/49928/82243/
ПРОСТРАНСТВОЛофт Пространство;Коворкинг, лофт;+7 963 711-78-81;N/A;https://www.loft2rent.ru/loft/171350/171353/
ПрошивкаАнтикафе «Прошивка»;Коворкинг, игровой зал, антикафе, кальянная;;N/A;https://www.loft2rent.ru/loft/197252/197254/
Псиклуб на Лесной 43304 кабинет;Кабинет;89686078689;N/A;https://www.loft2rent.ru/loft/46249/109545/
Псиклуб на Лесной 43421 кабинет / Псиклуб;Кабинет;89686078689;N/A;https://www.loft2rent.ru/loft/46249/109547/
Псиклуб на Лесной 43427 кабинет;Кабинет;89686078689;N/A;https://www.loft2rent.ru/loft/46249/110506/
Псиклуб на Лесной 43кабинет 441;Кабинет;89686078689;N/A;https://www.loft2rent.ru/loft/46249/46251/
ПушкинскаяПомещение для мероприятий в центе Москвы  2 мин от метро;Учебный зал;+79031303133;N/A;https://www.loft2rent.ru/loft/170771/170773/
Пчёлкилофт Пчелки;Лофт;8(916)508-03-15;N/A;https://www.loft2rent.ru/loft/105464/105466/
Пёрпл - большой зал, цветочной фотозоной, громкой музыкой, диско-шаром и караоке!;большой зал, цветочной фотозоной, громкой музыкой, диско-шаром и караоке! - Банкетный зал, лофт, антикафе, кальянная;+74991113716;https://www.loft2rent.ru/loft/131919/;https://www.loft2rent.ru/loft/131919/138080/
Рolygon EVENT / ПолигонАпартаменты;Лофт, игровой зал;+79217739994;N/A;https://www.loft2rent.ru/loft/171856/171858/
Рolygon EVENT / ПолигонМарокко;Лофт, антикафе;+79217739994;N/A;https://www.loft2rent.ru/loft/171856/171867/
Рolygon EVENT / ПолигонРинг;Лофт, зал;+79217739994;N/A;https://www.loft2rent.ru/loft/171856/171862/
Рolygon EVENT / ПолигонЭко-Лофт;Банкетный зал, лофт, конференц-зал, концертный зал;+79217739994;N/A;https://www.loft2rent.ru/loft/171856/171864/
РавновесиеЗемля;Зал, спорт-зал, фотостудия;89858838552;N/A;https://www.loft2rent.ru/loft/198307/198312/
РавновесиеЛуна;Зал, спорт-зал;89858838552;N/A;https://www.loft2rent.ru/loft/198307/198316/
РайзАпРайзАп;Лофт, на открытом воздухе;+7 9964160789;N/A;https://www.loft2rent.ru/loft/84685/84701/
Реактор | Тропарёво. Пространство праздников и активных развлечений.;Банкетный зал;74951282293;https://www.loft2rent.ru/loft/182884/;https://www.loft2rent.ru/loft/182884/198190/
РЕД лофт;Лофт;+79035848913;https://www.loft2rent.ru/loft/134158/;https://www.loft2rent.ru/loft/134158/190554/
Резиденция;Банкетный зал, бар;+79164961191;https://www.loft2rent.ru/loft/44815/;https://www.loft2rent.ru/loft/44815/205324/
Резиденция;Лофт, зал;+79055733733;https://www.loft2rent.ru/loft/97743/;https://www.loft2rent.ru/loft/97743/50380/
"Ресто-лаунж ""Мятный Енот""""Сакура""";Ресторан, бар;89100050014;N/A;https://www.loft2rent.ru/loft/157829/157872/
"Ресто-лаунж ""Мятный Енот""Vip-комната ""Ночь""";Кабинет, лофт;89100050014;N/A;https://www.loft2rent.ru/loft/157829/157905/
"Ресто-лаунж ""Мятный Енот""Вип-комната ""День""";Кабинет, лофт;89100050014;N/A;https://www.loft2rent.ru/loft/157829/157897/
"Ресто-лаунж ""Мятный Енот""Зал ""Енот 2""";Лофт, зал, кальянная;89100050014;N/A;https://www.loft2rent.ru/loft/157829/157882/
"Ресто-лаунж ""Мятный Енот""Зал ""Енот""";Лофт, ресторан;89100050014;N/A;https://www.loft2rent.ru/loft/157829/157857/
"Ресторан ""48 Стульев""";Ресторан, концертный зал;+7 (921) 387-70-85;N/A;https://www.loft2rent.ru/loft/175360/175374/
"Ресторан ""Perfect""";Ресторан, бар;+79164400130;https://www.loft2rent.ru/loft/101001/;https://www.loft2rent.ru/loft/101001/167649/
"Ресторан ""Золотой парус""";Ресторан, веранда;+7 (966) 319-84-25;N/A;https://www.loft2rent.ru/loft/174600/174785/
"Ресторан ""Серебряный зал"" Лофт";Ресторан, зал;8 9167150457;https://www.loft2rent.ru/loft/182845/;https://www.loft2rent.ru/loft/182845/190185/
"Ресторан ""Трамплин""";Ресторан, зал;8 9167150457;https://www.loft2rent.ru/loft/182845/;https://www.loft2rent.ru/loft/182845/189868/
"Ресторан ""Тройка"" малый зал";Ресторан, зал;88127132999;https://www.loft2rent.ru/loft/108821/;https://www.loft2rent.ru/loft/108821/108842/
"Ресторан ""Тройка"" основной зал";Ресторан, зал, концертный зал;88127132999;https://www.loft2rent.ru/loft/108821/;https://www.loft2rent.ru/loft/108821/108829/
"Ресторан ""Турандот"" для мероприятий";Зал, особняк;8 9167150457;https://www.loft2rent.ru/loft/182845/;https://www.loft2rent.ru/loft/182845/190158/
Ресторан Cépage;Ресторан, бар, веранда, кальянная;+79999917444;https://www.loft2rent.ru/loft/199380/;https://www.loft2rent.ru/loft/112609/112659/
Ресторан Le’purshi;Банкетный зал, ресторан;+79164400130;https://www.loft2rent.ru/loft/177908/;https://www.loft2rent.ru/loft/177908/207902/
Ресторан Only Wine;Ресторан, бар, веранда;+79104013400;N/A;https://www.loft2rent.ru/loft/177005/177137/
Ресторан Pro - Шашлык - Loft пространство;Шашлык - Loft пространство - Ресторан, бар;+ 79620008984;https://www.loft2rent.ru/loft/208583/;https://www.loft2rent.ru/loft/208583/208633/
Ресторан ROOF;Шатер;+79164400130;https://www.loft2rent.ru/loft/177908/;https://www.loft2rent.ru/loft/177908/209361/
Ресторан ULLU;Зал;89032143774;https://www.loft2rent.ru/loft/208085/;https://www.loft2rent.ru/loft/208085/208738/
ресторан Амбасадория;Лофт, бар;8-915-347-67-52;N/A;https://www.loft2rent.ru/loft/180960/180966/
ресторан и креативное пространство Грелка-Гуделка;Коворкинг, ресторан, зал;+79585238415;N/A;https://www.loft2rent.ru/loft/167230/169762/
Ресторан Модная среда 1823;Банкетный зал, лофт, зал;+79164400130;https://www.loft2rent.ru/loft/177908/;https://www.loft2rent.ru/loft/177908/205012/
Ресторан на берегу;Ресторан, веранда;+7 993 249 25 27;https://www.loft2rent.ru/loft/188321/;https://www.loft2rent.ru/loft/188321/189153/
Ресторан Незагорами;Банкетный зал;+79164400130;https://www.loft2rent.ru/loft/177908/;https://www.loft2rent.ru/loft/177908/208357/
Ресторан ПЕРГАМЕНТ;Лофт, ресторан, бар;+79031018262;N/A;https://www.loft2rent.ru/loft/14803/26619/
Ресторан Ред;Ресторан, зал, концертный зал, клуб;+79995049639;N/A;https://www.loft2rent.ru/loft/153219/153229/
Ресторан Серый;Зал;+79164400130;https://www.loft2rent.ru/loft/177908/;https://www.loft2rent.ru/loft/177908/208130/
Ресторан Ухват;Ресторан, зал;89032143774;https://www.loft2rent.ru/loft/208085/;https://www.loft2rent.ru/loft/208085/208735/
"Ресторан-корабль ""Магадан"" с 3 банкетными залами и караокеРесторан-корабль ""Магадан"" с 5 банкетными залами и караоке";Ресторан, детский центр, на открытом воздухе, веранда;+7 (812) 409-66-85;N/A;https://www.loft2rent.ru/loft/88736/88752/
Ресторан-особняк UnicaUnica;Ресторан, зал, особняк;+79099495085;N/A;https://www.loft2rent.ru/loft/118472/118474/
Ретровейв;Лофт;+7 812 606 70 20;https://www.loft2rent.ru/loft/169051/;https://www.loft2rent.ru/loft/169051/169216/
РЖД АренаБанкетный зал на стадионе;Банкетный зал, зал;+74955003020;N/A;https://www.loft2rent.ru/loft/140492/140499/
РЖД АренаЗал хореографии;Зал;+74955003020;N/A;https://www.loft2rent.ru/loft/140492/140542/
РЖД АренаЛожа с видом на стадион;Веранда;+74955003020;N/A;https://www.loft2rent.ru/loft/140492/140514/
РЖД АренаПанорамная ложа;Лофт;+74955003020;N/A;https://www.loft2rent.ru/loft/140492/140516/
РЖД АренаПанорамный лаундж на стадионе;Лофт;+74955003020;N/A;https://www.loft2rent.ru/loft/140492/140526/
РЖД АренаПанорамный ресторан на стадионе;Лофт, ресторан, зал;+74955003020;N/A;https://www.loft2rent.ru/loft/140492/140505/
"РЖД АренаПресс-центр ""РЖД Арены""";Конференц-зал;;N/A;https://www.loft2rent.ru/loft/140492/140537/
РЖД АренаПресс-центр с панорамными окнами;Конференц-зал;+74955003020;N/A;https://www.loft2rent.ru/loft/140492/140539/
Рихард;Лофт, конференц-зал, фотостудия;+79689739030;https://www.loft2rent.ru/loft/2518/;https://www.loft2rent.ru/loft/2518/45000/
РК-19;Зал;+79264661718;https://www.loft2rent.ru/loft/77474/;https://www.loft2rent.ru/loft/77474/156804/
Роден - Трехуровневый лофт в стиле Industrial;Трехуровневый лофт в стиле Industrial - Лофт, зал, конференц-зал, веранда;+7 (495) 032-73-90;https://www.loft2rent.ru/loft/5581/;https://www.loft2rent.ru/loft/5581/67926/
Романс;Банкетный зал, лофт, зал;+7 (495) 478-06-38;https://www.loft2rent.ru/loft/109926/;https://www.loft2rent.ru/loft/109926/171892/
Романтический лофт на 55 этаже Москва-Сити Neva Towers (Moscow city Neva Towers);Апартаменты, зал, фотостудия;+79111023333;https://www.loft2rent.ru/loft/107530/;https://www.loft2rent.ru/loft/107530/125283/
Роскошный апартамент в Москва сити;Апартаменты;+79111023333;https://www.loft2rent.ru/loft/107530/;https://www.loft2rent.ru/loft/107530/156411/
Роскошный лофт в особняке Рокфеллер;Зал;+79585410041;https://www.loft2rent.ru/loft/97591/;https://www.loft2rent.ru/loft/97591/122324/
Руссо - Камерный «Бали», большой и светлый лофт с настроением лета;Камерный «Бали», большой и светлый лофт с настроением лета - Лофт, зал, конференц-зал;+7 (495) 032-73-90;https://www.loft2rent.ru/loft/5581/;https://www.loft2rent.ru/loft/5581/117376/
Рыцарский замок в Лисьем носу;Лофт, на открытом воздухе;+7 812 642 07 23;N/A;https://www.loft2rent.ru/loft/144429/144523/
РЯБОВ ЛОФТ;Лофт, конференц-зал;+7 (495) 798-51-81;https://www.loft2rent.ru/loft/28030/;https://www.loft2rent.ru/loft/28030/28032/
Сад;Зал;+7 (495) 478-06-38;https://www.loft2rent.ru/loft/109926/;https://www.loft2rent.ru/loft/109926/134470/
Саджива дрим;Ресторан, зал, переговорная;89319930030;N/A;https://www.loft2rent.ru/loft/160136/160155/
Сакура PlaceSakura Place;Веранда;+7 (968) 525-40-90;N/A;https://www.loft2rent.ru/loft/62922/202296/
Сакура PlaceДракон Сити;Ресторан;+7 (968) 525-40-90;N/A;https://www.loft2rent.ru/loft/62922/63154/
Салем;Лофт;+7 812 606 70 20;https://www.loft2rent.ru/loft/169051/;https://www.loft2rent.ru/loft/169051/169523/
"Салон Усачева ""Система Ценностей""";Зал, галерея, переговорная;+79039615585;N/A;https://www.loft2rent.ru/loft/171228/171230/
Самобранка ЛофтЛофт Самобранка;Лофт, бар, зал;+79035281880;N/A;https://www.loft2rent.ru/loft/174602/174605/
Свадебный Белый Лофт;Лофт;+7(929) 630-30-19;https://www.loft2rent.ru/loft/5676/;https://www.loft2rent.ru/loft/5676/21417/
Свети Прима;Лофт;+79111207195;https://www.loft2rent.ru/loft/156268/;https://www.loft2rent.ru/loft/156268/158114/
Светлый Loft Москва-сити;Апартаменты;+79111023333;https://www.loft2rent.ru/loft/107530/;https://www.loft2rent.ru/loft/107530/156265/
Светлый зал 33 м² на Чистых прудах для любых мероприятий;Кабинет, зал, спорт-зал;89175091916;https://www.loft2rent.ru/loft/74665/;https://www.loft2rent.ru/loft/74665/74671/
Светлый и просторный лофт в Москва-Сити;Апартаменты, фотостудия;+79111023333;https://www.loft2rent.ru/loft/107530/;https://www.loft2rent.ru/loft/107530/156342/
Светлый Лофт;Банкетный зал, лофт, конференц-зал, учебный зал;+7 (985) 292-11-22;N/A;https://www.loft2rent.ru/loft/192292/192301/
Светлый Лофт Грейс в особняке на автозаводской;Галерея;+79585410041;https://www.loft2rent.ru/loft/97591/;https://www.loft2rent.ru/loft/97591/122318/
Светлый лофт для мероприятий Gallery;Лофт, зал, антикафе;89031959349;https://www.loft2rent.ru/loft/151727/;https://www.loft2rent.ru/loft/151727/152967/
Светлый лофт-кондитерская MYSS на Ходынском поле;Зал, учебный зал, кулинарная студия;+7 9296319718;N/A;https://www.loft2rent.ru/loft/32748/32763/
СВОБОДА;Банкетный зал, конференц-зал;+79263427655;N/A;https://www.loft2rent.ru/loft/189037/189198/
Своё Поле;Лофт, галерея, концертный зал;+7 915 024 3868;N/A;https://www.loft2rent.ru/loft/99752/99755/
Север;Лофт, бар, переговорная, антикафе;89631422682;N/A;https://www.loft2rent.ru/loft/188668/188670/
Севилья. Уютный лофт с мебелью и светомузыкой.;Лофт, зал, антикафе;+7 495 191 41 57;https://www.loft2rent.ru/loft/142644/;https://www.loft2rent.ru/loft/142644/192374/
Селфи Галерея;Лофт, фотостудия, квест;+7 929 909 4028;N/A;https://www.loft2rent.ru/loft/109523/115794/
Семейный клуб РумикиСемейный лофт в Новых Химках;Лофт, зал, детский центр;+79262776136;N/A;https://www.loft2rent.ru/loft/16185/34899/
Семейный клуб РумикиСемейный лофт-клуб в Химках;Лофт, детский центр;+79262776136;N/A;https://www.loft2rent.ru/loft/16185/24251/
Семейный лофт;Коворкинг, лофт;;https://www.loft2rent.ru/loft/209961/;https://www.loft2rent.ru/loft/209961/209966/
"Семейный лофт ""Праздник с тобой"" Семейный лофт ""Праздник с тобой""";Лофт, детский центр, антикафе;+7 993 345 88 06;N/A;https://www.loft2rent.ru/loft/137315/137319/
Семейный лофт Вместе;Лофт, игровой зал, детский центр;+79852832090;N/A;https://www.loft2rent.ru/loft/130651/130665/
Семейный лофт ВместеЛофт для бизнеса;Коворкинг, лофт, зал;+79852832090;N/A;https://www.loft2rent.ru/loft/130651/133530/
Семейный лофт на Афонской 25;Лофт, зал, игровой зал, детский центр;509-60-13 (доп 1);https://www.loft2rent.ru/loft/80503/;https://www.loft2rent.ru/loft/80503/111596/
Семейный лофт Сказочный Домик;Лофт, игровой зал, детский центр;+79932815458;N/A;https://www.loft2rent.ru/loft/177124/177126/
СЕРЫЙ;Лофт, фотостудия;+79035558942;https://www.loft2rent.ru/loft/15054/;https://www.loft2rent.ru/loft/15054/15064/
Серый минималистичный лофт с кухней (лофт РАЛЬФ);Лофт, зал, фотостудия, кулинарная студия;8 (939)888-00-08;https://www.loft2rent.ru/loft/1564/;https://www.loft2rent.ru/loft/1564/37412/
"Сеть офисных центров ""Деловой""Переговорная комната в Омега плаза (Автозаводская)";Коворкинг, учебный зал, переговорная;+7 (495) 988-07-32;N/A;https://www.loft2rent.ru/loft/46436/46759/
"Сеть офисных центров ""Деловой""Переговорная комната в Омега плаза (Автозаводская)";Учебный зал, переговорная;+7 (495) 988-07-32;N/A;https://www.loft2rent.ru/loft/46436/46764/
"Сеть офисных центров ""Деловой""Переговорная комната на Курской (БЦ ""Арма"")";Учебный зал, переговорная;+7 (495) 988-07-36;N/A;https://www.loft2rent.ru/loft/46436/46750/
"Сеть офисных центров ""Деловой""Переговорная комната на Курской (БЦ ""Арма"")";Учебный зал, переговорная;+7 (495) 988-07-36;N/A;https://www.loft2rent.ru/loft/46436/46753/
"Сеть офисных центров ""Деловой""Переговорная комната на Курской (БЦ ""Арма"")";Учебный зал, переговорная;+7 (495) 988-07-36;N/A;https://www.loft2rent.ru/loft/46436/46756/
"Сеть офисных центров ""Деловой""Помещение для тренингов, мастер-классов и презентаций.";Конференц-зал, учебный зал, переговорная;+7 495 988-07-31;N/A;https://www.loft2rent.ru/loft/46436/46438/
"Сеть офисных центров ""Деловой""Помещение для тренингов, мастер-классов и презентаций.";Переговорная;+7 495 988-07-31;N/A;https://www.loft2rent.ru/loft/46436/46547/
Сеул;Лофт;+7 812 606 70 20;https://www.loft2rent.ru/loft/169051/;https://www.loft2rent.ru/loft/169051/169472/
Сибирячка и снегирьEvent-space «Mrs. Shrimps»;Лофт, ресторан, бар;+7 (499) 350-05-10;N/A;https://www.loft2rent.ru/loft/168549/168551/
Символ;Лофт;+79776811850;N/A;https://www.loft2rent.ru/loft/174146/174164/
СИНОБИ лофт;Банкетный зал, лофт, зал, концертный зал;+7 (903) 589-53-00;N/A;https://www.loft2rent.ru/loft/186117/186129/
Синяя Цапля;Концертный зал;89831288783;N/A;https://www.loft2rent.ru/loft/114491/114494/
Сицилия;Лофт, фотостудия, антикафе;+7(812) 443-57-02;https://www.loft2rent.ru/loft/83744/;https://www.loft2rent.ru/loft/83744/138516/
Сказка;Зал;+7 (495) 478-06-38;https://www.loft2rent.ru/loft/109926/;https://www.loft2rent.ru/loft/109926/134717/
Сказка;Лофт;+7 812 606 70 20;https://www.loft2rent.ru/loft/169051/;https://www.loft2rent.ru/loft/169051/169208/
Сказка;Лофт, фотостудия, веранда;8(985)455-10-33;https://www.loft2rent.ru/loft/18038/;https://www.loft2rent.ru/loft/18038/54956/
Сказочный лес;Лофт, зал, антикафе;+7 (812) 200-78-18;https://www.loft2rent.ru/loft/75982/;https://www.loft2rent.ru/loft/75982/77368/
Скандинавское;Лофт, веранда;+7 9936053121;https://www.loft2rent.ru/loft/30979/;https://www.loft2rent.ru/loft/30979/64698/
Скиния Спейс;Конференц-зал, учебный зал, концертный зал;+7 (916) 515-11-10;N/A;https://www.loft2rent.ru/loft/201426/201447/
Склад №3;Бар, зал, концертный зал;89100879032;N/A;https://www.loft2rent.ru/loft/165296/165298/
СобытИКо;Лофт;89253413314;N/A;https://www.loft2rent.ru/loft/183995/183997/
События в СитиОко 22;Аппартаменты;;N/A;https://www.loft2rent.ru/loft/167442/169613/
События в СитиОКО 56;Аппартаменты;;N/A;https://www.loft2rent.ru/loft/167442/167861/
Современный Loft Москва-сити;Апартаменты;+79111023333;https://www.loft2rent.ru/loft/107530/;https://www.loft2rent.ru/loft/107530/156392/
СОГЛАСИЕ HALL;Ресторан, зал, конференц-зал, веранда;8 (495) 150-45-91;N/A;https://www.loft2rent.ru/loft/74542/74547/
Сол х Магнето;Лофт, ресторан, бар, клуб;+79264277701;N/A;https://www.loft2rent.ru/loft/20616/26722/
Солнце Севера;Лофт, веранда;89119805145;N/A;https://www.loft2rent.ru/loft/181998/182000/
СОЛТ (SOLT);Фотостудия;+7 (925) 858-24-94;https://www.loft2rent.ru/loft/138720/;https://www.loft2rent.ru/loft/138720/204691/
Соул лофт - уютный домик со своим двором в парке Малютин сад - метро Бауманская;уютный домик со своим двором в парке Малютин сад - метро Бауманская - Лофт, на открытом воздухе, веранда;+7 (931) 111-81-02;https://www.loft2rent.ru/loft/42016/;https://www.loft2rent.ru/loft/42016/44101/
СОЮЗ ХОЛЛ БОЛЬШОЙ ЗАЛ;Банкетный зал, зал, конференц-зал, концертный зал;84950040477;https://www.loft2rent.ru/loft/196155/;https://www.loft2rent.ru/loft/196155/196157/
СОЮЗ ХОЛЛ МАЛЫЙ ЗАЛ;Зал;84950040477;https://www.loft2rent.ru/loft/196155/;https://www.loft2rent.ru/loft/196155/196161/
Спецборт;Зал, теплоход, веранда;+79218888879;https://www.loft2rent.ru/loft/76631/;https://www.loft2rent.ru/loft/76631/139044/
Спорт-холл Лужники;Зал;+7 (495) 909−26−63;https://www.loft2rent.ru/loft/164090/;https://www.loft2rent.ru/loft/164090/166250/
Спортивный зал Эви;Зал, конференц-зал;+79160876137;https://www.loft2rent.ru/loft/155206/;https://www.loft2rent.ru/loft/155206/155208/
Спэйс;Зал;+7 (495) 478-06-38;https://www.loft2rent.ru/loft/109926/;https://www.loft2rent.ru/loft/109926/134483/
Средний зал;Учебный зал;+7 (812) 240-78-80;https://www.loft2rent.ru/loft/142338/;https://www.loft2rent.ru/loft/142338/142362/
Средний Лофт;Лофт;+7(812) 443-57-02;https://www.loft2rent.ru/loft/83744/;https://www.loft2rent.ru/loft/83744/132007/
СССР;Лофт, антикафе;+7 (812) 200-78-18;https://www.loft2rent.ru/loft/75982/;https://www.loft2rent.ru/loft/75982/77245/
ССТ-Центр;Коворкинг, лофт, учебный зал;89990087848;N/A;https://www.loft2rent.ru/loft/168241/175248/
Старт ХабАудитория № 2 на Красном Октябре;Конференц-зал, учебный зал;+7 (499) 455-24-03;N/A;https://www.loft2rent.ru/loft/45041/103969/
Старт ХабАудитория № 5 на Красном Октябре;Лофт, зал, конференц-зал;+7 (499) 455-24-03;N/A;https://www.loft2rent.ru/loft/45041/165387/
"Старт ХабБар ""Депо. Три вокзала""";Ресторан, бар, зал;+7 (499) 455-24-03;N/A;https://www.loft2rent.ru/loft/45041/173082/
"Старт ХабКрыша ""Депо. Три вокзала""";Крыша, веранда;+7 (499) 455-24-03;N/A;https://www.loft2rent.ru/loft/45041/173072/
"Старт ХабЛаунж ""Депо. Три вокзала""";Ресторан, зал, конференц-зал, концертный зал;+7 (499) 455-24-03;N/A;https://www.loft2rent.ru/loft/45041/173076/
Старт ХабПресс-центр на Красном Октябре;Зал, конференц-зал, учебный зал, концертный зал;+7 (499) 455-24-03;N/A;https://www.loft2rent.ru/loft/45041/68303/
Старт ХабСферическая площадка на Красном Октябре;Лофт, зал, конференц-зал, учебный зал;+7 (499) 455-24-03;N/A;https://www.loft2rent.ru/loft/45041/45054/
Старт ХабУчебная аудитория №1 на Красном Октябре;Зал, конференц-зал, учебный зал, переговорная;+7 (499) 455-24-03;N/A;https://www.loft2rent.ru/loft/45041/45052/
Старт ХабУчебная аудитория №3 на Красном Октябре;Конференц-зал, учебный зал, переговорная;+7 (499) 455-24-03;N/A;https://www.loft2rent.ru/loft/45041/68295/
Старт ХабУчебная аудитория №4 на Красном Октябре;Зал, конференц-зал, учебный зал;+7 (499) 455-24-03;N/A;https://www.loft2rent.ru/loft/45041/68299/
Статусный лофт МАВИ на Ордынке;Лофт, бар, особняк;+7 999 405 0699;https://www.loft2rent.ru/loft/151019/;https://www.loft2rent.ru/loft/151019/198142/
"Стеклянный лофт ""ВОЗДУХ"" под мероприятия";Банкетный зал, лофт, конференц-зал, веранда;+79585410041;https://www.loft2rent.ru/loft/97591/;https://www.loft2rent.ru/loft/97591/191478/
Стильная игровая комната в центре Мск!;Бар, игровой зал;89099256100;https://www.loft2rent.ru/loft/53089/;https://www.loft2rent.ru/loft/53089/136684/
Стильное пространство Soft loft со сценой и отдельным входом;Банкетный зал, лофт, зал;+7 985 219 8400;https://www.loft2rent.ru/loft/97467/;https://www.loft2rent.ru/loft/97467/135885/
Стильные апартаменты в Москва-Сити с современными удобствами;Апартаменты, лофт, игровой зал;89649056209;N/A;https://www.loft2rent.ru/loft/170302/170320/
Стильный бар Бард Укулеле для вашего мероприятия!;Бар;+79959196886;https://www.loft2rent.ru/loft/140271/;https://www.loft2rent.ru/loft/140271/140274/
Стильный большой зал ДЮНА и Персид с стеклянным баром;Лофт, зал, ночной клуб, клуб;+79777816590;https://www.loft2rent.ru/loft/108186/;https://www.loft2rent.ru/loft/108186/195015/
Стильный зонированый зал ДЖАВАНДИ;Лофт, ресторан, клуб;+79777816590;https://www.loft2rent.ru/loft/108186/;https://www.loft2rent.ru/loft/108186/109606/
"Стильный лофт ""Венеция"" / Эстетика и уют / 3 мин. от метро Семеновская";Лофт;+7 4998881633;https://www.loft2rent.ru/loft/126908/;https://www.loft2rent.ru/loft/126908/184518/
"Стильный лофт ""Гринвуд"" с неоном и караоке / 3 мин. от метро Семеновская";Лофт;+7 4998881633;https://www.loft2rent.ru/loft/126908/;https://www.loft2rent.ru/loft/126908/126963/
Стильный лофт ГЛАМУР;Лофт, зал;+79777816590;https://www.loft2rent.ru/loft/108186/;https://www.loft2rent.ru/loft/108186/109616/
Стильный лофт на Западе Москвы;Лофт, бар, фотостудия;+79653004704;N/A;https://www.loft2rent.ru/loft/48012/48045/
Стильный лофт с панорамным окном и барной стойкой (лофт БРЭДЛИ);Лофт, зал, фотостудия, переговорная;8 (939)888-00-08;https://www.loft2rent.ru/loft/1564/;https://www.loft2rent.ru/loft/1564/1565/
Стильный лофт с потрясающим видом в Москва-Сити;Апартаменты;+79111023333;https://www.loft2rent.ru/loft/107530/;https://www.loft2rent.ru/loft/107530/156348/
Стильный уютный зал для вашего события рядом с метро Дмитровская;Лофт, конференц-зал;+79160876137;https://www.loft2rent.ru/loft/155206/;https://www.loft2rent.ru/loft/155206/155209/
Столица;Конференц-зал, фотостудия, учебный зал, кулинарная студия;+7 (953) 858-15-51;N/A;https://www.loft2rent.ru/loft/176325/176327/
СТОУН (STONE);Фотостудия;+7 (925) 858-24-94;https://www.loft2rent.ru/loft/138720/;https://www.loft2rent.ru/loft/138720/139001/
Стрит-Арт;Лофт;+7 812 606 70 20;https://www.loft2rent.ru/loft/169051/;https://www.loft2rent.ru/loft/169051/169499/
"Студия ""Замес""Замес.Гастро-пространство";Лофт, ресторан, кулинарная студия, кальянная;89165783942;N/A;https://www.loft2rent.ru/loft/176487/176665/
"Студия ""Соло""";Коворкинг, учебный зал, переговорная;+79850527854;N/A;https://www.loft2rent.ru/loft/177447/177486/
"Студия ""Электрод""";Лофт, фотостудия, кулинарная студия;89263586569;N/A;https://www.loft2rent.ru/loft/182967/182979/
Студия 42;Лофт, галерея, конференц-зал;+78122133202;https://twitter.com/sevcableport;https://www.loft2rent.ru/loft/80332/80369/
Студия PROSPECT;Коворкинг, лофт, антикафе;89120829050;https://www.loft2rent.ru/loft/83754/;https://www.loft2rent.ru/loft/83754/95508/
"Студия Б-33 | ""Парижская квартира""";Кабинет, переговорная;+79150624544;https://www.loft2rent.ru/loft/69466/;https://www.loft2rent.ru/loft/69466/130108/
Студия для проведения мастер-классовСтудия для проведения мастер-классов;Зал, детский центр, учебный зал;+79852319920;N/A;https://www.loft2rent.ru/loft/135492/135718/
Студия для танцев и вокалаАренда студии 50м2;Коворкинг, зал, учебный зал;+79150593678;N/A;https://www.loft2rent.ru/loft/175546/175557/
Студия достижений ТУДАЗал для тренингов и семинаров;Конференц-зал;+79663164223;N/A;https://www.loft2rent.ru/loft/192425/192428/
Студия йоги и женских практик Храм Женщин;Лофт, зал;87991186986;N/A;https://www.loft2rent.ru/loft/169857/169861/
Студия Том Сойер;Коворкинг, переговорная;89122932755;N/A;https://www.loft2rent.ru/loft/70039/70047/
СтудияСтудия НАТ;Кабинет, коворкинг;+79817464074;N/A;https://www.loft2rent.ru/loft/197636/197642/
Супер скидки до 15 июня.Камерная площадка. Все под ключ.;Лофт, конференц-зал, учебный зал;+7-985-034-53-30;https://www.loft2rent.ru/loft/128345/;https://www.loft2rent.ru/loft/128345/128372/
Сфера;Зал;+7 (495) 478-06-38;https://www.loft2rent.ru/loft/109926/;https://www.loft2rent.ru/loft/109926/134498/
сфера;Лофт, конференц-зал, концертный зал;+79269540354;N/A;https://www.loft2rent.ru/loft/172102/172109/
СФЕРА;Учебный зал;+79166399660;N/A;https://www.loft2rent.ru/loft/174187/174190/
Счастливые моменты;Лофт;+79505502099;N/A;https://www.loft2rent.ru/loft/123787/123789/
Счастливые моменты Dark;Лофт;+79505502099;https://www.loft2rent.ru/loft/123787/;https://www.loft2rent.ru/loft/123787/135685/
Счастливые моменты Loft;Лофт;+79505502099;https://www.loft2rent.ru/loft/123787/;https://www.loft2rent.ru/loft/123787/154746/
Сёрф лофт;Лофт;+7 (931) 111-81-02;https://www.loft2rent.ru/loft/42016/;https://www.loft2rent.ru/loft/42016/42020/
Таверна «Гарцующий Пони»;Лофт, антикафе;+7 (812) 200-78-18;https://www.loft2rent.ru/loft/75982/;https://www.loft2rent.ru/loft/75982/77405/
Таверна Белого Волка;Лофт, антикафе;+7 (812) 200-78-18;https://www.loft2rent.ru/loft/75982/;https://www.loft2rent.ru/loft/75982/77325/
Таганка лофт с верандой, караоке, Playstation 5 на Таганской;Лофт, зал, антикафе;7 (499) 290-58-96;https://www.loft2rent.ru/loft/66644/;https://www.loft2rent.ru/loft/66644/179798/
Таити;Лофт;+7 812 606 70 20;https://www.loft2rent.ru/loft/169051/;https://www.loft2rent.ru/loft/169051/169624/
Тайная комната в Столешниковом переулке;Лофт, зал;+74998773459;https://www.loft2rent.ru/loft/aviator/;https://www.loft2rent.ru/loft/1032/106542/
Танец ШивыЗал для телесных практик, йоги;Зал, спорт-зал;+79015428118;N/A;https://www.loft2rent.ru/loft/129205/129391/
"Танцевальный зал ""Англия""";Зал;+7 (926) 272-72-20;https://www.loft2rent.ru/loft/55683/;https://www.loft2rent.ru/loft/55683/55700/
"Танцевальный зал ""Греция""";Зал;+7 (926) 272-72-20;https://www.loft2rent.ru/loft/55683/;https://www.loft2rent.ru/loft/55683/55698/
"Танцевальный зал ""Испания""";Зал;+7 (926) 272-72-20;https://www.loft2rent.ru/loft/55683/;https://www.loft2rent.ru/loft/55683/55695/
"Танцевальный зал ""Калифорния""";Лофт, зал;+7 (926) 272-72-20;https://www.loft2rent.ru/loft/55683/;https://www.loft2rent.ru/loft/55683/55685/
Твой STARTЗал SPACE;Зал;;N/A;https://www.loft2rent.ru/loft/165330/165843/
Твой STARTЗал TWINE;Кабинет, коворкинг, спорт-зал;;N/A;https://www.loft2rent.ru/loft/165330/165845/
Твой STARTЗал UNITY;Зал, спорт-зал;;N/A;https://www.loft2rent.ru/loft/165330/165846/
Творческая мастерская/лекторий/лофт;Учебный зал;+79774621901;N/A;https://www.loft2rent.ru/loft/117140/117157/
творческий центр Букацудо;Лофт, зал, спорт-зал, учебный зал;+79006336371;N/A;https://www.loft2rent.ru/loft/144394/144396/
"Творческое пространство ""Берёза""";Лофт;+79017042727;N/A;https://www.loft2rent.ru/loft/203648/203692/
Твоя вина - лофт в старинном особняке в современном дизайне;лофт в старинном особняке в современном дизайне  - Лофт;+7 (495)0080403;https://www.loft2rent.ru/loft/30985/;https://www.loft2rent.ru/loft/30985/191458/
Театр;Лофт, зал, антикафе, кальянная;+7 (812) 200-78-18;https://www.loft2rent.ru/loft/75982/;https://www.loft2rent.ru/loft/75982/77094/
Театр 21;Лофт, конференц-зал, фотостудия, концертный зал;+79175992121;N/A;https://www.loft2rent.ru/loft/160040/160042/
Театр don't playЗал для конференций;Конференц-зал, концертный зал;+79917245348;N/A;https://www.loft2rent.ru/loft/163426/163428/
Театр «Легенда»концертный зал;Лофт, бар, зал;+79112390417;N/A;https://www.loft2rent.ru/loft/78035/78734/
Театр «Легенда»концертный зал;Лофт, бар, зал;+79112390417;N/A;https://www.loft2rent.ru/loft/78035/78747/
Театральная компания ТрикстерTrickster Loft;Лофт;+7 926 549-77-29;N/A;https://www.loft2rent.ru/loft/197198/197206/
Театральная мастерская [CAMERA];Лофт, зал, крыша, учебный зал;89169193602;N/A;https://www.loft2rent.ru/loft/167963/192026/
Театральный центр Комната 528 / Театральный центр Комната 528Зал со сценой для мастер-классов, семинаров, тренингов, конференций и выступлений в центре Москвы;Лофт, конференц-зал, учебный зал, концертный зал;+79161947274;N/A;https://www.loft2rent.ru/loft/174792/174804/
Телеграф;Коворкинг, зал, конференц-зал, переговорная;+79770897608;https://www.loft2rent.ru/loft/208767/;https://www.loft2rent.ru/loft/208767/208769/
ТЕПЛО;Лофт, зал, игровой зал;89602358586;N/A;https://www.loft2rent.ru/loft/153056/153058/
"Терра. Лофт для тренингов и мероприятийЗал ""АРИЗОНА""";Коворкинг, лофт;+79132070014;N/A;https://www.loft2rent.ru/loft/108340/108386/
"Терра. Лофт для тренингов и мероприятийЗал ""НЕВАДА""";Зал, учебный зал;+79132070014;N/A;https://www.loft2rent.ru/loft/108340/108364/
"Терра. Лофт для тренингов и мероприятийЗал ""ОГАЙО""";Лофт, переговорная;+79132070014;N/A;https://www.loft2rent.ru/loft/108340/108424/
Терраса Cépage;Ресторан, бар, веранда, кальянная;+79999917444;https://www.loft2rent.ru/loft/199380/;https://www.loft2rent.ru/loft/112609/112684/
Территория Вквадрате;Лофт, конференц-зал, учебный зал, концертный зал;89963046961;N/A;https://www.loft2rent.ru/loft/200197/202099/
Тесла;Лофт, конференц-зал, фотостудия;8-968-973-90-30;https://www.loft2rent.ru/loft/2518/;https://www.loft2rent.ru/loft/2518/27324/
ТЕСЛА;Зал;+74952924217;https://www.loft2rent.ru/loft/53255/;https://www.loft2rent.ru/loft/53255/71113/
Титан;Лофт, фотостудия;8-968-973-90-30;https://www.loft2rent.ru/loft/2518/;https://www.loft2rent.ru/loft/2518/1711/
Тиффани;Лофт;+7 812 606 70 20;https://www.loft2rent.ru/loft/169051/;https://www.loft2rent.ru/loft/169051/169212/
Тиффани - изысканный лофт с мебелью, светомузыкой, караоке и диско-шаром!;изысканный лофт с мебелью, светомузыкой, караоке и диско-шаром! - Лофт, зал, антикафе;+7 495 191 41 57;https://www.loft2rent.ru/loft/142644/;https://www.loft2rent.ru/loft/142644/142918/
Токио;Игровой зал, антикафе;+7(812) 443-57-02;https://www.loft2rent.ru/loft/83744/;https://www.loft2rent.ru/loft/83744/84976/
Токио - лофт в японском стиле с модным дизайном, современным световым и звуковым оборудованием!;лофт в японском стиле с модным дизайном, современным световым и звуковым оборудованием! - Лофт, зал, антикафе;+7 495 191 41 57;https://www.loft2rent.ru/loft/142644/;https://www.loft2rent.ru/loft/142644/142910/
ТОМ1;Лофт, кальянная;89677786877;N/A;https://www.loft2rent.ru/loft/125883/125885/
тренинг центр;Зал;+74957456789;N/A;https://www.loft2rent.ru/loft/182399/184157/
Тренинг-центр на Пресне, малый зал 35 м2;Кабинет, коворкинг, переговорная;+7 (495) 130-11-27;https://www.loft2rent.ru/loft/207105/;https://www.loft2rent.ru/loft/207105/207716/
Тринити;Лофт, фотостудия;+79935905884;https://www.loft2rent.ru/loft/92780/;https://www.loft2rent.ru/loft/92780/124415/
Трудмос;Банкетный зал;89150401164;N/A;https://www.loft2rent.ru/loft/198917/198919/
Тёплая купольная беседка с панорамной верандой;Крыша, шатер, веранда;+7(930)036-82-07;https://www.loft2rent.ru/loft/43392/;https://www.loft2rent.ru/loft/43392/140142/
уГОСТимЗИЛзал;Банкетный зал, спорт-зал, конференц-зал, учебный зал;+79161804698;N/A;https://www.loft2rent.ru/loft/178764/202368/
Удобные помещения для тренингов и мастер-классовПомещение для тренингов и детских мероприятий 30 м2 в 7 минутах от метро Щукинскаяо;Учебный зал;89859313464;N/A;https://www.loft2rent.ru/loft/132768/132776/
Удобные помещения для тренингов и мастер-классовУдобный учебный класс для тренингов 22 м2 в 6 минутах от метро Щукинская;Учебный зал;89859313464;N/A;https://www.loft2rent.ru/loft/132768/132773/
Уединенный VIP-зал караоке №3;Зал, ночной клуб;+74991163697;https://www.loft2rent.ru/loft/103317/;https://www.loft2rent.ru/loft/103317/209137/
УКТ (Участок Кабельной Тары);Лофт, зал, галерея;+78122133202;https://twitter.com/sevcableport;https://www.loft2rent.ru/loft/80332/80365/
"Уличная площадка ""Кристалл Плейс"" Лужники";Шатер, на открытом воздухе;+7 (495) 909−26−63;https://www.loft2rent.ru/loft/164090/;https://www.loft2rent.ru/loft/164090/180448/
"Уличная площадка ""ПОДМОСТОМ"" Лужники";Спорт-зал, на открытом воздухе;+7 (495) 909−26−63;https://www.loft2rent.ru/loft/164090/;https://www.loft2rent.ru/loft/164090/180445/
Универсальный зал;Зал, спорт-зал;+79637687698;https://www.loft2rent.ru/loft/65867/;https://www.loft2rent.ru/loft/65867/78072/
Универсальный спортивный зал Дружба в Лужниках;Спорт-зал, концертный зал;+7 (495) 909−26−63;https://www.loft2rent.ru/loft/164090/;https://www.loft2rent.ru/loft/164090/166350/
Уникальный Loft Москва-сити;Апартаменты;+79111023333;https://www.loft2rent.ru/loft/107530/;https://www.loft2rent.ru/loft/107530/156376/
Унца УнцаУнца Унца Курская;Кабинет, зал, спорт-зал, фотостудия;+79852695016;N/A;https://www.loft2rent.ru/loft/40373/147337/
Унца УнцаУнца Унца Пушкинская;Зал, спорт-зал, фотостудия;+79852695016;N/A;https://www.loft2rent.ru/loft/40373/47173/
Урбан на Флаконе;Ночной клуб, концертный зал, клуб;+79263427655;N/A;https://www.loft2rent.ru/loft/74404/74406/
Усадьба 19 века Шувалова;Особняк, концертный зал;89250639949;N/A;https://www.loft2rent.ru/loft/84230/84261/
Усадьба 19 века ШуваловаТеатральный зал;;89250639949;N/A;https://www.loft2rent.ru/loft/84230/174886/
Усадьба Васильчиковых на Б.НикитскойКолонный зал;Банкетный зал, конференц-зал;+79037232220;N/A;https://www.loft2rent.ru/loft/29542/29545/
Усадьба Остафьево;Особняк, веранда;+74950210004;https://www.loft2rent.ru/loft/97591/;https://www.loft2rent.ru/loft/97591/131943/
Усадьба Остров для свадьбы;Веранда;+79585410041;https://www.loft2rent.ru/loft/97591/;https://www.loft2rent.ru/loft/97591/131946/
Усадьба ШервудовУсадьба Шервудов - исторический особняк со своей территорией и современным пространством;Конференц-зал, учебный зал, особняк, кулинарная студия;89631061670;N/A;https://www.loft2rent.ru/loft/142268/142270/
УсачеваПлощадка для мероприятий;Лофт, зал, галерея;89138515023;N/A;https://www.loft2rent.ru/loft/171238/171240/
УтренникВалетта;Отель, ресторан, бар;+79165827700;N/A;https://www.loft2rent.ru/loft/177770/177776/
Уютная Летняя терраса;На открытом воздухе, веранда, кальянная;+79032143720;https://www.loft2rent.ru/loft/208153/;https://www.loft2rent.ru/loft/208153/208465/
Уютная переговорная № 11 с круглым столом;Коворкинг, учебный зал, переговорная;89647264515;https://www.loft2rent.ru/loft/118815/;https://www.loft2rent.ru/loft/118815/119038/
Уютный Loft Москва-сити;Апартаменты;+79111023333;https://www.loft2rent.ru/loft/107530/;https://www.loft2rent.ru/loft/107530/156262/
Уютный бар Лето;Банкетный зал, лофт, веранда;+79164400130;https://www.loft2rent.ru/loft/177908/;https://www.loft2rent.ru/loft/177908/195982/
Уютный бар лофт рядом с Кремлем;Банкетный зал, лофт, ресторан, бар;8 915 268 38 31;N/A;https://www.loft2rent.ru/loft/11791/26548/
УЮТНЫЙ ВИП-ЛОФТ С НЕОНОВЫМ СВЕТОМ И МЯГКОЙ МЕБЕЛЬЮ;Лофт, антикафе, кальянная;89120829050;https://www.loft2rent.ru/loft/83754/;https://www.loft2rent.ru/loft/83754/83758/
УЮТНЫЙ ДВУХЭТАЖНЫЙ ЛОФТ С КАРАОКЕ И МЯГКОЙ МЕБЕЛЬЮ;Лофт, антикафе, кальянная;89120829050;https://www.loft2rent.ru/loft/83754/;https://www.loft2rent.ru/loft/83754/118219/
"Уютный и просторный лофт ""Кинозвезда"" / 3 мин. от метро Семеновская";Лофт;+7 4998881633;https://www.loft2rent.ru/loft/126908/;https://www.loft2rent.ru/loft/126908/126912/
Уютный лофт в Москва-Сити;Апартаменты, лофт;+79111023333;https://www.loft2rent.ru/loft/107530/;https://www.loft2rent.ru/loft/107530/156354/
Уютный лофт КомоД с верандой, мангалом и сценой;Лофт, концертный зал, веранда;+79672393603;https://www.loft2rent.ru/loft/1665/;https://www.loft2rent.ru/loft/1665/25693/
УЮТНЫЙ ЛОФТ ПЕРСИД;Лофт, зал, игровой зал, клуб;+79777816590;https://www.loft2rent.ru/loft/108186/;https://www.loft2rent.ru/loft/108186/116722/
уютный лофт с верандой в парке ВДНХ;Веранда;88005001523;https://www.loft2rent.ru/loft/47660/;https://www.loft2rent.ru/loft/47660/88318/
Уютный лофт с яркими акцентами LuckyDucky;Лофт, на открытом воздухе, веранда;+7 (495) 432-01-36;https://www.loft2rent.ru/loft/22257/;https://www.loft2rent.ru/loft/22257/42095/
Уютный премиальный ресторан с панорамным видом на озеро и Останкинскую башню;Ресторан, бар, зал;+79164400130;https://www.loft2rent.ru/loft/101001/;https://www.loft2rent.ru/loft/101001/169187/
Уютный ресторан на ВДНХ;Ресторан;+79164400130;https://www.loft2rent.ru/loft/101001/;https://www.loft2rent.ru/loft/101001/169172/
Уютный ретро лофт у метро с мощным звуком и караоке;Лофт;+79955046069;https://www.loft2rent.ru/loft/207724/;https://www.loft2rent.ru/loft/207724/207727/
фазенда;Лофт;+79854311004;https://www.loft2rent.ru/loft/27053/;https://www.loft2rent.ru/loft/27053/126040/
Фактура;Лофт, бар, фотостудия;+7 (495) 127-13-39;N/A;https://www.loft2rent.ru/loft/126016/126018/
Фактурный лофт с барной стойкой и кухней (лофт ДУГЛАС);Лофт, зал, фотостудия, кулинарная студия;8 (939)888-00-08;https://www.loft2rent.ru/loft/1564/;https://www.loft2rent.ru/loft/1564/1566/
Фламинго АртБелый кабинет;Лофт;+79990399477;N/A;https://www.loft2rent.ru/loft/99143/99963/
Фламинго АртКабинет с Драконом;Кабинет;+79990399477;N/A;https://www.loft2rent.ru/loft/99143/99967/
"Фонд ММККонференц-пространство ""МЕДИКОР"" в Сколково";Концертный зал;+79266981015;N/A;https://www.loft2rent.ru/loft/199429/199500/
"Фотостудия ""Кухня""Студия ""Кухня""";Фотостудия;+79167033377;N/A;https://www.loft2rent.ru/loft/74035/78056/
Фотостудия RS StudioКомфортный конференц зал;;+79122942009;N/A;https://www.loft2rent.ru/loft/134321/134325/
Фотостудия RS StudioПлощадка под мероприятия фотостудия Rosso;;+79122942009;N/A;https://www.loft2rent.ru/loft/134321/134324/
Фотостудия StatusФото и Видео;Фотостудия;+79816817834;N/A;https://www.loft2rent.ru/loft/176316/176318/
Фотостудия Высокие минимумы High MinimalsБольшой, светлый зал на Васильевском острове;Лофт, фотостудия;;N/A;https://www.loft2rent.ru/loft/164926/164940/
Фотостудия Высокие минимумы High MinimalsСтильный, минималистичный зал на Васильевском острове;Лофт, фотостудия;;N/A;https://www.loft2rent.ru/loft/164926/164945/
фотостудия Пространство зал Филикуди;Лофт, фотостудия;+74992887790;https://www.loft2rent.ru/loft/31821/;https://www.loft2rent.ru/loft/31821/31839/
Фрактал Бенуа: уютный лофт для мероприятий с караоке и PlayStation;Лофт, конференц-зал, антикафе, кальянная;+79779620844;N/A;https://www.loft2rent.ru/loft/15086/26624/
Фьюжн;Зал;+7 (495) 478-06-38;https://www.loft2rent.ru/loft/109926/;https://www.loft2rent.ru/loft/109926/134502/
ХА-ХА ШОУ Loft;Лофт;+79602835563;https://www.loft2rent.ru/loft/103242/;https://www.loft2rent.ru/loft/103242/103470/
ХА-ХА ШОУ Москва;Коворкинг, лофт;+79602835563;https://www.loft2rent.ru/loft/103242/;https://www.loft2rent.ru/loft/103242/103304/
Харизма Лофт;Лофт, конференц-зал, учебный зал;+7 966 506-16-15;N/A;https://www.loft2rent.ru/loft/165127/165129/
Хвоя Lounge;Лофт, бар, кальянная;+7 (919) 7629748;N/A;https://www.loft2rent.ru/loft/103884/104698/
Хобби клуб Берлога;Лофт, бар, игровой зал;+79067563194;N/A;https://www.loft2rent.ru/loft/134500/134522/
Холидей- бордовый лофт с диско-шаром,фотозоной и караоке!;Банкетный зал, лофт, зал, антикафе;+74991113716;https://www.loft2rent.ru/loft/131919/;https://www.loft2rent.ru/loft/131919/131923/
Холодное Сердце;Лофт;+7 812 606 70 20;https://www.loft2rent.ru/loft/169051/;https://www.loft2rent.ru/loft/169051/169679/
Хорошее место;Ресторан, бар, клуб, кальянная;+74942057161;N/A;https://www.loft2rent.ru/loft/165396/165862/
Хорошее место на Трифоновской«Хорошее место» на Трифоновской;Бар, кальянная;89256665151;N/A;https://www.loft2rent.ru/loft/40232/40236/
Хромакей циклорама на Варшавском шоссеЦиклорама на Вашавском шоссе;Фотостудия;89636243226;N/A;https://www.loft2rent.ru/loft/184864/184904/
ХромХРОМ;Лофт;+79150052662;N/A;https://www.loft2rent.ru/loft/159256/159958/
Хронос«Баланс»;Учебный зал;+7 (926) 084-11-51;N/A;https://www.loft2rent.ru/loft/28230/84889/
ХроносВосход;Переговорная;+7(495)104-31-51;N/A;https://www.loft2rent.ru/loft/28230/28578/
ХроносГармония;Зал, конференц-зал, переговорная;+7(495)104-31-51;N/A;https://www.loft2rent.ru/loft/28230/28240/
ХроносИнтеграция;Конференц-зал, переговорная;+7(495)104-31-51;N/A;https://www.loft2rent.ru/loft/28230/28575/
ХроносЛотос;Детский центр, переговорная;+7(495)104-31-51;N/A;https://www.loft2rent.ru/loft/28230/28579/
ХроносЛунный;Переговорная;+7(495)104-31-51;N/A;https://www.loft2rent.ru/loft/28230/28580/
ХроносРАВНОВЕСИЕ;Учебный зал;+7 (926) 084-11-51;N/A;https://www.loft2rent.ru/loft/28230/84885/
ХроносСинтез;Зал, конференц-зал, переговорная;+7(495)104-31-51;N/A;https://www.loft2rent.ru/loft/28230/28574/
ХроносСозвездие;Переговорная;+7(495)104-31-51;N/A;https://www.loft2rent.ru/loft/28230/28581/
ХроносСозидание;Переговорная;+7(495)104-31-51;N/A;https://www.loft2rent.ru/loft/28230/28582/
ХроносСолнечный;Переговорная;+7(495)104-31-51;N/A;https://www.loft2rent.ru/loft/28230/28584/
ХроносСпектр;Переговорная;+7(495)104-31-51;N/A;https://www.loft2rent.ru/loft/28230/28585/
Хэппи - светлый лофт с уютной фотозоной, мягкими креслами, стильным неоном и караоке!;светлый лофт с уютной фотозоной, мягкими креслами, стильным неоном и караоке! - Лофт, антикафе;+7 495 191 41 57;https://www.loft2rent.ru/loft/142644/;https://www.loft2rent.ru/loft/142644/142875/
ЦАО Лофт;Лофт, бар, веранда;89259575977;N/A;https://www.loft2rent.ru/loft/51002/51007/
ЦАО ЛофтЦАО ЛОФТ 2;Лофт, бар, зал;89259575977;N/A;https://www.loft2rent.ru/loft/51002/51013/
Центр архитектуры и дизайна ARTPLAYБалкон ARTPLAY;Крыша, спорт-зал, концертный зал;+7 903 166 8833;N/A;https://www.loft2rent.ru/loft/164386/164626/
"Центр архитектуры и дизайна ARTPLAYЛекторий ""Галерея""";Галерея, конференц-зал, фотостудия;+7 903 166 8833;N/A;https://www.loft2rent.ru/loft/164386/164601/
Центр архитектуры и дизайна ARTPLAYМалый выставочный зал;Зал, галерея, конференц-зал, концертный зал;+7 903 166 8833;N/A;https://www.loft2rent.ru/loft/164386/164401/
Центр истории современной музыки;Лофт, зал, учебный зал;+79151245829;https://www.loft2rent.ru/loft/40995/;https://www.loft2rent.ru/loft/40995/41275/
Центр МАРС;Галерея, крыша, конференц-зал, концертный зал;+7 (495) 623-66-90;N/A;https://www.loft2rent.ru/loft/5178/26835/
"Центр психологии ""Форсайт""Зал ""Штиль""";Учебный зал;+79533712003;N/A;https://www.loft2rent.ru/loft/129892/129912/
"Центр психологии ""Форсайт""Зал ""Шторм""";Учебный зал;+79533712003;N/A;https://www.loft2rent.ru/loft/129892/129909/
Центр РипаВангтанг;Зал, спорт-зал, конференц-зал, учебный зал;+7( 991) 935-99-93;N/A;https://www.loft2rent.ru/loft/184918/184932/
Центр РипаВерма;Кабинет, спорт-зал, учебный зал, переговорная;+7( 991) 935-99-93;N/A;https://www.loft2rent.ru/loft/184918/185133/
Центр РипаЛунгта;Зал, спорт-зал, конференц-зал, учебный зал;+7( 991) 935-99-93;N/A;https://www.loft2rent.ru/loft/184918/184923/
Центр РипаПаво;Зал, спорт-зал, конференц-зал, учебный зал;+7( 991) 935-99-93;N/A;https://www.loft2rent.ru/loft/184918/184944/
Центр РипаСиджи;Зал, спорт-зал, конференц-зал, учебный зал;+7( 991) 935-99-93;N/A;https://www.loft2rent.ru/loft/184918/185037/
Центр цифрового искусства Внутри;Галерея, конференц-зал, фотостудия, концертный зал;+7 916 583 7656;N/A;https://www.loft2rent.ru/loft/177814/177817/
Центр ШамбалаБалетный зал;Учебный зал;+79166703353;N/A;https://www.loft2rent.ru/loft/58461/114147/
Центр ШамбалаШамбала;Конференц-зал, концертный зал;+79166703353;N/A;https://www.loft2rent.ru/loft/58461/58490/
ЦЕХ (1 ЭТАЖ);Лофт, зал, конференц-зал, концертный зал;+78122133202;https://twitter.com/sevcableport;https://www.loft2rent.ru/loft/80332/80379/
ЦЕХ (2 ЭТАЖ);Зал, галерея, концертный зал;+78122133202;https://twitter.com/sevcableport;https://www.loft2rent.ru/loft/80332/80384/
ЦЕХ 42Малый зал;Антикафе;+7 (993) 281-43-76;N/A;https://www.loft2rent.ru/loft/162410/200975/
Циферблат на Кузнецком МостуБИБЛИОТЕКА (ЦИФЕРБЛАТ НА КУЗНЕЦКОМ МОСТУ);Антикафе;+79629646786;N/A;https://www.loft2rent.ru/loft/45838/45845/
Циферблат на Кузнецком МостуБОЛЬШАЯ ГОСТИНАЯ (ЦИФЕРБЛАТ НА КУЗНЕЦКОМ МОСТУ);Зал;+79629646786;N/A;https://www.loft2rent.ru/loft/45838/45859/
Циферблат на Кузнецком МостуМАЛАЯ ГОСТИНАЯ (ЦИФЕРБЛАТ НА КУЗНЕЦКОМ МОСТУ);Антикафе;+79629646786;N/A;https://www.loft2rent.ru/loft/45838/45840/
Циферблат на Кузнецком МостуЦиферблат на Кузнецком Мосту (Полностью);Антикафе;+79629646786;N/A;https://www.loft2rent.ru/loft/45838/45863/
Цунами;Лофт, антикафе;+7 (495) 478-06-38;https://www.loft2rent.ru/loft/109926/;https://www.loft2rent.ru/loft/109926/171895/
ЧАЙКА;Ресторан, теплоход;+7 (495) 765-11-01;https://www.loft2rent.ru/loft/90945/;https://www.loft2rent.ru/loft/90945/91185/
Чайнатаун;Банкетный зал, лофт;+7(812) 443-57-02;https://www.loft2rent.ru/loft/83744/;https://www.loft2rent.ru/loft/83744/84717/
ЧАСТЬ ТВОЕЙ ДУШИ (ex ВЛАСОВ ХОЛЛ);Лофт, зал, конференц-зал, веранда;+7 (495) 798-51-81;https://www.loft2rent.ru/loft/28030/;https://www.loft2rent.ru/loft/28030/83901/
Человек И ЕдаКухня-студия Человек и Еда;Кулинарная студия;+79771245188;N/A;https://www.loft2rent.ru/loft/38655/38712/
Черника лофт;Лофт, зал, игровой зал;+79537802832;N/A;https://www.loft2rent.ru/loft/151581/151585/
Четыре зала Фотостудии BASE с отдельным входом в БЦ на Преображенке;Зал, фотостудия;+79254214746;https://www.loft2rent.ru/loft/53804/;https://www.loft2rent.ru/loft/53804/205949/
ЧеховЪ Лофт;;89957807068;N/A;https://www.loft2rent.ru/loft/126157/126539/
Чечевица Лофт;Лофт;89052556556;N/A;https://www.loft2rent.ru/loft/83446/83448/
Чикаго;Лофт;+7 812 606 70 20;https://www.loft2rent.ru/loft/169051/;https://www.loft2rent.ru/loft/169051/169146/
Чудеса;Лофт, зал, особняк;+79296769998;https://www.loft2rent.ru/loft/40150/;https://www.loft2rent.ru/loft/40150/40153/
Шале;Лофт;+7 812 606 70 20;https://www.loft2rent.ru/loft/169051/;https://www.loft2rent.ru/loft/169051/169225/
Шале;Лофт;+74993703816;https://www.loft2rent.ru/loft/29857/;https://www.loft2rent.ru/loft/29857/122444/
Шали лофт;Лофт, зал, детский центр;+79166177525;N/A;https://www.loft2rent.ru/loft/93962/93971/
Шатер у воды для праздников и мероприятий;Шатер;89255165332;https://www.loft2rent.ru/loft/172081/;https://www.loft2rent.ru/loft/172081/184862/
Шатер Хвойный;Шатер;89309441660;N/A;https://www.loft2rent.ru/loft/140702/150486/
ШЕЛЛ (SHELL);Фотостудия;+7 (925) 858-24-94;https://www.loft2rent.ru/loft/138720/;https://www.loft2rent.ru/loft/138720/140776/
Шервуд Лофт;Лофт;+7-958-805-39-05;N/A;https://www.loft2rent.ru/loft/104632/104634/
Шикарный Баум Холл в греческом стиле;Лофт, зал;+7 951 085 8112;https://www.loft2rent.ru/loft/151019/;https://www.loft2rent.ru/loft/151019/151929/
Шикарный люкс лофт Москва-Сити;Апартаменты, фотостудия;+79111023333;https://www.loft2rent.ru/loft/107530/;https://www.loft2rent.ru/loft/107530/156327/
Шиле - Просторный светлый лофт с настроением лета и большим арочным окном;Просторный светлый лофт с настроением лета и большим арочным окном - Лофт, зал, конференц-зал;+7 (495) 032-73-90;https://www.loft2rent.ru/loft/5581/;https://www.loft2rent.ru/loft/5581/117377/
Школа музыки Марс;Лофт, зал, концертный зал;+7 (499) 709-84-59;N/A;https://www.loft2rent.ru/loft/201848/201862/
Школа музыки Марс;Зал, конференц-зал, концертный зал;+7 (499) 709-84-59;N/A;https://www.loft2rent.ru/loft/201848/201920/
Шоурум;Зал, фотостудия;+79150127722;https://www.loft2rent.ru/loft/116807/;https://www.loft2rent.ru/loft/116807/122980/
ШП Образовательное Пространство;Лофт;+7 (991) 640-35-77;N/A;https://www.loft2rent.ru/loft/179435/179440/
ШтудияШтудия. Проспект мира;Лофт;+74957612323;N/A;https://www.loft2rent.ru/loft/110445/110449/
Эдисон;Лофт, конференц-зал, фотостудия;8-968-973-90-30;https://www.loft2rent.ru/loft/2518/;https://www.loft2rent.ru/loft/2518/37210/
ЭДИСОН;Банкетный зал, зал, веранда;+74952924217;https://www.loft2rent.ru/loft/53255/;https://www.loft2rent.ru/loft/53255/53498/
"Эко-парк ""Земляничный""Event-hall (Эко-парк ""Земляничный"")";Аппартаменты, отель, конференц-зал, на открытом воздухе;+79506067877;N/A;https://www.loft2rent.ru/loft/145745/145749/
Эксклюзивный Loft Москва-сити;Апартаменты;+79111023333;https://www.loft2rent.ru/loft/107530/;https://www.loft2rent.ru/loft/107530/156403/
Экспо - для вашего мероприятия;для вашего мероприятия  - Кабинет, переговорная;74951207719;https://www.loft2rent.ru/loft/187684/;https://www.loft2rent.ru/loft/187684/203728/
Элегантный зал ГОТЭМ;Банкетный зал, лофт, зал;+79777816590;https://www.loft2rent.ru/loft/108186/;https://www.loft2rent.ru/loft/108186/197560/
Элефантия;Коворкинг, лофт, детский центр;8 343 238-15-50;N/A;https://www.loft2rent.ru/loft/176750/176752/
Эль Плейс;Зал;89600300400;N/A;https://www.loft2rent.ru/loft/73458/73460/
Энгейдж ВДНХ;Лофт, зал, игровой зал, веранда;88005001523;https://www.loft2rent.ru/loft/47660/;https://www.loft2rent.ru/loft/47660/59519/
Энджой комьюнитиЗал 1;Лофт, бар, кальянная;+7 (499) 495-17-81;N/A;https://www.loft2rent.ru/loft/99646/99655/
Энджой комьюнитиЗал 2;Лофт, зал, кальянная;+7 (499) 495-17-81;N/A;https://www.loft2rent.ru/loft/99646/99659/
Энджой комьюнитиЗал 3;Лофт, антикафе, кальянная;+7 (499) 495-17-81;N/A;https://www.loft2rent.ru/loft/99646/99664/
Энджой комьюнитиЗал 4;Лофт, антикафе;+7 (499) 495-17-81;N/A;https://www.loft2rent.ru/loft/99646/99677/
Энджой комьюнитиЗал 5;Лофт, кальянная;+7 (499) 495-17-81;N/A;https://www.loft2rent.ru/loft/99646/99681/
Энджой комьюнитиЗал №6;Лофт, бар, антикафе;+7 (499) 495-17-81;N/A;https://www.loft2rent.ru/loft/99646/114166/
Эпатажный лофт в Москва сити;Апартаменты;;https://www.loft2rent.ru/loft/107530/;https://www.loft2rent.ru/loft/107530/156421/
Эрмитаж на Трубной;Банкетный зал, лофт, ресторан, зал;+7 (9833040878;https://www.loft2rent.ru/loft/67493/;https://www.loft2rent.ru/loft/67493/69571/
Эффектный Loft Москва-сити;Апартаменты;+79111023333;https://www.loft2rent.ru/loft/107530/;https://www.loft2rent.ru/loft/107530/156387/
Юность;Лофт, веранда;8(985)455-10-33;https://www.loft2rent.ru/loft/18038/;https://www.loft2rent.ru/loft/18038/26667/
Юность;Лофт, фотостудия;8-968-973-90-30;https://www.loft2rent.ru/loft/2518/;https://www.loft2rent.ru/loft/2518/2524/
Я в моментеЯ в моменте;Лофт;+79237327077;N/A;https://www.loft2rent.ru/loft/175905/175907/
Якудза;Лофт;+7 812 606 70 20;https://www.loft2rent.ru/loft/169051/;https://www.loft2rent.ru/loft/169051/169695/
Ямайка;Лофт, зал, антикафе;+7(812) 443-57-02;https://www.loft2rent.ru/loft/83744/;https://www.loft2rent.ru/loft/83744/84981/
"Яркий лофт ""Диско"" с розовым неоном / 3 мин. от метро Семеновская";Лофт;+7 4998881633;https://www.loft2rent.ru/loft/126908/;https://www.loft2rent.ru/loft/126908/126961/
Яровит ХоллКонгресс центр Яровит Холл;Концертный зал;+79952608808;N/A;https://www.loft2rent.ru/loft/115873/115891/
Яровит ХоллЯровит Лофт;Лофт;+79952608808;N/A;https://www.loft2rent.ru/loft/115873/177053/
Яхт Клуб Галс;Зал, пляж, на открытом воздухе, веранда;+79585410041;https://www.loft2rent.ru/loft/97591/;https://www.loft2rent.ru/loft/97591/124292/
Яхт-клуб «ПОРТОФИНО» аренда шатра под свадьбу, день рождения;Шатер;+79585410041;https://www.loft2rent.ru/loft/97591/;https://www.loft2rent.ru/loft/97591/108568/
Яхт-клуб Березы (шатры, бассейн) аренда;Шатер;+79585410041;https://www.loft2rent.ru/loft/97591/;https://www.loft2rent.ru/loft/97591/106051/
Яхт-клуб Нептун;Ресторан, зал, пляж, на открытом воздухе;+79585410041;https://www.loft2rent.ru/loft/97591/;https://www.loft2rent.ru/loft/97591/124269/
Яхт-клуб под мероприятия аренда шатров, бассейна;Зал, шатер, пляж;+79585410041;https://www.loft2rent.ru/loft/97591/;https://www.loft2rent.ru/loft/97591/105983/
Яхт-клуб “БУРЕВЕСТНИК” шатер под мероприятия;Шатер;+79585410041;https://www.loft2rent.ru/loft/97591/;https://www.loft2rent.ru/loft/97591/108570/
