название;тип_лофт;телефон;сайт;ссылка
1920 Loft;Лофт, вечеринка, 120 м², 75 человек;;N/A;https://www.reveltime.ru/venue/539949?eventtype=vecherinka
3f-loft Лофт-пространство в белом кирпиче;Лофт, вечеринка, 200 м², 100 человек;;N/A;https://www.reveltime.ru/venue/356906?eventtype=vecherinka
713.Media. Зал 75м для вечеринок;Лофт, вечеринка, 75 м², 30 человек;;N/A;https://www.reveltime.ru/venue/209837?eventtype=vecherinka
713.Media. Лофт для вашего праздника;Лофт, вечеринка, 55 м², 45 человек;;N/A;https://www.reveltime.ru/venue/209166?eventtype=vecherinka
Agnostic Loft. Лофт с верандой;Лофт, вечеринка, 140 м², 90 человек;+79263579391;N/A;https://www.reveltime.ru/venue/2407981?eventtype=vecherinka
AIRLOFT Стильный лофт в центре Москвы;Лофт, вечеринка, 98 м², 40 человек;;N/A;https://www.reveltime.ru/venue/2571326?eventtype=vecherinka
AIRLOFT. Камерный лофт в особняке;Лофт, вечеринка, 110 м², 60 человек;;N/A;https://www.reveltime.ru/venue/1805580?eventtype=vecherinka
Apartment 26 Лофт для VIP вечеринок;Лофт, вечеринка, 100 м², 70 человек;;N/A;https://www.reveltime.ru/venue/214930?eventtype=vecherinka
Apriori Photo Коричневый лофт с верандой;Лофт, вечеринка, 60 м², 40 человек;+74950034525;N/A;https://www.reveltime.ru/venue/455631?eventtype=vecherinka
ARCHILOFT(АРХИЛОФТ). Два смежных пространства Acryl Space (Акрил Спэйс) и Steel Space (Стил Спэйс);Лофт, вечеринка, 450 м², 350 человек;+79676932714;N/A;https://www.reveltime.ru/venue/2989016?eventtype=vecherinka
Art Union Двухуровневый арт-лофт;Лофт, вечеринка, 75 м², 35 человек;+79959013745;N/A;https://www.reveltime.ru/venue/4370594?eventtype=vecherinka
artloft Уютный двухуровневый лофт;Лофт, вечеринка, 55 м², 20 человек;;N/A;https://www.reveltime.ru/venue/5014271?eventtype=vecherinka
Atmos Loft (Атмос Лофт). Стильная площадка с яркими акцентами;Лофт, вечеринка, 75 м², 45 человек;+79584610759;N/A;https://www.reveltime.ru/venue/4922038?eventtype=vecherinka
"B&amp;B Bradu bar Лофт-бар с панорамными окнами";Лофт, вечеринка, 78 м², 25 человек;;N/A;https://www.reveltime.ru/venue/3470636?eventtype=vecherinka
B-13 Bar and Lounge;Лофт, вечеринка, 80 м², 25 человек;;N/A;https://www.reveltime.ru/venue/5251792?eventtype=vecherinka
BANG Просторный светлый зал с высокими потолками;Лофт, вечеринка, 80 м², 40 человек;;N/A;https://www.reveltime.ru/venue/3791546?eventtype=vecherinka
Bar22 (Бар22). Лофт в стиле Артхаус;Лофт, вечеринка, 100 м², 50 человек;;N/A;https://www.reveltime.ru/venue/5792517?eventtype=vecherinka
Bauman Space (Бауман Спейс).  Лофт Санрайз;Лофт, вечеринка, 40 м², 20 человек;+79585782362;N/A;https://www.reveltime.ru/venue/7736441?eventtype=vecherinka
Bauman Space (Бауман Спейс). Лофт Blackberry (Блэкберри);Лофт, вечеринка, 180 м², 150 человек;+79585782362;N/A;https://www.reveltime.ru/venue/989651?eventtype=vecherinka
Bauman Space (Бауман Спейс). Лофт Авиатор;Лофт, вечеринка, 110 м², 100 человек;+79585782362;N/A;https://www.reveltime.ru/venue/726900?eventtype=vecherinka
Bauman Space (Бауман Спейс). Лофт Альфа;Лофт, вечеринка, 80 м², 40 человек;+79585782362;N/A;https://www.reveltime.ru/venue/3234608?eventtype=vecherinka
Bauman Space (Бауман Спейс). Лофт Бета;Лофт, вечеринка, 125 м², 70 человек;+79585782362;N/A;https://www.reveltime.ru/venue/7082759?eventtype=vecherinka
Bauman Space (Бауман Спейс). Лофт Брутал;Лофт, вечеринка, 60 м², 25 человек;+79585782362;N/A;https://www.reveltime.ru/venue/4464543?eventtype=vecherinka
Bauman Space (Бауман Спейс). Лофт Металлик;Лофт, вечеринка, 70 м², 40 человек;+79585782362;N/A;https://www.reveltime.ru/venue/4464623?eventtype=vecherinka
Bauman Space (Бауман Спейс). Лофт Облака;Лофт, вечеринка, 60 м², 30 человек;+79585782362;N/A;https://www.reveltime.ru/venue/4704050?eventtype=vecherinka
Bauman Space (Бауман Спейс). Лофт Олимп;Лофт, вечеринка, 150 м², 120 человек;+79585782362;N/A;https://www.reveltime.ru/venue/3234612?eventtype=vecherinka
Bauman Space (Бауман Спейс). Лофт Роквуд;Лофт, вечеринка, 65 м², 35 человек;+79585782362;N/A;https://www.reveltime.ru/venue/4464612?eventtype=vecherinka
Bauman Space (Бауман Спейс). Лофт Сапфир;Лофт, вечеринка, 65 м², 30 человек;+79585782362;N/A;https://www.reveltime.ru/venue/4703967?eventtype=vecherinka
Bauman Space (Бауман Спейс). Лофт Ураниум;Лофт, вечеринка, 65 м², 30 человек;+79585782362;N/A;https://www.reveltime.ru/venue/4464634?eventtype=vecherinka
Bauman Space (Бауман Спейс). Лофт Феникс;Лофт, вечеринка, 110 м², 50 человек;+79585782362;N/A;https://www.reveltime.ru/venue/3234611?eventtype=vecherinka
Bauman Space (Бауман Спейс). Лофт Флау;Лофт, вечеринка, 65 м², 30 человек;+79585782362;N/A;https://www.reveltime.ru/venue/7948815?eventtype=vecherinka
Bauman Space (Бауман Спейс). Лофт Флаффи;Лофт, вечеринка, 60 м², 25 человек;+79585782362;N/A;https://www.reveltime.ru/venue/4464587?eventtype=vecherinka
Bauman Space. Лофт Хайдаут;Лофт, вечеринка, 105 м², 50 человек;+79585782362;N/A;https://www.reveltime.ru/venue/7819995?eventtype=vecherinka
Bee-lounge(Пчела-лаундж);Лофт, вечеринка, 40 м², 15 человек;;N/A;https://www.reveltime.ru/venue/4740844?eventtype=vecherinka
Bizone Hookah Лофт c VIP залом на ВДНХ;Лофт, вечеринка, 110 м², 60 человек;+79688444922;N/A;https://www.reveltime.ru/venue/3292235?eventtype=vecherinka
Bizone Lounge Лофт-кальянная на Войковской;Лофт, вечеринка, 150 м², 50 человек;+79777137848;N/A;https://www.reveltime.ru/venue/3292221?eventtype=vecherinka
Black and White Loft. Двойной лофт с фотозонами;Лофт, вечеринка, 90 м², 40 человек;;N/A;https://www.reveltime.ru/venue/3080468?eventtype=vecherinka
BLACK OUT (Блэк аут). Стильный черный лофт;Лофт, вечеринка, 66 м², 20 человек;+79346608162;N/A;https://www.reveltime.ru/venue/8458180?eventtype=vecherinka
BLACK PANTHER ARENA Универсальный лофт с зеркальной стеной;Лофт, вечеринка, 120 м², 60 человек;;N/A;https://www.reveltime.ru/venue/3488091?eventtype=vecherinka
blackstage Многофункциональное пространство;Лофт, вечеринка, 150 м², 50 человек;;N/A;https://www.reveltime.ru/venue/1003550?eventtype=vecherinka
Blank (Бланк). Светлый лофт с верандой;Лофт, вечеринка, 120 м², 40 человек;+79676932714;N/A;https://www.reveltime.ru/venue/8931873?eventtype=vecherinka
blickstudio Солнечный зал;Лофт, вечеринка, 70 м², 20 человек;;N/A;https://www.reveltime.ru/venue/4361557?eventtype=vecherinka
Bogema (Богема). Зал Баланс;Лофт, вечеринка, 100 м², 60 человек;+79584974208;N/A;https://www.reveltime.ru/venue/9011819?eventtype=vecherinka
BOGEMA (БОГЕМА). Какао. ЭЙФОРИЯ;Лофт, вечеринка, 110 м², 50 человек;+79893636021;N/A;https://www.reveltime.ru/venue/3393175?eventtype=vecherinka
Bogema (Богема). Лофт Фрейм;Лофт, вечеринка, 240 м², 150 человек;+79584974206;N/A;https://www.reveltime.ru/venue/9009571?eventtype=vecherinka
BOGEMA. BALANCE (БОГЕМА. БАЛАНС). Универсальный лофт;Лофт, вечеринка, 100 м², 60 человек;+79584974139;N/A;https://www.reveltime.ru/venue/4062896?eventtype=vecherinka
Boutique Hotel Помещение с большими окнами;Лофт, вечеринка, 40 м², 30 человек;+79945064895;N/A;https://www.reveltime.ru/venue/3655970?eventtype=vecherinka
Brodniki Loft (Бродники Лофт. )Лофт из белого кирпича;Лофт, вечеринка, 80 м², 40 человек;+79676928564;N/A;https://www.reveltime.ru/venue/6587746?eventtype=vecherinka
BunkerStudio;Лофт, вечеринка, 110 м², 35 человек;;N/A;https://www.reveltime.ru/venue/2093734?eventtype=vecherinka
Campus loft (Кампус лофт). Просторный лофт;Лофт, вечеринка, 230 м², 150 человек;+79261003263;N/A;https://www.reveltime.ru/venue/3877537?eventtype=vecherinka
Campus loft (Кампус лофт). Просторный лофт;Лофт, вечеринка, 107 м², 50 человек;+79261003263;N/A;https://www.reveltime.ru/venue/1769333?eventtype=vecherinka
Casa Picassa. Лофт Климт (Каса Пикасса);Лофт, вечеринка, 26 м², 15 человек;+79586097164;N/A;https://www.reveltime.ru/venue/2764553?eventtype=vecherinka
Casa Picassa. Лофт Модильяни (Каса Пикасса);Лофт, вечеринка, 150 м², 100 человек;;N/A;https://www.reveltime.ru/venue/3315390?eventtype=vecherinka
Casa Picassa. Лофт Роден (Каса Пикасса);Лофт, вечеринка, 190 м², 80 человек;;N/A;https://www.reveltime.ru/venue/2978957?eventtype=vecherinka
Casa Picassa. Микеланджело (Каса Пикасса);Лофт, вечеринка, 110 м², 60 человек;;N/A;https://www.reveltime.ru/venue/3729045?eventtype=vecherinka
Casa Picassa. Рене Магритт (Каса Пикасса);Лофт, вечеринка, 110 м², 60 человек;;N/A;https://www.reveltime.ru/venue/3542002?eventtype=vecherinka
Cascad (Каскад). Лофт в центре Москвы с высоким потолком;Лофт, вечеринка, 90 м², 40 человек;+79584974160;N/A;https://www.reveltime.ru/venue/318101?eventtype=vecherinka
CASTLE LOFT. Круглый лофт в Кремле;Лофт, вечеринка, 100 м², 50 человек;;N/A;https://www.reveltime.ru/venue/575167?eventtype=vecherinka
CastleLoft (КаслЛофт);Лофт, вечеринка, 250 м², 150 человек;;N/A;https://www.reveltime.ru/venue/3286684?eventtype=vecherinka
Cat Factory (Фабрика кэт). Лофт-пространство с дизайнерскими окнами;Лофт, вечеринка, 72 м², 45 человек;+79584974150;N/A;https://www.reveltime.ru/venue/7777267?eventtype=vecherinka
Citrus Hall (Цитрус Зал). Бергамот;Лофт, вечеринка, 70 м², 30 человек;+79910172413;N/A;https://www.reveltime.ru/venue/5738655?eventtype=vecherinka
Clever Loft (Клевер лофт). Лофт в эко-стиле с большими окнами и выходом на веранду;Лофт, вечеринка, 100 м², 80 человек;+79584055346;N/A;https://www.reveltime.ru/venue/6258683?eventtype=vecherinka
Clever Loft (Клевер лофт). Светлый лофт с большими окнами и выходом на веранду;Лофт, вечеринка, 120 м², 100 человек;+79584610759;N/A;https://www.reveltime.ru/venue/6258696?eventtype=vecherinka
Cloud Nine (Девятое Облако). Лофт с террасой;Лофт, вечеринка, 80 м², 30 человек;+79584974084;N/A;https://www.reveltime.ru/venue/2717712?eventtype=vecherinka
Cloud Nine (Девятое Облако). Пространство на мансардном этаже;Лофт, вечеринка, 45 м², 30 человек;+79346608162;N/A;https://www.reveltime.ru/venue/599286?eventtype=vecherinka
CoLab Музыкальный лофт;Лофт, вечеринка, 80 м², 30 человек;;N/A;https://www.reveltime.ru/venue/3196398?eventtype=vecherinka
Compressor Loft (Компрессор Лофт);Лофт, вечеринка, 100 м², 70 человек;+79584974167;N/A;https://www.reveltime.ru/venue/2240764?eventtype=vecherinka
Conductor Lofts в мансарде с огромным танцполом;Лофт, вечеринка, 200 м², 500 человек;;N/A;https://www.reveltime.ru/venue/3437316?eventtype=vecherinka
Conductor Lofts Дизайнерский лофт;Лофт, вечеринка, 24 м², 15 человек;;N/A;https://www.reveltime.ru/venue/3437306?eventtype=vecherinka
Cpa Loft. Дизайнерский Лофт;Лофт, вечеринка, 70 м², 60 человек;;N/A;https://www.reveltime.ru/venue/635125?eventtype=vecherinka
Cpa Loft. Крыша;Лофт, вечеринка, 180 м², 90 человек;;N/A;https://www.reveltime.ru/venue/677144?eventtype=vecherinka
Culinary style лофт;Лофт, вечеринка, 165 м², 60 человек;+79163797300;N/A;https://www.reveltime.ru/venue/1372200?eventtype=vecherinka
Cyber Antique. Лофт в современной античности;Лофт, вечеринка, 40 м², 25 человек;+79584974226;N/A;https://www.reveltime.ru/venue/4505240?eventtype=vecherinka
DIYcafe (Ди-Ай-Уай Кафе). Лофт;Лофт, вечеринка, 54 м², 20 человек;+79346644195;N/A;https://www.reveltime.ru/venue/4299884?eventtype=vecherinka
Dizzy loft (Диззи лофт). Яркий лофт;Лофт, вечеринка, 110 м², 45 человек;+79019317663;N/A;https://www.reveltime.ru/venue/6712256?eventtype=vecherinka
Do.Bro coffee (До.Бро кофе). Уютный лофт-зал при кофейне;Лофт, вечеринка, 40 м², 16 человек;+79584974160;N/A;https://www.reveltime.ru/venue/6852686?eventtype=vecherinka
Dom E-com Креативное арт-пространство;Лофт, вечеринка, 350 м², 200 человек;;N/A;https://www.reveltime.ru/venue/4320854?eventtype=vecherinka
Dream Forest (Лес мечты). Дизайнерский лофт;Лофт, вечеринка, 75 м², 40 человек;;N/A;https://www.reveltime.ru/venue/3195792?eventtype=vecherinka
DVOR. Стилизованный зал в баре;Лофт, вечеринка, 45 м², 25 человек;;N/A;https://www.reveltime.ru/venue/2302706?eventtype=vecherinka
ECO Lof Лофт-пространство с барной стойкой;Лофт, вечеринка, 70 м², 45 человек;;N/A;https://www.reveltime.ru/venue/2365492?eventtype=vecherinka
embers speakeasy Кальянная под закрытие;Лофт, вечеринка, 72 м², 25 человек;;N/A;https://www.reveltime.ru/venue/399345?eventtype=vecherinka
EmpireLoft (ЭмпайрЛофт). Яркий лофт для различных мероприятий;Лофт, вечеринка, 70 м², 30 человек;;N/A;https://www.reveltime.ru/venue/3938836?eventtype=vecherinka
"EmpireLoft Лофт в стиле &quot;охотничий домик&quot;";Лофт, вечеринка, 70 м², 30 человек;;N/A;https://www.reveltime.ru/venue/3337016?eventtype=vecherinka
EmpireLoft Лофт с зеркальным потолком;Лофт, вечеринка, 200 м², 150 человек;;N/A;https://www.reveltime.ru/venue/4659550?eventtype=vecherinka
EmpireLoft Светлый лофт с деревом на Партизанской;Лофт, вечеринка, 70 м², 50 человек;;N/A;https://www.reveltime.ru/venue/5154769?eventtype=vecherinka
EmpireLoft Стильное пространство;Лофт, вечеринка, 120 м², 50 человек;;N/A;https://www.reveltime.ru/venue/3548763?eventtype=vecherinka
Enot Loft Студия;Лофт, вечеринка, 167 м², 25 человек;;N/A;https://www.reveltime.ru/venue/216064?eventtype=vecherinka
Enot Loft Студия (Енот Лофт Студия);Лофт, вечеринка, 167 м², 50 человек;;N/A;https://www.reveltime.ru/venue/213155?eventtype=vecherinka
Espada. Brosco (Эспада. Броско). Дизайнерский неоновый лофт;Лофт, вечеринка, 35 м², 20 человек;+79813347290;N/A;https://www.reveltime.ru/venue/5445072?eventtype=vecherinka
Estetto (Эстетто). Студия-лофт из белого кирпича;Лофт, вечеринка, 41 м², 15 человек;+79346692796;N/A;https://www.reveltime.ru/venue/4177239?eventtype=vecherinka
Evaloft (Евалофт). Уютный лофт;Лофт, вечеринка, 130 м², 55 человек;;N/A;https://www.reveltime.ru/venue/397679?eventtype=vecherinka
Family Loft (Семейный лофт). Семейный лофт в стиле БОХО;Лофт, вечеринка, 86 м², 35 человек;+79910172113;N/A;https://www.reveltime.ru/venue/8262356?eventtype=vecherinka
FaraLoft (ФараЛофт). Лофт-апартаменты;Лофт, вечеринка, 70 м², 40 человек;+79676928564;N/A;https://www.reveltime.ru/venue/1019464?eventtype=vecherinka
FaraLoft (ФараЛофт). Стильный лофт;Лофт, вечеринка, 220 м², 200 человек;+79813347290;N/A;https://www.reveltime.ru/venue/3160824?eventtype=vecherinka
Felicitatime Комната с мягкими диванами;Лофт, вечеринка, 22 м², 14 человек;+79771972070;N/A;https://www.reveltime.ru/venue/3090616?eventtype=vecherinka
Felicitatime. Пространство для праздников;Лофт, вечеринка, 18 м², 10 человек;+79771972070;N/A;https://www.reveltime.ru/venue/2049939?eventtype=vecherinka
Finch Coffee. Лофт-кафе под закрытие;Лофт, вечеринка, 50 м², 40 человек;+79945035025;N/A;https://www.reveltime.ru/venue/3294506?eventtype=vecherinka
Forest (Лес);Лофт, вечеринка, 55 м², 20 человек;;N/A;https://www.reveltime.ru/venue/4488640?eventtype=vecherinka
FotoFaktura (ФотоФактура). Зал с большими окнами;Лофт, вечеринка, 100 м², 80 человек;+74952210170;N/A;https://www.reveltime.ru/venue/278940?eventtype=vecherinka
G. A Smoke (Джи Эй Смоук). Неоновый атмосферный лофт;Лофт, вечеринка, 70 м², 25 человек;;N/A;https://www.reveltime.ru/venue/3696627?eventtype=vecherinka
G. A Smoke (Джи Эй Смоук).Усовершенствованный лофт;Лофт, вечеринка, 100 м², 45 человек;;N/A;https://www.reveltime.ru/venue/4593065?eventtype=vecherinka
Garage Lounge (Гараж Зал). Стильный лофт;Лофт, вечеринка, 20 м², 14 человек;+79019397046;N/A;https://www.reveltime.ru/venue/7176216?eventtype=vecherinka
Garden loft. Стильное лофт-пространство;Лофт, вечеринка, 90 м², 40 человек;+74959882111;N/A;https://www.reveltime.ru/venue/1659182?eventtype=vecherinka
"Gatsby Loft &amp; Photo. Стильное лофт-пространство";Лофт, вечеринка, 270 м², 100 человек;+74959793332;N/A;https://www.reveltime.ru/venue/335196?eventtype=vecherinka
Geo loft (Гео Лофт). Кирпичный лофт с большими окнами;Лофт, вечеринка, 130 м², 70 человек;+79019317663;N/A;https://www.reveltime.ru/venue/735215?eventtype=vecherinka
GESTALT CLUB (Клуб Гештальт);Лофт, вечеринка, 250 м², 150 человек;+79346695974;https://gestaltclubmoscow.ru/rent;https://www.reveltime.ru/venue/8809928?eventtype=vecherinka
Get Loft (Гет Лофт). Золотой зал;Лофт, вечеринка, 54 м², 25 человек;+79584055346;N/A;https://www.reveltime.ru/venue/6839089?eventtype=vecherinka
Goodfriendsloft;Лофт, вечеринка, 130 м², 50 человек;;N/A;https://www.reveltime.ru/venue/2315765?eventtype=vecherinka
Graf-Studio (Граф-Студио). Зал Замок;Лофт, вечеринка, 120 м², 40 человек;+79586097164;N/A;https://www.reveltime.ru/venue/2798781?eventtype=vecherinka
Graf-Studio. Зал Кардинал (Граф-Студио);Лофт, вечеринка, 95 м², 50 человек;+79676932714;N/A;https://www.reveltime.ru/venue/3032736?eventtype=vecherinka
Graf-Studio. Зал Прованс (Граф-Студио);Лофт, вечеринка, 94 м², 30 человек;+79584055346;N/A;https://www.reveltime.ru/venue/2411839?eventtype=vecherinka
Graf-Studio. Зал Ренессанс (Граф-Студио);Лофт, вечеринка, 90 м², 50 человек;+79584610759;N/A;https://www.reveltime.ru/venue/2415611?eventtype=vecherinka
Graf-Studio. Зал Сцена (Граф-Студио);Лофт, вечеринка, 75 м², 30 человек;+79584055346;N/A;https://www.reveltime.ru/venue/2410104?eventtype=vecherinka
Graf-Studio. Зал Чердак (Граф-Студио);Лофт, вечеринка, 95 м², 25 человек;+79584630738;N/A;https://www.reveltime.ru/venue/2674303?eventtype=vecherinka
Graffiti Яркий и стильный лофт;Лофт, вечеринка, 50 м², 25 человек;;N/A;https://www.reveltime.ru/venue/3683579?eventtype=vecherinka
Graphite (Графит). Футуристический двухуровневый лофт;Лофт, вечеринка, 75 м², 40 человек;+79939054093;N/A;https://www.reveltime.ru/venue/5941268?eventtype=vecherinka
"Green&amp;White Loft (Зелёно-Белый Лофт)";Лофт, вечеринка, 100 м², 40 человек;+79164400130;N/A;https://www.reveltime.ru/venue/5308281?eventtype=vecherinka
"Grey Green by Space &amp; Place (Грэй Грин бай Спейс&amp;Плэйс). Светлое пространство в современном стиле";Лофт, вечеринка, 350 м², 200 человек;+79584974089;N/A;https://www.reveltime.ru/venue/7465927?eventtype=vecherinka
Hall 14. Атмосферный лофт с верандой;Лофт, вечеринка, 220 м², 50 человек;+79031888081;N/A;https://www.reveltime.ru/venue/5499756?eventtype=vecherinka
Hawaii House (Гавайи). Двухуровневый лофт в гавайском стиле;Лофт, вечеринка, 300 м², 150 человек;+79584974084;N/A;https://www.reveltime.ru/venue/4116659?eventtype=vecherinka
High Ground (Возвышенность). Вип-зал;Лофт, вечеринка, 15 м², 12 человек;+79676928564;N/A;https://www.reveltime.ru/venue/5282071?eventtype=vecherinka
High Ground (Возвышенность). ВИП-кабинка для небольшой компании;Лофт, вечеринка, 10 м², 10 человек;+79893636021;N/A;https://www.reveltime.ru/venue/4682067?eventtype=vecherinka
High Ground (Возвышенность). Зал Нью-Йорк;Лофт, вечеринка, 25 м², 17 человек;+79386989873;N/A;https://www.reveltime.ru/venue/4135370?eventtype=vecherinka
High Ground (Возвышенность). Просторный зал;Лофт, вечеринка, 30 м², 30 человек;+79676928564;N/A;https://www.reveltime.ru/venue/5282130?eventtype=vecherinka
High Ground (Возвышенность). Просторный стильный лофт;Лофт, вечеринка, 250 м², 150 человек;+79584974160;N/A;https://www.reveltime.ru/venue/4412936?eventtype=vecherinka
Honey. EmpireLoft Стилизованный лофт с проектором;Лофт, вечеринка, 110 м², 60 человек;;N/A;https://www.reveltime.ru/venue/5143639?eventtype=vecherinka
Hookah Land Особняк-лофт с кинозалом;Лофт, вечеринка, 45 м², 16 человек;;N/A;https://www.reveltime.ru/venue/1996181?eventtype=vecherinka
I need you space. Уютный лофт;Лофт, вечеринка, 120 м², 45 человек;+79099511234;N/A;https://www.reveltime.ru/venue/3836995?eventtype=vecherinka
Igloobar (Иглубар). Лофт с панорамным видом;Лофт, вечеринка, 50 м², 15 человек;+74996488457;N/A;https://www.reveltime.ru/venue/2962665?eventtype=vecherinka
Igloobar (Иглубар). Уникальный лофт-кинозал;Лофт, вечеринка, 80 м², 15 человек;+74996488457;N/A;https://www.reveltime.ru/venue/2793076?eventtype=vecherinka
Imperial. Праздничный лофт-зал с большим столом;Лофт, вечеринка, 25 м², 17 человек;+74994600028;N/A;https://www.reveltime.ru/venue/4706073?eventtype=vecherinka
INFOLOFTMSK (ИНФОЛОФТМСК). Лофт с уникальным дизайном;Лофт, вечеринка, 105 м², 45 человек;+79019397046;N/A;https://www.reveltime.ru/venue/6549792?eventtype=vecherinka
Izmailov Loft (Измайлов Лофт). Дримзон;Лофт, вечеринка, 30 м², 18 человек;+79346692796;N/A;https://www.reveltime.ru/venue/6012001?eventtype=vecherinka
Izmailov Loft (Измайлов Лофт). Лофт Венеция;Лофт, вечеринка, 16 м², 9 человек;+79346657019;N/A;https://www.reveltime.ru/venue/8004436?eventtype=vecherinka
Izmailov Loft (Измайлов Лофт). Лофт Гринвуд;Лофт, вечеринка, 50 м², 40 человек;+79346692796;N/A;https://www.reveltime.ru/venue/6017908?eventtype=vecherinka
Izmailov Loft (Измайлов Лофт). Лофт Диор;Лофт, вечеринка, 14 м², 7 человек;;N/A;https://www.reveltime.ru/venue/7867431?eventtype=vecherinka
Izmailov Loft (Измайлов Лофт). Лофт Диско;Лофт, вечеринка, 50 м², 40 человек;+79346692796;N/A;https://www.reveltime.ru/venue/6017878?eventtype=vecherinka
Izmailov Loft (Измайлов Лофт). Лофт Кинозвезда;Лофт, вечеринка, 50 м², 40 человек;+79346692796;N/A;https://www.reveltime.ru/venue/6011450?eventtype=vecherinka
Izmailov Loft (Измайлов Лофт). Лофт-зал в классическом стиле;Лофт, вечеринка, 50 м², 40 человек;+79346692796;N/A;https://www.reveltime.ru/venue/6017789?eventtype=vecherinka
Izmayloft. Уютный лофт с верандой;Лофт, вечеринка, 90 м², 50 человек;;N/A;https://www.reveltime.ru/venue/4422233?eventtype=vecherinka
JustLoft. Дизайнерское пространство;Лофт, вечеринка, 187 м², 90 человек;+79163797300;N/A;https://www.reveltime.ru/venue/469715?eventtype=vecherinka
Kahovka loft (Каховка Лофт). Неоновый лофт-зал;Лофт, вечеринка, 50 м², 20 человек;+79019317663;N/A;https://www.reveltime.ru/venue/6921455?eventtype=vecherinka
Krisha loft (Крыша Лофт);Лофт, вечеринка, 120 м², 60 человек;+79584974228;N/A;https://www.reveltime.ru/venue/6498928?eventtype=vecherinka
Largo ресторан (Ларго). Малый банкетный зал в итальянском стиле;Лофт, вечеринка, 115 м², 50 человек;;N/A;https://www.reveltime.ru/venue/3444171?eventtype=vecherinka
Lavanda loft. Уютный лофт для различных событий;Лофт, вечеринка, 70 м², 25 человек;+79772959526;N/A;https://www.reveltime.ru/venue/5908581?eventtype=vecherinka
Lemon Haze Зал в лофт-особняке в центре;Лофт, вечеринка, 45 м², 45 человек;;N/A;https://www.reveltime.ru/venue/353872?eventtype=vecherinka
Lemon Haze Лофт-особняк в центре Москвы;Лофт, вечеринка, 110 м², 60 человек;;N/A;https://www.reveltime.ru/venue/353764?eventtype=vecherinka
Lemon Haze. Мини-лофт;Лофт, вечеринка, 30 м², 20 человек;;N/A;https://www.reveltime.ru/venue/631933?eventtype=vecherinka
Level 19 Лофт для закрытых вечеринок;Лофт, вечеринка, 150 м², 85 человек;+79261003263;N/A;https://www.reveltime.ru/venue/238467?eventtype=vecherinka
Light_Studio. Двухуровневое event-пространство;Лофт, вечеринка, 80 м², 35 человек;;N/A;https://www.reveltime.ru/venue/4082500?eventtype=vecherinka
Live Stars (Лайв Старс). Лофт-ночной клуб;Лофт, вечеринка, 120 м², 60 человек;+79584974228;N/A;https://www.reveltime.ru/venue/2708141?eventtype=vecherinka
Lo/st Pravda (Ло/ст Правда). Светлый лофт;Лофт, вечеринка, 70 м², 25 человек;+79584974331;N/A;https://www.reveltime.ru/venue/3452070?eventtype=vecherinka
"Loft 2&#039;25. Лофт со своей территорией";Лофт, вечеринка, 225 м², 101 человек;+79263872518;N/A;https://www.reveltime.ru/venue/317903?eventtype=vecherinka
Loft 45. Вкус мяса Атмосферный лофт;Лофт, вечеринка, 70 м², 40 человек;;N/A;https://www.reveltime.ru/venue/3276268?eventtype=vecherinka
Loft Berlin (Лофт Берлин). Стильный бар под закрытие;Лофт, вечеринка, 120 м², 100 человек;+79584630738;N/A;https://www.reveltime.ru/venue/5138490?eventtype=vecherinka
Loft blackout (Лофт блэкаут). Просторный лофт;Лофт, вечеринка, 150 м², 50 человек;;N/A;https://www.reveltime.ru/venue/291984?eventtype=vecherinka
Loft Chicago (Лофт Чикаго). Светлый лофт с высокими потолками;Лофт, вечеринка, 220 м², 150 человек;;N/A;https://www.reveltime.ru/venue/2522957?eventtype=vecherinka
Loft City (Лофт Сити). Многофункциональное пространство;Лофт, вечеринка, 135 м², 30 человек;;N/A;https://www.reveltime.ru/venue/3080013?eventtype=vecherinka
Loft Detroit Лофт на первом этаже старинной фабрики;Лофт, вечеринка, 63 м², 25 человек;;N/A;https://www.reveltime.ru/venue/3277120?eventtype=vecherinka
Loft Far4, Лофт Фарфор (Лофт Фар4);Лофт, вечеринка, 120 м², 100 человек;+79346642952;N/A;https://www.reveltime.ru/venue/3111224?eventtype=vecherinka
Loft Far4, Лофт Фарфор (Лофт Фар4). Лофт80кв.м;Лофт, вечеринка, 80 м², 50 человек;+79584973975;N/A;https://www.reveltime.ru/venue/3111447?eventtype=vecherinka
Loft for Friends. Авторский лофт с верандой;Лофт, вечеринка, 250 м², 120 человек;;N/A;https://www.reveltime.ru/venue/1502093?eventtype=vecherinka
Loft GL (Лофт ДжиЭл);Лофт, вечеринка, 110 м², 25 человек;;N/A;https://www.reveltime.ru/venue/429944?eventtype=vecherinka
loft GNEZDO (Лофт Гнездо);Лофт, вечеринка, 65 м², 25 человек;+79386989873;N/A;https://www.reveltime.ru/venue/7325477?eventtype=vecherinka
loft GNEZDO (Лофт Гнездо). Двухуровневый лофт;Лофт, вечеринка, 35 м², 15 человек;+79019397046;N/A;https://www.reveltime.ru/venue/7623813?eventtype=vecherinka
Loft LEVEL 19 на заводе Кристалл. Крыша для вечеринок;Лофт, вечеринка, 170 м², 150 человек;;N/A;https://www.reveltime.ru/venue/221315?eventtype=vecherinka
Loft Lodge (Лофт Лодж) 1. Хорошо оборудованный лофт;Лофт, вечеринка, 85 м², 40 человек;+79584974039;N/A;https://www.reveltime.ru/venue/201724?eventtype=vecherinka
Loft Lodge (Лофт Лодж) 10. Дизайнерская площадка;Лофт, вечеринка, 110 м², 50 человек;+79910173255;N/A;https://www.reveltime.ru/venue/6734234?eventtype=vecherinka
Loft Lodge (Лофт Лодж) 11;Лофт, вечеринка, 100 м², 60 человек;+79019317685;N/A;https://www.reveltime.ru/venue/7698450?eventtype=vecherinka
Loft Lodge (Лофт Лодж) 2. Лофт;Лофт, вечеринка, 107 м², 40 человек;+79584974039;N/A;https://www.reveltime.ru/venue/4522925?eventtype=vecherinka
Loft Lodge (Лофт Лодж) 3. Двухуровневый лофт с двориком;Лофт, вечеринка, 112 м², 40 человек;+79386989873;N/A;https://www.reveltime.ru/venue/4522931?eventtype=vecherinka
Loft Lodge (Лофт Лодж) 4. Двухэтажный лофт;Лофт, вечеринка, 100 м², 40 человек;+79584974084;N/A;https://www.reveltime.ru/venue/2822352?eventtype=vecherinka
Loft Lodge (Лофт Лодж) 5. Стильное пространство;Лофт, вечеринка, 200 м², 60 человек;+79584974064;N/A;https://www.reveltime.ru/venue/2241775?eventtype=vecherinka
Loft Lodge (Лофт Лодж) 6;Лофт, вечеринка, 104 м², 45 человек;+79346691548;N/A;https://www.reveltime.ru/venue/4231354?eventtype=vecherinka
Loft Lodge (Лофт Лодж) 7. Просторный уютный лофт;Лофт, вечеринка, 190 м², 60 человек;+79584974150;N/A;https://www.reveltime.ru/venue/4755850?eventtype=vecherinka
Loft Lodge (Лофт Лодж) 8. Яркий зал;Лофт, вечеринка, 80 м², 40 человек;+79584630738;N/A;https://www.reveltime.ru/venue/5127214?eventtype=vecherinka
Loft Lodge (Лофт Лодж) 9;Лофт, вечеринка, 80 м², 40 человек;+79584611054;N/A;https://www.reveltime.ru/venue/6579635?eventtype=vecherinka
Loft Premier (Лофт Премьер);Лофт, вечеринка, 110 м², 50 человек;+79586097164;N/A;https://www.reveltime.ru/venue/5265368?eventtype=vecherinka
Loft Provans. Авиньон;Лофт, вечеринка, 70 м², 35 человек;+79652298948;N/A;https://www.reveltime.ru/venue/2297471?eventtype=vecherinka
Loft Provans. Эвено. Стильный лофт;Лофт, вечеринка, 100 м², 70 человек;+79099682403;N/A;https://www.reveltime.ru/venue/2433004?eventtype=vecherinka
Loft Red Star Двухэтажный лофт в светлых тонах;Лофт, вечеринка, 120 м², 40 человек;+74951464485;N/A;https://www.reveltime.ru/venue/2782564?eventtype=vecherinka
Loft The Place (Лофт Зе Плейс). Авторский лофт;Лофт, вечеринка, 200 м², 110 человек;+79584974089;N/A;https://www.reveltime.ru/venue/2806962?eventtype=vecherinka
Loft The Place (Лофт Зе Плейс). Лофт с двумя залами;Лофт, вечеринка, 0 м², 10 человек;;N/A;https://www.reveltime.ru/venue/2389292?eventtype=vecherinka
Loft YesNot (Лофт ЙесНот). Двухэтажный лофт для различных мероприятий;Лофт, вечеринка, 241 м², 190 человек;+79584974208;N/A;https://www.reveltime.ru/venue/5435975?eventtype=vecherinka
Loft YesNot (Лофт ЙесНот). Пространство с кирпичной стеной;Лофт, вечеринка, 110 м², 70 человек;+79813347290;N/A;https://www.reveltime.ru/venue/5438012?eventtype=vecherinka
Loft Зазеркалье. Веранда. Лофт в теплых тонах;Лофт, вечеринка, 64 м², 25 человек;+79584974206;N/A;https://www.reveltime.ru/venue/4872287?eventtype=vecherinka
Loft МО Трехуровневый Лофт;Лофт, вечеринка, 250 м², 250 человек;;N/A;https://www.reveltime.ru/venue/253786?eventtype=vecherinka
Loft-Hall Viva (Лофт-Холл Вива);Лофт, вечеринка, 200 м², 150 человек;;N/A;https://www.reveltime.ru/venue/4437141?eventtype=vecherinka
LOFT-STUDIO 22. Арт-пространство;Лофт, вечеринка, 80 м², 30 человек;;N/A;https://www.reveltime.ru/venue/494628?eventtype=vecherinka
loftblackout (Лофт Блэкаут). Медный премиальный лофт;Лофт, вечеринка, 135 м², 65 человек;+79346644195;N/A;https://www.reveltime.ru/venue/3975661?eventtype=vecherinka
Loftblackout. Эксклюзивный черный лофт с летней террасой;Лофт, вечеринка, 130 м², 50 человек;;N/A;https://www.reveltime.ru/venue/309193?eventtype=vecherinka
LoftForParty (Лофт фор пати). Bad Girl (Плохая девочка);Лофт, вечеринка, 40 м², 20 человек;+79346642952;N/A;https://www.reveltime.ru/venue/4233319?eventtype=vecherinka
LoftForParty (Лофт фор пати). Cyberpunk (Киберпанк);Лофт, вечеринка, 85 м², 30 человек;+79584974215;N/A;https://www.reveltime.ru/venue/6540083?eventtype=vecherinka
LoftForParty (Лофт фор пати). Gallery (Галерея);Лофт, вечеринка, 90 м², 35 человек;+79584974039;N/A;https://www.reveltime.ru/venue/6542801?eventtype=vecherinka
LoftForParty (Лофт фор пати). Moon (Луна);Лофт, вечеринка, 40 м², 20 человек;+79584973975;N/A;https://www.reveltime.ru/venue/6542974?eventtype=vecherinka
LoftForParty (Лофт фор пати). SPACE HALL (Космический зал);Лофт, вечеринка, 70 м², 30 человек;+79584974039;N/A;https://www.reveltime.ru/venue/6542838?eventtype=vecherinka
LoftForParty (Лофт фор пати). Sun Loft (Лофт Солнце);Лофт, вечеринка, 40 м², 20 человек;+79584973975;N/A;https://www.reveltime.ru/venue/6542885?eventtype=vecherinka
LoftForParty (Лофт фор пати). West Side (Западная сторона);Лофт, вечеринка, 120 м², 70 человек;+79019317643;N/A;https://www.reveltime.ru/venue/4227962?eventtype=vecherinka
LoftForParty (Лофт фор пати). West Side Vip (Запад Вип);Лофт, вечеринка, 40 м², 20 человек;+79346691548;N/A;https://www.reveltime.ru/venue/4227901?eventtype=vecherinka
Lounge Stars Air;Лофт, вечеринка, 60 м², 30 человек;;N/A;https://www.reveltime.ru/venue/2826293?eventtype=vecherinka
Lounge Караоке-бар Яблоко;Лофт, вечеринка, 210 м², 80 человек;;N/A;https://www.reveltime.ru/venue/2122127?eventtype=vecherinka
Lounge ЧБ Кафе-кальянная под закрытие;Лофт, вечеринка, 121 м², 40 человек;;N/A;https://www.reveltime.ru/venue/2948096?eventtype=vecherinka
Lounge-лофт;Лофт, вечеринка, 40 м², 20 человек;+74991107697;N/A;https://www.reveltime.ru/venue/3128153?eventtype=vecherinka
Meduzzza lounge зона;Лофт, вечеринка, 14 м², 10 человек;;N/A;https://www.reveltime.ru/venue/3107695?eventtype=vecherinka
MLN Укомплектованный лофт для мероприятий;Лофт, вечеринка, 140 м², 50 человек;;N/A;https://www.reveltime.ru/venue/3419076?eventtype=vecherinka
Molecule loft (Молекула лофт);Лофт, вечеринка, 430 м², 200 человек;+79584974064;N/A;https://www.reveltime.ru/venue/7108886?eventtype=vecherinka
Molecule loft (Молекула лофт). Современный лофт-зал для различных событий;Лофт, вечеринка, 130 м², 50 человек;+79584974206;N/A;https://www.reveltime.ru/venue/7341371?eventtype=vecherinka
Monopoly Red October.Игровой Party-Loft;Лофт, вечеринка, 164 м², 60 человек;;N/A;https://www.reveltime.ru/venue/2960444?eventtype=vecherinka
Moonlight Loft Стильное арт-пространство;Лофт, вечеринка, 200 м², 100 человек;;N/A;https://www.reveltime.ru/venue/2289813?eventtype=vecherinka
Moonlight Loft. Клубный лофт;Лофт, вечеринка, 170 м², 60 человек;;N/A;https://www.reveltime.ru/venue/2719860?eventtype=vecherinka
Moscow English Club Аудитория с большим окном;Лофт, вечеринка, 54 м², 20 человек;;N/A;https://www.reveltime.ru/venue/597319?eventtype=vecherinka
Moscow English Club Двухуровневый зал;Лофт, вечеринка, 33 м², 25 человек;;N/A;https://www.reveltime.ru/venue/433158?eventtype=vecherinka
Multiroom. Лофт-студия;Лофт, вечеринка, 290 м², 200 человек;+79584974039;N/A;https://www.reveltime.ru/venue/746367?eventtype=vecherinka
Na Palm (Напалм) . Тропический лофт с играми;Лофт, вечеринка, 140 м², 100 человек;+79346644195;N/A;https://www.reveltime.ru/venue/8860096?eventtype=vecherinka
NEON Bar. Лофт с неоновой подсветкой;Лофт, вечеринка, 200 м², 200 человек;;N/A;https://www.reveltime.ru/venue/3038805?eventtype=vecherinka
Nii Дизайнерский лофт для мероприятий;Лофт, вечеринка, 110 м², 60 человек;;N/A;https://www.reveltime.ru/venue/2113424?eventtype=vecherinka
Nii Универсальный лофт с зеркальной стеной;Лофт, вечеринка, 150 м², 60 человек;;N/A;https://www.reveltime.ru/venue/2752532?eventtype=vecherinka
Norka studio Светлая лофт-студия с баром на Студенческой;Лофт, вечеринка, 50 м², 30 человек;;N/A;https://www.reveltime.ru/venue/1022276?eventtype=vecherinka
Norka studio. Уютный двухуровневый лофт;Лофт, вечеринка, 120 м², 80 человек;;N/A;https://www.reveltime.ru/venue/641642?eventtype=vecherinka
Norrlandloft (Норрланд Лофт) в скандинавском стиле;Лофт, вечеринка, 80 м², 50 человек;+79346695974;N/A;https://www.reveltime.ru/venue/292882?eventtype=vecherinka
Oh, my deer! Кальянное пространство;Лофт, вечеринка, 111 м², 70 человек;;N/A;https://www.reveltime.ru/venue/286571?eventtype=vecherinka
OMEGA LOFT (Омега лофт);Лофт, вечеринка, 120 м², 50 человек;+79346695974;https://omegaloft.ru;https://www.reveltime.ru/venue/6529495?eventtype=vecherinka
Only You (Только Ты). Белый лофт;Лофт, вечеринка, 150 м², 80 человек;+79584974208;N/A;https://www.reveltime.ru/venue/277459?eventtype=vecherinka
OtScan Lounge Лофт с необычным дизайном на Чистых прудах;Лофт, вечеринка, 60 м², 25 человек;;N/A;https://www.reveltime.ru/venue/3974408?eventtype=vecherinka
P17 Place (Плэйс). Стилизованный лофт в сине-розовых оттенках;Лофт, вечеринка, 89 м², 70 человек;+79386982643;N/A;https://www.reveltime.ru/venue/3902495?eventtype=vecherinka
Panacea LOFT. Дерзкое пространство;Лофт, вечеринка, 250 м², 320 человек;;N/A;https://www.reveltime.ru/venue/3709115?eventtype=vecherinka
Party Hard (Пати Хард). Загадочный лофт-зал;Лофт, вечеринка, 14 м², 8 человек;;N/A;https://www.reveltime.ru/venue/6295849?eventtype=vecherinka
Party Hard (Пати Хард). Лавандовый лофт-зал;Лофт, вечеринка, 14 м², 8 человек;;N/A;https://www.reveltime.ru/venue/6296918?eventtype=vecherinka
Party Hard (Пати Хард). Лофт в стиле популярного сериала;Лофт, вечеринка, 60 м², 45 человек;;N/A;https://www.reveltime.ru/venue/4431930?eventtype=vecherinka
Party Hard (Пати Хард). Лофт с голивудскими актёрами;Лофт, вечеринка, 25 м², 20 человек;;N/A;https://www.reveltime.ru/venue/4436174?eventtype=vecherinka
Party Hard (Пати Хард). Лофт-зал в бруклинском стиле;Лофт, вечеринка, 18 м², 10 человек;;N/A;https://www.reveltime.ru/venue/6303220?eventtype=vecherinka
Party Hard (Пати Хард). Лофт-зал в космическом стиле;Лофт, вечеринка, 9 м², 5 человек;;N/A;https://www.reveltime.ru/venue/6302652?eventtype=vecherinka
Party Hard (Пати Хард). Лофт-зал в пляжном стиле;Лофт, вечеринка, 28 м², 20 человек;;N/A;https://www.reveltime.ru/venue/4436052?eventtype=vecherinka
Party Hard (Пати Хард). Лофт-зал в современном стиле;Лофт, вечеринка, 18 м², 13 человек;;N/A;https://www.reveltime.ru/venue/6302976?eventtype=vecherinka
Party Hard (Пати Хард). Лофт-зал в стиле рок-н-ролл;Лофт, вечеринка, 30 м², 22 человек;+74952781824;N/A;https://www.reveltime.ru/venue/4436169?eventtype=vecherinka
Party Hard (Пати Хард). Лофт-зал в японском стиле;Лофт, вечеринка, 22 м², 16 человек;;N/A;https://www.reveltime.ru/venue/6296935?eventtype=vecherinka
Party Hard (Пати Хард). Лофт-зал с героями комиксов;Лофт, вечеринка, 16 м², 10 человек;;N/A;https://www.reveltime.ru/venue/6303291?eventtype=vecherinka
Party Hard (Пати Хард). Подводный лофт-зал;Лофт, вечеринка, 10 м², 6 человек;;N/A;https://www.reveltime.ru/venue/6299755?eventtype=vecherinka
Party Hard (Пати Хард). Роскошный лофт-зал;Лофт, вечеринка, 51 м², 38 человек;;N/A;https://www.reveltime.ru/venue/4436047?eventtype=vecherinka
Party Hard (Пати Хард). Экзотичный светлый лофт;Лофт, вечеринка, 30 м², 20 человек;;N/A;https://www.reveltime.ru/venue/4436103?eventtype=vecherinka
Photoparadise (Фоторай). Универсальный лофт для неформальной вечеринки;Лофт, вечеринка, 125 м², 55 человек;;N/A;https://www.reveltime.ru/venue/211522?eventtype=vecherinka
Photoparadise (Фоторай). Уютный лофт с кирпичными стенами;Лофт, вечеринка, 50 м², 20 человек;;N/A;https://www.reveltime.ru/venue/244730?eventtype=vecherinka
POD (Под) гаражом. Дизайнерский лофт;Лофт, вечеринка, 120 м², 70 человек;+79584974160;N/A;https://www.reveltime.ru/venue/8776992?eventtype=vecherinka
Portal Hall. Двухэтажный стилизованный лофт;Лофт, вечеринка, 650 м², 250 человек;+74951570268;N/A;https://www.reveltime.ru/venue/3327149?eventtype=vecherinka
PrivateZone (ПриватнаяЗона). Пространство для мероприятий с кухней;Лофт, вечеринка, 60 м², 20 человек;+79584055346;N/A;https://www.reveltime.ru/venue/2363608?eventtype=vecherinka
Proloft (Пролофт);Лофт, вечеринка, 90 м², 35 человек;+79346608162;N/A;https://www.reveltime.ru/venue/6209514?eventtype=vecherinka
Prostranstvo (Пространство). Большой лофт;Лофт, вечеринка, 150 м², 70 человек;+79346695974;N/A;https://www.reveltime.ru/venue/4119721?eventtype=vecherinka
Prostranstvo (Пространство). Зал Антресоль;Лофт, вечеринка, 130 м², 40 человек;;N/A;https://www.reveltime.ru/venue/3746752?eventtype=vecherinka
Prostranstvo (Пространство). Зал Квартира;Лофт, вечеринка, 100 м², 70 человек;+79584974226;N/A;https://www.reveltime.ru/venue/4112008?eventtype=vecherinka
Prostranstvo (Пространство). Лофт с высокими потолками;Лофт, вечеринка, 100 м², 40 человек;+79584974064;N/A;https://www.reveltime.ru/venue/4119598?eventtype=vecherinka
Prostranstvo (Пространство). Светлая фотостудия;Лофт, вечеринка, 155 м², 100 человек;+79584974331;N/A;https://www.reveltime.ru/venue/4465437?eventtype=vecherinka
Prostranstvo (Пространство). Фотостудия;Лофт, вечеринка, 70 м², 40 человек;+79910173255;N/A;https://www.reveltime.ru/venue/3768105?eventtype=vecherinka
"Psy game &amp; lounge (Псай игры и лаундж). Отдельная комната";Лофт, вечеринка, 20 м², 15 человек;+79676932714;N/A;https://www.reveltime.ru/venue/5414206?eventtype=vecherinka
PSY.LOFT (Псай Лофт);Лофт, вечеринка, 70 м², 30 человек;;N/A;https://www.reveltime.ru/venue/1074027?eventtype=vecherinka
Rebus. Стильный лофт для любых мероприятий;Лофт, вечеринка, 93 м², 50 человек;;N/A;https://www.reveltime.ru/venue/3800827?eventtype=vecherinka
Rii Lee Loft. Стилизованный лофт с качелями;Лофт, вечеринка, 150 м², 70 человек;;N/A;https://www.reveltime.ru/venue/4277307?eventtype=vecherinka
Rii Lee Loft. Уютная лофт-комната;Лофт, вечеринка, 27 м², 15 человек;;N/A;https://www.reveltime.ru/venue/4557473?eventtype=vecherinka
River Loft (Река Лофт). Просторный лофт;Лофт, вечеринка, 130 м², 50 человек;+79584630738;N/A;https://www.reveltime.ru/venue/5090158?eventtype=vecherinka
Scarface Lounge (Скарфейс Лаунж);Лофт, вечеринка, 0 м², 45 человек;;N/A;https://www.reveltime.ru/venue/4848802?eventtype=vecherinka
Scarface Lounge Novoslobodka Лофт в центре Москвы;Лофт, вечеринка, 162 м², 50 человек;;N/A;https://www.reveltime.ru/venue/3530958?eventtype=vecherinka
Shisha lounge room (Кальянная комната) № 257;Лофт, вечеринка, 80 м², 30 человек;+79584974089;N/A;https://www.reveltime.ru/venue/6435477?eventtype=vecherinka
Simple Point Лофт из белого кирпича;Лофт, вечеринка, 50 м², 30 человек;;N/A;https://www.reveltime.ru/venue/639485?eventtype=vecherinka
SIMPLE. VIP 1 (СИМПЛ. ВИП 1). Лофт на мансардном этаже с покерным столом;Лофт, вечеринка, 20 м², 9 человек;+79676928564;N/A;https://www.reveltime.ru/venue/5292784?eventtype=vecherinka
SIMPLE. VIP 1 (СИМПЛ. ВИП 1). Неоновый лофт на мансардном этаже;Лофт, вечеринка, 20 м², 8 человек;+79676928674;N/A;https://www.reveltime.ru/venue/5292838?eventtype=vecherinka
SIMPLE. VIP 4 (СИМПЛ. ВИП 4). Неоновый лофт с покерным столом;Лофт, вечеринка, 42 м², 25 человек;+79584974167;N/A;https://www.reveltime.ru/venue/6318106?eventtype=vecherinka
Slam Space Лаундж-пространство с кафе;Лофт, вечеринка, 100 м², 40 человек;;N/A;https://www.reveltime.ru/venue/3145246?eventtype=vecherinka
SOK SPACE (Сок Пространство). Баум Холл;Лофт, вечеринка, 256 м², 100 человек;+79584974167;N/A;https://www.reveltime.ru/venue/7553164?eventtype=vecherinka
SOK SPACE (Сок Пространство). Лофт Астрид;Лофт, вечеринка, 154 м², 70 человек;+79584610759;N/A;https://www.reveltime.ru/venue/9067913?eventtype=vecherinka
SOK SPACE (Сок Пространство). Лофт Бурбон;Лофт, вечеринка, 60 м², 30 человек;+79346692796;N/A;https://www.reveltime.ru/venue/7636362?eventtype=vecherinka
SOK SPACE (Сок Пространство). Лофт Май;Лофт, вечеринка, 135 м², 50 человек;+79346692796;N/A;https://www.reveltime.ru/venue/9166956?eventtype=vecherinka
SOK SPACE (Сок Пространство). Лофт Марти;Лофт, вечеринка, 77 м², 40 человек;+79346691548;N/A;https://www.reveltime.ru/venue/7845287?eventtype=vecherinka
SOK SPACE (Сок Пространство). Лофт МОЙ ПЕРВЫЙ;Лофт, вечеринка, 70 м², 40 человек;+79346695974;N/A;https://www.reveltime.ru/venue/8966592?eventtype=vecherinka
SOK SPACE (Сок Пространство). Лофт Новый;Лофт, вечеринка, 90 м², 30 человек;+79584974150;N/A;https://www.reveltime.ru/venue/7551344?eventtype=vecherinka
SOK SPACE (Сок Пространство). Лофт Нуар;Лофт, вечеринка, 100 м², 40 человек;+79584974160;N/A;https://www.reveltime.ru/venue/7552482?eventtype=vecherinka
SOK SPACE (Сок Пространство). Лофт Октябрь;Лофт, вечеринка, 126 м², 50 человек;+79584974206;N/A;https://www.reveltime.ru/venue/9226473?eventtype=vecherinka
SOK SPACE (Сок Пространство). Лофт Рассвет;Лофт, вечеринка, 120 м², 50 человек;+79584974139;N/A;https://www.reveltime.ru/venue/7553049?eventtype=vecherinka
SOK SPACE (Сок Пространство). Лофт Сенди;Лофт, вечеринка, 67 м², 35 человек;+79676928564;N/A;https://www.reveltime.ru/venue/8673649?eventtype=vecherinka
SOK SPACE (Сок Пространство). Лофт Сладкий;Лофт, вечеринка, 34 м², 20 человек;+79346642952;N/A;https://www.reveltime.ru/venue/7947713?eventtype=vecherinka
SOK SPACE (Сок Пространство). Лофт Сочный;Лофт, вечеринка, 194 м², 80 человек;+79019317588;N/A;https://www.reveltime.ru/venue/7608571?eventtype=vecherinka
SOK SPACE (Сок Пространство). Лофт Флоу;Лофт, вечеринка, 151 м², 60 человек;+79676928564;N/A;https://www.reveltime.ru/venue/8665632?eventtype=vecherinka
SOK SPACE (Сок Пространство). Лофт Шекспир;Лофт, вечеринка, 63 м², 30 человек;+79584055346;N/A;https://www.reveltime.ru/venue/9140384?eventtype=vecherinka
SoldOut Lофт (Солдаут Лофт). Лофт с панорамными окнами;Лофт, вечеринка, 160 м², 80 человек;+79893636021;N/A;https://www.reveltime.ru/venue/3372282?eventtype=vecherinka
Soul lounge. Авторский бар;Лофт, вечеринка, 150 м², 130 человек;;N/A;https://www.reveltime.ru/venue/4137196?eventtype=vecherinka
Soulful Loft (Соулфул Лофт). Стильное лофт-пространство;Лофт, вечеринка, 110 м², 50 человек;+79386982643;N/A;https://www.reveltime.ru/venue/2146836?eventtype=vecherinka
Soulfulloft Лофт в бизнес-центре;Лофт, вечеринка, 112 м², 80 человек;+79774984998;N/A;https://www.reveltime.ru/venue/281170?eventtype=vecherinka
SOULFULLOFT. Открытое loft-пространство;Лофт, вечеринка, 90 м², 40 человек;;N/A;https://www.reveltime.ru/venue/454450?eventtype=vecherinka
Space Loft Лофт с проектором и неоновыми фигурами;Лофт, вечеринка, 40 м², 20 человек;;N/A;https://www.reveltime.ru/venue/3189837?eventtype=vecherinka
Street Art Loft (Стрит-Арт Лофт);Лофт, вечеринка, 125 м², 35 человек;+79346644195;N/A;https://www.reveltime.ru/venue/697622?eventtype=vecherinka
Surf House (Сёрф Хаус). Двухуровневая тематическая студия;Лофт, вечеринка, 90 м², 50 человек;;N/A;https://www.reveltime.ru/venue/3569640?eventtype=vecherinka
Surf House (Сёрф Хаус). Лофт с территорией под открытым небом;Лофт, вечеринка, 450 м², 150 человек;+79910172413;N/A;https://www.reveltime.ru/venue/3569923?eventtype=vecherinka
Sаnsаra Lоft (Сансара Лофт). Зал BREEZE (Бриз);Лофт, вечеринка, 58 м², 28 человек;+79019317663;N/A;https://www.reveltime.ru/venue/8731133?eventtype=vecherinka
Sаnsаra Lоft (Сансара Лофт). Зал Glam (Гламур);Лофт, вечеринка, 24 м², 15 человек;+79019317663;N/A;https://www.reveltime.ru/venue/8733270?eventtype=vecherinka
Sаnsаra Lоft (Сансара Лофт). Зал Grand (Великий);Лофт, вечеринка, 61 м², 38 человек;+79019317663;N/A;https://www.reveltime.ru/venue/8730934?eventtype=vecherinka
Sаnsаra Lоft (Сансара Лофт). Зал Gray (Серый);Лофт, вечеринка, 45 м², 18 человек;+79019317663;N/A;https://www.reveltime.ru/venue/8731099?eventtype=vecherinka
Sаnsаra Lоft (Сансара Лофт). Зал Happy (Счастливый);Лофт, вечеринка, 36 м², 18 человек;+79019317663;N/A;https://www.reveltime.ru/venue/8730924?eventtype=vecherinka
Sаnsаra Lоft (Сансара Лофт). Зал LOFT (Лофт);Лофт, вечеринка, 52 м², 24 человек;+79019317663;N/A;https://www.reveltime.ru/venue/8769731?eventtype=vecherinka
Taganka Loft. Дизайнерский лофт;Лофт, вечеринка, 100 м², 50 человек;;N/A;https://www.reveltime.ru/venue/5456041?eventtype=vecherinka
Take your Time Loft Многофункциональное пространство;Лофт, вечеринка, 240 м², 100 человек;;N/A;https://www.reveltime.ru/venue/4500680?eventtype=vecherinka
TelePort360° (ТелеПорт360°). Зеркальный лофт;Лофт, вечеринка, 48 м², 20 человек;;N/A;https://www.reveltime.ru/venue/3618769?eventtype=vecherinka
TelePort360° (ТелеПорт360°). Лофт;Лофт, вечеринка, 32 м², 12 человек;+79584974331;N/A;https://www.reveltime.ru/venue/2231681?eventtype=vecherinka
TelePort360° (ТелеПорт360°). Лофт в торговом центре;Лофт, вечеринка, 42 м², 15 человек;+79584611054;N/A;https://www.reveltime.ru/venue/2661440?eventtype=vecherinka
TelePort360° (ТелеПорт360°). Лофт-студия в ТЦ;Лофт, вечеринка, 50 м², 20 человек;+79584974160;N/A;https://www.reveltime.ru/venue/3101788?eventtype=vecherinka
Tesla Lounge Кальянная с квестами;Лофт, вечеринка, 50 м², 40 человек;;N/A;https://www.reveltime.ru/venue/343536?eventtype=vecherinka
Tesla Lounge Мини-лофт с настольным футболом;Лофт, вечеринка, 30 м², 20 человек;;N/A;https://www.reveltime.ru/venue/347338?eventtype=vecherinka
The Gallery Loft (Лофт Галерея);Лофт, вечеринка, 65 м², 20 человек;+79584974228;N/A;https://www.reveltime.ru/venue/8733987?eventtype=vecherinka
"The Loft cafe &amp; lobby bar (Зе Лофт кафе &amp; лобби бар)";Лофт, вечеринка, 56 м², 40 человек;;N/A;https://www.reveltime.ru/venue/482076?eventtype=vecherinka
The Museum Studio Белый классический лофт с камином;Лофт, вечеринка, 100 м², 50 человек;;N/A;https://www.reveltime.ru/venue/550194?eventtype=vecherinka
Time Club (Клуб Времени) Гнездо. Зал Лаунж;Лофт, вечеринка, 14 м², 9 человек;+79584055346;N/A;https://www.reveltime.ru/venue/8694069?eventtype=vecherinka
Time Club (Клуб Времени) Камин. Кинозал;Лофт, вечеринка, 48 м², 35 человек;+79584055346;N/A;https://www.reveltime.ru/venue/8694133?eventtype=vecherinka
Treff8 Club (Трефф8 Клуб). Двухуровневый клуб под закрытие;Лофт, вечеринка, 570 м², 500 человек;+79584974331;N/A;https://www.reveltime.ru/venue/6494840?eventtype=vecherinka
Under (Под). Лаундж пространство;Лофт, вечеринка, 100 м², 34 человек;+79019397094;N/A;https://www.reveltime.ru/venue/4854211?eventtype=vecherinka
Under (Под). Отдельный зал в лофте;Лофт, вечеринка, 45 м², 25 человек;+79346657019;N/A;https://www.reveltime.ru/venue/4626506?eventtype=vecherinka
Unic Space. Арт-пространство;Лофт, вечеринка, 102 м², 45 человек;;N/A;https://www.reveltime.ru/venue/1668370?eventtype=vecherinka
Verde Loft (Верде Лофт);Лофт, вечеринка, 70 м², 35 человек;+79584974084;N/A;https://www.reveltime.ru/venue/8671627?eventtype=vecherinka
VG Studios Светлый зал в скандинавском стиле;Лофт, вечеринка, 56 м², 20 человек;+79661277115;N/A;https://www.reveltime.ru/venue/1368765?eventtype=vecherinka
VibesLoft (ВайбсЛофт);Лофт, вечеринка, 50 м², 30 человек;+79019397046;N/A;https://www.reveltime.ru/venue/6557986?eventtype=vecherinka
VibesLoft (ВайбсЛофт);Лофт, вечеринка, 50 м², 30 человек;+79584974150;N/A;https://www.reveltime.ru/venue/6351007?eventtype=vecherinka
VibesLoft (ВайбсЛофт). Лофт Purple (Пурпурный);Лофт, вечеринка, 50 м², 35 человек;+79584974139;N/A;https://www.reveltime.ru/venue/6402289?eventtype=vecherinka
VibesLoft (ВайбсЛофт). Лофт Луна;Лофт, вечеринка, 50 м², 35 человек;+79584974167;N/A;https://www.reveltime.ru/venue/6350795?eventtype=vecherinka
VibesLoft (ВайбсЛофт). Розовый лофт-зал;Лофт, вечеринка, 30 м², 16 человек;+79584974150;N/A;https://www.reveltime.ru/venue/6350992?eventtype=vecherinka
Viola Left (Виола Левый лофт). Уникальное пространство для мероприятий;Лофт, вечеринка, 80 м², 40 человек;+79676928674;N/A;https://www.reveltime.ru/venue/7734623?eventtype=vecherinka
Viola Loft (Виола Лофт). Просторный и светлый лофт с панорамным видом в парк;Лофт, вечеринка, 300 м², 200 человек;+79586097164;N/A;https://www.reveltime.ru/venue/7735174?eventtype=vecherinka
Voronin Loft (Воронин Лофт). Лофт-особняк;Лофт, вечеринка, 150 м², 60 человек;+79346642952;N/A;https://www.reveltime.ru/venue/3971131?eventtype=vecherinka
Voronin Loft (Воронин Лофт). Стильный лофт;Лофт, вечеринка, 240 м², 150 человек;+79584974331;N/A;https://www.reveltime.ru/venue/6498017?eventtype=vecherinka
Vr Home (Вр Хоум). Лофт;Лофт, вечеринка, 25 м², 12 человек;+79852491213;N/A;https://www.reveltime.ru/venue/3325310?eventtype=vecherinka
VR Home Эксклюзивный уютный лофт с виртуальной реальностью;Лофт, вечеринка, 102 м², 20 человек;+79852491213;N/A;https://www.reveltime.ru/venue/1872981?eventtype=vecherinka
VR клуб;Лофт, вечеринка, 110 м², 25 человек;+79652301835;N/A;https://www.reveltime.ru/venue/3601962?eventtype=vecherinka
Wave Studio( Студия Волна). Зал Гранд;Лофт, вечеринка, 105 м², 40 человек;+79893636021;N/A;https://www.reveltime.ru/venue/5655174?eventtype=vecherinka
West Loft (Вест лофт). Многофункциональный арт-лофт;Лофт, вечеринка, 210 м², 200 человек;+79584974150;N/A;https://www.reveltime.ru/venue/4058729?eventtype=vecherinka
Wood. Вуд. Яркий и уютный лофт;Лофт, вечеринка, 20 м², 30 человек;+79584974215;N/A;https://www.reveltime.ru/venue/4951857?eventtype=vecherinka
Woodland Loft (Лесной Лофт);Лофт, вечеринка, 110 м², 40 человек;;N/A;https://www.reveltime.ru/venue/967326?eventtype=vecherinka
Work Shop Loft (Воркшоп Лофт). Зал 1 с верандой;Лофт, вечеринка, 135 м², 70 человек;+79584974089;N/A;https://www.reveltime.ru/venue/3187614?eventtype=vecherinka
Work Shop Loft (Воркшоп Лофт). Зал 10;Лофт, вечеринка, 80 м², 40 человек;+79584974228;N/A;https://www.reveltime.ru/venue/729268?eventtype=vecherinka
Work Shop Loft (Воркшоп Лофт). Зал 11;Лофт, вечеринка, 80 м², 40 человек;+79346695974;N/A;https://www.reveltime.ru/venue/540417?eventtype=vecherinka
Work Shop Loft (Воркшоп Лофт). Зал 2 с верандой;Лофт, вечеринка, 110 м², 50 человек;+79346691548;N/A;https://www.reveltime.ru/venue/3265843?eventtype=vecherinka
Work Shop Loft (Воркшоп Лофт). Зал 9;Лофт, вечеринка, 70 м², 35 человек;+79584973975;N/A;https://www.reveltime.ru/venue/2626298?eventtype=vecherinka
А53: Secret Gallery (Секретная галерея);Лофт, вечеринка, 250 м², 100 человек;+79910172113;N/A;https://www.reveltime.ru/venue/6482549?eventtype=vecherinka
Авангард. Яркий зал с авторским дизайном;Лофт, вечеринка, 20 м², 30 человек;+79346608162;N/A;https://www.reveltime.ru/venue/3316621?eventtype=vecherinka
Авангардный лофт для вечеринок;Лофт, вечеринка, 100 м², 50 человек;;N/A;https://www.reveltime.ru/venue/3928799?eventtype=vecherinka
Авторский лофт;Лофт, вечеринка, 77 м², 40 человек;;N/A;https://www.reveltime.ru/venue/2858648?eventtype=vecherinka
Адорнос Пространство премиум-класса на Улице 1905 года;Лофт, вечеринка, 157 м², 50 человек;+78004444491;N/A;https://www.reveltime.ru/venue/4608778?eventtype=vecherinka
Алиби Лофт;Лофт, вечеринка, 120 м², 50 человек;+79150528083;N/A;https://www.reveltime.ru/venue/4488361?eventtype=vecherinka
Алсион Лофт с гримеркой;Лофт, вечеринка, 50 м², 30 человек;;N/A;https://www.reveltime.ru/venue/3080724?eventtype=vecherinka
Альтернатива. Неоновый лофт-зал;Лофт, вечеринка, 18 м², 12 человек;+79584974215;N/A;https://www.reveltime.ru/venue/4512046?eventtype=vecherinka
Альтернатива. Светлый игровой зал;Лофт, вечеринка, 30 м², 18 человек;+79584974331;N/A;https://www.reveltime.ru/venue/5935975?eventtype=vecherinka
Антикафе СВОБОДА Лофт с кинотеатром;Лофт, вечеринка, 100 м², 50 человек;;N/A;https://www.reveltime.ru/venue/337556?eventtype=vecherinka
антикафе Эксперт Мини-лофт с большим экраном;Лофт, вечеринка, 25 м², 13 человек;;N/A;https://www.reveltime.ru/venue/803612?eventtype=vecherinka
Апартаменты с видом на Москву;Лофт, вечеринка, 55 м², 8 человек;+74954324143;N/A;https://www.reveltime.ru/venue/4992890?eventtype=vecherinka
Арма Лофт. Лофт с верандой;Лофт, вечеринка, 45 м², 20 человек;+79584974089;N/A;https://www.reveltime.ru/venue/6472314?eventtype=vecherinka
Арма Лофт. Светлый лофт-зал;Лофт, вечеринка, 32 м², 20 человек;+79019317643;N/A;https://www.reveltime.ru/venue/7139447?eventtype=vecherinka
Арма Лофт. Уютный кинозал;Лофт, вечеринка, 20 м², 12 человек;+79584974206;N/A;https://www.reveltime.ru/venue/6472635?eventtype=vecherinka
Арт Усадьба. Лофт в старинной усадьбе 18 века;Лофт, вечеринка, 57 м², 30 человек;;N/A;https://www.reveltime.ru/venue/4059093?eventtype=vecherinka
Арт-лофт в темных тонах с большим экраном;Лофт, вечеринка, 40 м², 12 человек;;N/A;https://www.reveltime.ru/venue/2555731?eventtype=vecherinka
Арт-пространство;Лофт, вечеринка, 400 м², 70 человек;;N/A;https://www.reveltime.ru/venue/381141?eventtype=vecherinka
Арт-Центр Provodka Свободное арт-пространство;Лофт, вечеринка, 170 м², 120 человек;;N/A;https://www.reveltime.ru/venue/314754?eventtype=vecherinka
АртКонтракт Площадка с высокими потолками;Лофт, вечеринка, 195 м², 20 человек;;N/A;https://www.reveltime.ru/venue/711434?eventtype=vecherinka
Атмосфера - Лофт;Лофт, вечеринка, 60 м², 30 человек;;N/A;https://www.reveltime.ru/venue/3625563?eventtype=vecherinka
Атмосфера - Лофт Просторный лофт со сценой;Лофт, вечеринка, 180 м², 120 человек;;N/A;https://www.reveltime.ru/venue/2686291?eventtype=vecherinka
Атмосферное пространство;Лофт, вечеринка, 130 м², 60 человек;+79813376418;N/A;https://www.reveltime.ru/venue/5474506?eventtype=vecherinka
Атмосферное пространство для мероприятий;Лофт, вечеринка, 120 м², 80 человек;;N/A;https://www.reveltime.ru/venue/3996938?eventtype=vecherinka
Б. 23 Светлое кафе под закрытие;Лофт, вечеринка, 30 м², 10 человек;;N/A;https://www.reveltime.ru/venue/4734246?eventtype=vecherinka
Банкетный зал;Лофт, вечеринка, 75 м², 35 человек;;N/A;https://www.reveltime.ru/venue/2066447?eventtype=vecherinka
Бар 2 крыла. Хоббит Хаус;Лофт, вечеринка, 18 м², 10 человек;+79893636021;N/A;https://www.reveltime.ru/venue/3319529?eventtype=vecherinka
Бар 44. Лофт;Лофт, вечеринка, 80 м², 60 человек;+79663644441;N/A;https://www.reveltime.ru/venue/726221?eventtype=vecherinka
Бар с лаунж-зоной под закрытие;Лофт, вечеринка, 75 м², 40 человек;;N/A;https://www.reveltime.ru/venue/1283983?eventtype=vecherinka
Барокко. Элегантный лофт;Лофт, вечеринка, 52 м², 30 человек;+79346699837;N/A;https://www.reveltime.ru/venue/9217519?eventtype=vecherinka
Басманный двор. Digital Brothers Двухуровневый лофт;Лофт, вечеринка, 250 м², 300 человек;;N/A;https://www.reveltime.ru/venue/4357423?eventtype=vecherinka
БАХРУШИНЪ LOFT. Лофт с арочными окнами;Лофт, вечеринка, 65 м², 30 человек;+79168359422;N/A;https://www.reveltime.ru/venue/635946?eventtype=vecherinka
БАХРУШИНЪ LOFT. Светлый лофт премиум-класса;Лофт, вечеринка, 70 м², 30 человек;+79168359422;N/A;https://www.reveltime.ru/venue/635877?eventtype=vecherinka
Белый лофт;Лофт, вечеринка, 50 м², 30 человек;+79346644195;N/A;https://www.reveltime.ru/venue/462823?eventtype=vecherinka
Бизнес-центр Новослободский Лофт декорированный кирпичом;Лофт, вечеринка, 42 м², 20 человек;;N/A;https://www.reveltime.ru/venue/2735160?eventtype=vecherinka
Бизнес-центр Новослободский Лофт с кирпичными стенами;Лофт, вечеринка, 140 м², 60 человек;;N/A;https://www.reveltime.ru/venue/2893551?eventtype=vecherinka
Бистрофф. Лофт;Лофт, вечеринка, 120 м², 25 человек;;N/A;https://www.reveltime.ru/venue/2605460?eventtype=vecherinka
Бывший ресторан Demi (Деми). Пространство с панорамными окнами;Лофт, вечеринка, 300 м², 180 человек;+79346642952;N/A;https://www.reveltime.ru/venue/8240012?eventtype=vecherinka
БЮРО хороших событий. Лофт Олив;Лофт, вечеринка, 30 м², 15 человек;+79893636021;N/A;https://www.reveltime.ru/venue/8620742?eventtype=vecherinka
Вегас. Атмосферный лофт с акцентным дизайном;Лофт, вечеринка, 45 м², 20 человек;+79584611054;N/A;https://www.reveltime.ru/venue/9093134?eventtype=vecherinka
Винтажный лофт-зал;Лофт, вечеринка, 60 м², 45 человек;+79019317663;N/A;https://www.reveltime.ru/venue/6478762?eventtype=vecherinka
Выставка Российских дизайнеров Пространство;Лофт, вечеринка, 150 м², 150 человек;;N/A;https://www.reveltime.ru/venue/3874872?eventtype=vecherinka
Выставка. Просторный лофт в светлых тонах;Лофт, вечеринка, 548 м², 350 человек;+79813347290;N/A;https://www.reveltime.ru/venue/8219292?eventtype=vecherinka
Галерея HOT-ART. Трансформируемый арт-лофт;Лофт, вечеринка, 70 м², 45 человек;;N/A;https://www.reveltime.ru/venue/1253204?eventtype=vecherinka
Галерея. Стильный светлый лофт в голубых тонах;Лофт, вечеринка, 40 м², 25 человек;+79386989873;N/A;https://www.reveltime.ru/venue/6829095?eventtype=vecherinka
Гарри Поттер. Лофт в классическом стиле с выходом на крышу;Лофт, вечеринка, 32 м², 18 человек;+79584974215;N/A;https://www.reveltime.ru/venue/4505269?eventtype=vecherinka
Гейминг Лофт;Лофт, вечеринка, 28 м², 20 человек;+79584974160;https://netarena.ru/loft;https://www.reveltime.ru/venue/9212919?eventtype=vecherinka
География. Двухуровневый лофт-бар;Лофт, вечеринка, 230 м², 70 человек;+79019317663;N/A;https://www.reveltime.ru/venue/228708?eventtype=vecherinka
Голливуд. Элегантный лофт в зелено-бежевых оттенках;Лофт, вечеринка, 43 м², 30 человек;+79584610759;N/A;https://www.reveltime.ru/venue/9093123?eventtype=vecherinka
Граф. Кафе под закрытие;Лофт, вечеринка, 150 м², 80 человек;;N/A;https://www.reveltime.ru/venue/2677240?eventtype=vecherinka
Гримёрка. VIP-комната;Лофт, вечеринка, 20 м², 15 человек;+79346642952;N/A;https://www.reveltime.ru/venue/8786280?eventtype=vecherinka
Гримёрка. Купол на крыше;Лофт, вечеринка, 7 м², 6 человек;+79346642952;N/A;https://www.reveltime.ru/venue/8786419?eventtype=vecherinka
Гримёрка. Стильный караоке-зал;Лофт, вечеринка, 70 м², 50 человек;+79346642952;N/A;https://www.reveltime.ru/venue/8783829?eventtype=vecherinka
Гринвуд. Мраморный лофт-зал;Лофт, вечеринка, 40 м², 19 человек;+74992888034;N/A;https://www.reveltime.ru/venue/4758573?eventtype=vecherinka
Двойной белый лофт;Лофт, вечеринка, 170 м², 20 человек;;N/A;https://www.reveltime.ru/venue/560456?eventtype=vecherinka
Двойной лофт на мансардном этаже;Лофт, вечеринка, 49 м², 30 человек;+79584630738;N/A;https://www.reveltime.ru/venue/6931618?eventtype=vecherinka
Двойной лофт с барной стойкой;Лофт, вечеринка, 90 м², 25 человек;;N/A;https://www.reveltime.ru/venue/2401616?eventtype=vecherinka
Двухуровневый арт-лофт с собственной парковкой;Лофт, вечеринка, 70 м², 35 человек;;N/A;https://www.reveltime.ru/venue/2156231?eventtype=vecherinka
Двухуровневый атмосферный лофт;Лофт, вечеринка, 91 м², 40 человек;;N/A;https://www.reveltime.ru/venue/5882880?eventtype=vecherinka
Двухуровневый банкетный зал в японском стиле;Лофт, вечеринка, 200 м², 80 человек;;N/A;https://www.reveltime.ru/venue/3484400?eventtype=vecherinka
Двухуровневый лофт из белого кирпича;Лофт, вечеринка, 130 м², 100 человек;;N/A;https://www.reveltime.ru/venue/5865933?eventtype=vecherinka
Двухуровневый лофт с кожаными диванами;Лофт, вечеринка, 400 м², 100 человек;;N/A;https://www.reveltime.ru/venue/3714345?eventtype=vecherinka
Двухуровневый лофт с растениями;Лофт, вечеринка, 50 м², 20 человек;+79910173255;N/A;https://www.reveltime.ru/venue/5803822?eventtype=vecherinka
Двухъярусное лофт-пространство;Лофт, вечеринка, 66 м², 30 человек;+79693467396;N/A;https://www.reveltime.ru/venue/2470164?eventtype=vecherinka
Двухэтажное лофт-пространство;Лофт, вечеринка, 160 м², 50 человек;;N/A;https://www.reveltime.ru/venue/1460877?eventtype=vecherinka
Двухэтажный британский лофт;Лофт, вечеринка, 85 м², 35 человек;;N/A;https://www.reveltime.ru/venue/3587816?eventtype=vecherinka
Двухэтажный лофт в историческом здании;Лофт, вечеринка, 200 м², 70 человек;+79035501844;N/A;https://www.reveltime.ru/venue/2626584?eventtype=vecherinka
Двухэтажный лофт в центре Москвы;Лофт, вечеринка, 500 м², 300 человек;;N/A;https://www.reveltime.ru/venue/1025506?eventtype=vecherinka
делай культуру Трансформируемый арт-лофт;Лофт, вечеринка, 104 м², 50 человек;;N/A;https://www.reveltime.ru/venue/385452?eventtype=vecherinka
ДеловРаке Светлый бар под закрытие;Лофт, вечеринка, 50 м², 25 человек;;N/A;https://www.reveltime.ru/venue/5575372?eventtype=vecherinka
ДеловРаке Уютный лофт-бар;Лофт, вечеринка, 50 м², 25 человек;;N/A;https://www.reveltime.ru/venue/5578382?eventtype=vecherinka
Детский Лофт «Киндервиль» на Бабушкинской;Лофт, вечеринка, 65 м², 25 человек;;N/A;https://www.reveltime.ru/venue/2499211?eventtype=vecherinka
Джунгли. Танцевальный лофт со стильной фотозоной, барной стойкой, неоном и всех необходимой техникой;Лофт, вечеринка, 70 м², 30 человек;+79584974084;N/A;https://www.reveltime.ru/venue/8461284?eventtype=vecherinka
Дизайнерский лофт в историческом центре Москвы;Лофт, вечеринка, 80 м², 60 человек;;N/A;https://www.reveltime.ru/venue/2554511?eventtype=vecherinka
Дизайнерский лофт с кухней;Лофт, вечеринка, 155 м², 50 человек;;N/A;https://www.reveltime.ru/venue/892667?eventtype=vecherinka
Дизайнерский лофт с отдельным входом;Лофт, вечеринка, 104 м², 50 человек;;N/A;https://www.reveltime.ru/venue/2246960?eventtype=vecherinka
Дизайнерский лофт с панорамными окнами и кухней;Лофт, вечеринка, 85 м², 35 человек;+79777137848;N/A;https://www.reveltime.ru/venue/3287091?eventtype=vecherinka
Дизайнерский особняк с панорамным остеклением;Лофт, вечеринка, 110 м², 40 человек;;N/A;https://www.reveltime.ru/venue/2114774?eventtype=vecherinka
Дизайнерское лофт-пространство с неоновой подсветкой;Лофт, вечеринка, 120 м², 50 человек;;N/A;https://www.reveltime.ru/venue/3878530?eventtype=vecherinka
Дом культуры Фактура1913;Лофт, вечеринка, 550 м², 250 человек;;N/A;https://www.reveltime.ru/venue/249787?eventtype=vecherinka
Дом Липы. Уютное пространство с большими окнами;Лофт, вечеринка, 35 м², 15 человек;+79893636021;N/A;https://www.reveltime.ru/venue/4680589?eventtype=vecherinka
Дуплекс. Duplex Стильная двухуровневая площадка;Лофт, вечеринка, 70 м², 25 человек;;N/A;https://www.reveltime.ru/venue/4550498?eventtype=vecherinka
"Зал &quot;PIXELS&quot;. Яркая площадка в стилистике 90-х";Лофт, вечеринка, 90 м², 40 человек;;N/A;https://www.reveltime.ru/venue/5764467?eventtype=vecherinka
"Зал &quot;Атлантик&quot;. Просторный белый лофт с высокими потолками";Лофт, вечеринка, 170 м², 130 человек;+79584610759;N/A;https://www.reveltime.ru/venue/6809768?eventtype=vecherinka
Зал Noar (Нуар). Эстетичный лофт;Лофт, вечеринка, 35 м², 16 человек;+79584974084;N/A;https://www.reveltime.ru/venue/6367002?eventtype=vecherinka
Зал Альпы Интерьерный зал в стиле шале;Лофт, вечеринка, 110 м², 30 человек;+79778759900;N/A;https://www.reveltime.ru/venue/3253517?eventtype=vecherinka
Зал Ваниль Уютный отдельный зал;Лофт, вечеринка, 35 м², 15 человек;+79963547907;N/A;https://www.reveltime.ru/venue/4293224?eventtype=vecherinka
Зал для презентаций с гримерками;Лофт, вечеринка, 120 м², 120 человек;;N/A;https://www.reveltime.ru/venue/245661?eventtype=vecherinka
Зал под кулинарные мастер классы и мероприятия;Лофт, вечеринка, 250 м², 150 человек;+79346657019;N/A;https://www.reveltime.ru/venue/9140942?eventtype=vecherinka
Залечь На Дно. Уютный бункер;Лофт, вечеринка, 55 м², 20 человек;;N/A;https://www.reveltime.ru/venue/723102?eventtype=vecherinka
Замес Светлый лофт с диванчиками на Пролетарской;Лофт, вечеринка, 70 м², 30 человек;;N/A;https://www.reveltime.ru/venue/2851880?eventtype=vecherinka
Зеленый. Атмосферный лофт с караоке, большим экраном, фотозоной и светомузыкой;Лофт, вечеринка, 50 м², 30 человек;+79346642952;N/A;https://www.reveltime.ru/venue/6829728?eventtype=vecherinka
Зонированный лофт с пуфами. Event - пространство TEPLICA;Лофт, вечеринка, 216 м², 80 человек;;N/A;https://www.reveltime.ru/venue/3348889?eventtype=vecherinka
ИглуБар. Bad girl. Тёмный лофт-зал в красных оттенках;Лофт, вечеринка, 35 м², 21 человек;+79584974226;N/A;https://www.reveltime.ru/venue/4505214?eventtype=vecherinka
ИглуБар. Black Antique. Стильный лофт в тёмных тонах;Лофт, вечеринка, 40 м², 25 человек;+79584974226;N/A;https://www.reveltime.ru/venue/4505236?eventtype=vecherinka
ИглуБар. Гарри Поттер. Лофт-зал в классическом стиле;Лофт, вечеринка, 32 м², 18 человек;+79584974226;N/A;https://www.reveltime.ru/venue/4505253?eventtype=vecherinka
ИглуЛофт. WOW. Красочный лофт-зал с выходом на веранду;Лофт, вечеринка, 35 м², 17 человек;+79910173255;N/A;https://www.reveltime.ru/venue/3759742?eventtype=vecherinka
ИглуЛофт. Атриум. Аутентичный лофт-зал;Лофт, вечеринка, 40 м², 21 человек;+79584610759;N/A;https://www.reveltime.ru/venue/4969463?eventtype=vecherinka
ИглуЛофт. Бульдог. Камерный лофт-зал;Лофт, вечеринка, 18 м², 12 человек;+79019317643;N/A;https://www.reveltime.ru/venue/4553740?eventtype=vecherinka
ИглуЛофт. Высота. Просторный лофт-зал;Лофт, вечеринка, 58 м², 24 человек;+79346695974;N/A;https://www.reveltime.ru/venue/5920619?eventtype=vecherinka
ИглуЛофт. Гости. Лофт из двух комнат с выходом на веранду;Лофт, вечеринка, 24 м², 15 человек;+79910173255;N/A;https://www.reveltime.ru/venue/3754608?eventtype=vecherinka
ИглуЛофт. Грейлофт. Лофт-зал в современном стиле;Лофт, вечеринка, 28 м², 14 человек;+79019317643;N/A;https://www.reveltime.ru/venue/4553552?eventtype=vecherinka
ИглуЛофт. Майами. Яркий лофт-зал с окнами на веранду;Лофт, вечеринка, 30 м², 14 человек;+79910173255;N/A;https://www.reveltime.ru/venue/3759849?eventtype=vecherinka
ИглуЛофт. Нео Классик. Стильный лофт-зал;Лофт, вечеринка, 27 м², 17 человек;+79910173255;N/A;https://www.reveltime.ru/venue/3759834?eventtype=vecherinka
ИглуЛофт. Панорама. Чёрный лофт-зал;Лофт, вечеринка, 48 м², 40 человек;+79910172413;N/A;https://www.reveltime.ru/venue/3482958?eventtype=vecherinka
ИглуЛофт. Уютный купол на крыше;Лофт, вечеринка, 50 м², 10 человек;;N/A;https://www.reveltime.ru/venue/4566820?eventtype=vecherinka
ИглуЛофт. Шэдоулофт. Премиальный лофт-зал;Лофт, вечеринка, 27 м², 15 человек;+79346691548;N/A;https://www.reveltime.ru/venue/6055753?eventtype=vecherinka
Измайловский лофт с верандой;Лофт, вечеринка, 105 м², 45 человек;;N/A;https://www.reveltime.ru/venue/3802448?eventtype=vecherinka
Изостудия Дом Художника в Измайлово. Арт-пространство с высокими потолками;Лофт, вечеринка, 69 м², 30 человек;+79346608162;N/A;https://www.reveltime.ru/venue/3699065?eventtype=vecherinka
Индустриальный лофт;Лофт, вечеринка, 190 м², 150 человек;;N/A;https://www.reveltime.ru/venue/432203?eventtype=vecherinka
Интерьерная студия для творчества и вечеринок;Лофт, вечеринка, 88 м², 50 человек;+79687397476;N/A;https://www.reveltime.ru/venue/2783203?eventtype=vecherinka
"Кальянная &quot;Push-Up&quot; Уютная кальянная для отдыха";Лофт, вечеринка, 44 м², 20 человек;;N/A;https://www.reveltime.ru/venue/1992969?eventtype=vecherinka
Кальянная Steam Machine. Темный лофт с кальянами;Лофт, вечеринка, 15 м², 10 человек;;N/A;https://www.reveltime.ru/venue/3020731?eventtype=vecherinka
Кальянная Мята Площадка с диванами и кальянами;Лофт, вечеринка, 98 м², 30 человек;;N/A;https://www.reveltime.ru/venue/3919858?eventtype=vecherinka
Камерный бар под закрытие;Лофт, вечеринка, 40 м², 25 человек;;N/A;https://www.reveltime.ru/venue/3999142?eventtype=vecherinka
Камерный лофт с манекенами;Лофт, вечеринка, 45 м², 20 человек;;N/A;https://www.reveltime.ru/venue/3394724?eventtype=vecherinka
Кафе Деталька Лофт с проектором и играми;Лофт, вечеринка, 21 м², 12 человек;;N/A;https://www.reveltime.ru/venue/3528513?eventtype=vecherinka
Кафе Море Внутри. Открытая веранда в парке;Лофт, вечеринка, 320 м², 250 человек;;N/A;https://www.reveltime.ru/venue/2662599?eventtype=vecherinka
Кафе под закрытие в советском стиле;Лофт, вечеринка, 50 м², 35 человек;+79199964838;N/A;https://www.reveltime.ru/venue/3170777?eventtype=vecherinka
Кафе Утренник. Кафе под закрытие в самом центре Москвы;Лофт, вечеринка, 65 м², 33 человек;+79893636021;N/A;https://www.reveltime.ru/venue/7769700?eventtype=vecherinka
Кафе-лофт для праздников;Лофт, вечеринка, 200 м², 50 человек;;N/A;https://www.reveltime.ru/venue/327873?eventtype=vecherinka
Квест Прятки в Алькатрасе;Лофт, вечеринка, 1500 м², 50 человек;;N/A;https://www.reveltime.ru/venue/3451100?eventtype=vecherinka
"Квестаун Party. &quot;А1&quot;. Стильный лофт-зал на севере города";Лофт, вечеринка, 35 м², 20 человек;+79161076553;N/A;https://www.reveltime.ru/venue/6992054?eventtype=vecherinka
КиберКлуб YouPlay (Ты играешь). Клуб компьютерных и консольных игр;Лофт, вечеринка, 100 м², 40 человек;+79676928564;N/A;https://www.reveltime.ru/venue/2840766?eventtype=vecherinka
КиберКлуб Youplay (Юплей). Кибер-лофт с консолями, рулями, VR и ПК;Лофт, вечеринка, 100 м², 40 человек;+79584974228;N/A;https://www.reveltime.ru/venue/7591289?eventtype=vecherinka
Кино Лофт. Лофт с большим экраном;Лофт, вечеринка, 86 м², 40 человек;;N/A;https://www.reveltime.ru/venue/2025169?eventtype=vecherinka
Киото. Светлый зал с кухней;Лофт, вечеринка, 80 м², 35 человек;+79910172413;N/A;https://www.reveltime.ru/venue/9157812?eventtype=vecherinka
Кирпичный лофт в центре;Лофт, вечеринка, 65 м², 30 человек;;N/A;https://www.reveltime.ru/venue/3018730?eventtype=vecherinka
Кирпичный лофт с экраном во всю стену;Лофт, вечеринка, 49 м², 30 человек;;N/A;https://www.reveltime.ru/venue/3432214?eventtype=vecherinka
Классический лофт с камином;Лофт, вечеринка, 85 м², 40 человек;;N/A;https://www.reveltime.ru/venue/4769124?eventtype=vecherinka
Клуб Ведущих Лофт с оборудованием;Лофт, вечеринка, 130 м², 80 человек;;N/A;https://www.reveltime.ru/venue/608927?eventtype=vecherinka
Клубный лофт на набережной;Лофт, вечеринка, 95 м², 40 человек;;N/A;https://www.reveltime.ru/venue/7959148?eventtype=vecherinka
Коворкинг Stories Светлый мини-лофт;Лофт, вечеринка, 20 м², 10 человек;;N/A;https://www.reveltime.ru/venue/1373633?eventtype=vecherinka
Комфортный лофт;Лофт, вечеринка, 60 м², 20 человек;+79584973975;N/A;https://www.reveltime.ru/venue/6930239?eventtype=vecherinka
Контора праздника. Зал в стиле лофт;Лофт, вечеринка, 100 м², 35 человек;;N/A;https://www.reveltime.ru/venue/3293769?eventtype=vecherinka
Контора праздника. Зал в стиле лофт с отдельным входом;Лофт, вечеринка, 100 м², 35 человек;;N/A;https://www.reveltime.ru/venue/3293537?eventtype=vecherinka
Концертная площадка с панорамными окнами;Лофт, вечеринка, 230 м², 120 человек;+79584974206;N/A;https://www.reveltime.ru/venue/4104387?eventtype=vecherinka
Королева. Стильный лофт с караоке и светомузыкой;Лофт, вечеринка, 40 м², 25 человек;+79346692796;N/A;https://www.reveltime.ru/venue/6829637?eventtype=vecherinka
Космополитен. Розовый лофт-зал;Лофт, вечеринка, 38 м², 19 человек;+79019397094;N/A;https://www.reveltime.ru/venue/4890611?eventtype=vecherinka
Коэффициент притяжения. Уютный лофт в центре;Лофт, вечеринка, 30 м², 15 человек;+79774941734;N/A;https://www.reveltime.ru/venue/5014234?eventtype=vecherinka
Красочный лофт;Лофт, вечеринка, 35 м², 20 человек;;N/A;https://www.reveltime.ru/venue/292316?eventtype=vecherinka
Креативное лофт-пространство;Лофт, вечеринка, 85 м², 30 человек;;N/A;https://www.reveltime.ru/venue/1366946?eventtype=vecherinka
Креативное пространство для ламповых мероприятий;Лофт, вечеринка, 90 м², 50 человек;;N/A;https://www.reveltime.ru/venue/3584168?eventtype=vecherinka
Креативный лофт в центре;Лофт, вечеринка, 270 м², 120 человек;;N/A;https://www.reveltime.ru/venue/630913?eventtype=vecherinka
Кремлёвская Кухня. Кулинарная студия в башне;Лофт, вечеринка, 55 м², 35 человек;+79584630738;N/A;https://www.reveltime.ru/venue/2710801?eventtype=vecherinka
Кристофер. Лофт-пространство;Лофт, вечеринка, 65 м², 27 человек;+79257803535;N/A;https://www.reveltime.ru/venue/3276192?eventtype=vecherinka
Купол на крыше с панорамным видом;Лофт, вечеринка, 13 м², 10 человек;+74954320156;N/A;https://www.reveltime.ru/venue/257853?eventtype=vecherinka
Лампа лофт;Лофт, вечеринка, 48 м², 30 человек;+79252118822;N/A;https://www.reveltime.ru/venue/6185676?eventtype=vecherinka
лаундж-бар - Meduzzza с диванами;Лофт, вечеринка, 18 м², 20 человек;;N/A;https://www.reveltime.ru/venue/2060443?eventtype=vecherinka
Лаундж-пространство с кафе для детских мероприятий;Лофт, вечеринка, 100 м², 40 человек;+79629959666;N/A;https://www.reveltime.ru/venue/3639863?eventtype=vecherinka
Лаунж-бар HookahXV;Лофт, вечеринка, 300 м², 70 человек;;N/A;https://www.reveltime.ru/venue/1056816?eventtype=vecherinka
Лаунж-бар в тропическом стиле;Лофт, вечеринка, 150 м², 200 человек;+79584974160;N/A;https://www.reveltime.ru/venue/4036529?eventtype=vecherinka
Лес. Театральный лофт с верандой, сценой и вторым ярусом;Лофт, вечеринка, 90 м², 50 человек;+79586097164;N/A;https://www.reveltime.ru/venue/6650714?eventtype=vecherinka
Ловушка. Яркая лофт-комната для мероприятий;Лофт, вечеринка, 23 м², 15 человек;+79584973975;N/A;https://www.reveltime.ru/venue/7493732?eventtype=vecherinka
"Лофт &quot;COVEN&quot; (Лофт &quot;КОВЕН&quot;). Тематический тёмный лофт";Лофт, вечеринка, 35 м², 20 человек;;N/A;https://www.reveltime.ru/venue/5771209?eventtype=vecherinka
Лофт - кальянная Steam Machine;Лофт, вечеринка, 45 м², 25 человек;;N/A;https://www.reveltime.ru/venue/3020741?eventtype=vecherinka
Лофт - Хорошая студия. Уютный дизайнерский лофт;Лофт, вечеринка, 60 м², 35 человек;;N/A;https://www.reveltime.ru/venue/1426111?eventtype=vecherinka
Лофт 24;Лофт, вечеринка, 55 м², 25 человек;+79584974160;N/A;https://www.reveltime.ru/venue/4416899?eventtype=vecherinka
Лофт Grape (Виноград);Лофт, вечеринка, 69 м², 35 человек;+79939054093;N/A;https://www.reveltime.ru/venue/4744920?eventtype=vecherinka
Лофт IDEALISTA (Идеалиста). Просторный двухуровневый лофт;Лофт, вечеринка, 378 м², 200 человек;+79910173255;N/A;https://www.reveltime.ru/venue/2910426?eventtype=vecherinka
Лофт ITALY (Италия);Лофт, вечеринка, 100 м², 35 человек;+79584611054;N/A;https://www.reveltime.ru/venue/5013656?eventtype=vecherinka
Лофт komoД. Лофт Дельта. Большой лофт;Лофт, вечеринка, 140 м², 90 человек;+79586097164;N/A;https://www.reveltime.ru/venue/6966120?eventtype=vecherinka
Лофт Ocean vibe (Оушен вайб);Лофт, вечеринка, 85 м², 45 человек;+79910172413;N/A;https://www.reveltime.ru/venue/5712199?eventtype=vecherinka
Лофт Rise (Райз);Лофт, вечеринка, 100 м², 40 человек;+79584974064;N/A;https://www.reveltime.ru/venue/6748593?eventtype=vecherinka
Лофт Surf house (Сёрф Хаус);Лофт, вечеринка, 90 м², 40 человек;+79346699837;N/A;https://www.reveltime.ru/venue/3903515?eventtype=vecherinka
Лофт TROPICANA (Тропиканка);Лофт, вечеринка, 185 м², 80 человек;+79346608162;N/A;https://www.reveltime.ru/venue/6192590?eventtype=vecherinka
Лофт Амулет;Лофт, вечеринка, 185 м², 80 человек;+79346642952;N/A;https://www.reveltime.ru/venue/6117307?eventtype=vecherinka
Лофт база. Просторная мансарда для вечеринок;Лофт, вечеринка, 122 м², 50 человек;+79584974167;N/A;https://www.reveltime.ru/venue/6325004?eventtype=vecherinka
Лофт Бангкок;Лофт, вечеринка, 50 м², 20 человек;+79346699837;N/A;https://www.reveltime.ru/venue/206436?eventtype=vecherinka
Лофт в белом кирпиче;Лофт, вечеринка, 100 м², 30 человек;;N/A;https://www.reveltime.ru/venue/1397925?eventtype=vecherinka
Лофт в бизнес центре;Лофт, вечеринка, 137 м², 65 человек;;N/A;https://www.reveltime.ru/venue/972941?eventtype=vecherinka
Лофт в кубинском стиле;Лофт, вечеринка, 25 м², 15 человек;;N/A;https://www.reveltime.ru/venue/2318835?eventtype=vecherinka
Лофт в сдержанных тонах;Лофт, вечеринка, 70 м², 40 человек;;N/A;https://www.reveltime.ru/venue/3289754?eventtype=vecherinka
Лофт в сказочном саду;Лофт, вечеринка, 100 м², 35 человек;;N/A;https://www.reveltime.ru/venue/434100?eventtype=vecherinka
Лофт в скандинавском стиле с кухней и отдельным входом;Лофт, вечеринка, 100 м², 150 человек;;N/A;https://www.reveltime.ru/venue/3498684?eventtype=vecherinka
Лофт в стиле SteamPank;Лофт, вечеринка, 52 м², 50 человек;+79399007993;N/A;https://www.reveltime.ru/venue/593855?eventtype=vecherinka
Лофт в стиле Диско;Лофт, вечеринка, 90 м², 35 человек;+79584974226;N/A;https://www.reveltime.ru/venue/3408496?eventtype=vecherinka
Лофт в стиле минимализм;Лофт, вечеринка, 100 м², 30 человек;;N/A;https://www.reveltime.ru/venue/516982?eventtype=vecherinka
Лофт в тропическом стиле;Лофт, вечеринка, 180 м², 200 человек;;N/A;https://www.reveltime.ru/venue/2302698?eventtype=vecherinka
Лофт Вудсток. Лофт с высокими потолками;Лофт, вечеринка, 85 м², 30 человек;+79346695974;N/A;https://www.reveltime.ru/venue/7870122?eventtype=vecherinka
Лофт где можно все;Лофт, вечеринка, 130 м², 50 человек;+79852287192;https://www.kremlin.apartments;https://www.reveltime.ru/venue/9184259?eventtype=vecherinka
Лофт Гости;Лофт, вечеринка, 120 м², 70 человек;+79676932714;N/A;https://www.reveltime.ru/venue/2875559?eventtype=vecherinka
Лофт Граффити;Лофт, вечеринка, 27 м², 10 человек;+79584974064;N/A;https://www.reveltime.ru/venue/9183162?eventtype=vecherinka
Лофт для вечеринок в самом центре;Лофт, вечеринка, 100 м², 35 человек;+79036104324;N/A;https://www.reveltime.ru/venue/211808?eventtype=vecherinka
Лофт для вечеринок с балконом;Лофт, вечеринка, 100 м², 40 человек;;N/A;https://www.reveltime.ru/venue/211049?eventtype=vecherinka
Лофт для ламповых вечеринок;Лофт, вечеринка, 50 м², 25 человек;;N/A;https://www.reveltime.ru/venue/3380090?eventtype=vecherinka
Лофт для настольных игр в небольшой компании;Лофт, вечеринка, 20 м², 12 человек;;N/A;https://www.reveltime.ru/venue/3563379?eventtype=vecherinka
Лофт Зазеркалье;Лофт, вечеринка, 80 м², 20 человек;+79346692796;N/A;https://www.reveltime.ru/venue/209632?eventtype=vecherinka
Лофт ИЗНАНКА. Зал ГОЛЛИВУД;Лофт, вечеринка, 23 м², 15 человек;+79584974139;N/A;https://www.reveltime.ru/venue/4698621?eventtype=vecherinka
Лофт ИЗНАНКА. Зал КАСТЛ;Лофт, вечеринка, 100 м², 50 человек;+79584974215;N/A;https://www.reveltime.ru/venue/3778845?eventtype=vecherinka
Лофт ИЗНАНКА. Зал ЛИХИЕ 90-е;Лофт, вечеринка, 75 м², 35 человек;+79584973975;N/A;https://www.reveltime.ru/venue/359047?eventtype=vecherinka
Лофт ИЗНАНКА. Зал ТОКИО;Лофт, вечеринка, 80 м², 35 человек;+79346657019;N/A;https://www.reveltime.ru/venue/6183917?eventtype=vecherinka
Лофт Империя Лофт с барной стойкой и балконом;Лофт, вечеринка, 120 м², 80 человек;;N/A;https://www.reveltime.ru/venue/314056?eventtype=vecherinka
Лофт Кастинг Клубный лофт в дизайнерском стиле;Лофт, вечеринка, 40 м², 20 человек;;N/A;https://www.reveltime.ru/venue/4565973?eventtype=vecherinka
Лофт Ключи. Уютный лофт с яркими акцентами;Лофт, вечеринка, 179 м², 60 человек;;N/A;https://www.reveltime.ru/venue/4075753?eventtype=vecherinka
Лофт Комод. Уютный лофт;Лофт, вечеринка, 110 м², 50 человек;+79019397085;N/A;https://www.reveltime.ru/venue/722937?eventtype=vecherinka
Лофт Космос. Белый лофт в особняке;Лофт, вечеринка, 250 м², 80 человек;+79254013159;N/A;https://www.reveltime.ru/venue/2784991?eventtype=vecherinka
Лофт Котельная;Лофт, вечеринка, 480 м², 300 человек;+79386982643;https://hlebozavod9.ru/rent/#kotelnaja;https://www.reveltime.ru/venue/9217054?eventtype=vecherinka
Лофт Кофе Деталька Зеленый зал;Лофт, вечеринка, 21 м², 15 человек;;N/A;https://www.reveltime.ru/venue/3567308?eventtype=vecherinka
Лофт Кофе Деталька. Антикафе;Лофт, вечеринка, 90 м², 40 человек;;N/A;https://www.reveltime.ru/venue/3578719?eventtype=vecherinka
Лофт Курс. Двухэтажное арт-лофт;Лофт, вечеринка, 130 м², 80 человек;;N/A;https://www.reveltime.ru/venue/717030?eventtype=vecherinka
Лофт Лайф;Лофт, вечеринка, 120 м², 50 человек;+79584974206;N/A;https://www.reveltime.ru/venue/8423125?eventtype=vecherinka
Лофт Льюис. Эстетичный зал;Лофт, вечеринка, 67 м², 35 человек;+79346695974;N/A;https://www.reveltime.ru/venue/8966590?eventtype=vecherinka
Лофт Мави. Премиальное пространство;Лофт, вечеринка, 178 м², 70 человек;+79676928674;N/A;https://www.reveltime.ru/venue/8665359?eventtype=vecherinka
Лофт Май. Зал Август;Лофт, вечеринка, 105 м², 40 человек;+79584974208;N/A;https://www.reveltime.ru/venue/6438893?eventtype=vecherinka
Лофт Май. Зал Гоголь;Лофт, вечеринка, 50 м², 20 человек;+79584974206;N/A;https://www.reveltime.ru/venue/6451118?eventtype=vecherinka
Лофт Май. Зал Место;Лофт, вечеринка, 42 м², 20 человек;+79584055346;N/A;https://www.reveltime.ru/venue/7433564?eventtype=vecherinka
Лофт Май. Зал Мира;Лофт, вечеринка, 100 м², 50 человек;+79584974089;N/A;https://www.reveltime.ru/venue/8860811?eventtype=vecherinka
Лофт Май. Зал Молекула на Бауманской;Лофт, вечеринка, 30 м², 20 человек;+79019397085;N/A;https://www.reveltime.ru/venue/7433562?eventtype=vecherinka
Лофт Май. Зал Роза;Лофт, вечеринка, 60 м², 30 человек;+79584974139;N/A;https://www.reveltime.ru/venue/6544418?eventtype=vecherinka
Лофт Май. Зал Юг;Лофт, вечеринка, 80 м², 30 человек;+79019397094;N/A;https://www.reveltime.ru/venue/7431905?eventtype=vecherinka
Лофт Мемфис. Зал в итальянском стиле;Лофт, вечеринка, 135 м², 60 человек;+79584974215;N/A;https://www.reveltime.ru/venue/8776082?eventtype=vecherinka
Лофт Меркури;Лофт, вечеринка, 60 м², 50 человек;;N/A;https://www.reveltime.ru/venue/6638469?eventtype=vecherinka
Лофт на Самокатной. Светлый лофт на набережной;Лофт, вечеринка, 140 м², 100 человек;;N/A;https://www.reveltime.ru/venue/228155?eventtype=vecherinka
Лофт на Таганке;Лофт, вечеринка, 100 м², 45 человек;;N/A;https://www.reveltime.ru/venue/497662?eventtype=vecherinka
Лофт на территории арт-кластера Кристалл;Лофт, вечеринка, 76 м², 40 человек;+79584974139;N/A;https://www.reveltime.ru/venue/616183?eventtype=vecherinka
Лофт Нави. Атмосферный лофт для мероприятий;Лофт, вечеринка, 20 м², 10 человек;;N/A;https://www.reveltime.ru/venue/8634088?eventtype=vecherinka
Лофт Настроение;Лофт, вечеринка, 88 м², 40 человек;+79019317663;N/A;https://www.reveltime.ru/venue/4676587?eventtype=vecherinka
Лофт Наше место;Лофт, вечеринка, 85 м², 30 человек;+79019317643;N/A;https://www.reveltime.ru/venue/8418731?eventtype=vecherinka
Лофт Опера. Кирпичный лофт;Лофт, вечеринка, 95 м², 40 человек;;N/A;https://www.reveltime.ru/venue/7959146?eventtype=vecherinka
Лофт Опера. Кирпичный лофт;Лофт, вечеринка, 95 м², 40 человек;+79584974208;N/A;https://www.reveltime.ru/venue/623057?eventtype=vecherinka
Лофт Охра. Комнатный лофт для мероприятий;Лофт, вечеринка, 30 м², 15 человек;+79910172413;N/A;https://www.reveltime.ru/venue/8632548?eventtype=vecherinka
Лофт Палермо;Лофт, вечеринка, 190 м², 120 человек;+79019317588;N/A;https://www.reveltime.ru/venue/8501774?eventtype=vecherinka
Лофт Плантация. Plant House;Лофт, вечеринка, 300 м², 150 человек;;N/A;https://www.reveltime.ru/venue/5595715?eventtype=vecherinka
Лофт Плантация. Зал Бали;Лофт, вечеринка, 50 м², 20 человек;;N/A;https://www.reveltime.ru/venue/5642021?eventtype=vecherinka
Лофт Репаблик;Лофт, вечеринка, 215 м², 100 человек;+79019397046;N/A;https://www.reveltime.ru/venue/4722446?eventtype=vecherinka
Лофт РИ;Лофт, вечеринка, 120 м², 50 человек;+79346644195;N/A;https://www.reveltime.ru/venue/3683740?eventtype=vecherinka
Лофт с барной стойкой;Лофт, вечеринка, 160 м², 50 человек;;N/A;https://www.reveltime.ru/venue/243688?eventtype=vecherinka
Лофт с внутренним двориком;Лофт, вечеринка, 240 м², 80 человек;+74991112578;N/A;https://www.reveltime.ru/venue/798011?eventtype=vecherinka
Лофт с двумя смежными залами;Лофт, вечеринка, 100 м², 50 человек;;N/A;https://www.reveltime.ru/venue/2087893?eventtype=vecherinka
Лофт с диванами и диско-шаром;Лофт, вечеринка, 59 м², 30 человек;;N/A;https://www.reveltime.ru/venue/3101601?eventtype=vecherinka
Лофт с зеркальной стеной;Лофт, вечеринка, 85 м², 40 человек;+79346691548;N/A;https://www.reveltime.ru/venue/4207123?eventtype=vecherinka
Лофт с кинотеатром;Лофт, вечеринка, 170 м², 80 человек;+74991107697;N/A;https://www.reveltime.ru/venue/2782124?eventtype=vecherinka
Лофт с космическим дизайном;Лофт, вечеринка, 150 м², 120 человек;+79019397046;N/A;https://www.reveltime.ru/venue/6987162?eventtype=vecherinka
Лофт с кухней;Лофт, вечеринка, 100 м², 40 человек;;N/A;https://www.reveltime.ru/venue/388327?eventtype=vecherinka
Лофт с кухней, панорамными окнами и верандой;Лофт, вечеринка, 75 м², 25 человек;+79019317663;N/A;https://www.reveltime.ru/venue/6778151?eventtype=vecherinka
Лофт с панорамным окном;Лофт, вечеринка, 35 м², 20 человек;;N/A;https://www.reveltime.ru/venue/3181038?eventtype=vecherinka
Лофт с панорамными окнами в парке Сокольники;Лофт, вечеринка, 80 м², 40 человек;+79676928564;N/A;https://www.reveltime.ru/venue/7734842?eventtype=vecherinka
Лофт с панорамными окнами в центре Москвы;Лофт, вечеринка, 81 м², 70 человек;;N/A;https://www.reveltime.ru/venue/923930?eventtype=vecherinka
Лофт с покерным столом на мансардном этаже;Лофт, вечеринка, 21 м², 10 человек;+79676928674;N/A;https://www.reveltime.ru/venue/7120903?eventtype=vecherinka
Лофт с пуфами на Спортивной;Лофт, вечеринка, 100 м², 30 человек;;N/A;https://www.reveltime.ru/venue/657623?eventtype=vecherinka
Лофт с террасой на территории Измайловского Вернисажа;Лофт, вечеринка, 195 м², 90 человек;;N/A;https://www.reveltime.ru/venue/8202352?eventtype=vecherinka
Лофт с уникальной атмосферой;Лофт, вечеринка, 40 м², 20 человек;;N/A;https://www.reveltime.ru/venue/3200979?eventtype=vecherinka
Лофт с черно-белом дизайном;Лофт, вечеринка, 120 м², 40 человек;;N/A;https://www.reveltime.ru/venue/3987618?eventtype=vecherinka
Лофт Самотёка Лофт-трансформер на мансарде;Лофт, вечеринка, 200 м², 120 человек;;N/A;https://www.reveltime.ru/venue/294377?eventtype=vecherinka
Лофт Свой ключ. Лофт-мансарда;Лофт, вечеринка, 80 м², 50 человек;;N/A;https://www.reveltime.ru/venue/1348168?eventtype=vecherinka
Лофт Скарлет. Уютное пространство на 6 гостей;Лофт, вечеринка, 12 м², 6 человек;+79910172113;N/A;https://www.reveltime.ru/venue/8620804?eventtype=vecherinka
Лофт со сценой;Лофт, вечеринка, 240 м², 150 человек;;N/A;https://www.reveltime.ru/venue/341962?eventtype=vecherinka
Лофт Событие;Лофт, вечеринка, 150 м², 80 человек;+79910173255;N/A;https://www.reveltime.ru/venue/5798476?eventtype=vecherinka
Лофт СОВА. Пространство с верандой в Измайловском Кремле;Лофт, вечеринка, 120 м², 40 человек;+79584974215;N/A;https://www.reveltime.ru/venue/3703249?eventtype=vecherinka
Лофт Софт;Лофт, вечеринка, 160 м², 80 человек;+79584974208;N/A;https://www.reveltime.ru/venue/8422925?eventtype=vecherinka
Лофт Твоя вина;Лофт, вечеринка, 60 м², 30 человек;+79584974228;N/A;https://www.reveltime.ru/venue/8471705?eventtype=vecherinka
Лофт Три бобра;Лофт, вечеринка, 90 м², 50 человек;+79346644195;N/A;https://www.reveltime.ru/venue/6171456?eventtype=vecherinka
Лофт Троя в нео-античном стиле;Лофт, вечеринка, 250 м², 200 человек;;N/A;https://www.reveltime.ru/venue/3566914?eventtype=vecherinka
Лофт Фантом;Лофт, вечеринка, 170 м², 60 человек;+79386982643;N/A;https://www.reveltime.ru/venue/5117405?eventtype=vecherinka
Лофт Фарфор. Большой исторический лофт;Лофт, вечеринка, 300 м², 300 человек;+79910172413;N/A;https://www.reveltime.ru/venue/3509324?eventtype=vecherinka
Лофт Фарфор. Лофт в здании 18 века;Лофт, вечеринка, 120 м², 50 человек;+79778814724;N/A;https://www.reveltime.ru/venue/294022?eventtype=vecherinka
Лофт Фарфор. Неоновый лисенок. Дизайнерский лофт-зал 70кв.м;Лофт, вечеринка, 70 м², 50 человек;+79910172113;N/A;https://www.reveltime.ru/venue/3464143?eventtype=vecherinka
Лофт Фарфор. Современный двухкомнатный лофт;Лофт, вечеринка, 45 м², 30 человек;+79584974160;N/A;https://www.reveltime.ru/venue/4406245?eventtype=vecherinka
Лофт Фарфор. Стильный лофт с колоннами;Лофт, вечеринка, 80 м², 40 человек;+79778814724;N/A;https://www.reveltime.ru/venue/332947?eventtype=vecherinka
Лофт Фарфор. Торжественный лофт с роялем;Лофт, вечеринка, 260 м², 200 человек;+79778814724;N/A;https://www.reveltime.ru/venue/643984?eventtype=vecherinka
Лофт Фарфор. Тёмный лофт;Лофт, вечеринка, 100 м², 100 человек;+79019397094;N/A;https://www.reveltime.ru/venue/4898097?eventtype=vecherinka
Лофт Эко. Эго;Лофт, вечеринка, 165 м², 70 человек;+79688786565;N/A;https://www.reveltime.ru/venue/4553418?eventtype=vecherinka
Лофт-бар;Лофт, вечеринка, 56 м², 25 человек;+79386989873;N/A;https://www.reveltime.ru/venue/3509254?eventtype=vecherinka
Лофт-бар для отдыха с друзьями;Лофт, вечеринка, 30 м², 20 человек;;N/A;https://www.reveltime.ru/venue/2043095?eventtype=vecherinka
Лофт-бар с бесплатным барменом;Лофт, вечеринка, 100 м², 60 человек;;N/A;https://www.reveltime.ru/venue/4168582?eventtype=vecherinka
Лофт-бар с яркими креслами;Лофт, вечеринка, 100 м², 100 человек;;N/A;https://www.reveltime.ru/venue/3499908?eventtype=vecherinka
Лофт-кальянная;Лофт, вечеринка, 70 м², 40 человек;;N/A;https://www.reveltime.ru/venue/675228?eventtype=vecherinka
Лофт-пространство с подиумом;Лофт, вечеринка, 70 м², 30 человек;;N/A;https://www.reveltime.ru/venue/605644?eventtype=vecherinka
Лофт-простраство с отдельным входом;Лофт, вечеринка, 60 м², 40 человек;;N/A;https://www.reveltime.ru/venue/2252107?eventtype=vecherinka
Лофт-трансформер;Лофт, вечеринка, 270 м², 240 человек;;N/A;https://www.reveltime.ru/venue/832408?eventtype=vecherinka
Лофт-центр Б69. Зал Disco Spa с верандой на крыше;Лофт, вечеринка, 38 м², 11 человек;+79584974089;N/A;https://www.reveltime.ru/venue/4462119?eventtype=vecherinka
Лофт-центр Б69. Зал Lollipop с верандой на крыше;Лофт, вечеринка, 30 м², 15 человек;+79584974206;N/A;https://www.reveltime.ru/venue/4462192?eventtype=vecherinka
Лофт-центр Б69. Зал Pop Art с верандой на крыше;Лофт, вечеринка, 24 м², 14 человек;+79584974208;N/A;https://www.reveltime.ru/venue/4462205?eventtype=vecherinka
Лофт-центр Б69. Зал Red Flag с верандой на крыше;Лофт, вечеринка, 30 м², 15 человек;+79019317588;N/A;https://www.reveltime.ru/venue/4512912?eventtype=vecherinka
Лофт-центр Б69. Зал UFC с верандой на крыше;Лофт, вечеринка, 34 м², 13 человек;+79584974208;N/A;https://www.reveltime.ru/venue/4462280?eventtype=vecherinka
Лофт-центр Б69. Зал Urban с верандой на крыше;Лофт, вечеринка, 44 м², 14 человек;+79584974208;N/A;https://www.reveltime.ru/venue/4462256?eventtype=vecherinka
Лофт-центр Б69. Зал Акира;Лофт, вечеринка, 15 м², 10 человек;+79584974167;N/A;https://www.reveltime.ru/venue/4461391?eventtype=vecherinka
Лофт-центр Б69. Зал Арена с верандой на крыше;Лофт, вечеринка, 35 м², 24 человек;+79584974228;N/A;https://www.reveltime.ru/venue/4498432?eventtype=vecherinka
Лофт-центр Б69. Зал Арт Фьюжен с верандой на крыше;Лофт, вечеринка, 24 м², 14 человек;+79584974139;N/A;https://www.reveltime.ru/venue/4461906?eventtype=vecherinka
Лофт-центр Б69. Зал Багз Банни с верандой на крыше;Лофт, вечеринка, 16 м², 13 человек;+79584974039;N/A;https://www.reveltime.ru/venue/4512848?eventtype=vecherinka
Лофт-центр Б69. Зал Бохо с верандой на крыше;Лофт, вечеринка, 34 м², 15 человек;+79584974150;N/A;https://www.reveltime.ru/venue/4461757?eventtype=vecherinka
Лофт-центр Б69. Зал Бунгало с верандой на крыше;Лофт, вечеринка, 38 м², 25 человек;+79584974150;N/A;https://www.reveltime.ru/venue/4461721?eventtype=vecherinka
Лофт-центр Б69. Зал Бэнкси с верандой на крыше;Лофт, вечеринка, 21 м², 24 человек;+79584974084;N/A;https://www.reveltime.ru/venue/4512761?eventtype=vecherinka
Лофт-центр Б69. Зал Вандал с верандой на крыше;Лофт, вечеринка, 20 м², 10 человек;+79584974150;N/A;https://www.reveltime.ru/venue/4461712?eventtype=vecherinka
Лофт-центр Б69. Зал Вегас с верандой на крыше;Лофт, вечеринка, 37 м², 19 человек;+79584974084;N/A;https://www.reveltime.ru/venue/4512725?eventtype=vecherinka
Лофт-центр Б69. Зал Веном с верандой на крыше;Лофт, вечеринка, 19 м², 8 человек;+79584974150;N/A;https://www.reveltime.ru/venue/4461793?eventtype=vecherinka
Лофт-центр Б69. Зал Винил с верандой на крыше;Лофт, вечеринка, 16 м², 8 человек;;N/A;https://www.reveltime.ru/venue/5833069?eventtype=vecherinka
Лофт-центр Б69. Зал Винишко;Лофт, вечеринка, 16 м², 13 человек;+79019317663;N/A;https://www.reveltime.ru/venue/7693809?eventtype=vecherinka
Лофт-центр Б69. Зал Во все тяжкие с верандой на крыше;Лофт, вечеринка, 12 м², 8 человек;+79584973975;N/A;https://www.reveltime.ru/venue/4512906?eventtype=vecherinka
Лофт-центр Б69. Зал Галерея;Лофт, вечеринка, 23 м², 28 человек;+79584973975;N/A;https://www.reveltime.ru/venue/4512874?eventtype=vecherinka
Лофт-центр Б69. Зал Гараж;Лофт, вечеринка, 23 м², 15 человек;+79584974139;N/A;https://www.reveltime.ru/venue/4461877?eventtype=vecherinka
Лофт-центр Б69. Зал Гетсби с верандой на крыше;Лофт, вечеринка, 23 м², 21 человек;+79584974139;N/A;https://www.reveltime.ru/venue/4461922?eventtype=vecherinka
Лофт-центр Б69. Зал Гримерка с верандой на крыше;Лофт, вечеринка, 28 м², 14 человек;+79584974139;N/A;https://www.reveltime.ru/venue/4461946?eventtype=vecherinka
Лофт-центр Б69. Зал Давид с верандой на крыше;Лофт, вечеринка, 28 м², 17 человек;+79584974139;N/A;https://www.reveltime.ru/venue/4461977?eventtype=vecherinka
Лофт-центр Б69. Зал Дисней 16+ с верандой на крыше;Лофт, вечеринка, 32 м², 20 человек;+79584974089;N/A;https://www.reveltime.ru/venue/4462046?eventtype=vecherinka
Лофт-центр Б69. Зал Индиго с верандой на крыше;Лофт, вечеринка, 12 м², 5 человек;+79584973975;N/A;https://www.reveltime.ru/venue/4512901?eventtype=vecherinka
Лофт-центр Б69. Зал Контент База с верандой на крыше;Лофт, вечеринка, 100 м², 33 человек;+79584974039;N/A;https://www.reveltime.ru/venue/4512868?eventtype=vecherinka
Лофт-центр Б69. Зал Кристалл;Лофт, вечеринка, 30 м², 15 человек;+79584974228;N/A;https://www.reveltime.ru/venue/4498497?eventtype=vecherinka
Лофт-центр Б69. Зал Кутюр с верандой на крыше;Лофт, вечеринка, 16 м², 13 человек;+79584974089;N/A;https://www.reveltime.ru/venue/4462088?eventtype=vecherinka
Лофт-центр Б69. Зал Кэш с верандой на крыше;Лофт, вечеринка, 18 м², 14 человек;+79584611054;N/A;https://www.reveltime.ru/venue/4996505?eventtype=vecherinka
Лофт-центр Б69. Зал ЛоуРайдер;Лофт, вечеринка, 35 м², 25 человек;+79584974206;N/A;https://www.reveltime.ru/venue/4462139?eventtype=vecherinka
Лофт-центр Б69. Зал Материя с верандой на крыше;Лофт, вечеринка, 21 м², 24 человек;+79584973975;N/A;https://www.reveltime.ru/venue/4512896?eventtype=vecherinka
Лофт-центр Б69. Зал Нейросеть с верандой на крыше;Лофт, вечеринка, 35 м², 24 человек;+79584974039;N/A;https://www.reveltime.ru/venue/4512858?eventtype=vecherinka
Лофт-центр Б69. Зал Неон бар с верандой на крыше;Лофт, вечеринка, 37 м², 20 человек;+79584974206;N/A;https://www.reveltime.ru/venue/4462178?eventtype=vecherinka
Лофт-центр Б69. Зал Октава с верандой на крыше;Лофт, вечеринка, 26 м², 18 человек;+79584055346;N/A;https://www.reveltime.ru/venue/4910989?eventtype=vecherinka
Лофт-центр Б69. Зал Олимпия с верандой на крыше;Лофт, вечеринка, 28 м², 17 человек;+79584974039;N/A;https://www.reveltime.ru/venue/4512820?eventtype=vecherinka
Лофт-центр Б69. Зал Подушка Пати с верандой на крыше;Лофт, вечеринка, 29 м², 20 человек;+79584974228;N/A;https://www.reveltime.ru/venue/4497618?eventtype=vecherinka
Лофт-центр Б69. Зал Призма с верандой на крыше;Лофт, вечеринка, 15 м², 14 человек;+79584974331;N/A;https://www.reveltime.ru/venue/4462294?eventtype=vecherinka
Лофт-центр Б69. Зал Слово пацана;Лофт, вечеринка, 24 м², 15 человек;+79584974208;N/A;https://www.reveltime.ru/venue/4462237?eventtype=vecherinka
Лофт-центр Б69. Зал СССР;Лофт, вечеринка, 28 м², 20 человек;+79584974228;N/A;https://www.reveltime.ru/venue/4498536?eventtype=vecherinka
Лофт-центр Б69. Зал Ультра с верандой на крыше;Лофт, вечеринка, 15 м², 12 человек;+79584974206;N/A;https://www.reveltime.ru/venue/4462148?eventtype=vecherinka
Лофт-центр Б69. Зал Форсаж;Лофт, вечеринка, 23 м², 21 человек;+79584973975;N/A;https://www.reveltime.ru/venue/4512891?eventtype=vecherinka
Лофт-центр Б69. Зал Черный Антик с верандой на крыше;Лофт, вечеринка, 36 м², 18 человек;+79584974208;N/A;https://www.reveltime.ru/venue/4462264?eventtype=vecherinka
Лофт-центр Б69. Зал Шелби с верандой на крыше;Лофт, вечеринка, 23 м², 21 человек;;N/A;https://www.reveltime.ru/venue/4462006?eventtype=vecherinka
Лофт-центр Б69. Зал Якудза;Лофт, вечеринка, 33 м², 19 человек;+79584974064;N/A;https://www.reveltime.ru/venue/4512806?eventtype=vecherinka
Лофти. Lofty. Яркий лофт для вечеринок;Лофт, вечеринка, 160 м², 70 человек;;N/A;https://www.reveltime.ru/venue/4931756?eventtype=vecherinka
ЛофтСити Лаундж. Grey Silk (Грей Силк);Лофт, вечеринка, 23 м², 15 человек;+79346699837;N/A;https://www.reveltime.ru/venue/6637413?eventtype=vecherinka
Лофты ВДНХ. Купол. Прозрачный шатёр для праздников;Лофт, вечеринка, 30 м², 10 человек;;N/A;https://www.reveltime.ru/venue/4566844?eventtype=vecherinka
Люксовый лофт Дюна со стеклянным баром;Лофт, вечеринка, 100 м², 40 человек;+79584974150;N/A;https://www.reveltime.ru/venue/8404629?eventtype=vecherinka
Люмьер. Кинолофт с выходом на крышу;Лофт, вечеринка, 23 м², 11 человек;+79676928674;N/A;https://www.reveltime.ru/venue/5339840?eventtype=vecherinka
Мансарда в загородном доме;Лофт, вечеринка, 110 м², 40 человек;;N/A;https://www.reveltime.ru/venue/3089272?eventtype=vecherinka
Мансардный лофт;Лофт, вечеринка, 300 м², 80 человек;+74991112578;N/A;https://www.reveltime.ru/venue/804143?eventtype=vecherinka
Мастерская на Кулишках;Лофт, вечеринка, 130 м², 80 человек;+79651473923;N/A;https://www.reveltime.ru/venue/482584?eventtype=vecherinka
Мастерская на Кулишках. Атмосферный лофт;Лофт, вечеринка, 65 м², 60 человек;+79651473923;N/A;https://www.reveltime.ru/venue/463327?eventtype=vecherinka
Мастерская на Кулишках. Творческий лофт;Лофт, вечеринка, 65 м², 60 человек;+79651473923;N/A;https://www.reveltime.ru/venue/471230?eventtype=vecherinka
Мемори лофт. Versailles (Версаль). Элегантный лофт;Лофт, вечеринка, 63 м², 35 человек;+79346608162;N/A;https://www.reveltime.ru/venue/8307065?eventtype=vecherinka
Мемори лофт. Гэтсби. Стильный тематический лофт в черно-золотых цветах;Лофт, вечеринка, 50 м², 30 человек;+79019397085;N/A;https://www.reveltime.ru/venue/6560186?eventtype=vecherinka
Мемори лофт. Дримс. Клубный лофт с караоке и диско‑шаром;Лофт, вечеринка, 37 м², 20 человек;+79019397085;N/A;https://www.reveltime.ru/venue/6560340?eventtype=vecherinka
Мемори лофт. Дэнс. Современный лофт;Лофт, вечеринка, 36 м², 23 человек;+79019397085;N/A;https://www.reveltime.ru/venue/6560375?eventtype=vecherinka
Мемори лофт. Классик. Лофт с двумя залами;Лофт, вечеринка, 115 м², 70 человек;+79346644195;N/A;https://www.reveltime.ru/venue/7566650?eventtype=vecherinka
Мемори лофт. Классик. Элегантный лофт в классическом стиле;Лофт, вечеринка, 65 м², 50 человек;+79019397085;N/A;https://www.reveltime.ru/venue/6560301?eventtype=vecherinka
Мемори лофт. Мемори. Танцевальный лофт;Лофт, вечеринка, 60 м², 30 человек;+79019397046;N/A;https://www.reveltime.ru/venue/6559792?eventtype=vecherinka
Мемори лофт. Севилья. Уютный лофт с мебелью и светомузыкой;Лофт, вечеринка, 52 м², 30 человек;+79346657019;N/A;https://www.reveltime.ru/venue/8307501?eventtype=vecherinka
Мемори лофт. Тиффани. Изысканный лофт;Лофт, вечеринка, 45 м², 23 человек;+79019397094;N/A;https://www.reveltime.ru/venue/6560444?eventtype=vecherinka
Мемори лофт. Токио. Лофт в японском стиле с модным дизайном;Лофт, вечеринка, 22 м², 10 человек;+79019397094;N/A;https://www.reveltime.ru/venue/6560415?eventtype=vecherinka
Мемори лофт. Хэппи. Светлый лофт;Лофт, вечеринка, 32 м², 20 человек;+79019397085;N/A;https://www.reveltime.ru/venue/6560202?eventtype=vecherinka
Мини-кинотеатр с играми и кальяном;Лофт, вечеринка, 16 м², 15 человек;;N/A;https://www.reveltime.ru/venue/274416?eventtype=vecherinka
Мини-кинотеатр с играми и кальяном;Лофт, вечеринка, 14 м², 10 человек;;N/A;https://www.reveltime.ru/venue/274385?eventtype=vecherinka
Мини-лофт с кухней;Лофт, вечеринка, 40 м², 12 человек;+79150794620;N/A;https://www.reveltime.ru/venue/539567?eventtype=vecherinka
МиниПати. Уютный лофт для небольшой компании, с караоке, большим экраном, диско-шаром, фотозоной с неоном и мощным звуком;Лофт, вечеринка, 20 м², 12 человек;+79346691548;N/A;https://www.reveltime.ru/venue/6829674?eventtype=vecherinka
Момент. Просторный светлый зал со сценой, светомузыкой и караоке;Лофт, вечеринка, 135 м², 150 человек;+79584974215;N/A;https://www.reveltime.ru/venue/8465977?eventtype=vecherinka
Москва Черный арт-лофт со сценой;Лофт, вечеринка, 120 м², 100 человек;;N/A;https://www.reveltime.ru/venue/3143319?eventtype=vecherinka
Моя Студия. Для вечеринок и встреч друзей;Лофт, вечеринка, 65 м², 50 человек;;N/A;https://www.reveltime.ru/venue/202558?eventtype=vecherinka
Моя Студия. Лофт в восточном стиле с кальянами;Лофт, вечеринка, 70 м², 70 человек;;N/A;https://www.reveltime.ru/venue/202537?eventtype=vecherinka
Моя Студия. Лофт для праздников и вечеринок;Лофт, вечеринка, 330 м², 199 человек;;N/A;https://www.reveltime.ru/venue/205050?eventtype=vecherinka
МСК зал тестовый;Лофт, вечеринка, 200 м², 100 человек;;N/A;https://www.reveltime.ru/venue/6518009?eventtype=vecherinka
МСК Плейс. Лофт RADIOLA (Радиола);Лофт, вечеринка, 42 м², 20 человек;;N/A;https://www.reveltime.ru/venue/3784444?eventtype=vecherinka
МСК Плейс. Лофт Sava (Сава);Лофт, вечеринка, 30 м², 15 человек;+79346699837;N/A;https://www.reveltime.ru/venue/3892535?eventtype=vecherinka
МСК Плейс. Лофт Simple (Симпл);Лофт, вечеринка, 130 м², 50 человек;;N/A;https://www.reveltime.ru/venue/3584165?eventtype=vecherinka
МСК Плейс. Лофт Wine (Вайн);Лофт, вечеринка, 22 м², 12 человек;+79346699837;N/A;https://www.reveltime.ru/venue/3892587?eventtype=vecherinka
МСК Плейс. Лофт Бохо;Лофт, вечеринка, 36 м², 20 человек;;N/A;https://www.reveltime.ru/venue/3584196?eventtype=vecherinka
МСК Плейс. Лофт Будда;Лофт, вечеринка, 35 м², 20 человек;+79346695974;N/A;https://www.reveltime.ru/venue/3892486?eventtype=vecherinka
МСК Плейс. Лофт Вега;Лофт, вечеринка, 70 м², 30 человек;+79019317685;N/A;https://www.reveltime.ru/venue/4715576?eventtype=vecherinka
МСК Плейс. Лофт Кактус;Лофт, вечеринка, 140 м², 80 человек;+79813347290;N/A;https://www.reveltime.ru/venue/3047800?eventtype=vecherinka
МСК Плейс. Лофт Стекло;Лофт, вечеринка, 110 м², 40 человек;+79019317685;N/A;https://www.reveltime.ru/venue/4715548?eventtype=vecherinka
МСК Плэйс. Лофт Candy (Конфета);Лофт, вечеринка, 120 м², 60 человек;+79346699837;N/A;https://www.reveltime.ru/venue/5951389?eventtype=vecherinka
МСК Плэйс. Лофт Deep (Дип);Лофт, вечеринка, 80 м², 40 человек;+79386982643;N/A;https://www.reveltime.ru/venue/5952307?eventtype=vecherinka
МСК Плэйс. Лофт Diamond (Бриллиант);Лофт, вечеринка, 120 м², 60 человек;+79386982643;N/A;https://www.reveltime.ru/venue/5951795?eventtype=vecherinka
МСК Плэйс. Лофт Karma (Карма);Лофт, вечеринка, 75 м², 40 человек;+79386989873;N/A;https://www.reveltime.ru/venue/5952845?eventtype=vecherinka
МСК Плэйс. Лофт Kristal (Кристалл );Лофт, вечеринка, 60 м², 30 человек;+79386982643;N/A;https://www.reveltime.ru/venue/5952189?eventtype=vecherinka
МСК Плэйс. Лофт Luna (Луна);Лофт, вечеринка, 61 м², 30 человек;+79019317685;N/A;https://www.reveltime.ru/venue/4715559?eventtype=vecherinka
МСК Плэйс. Лофт Queen Loft (Королева Лофт);Лофт, вечеринка, 42 м², 20 человек;+79584611054;N/A;https://www.reveltime.ru/venue/5080205?eventtype=vecherinka
МСК Плэйс. Лофт Rich (Рич);Лофт, вечеринка, 85 м², 40 человек;+79346699837;N/A;https://www.reveltime.ru/venue/5951144?eventtype=vecherinka
МСК Плэйс. Лофт Solo (Соло);Лофт, вечеринка, 44 м², 20 человек;+79386982643;N/A;https://www.reveltime.ru/venue/5952327?eventtype=vecherinka
МСК Плэйс. Лофт White Swan (Белый Лебедь);Лофт, вечеринка, 75 м², 40 человек;+79386989873;N/A;https://www.reveltime.ru/venue/5952371?eventtype=vecherinka
МСК Плэйс. Лофт Алоха;Лофт, вечеринка, 60 м², 30 человек;+79019397046;N/A;https://www.reveltime.ru/venue/4715593?eventtype=vecherinka
МСК Плэйс. Лофт со светомузыкой;Лофт, вечеринка, 60 м², 25 человек;+79584611054;N/A;https://www.reveltime.ru/venue/5000508?eventtype=vecherinka
Музыкальный лофт на Тульской;Лофт, вечеринка, 80 м², 42 человек;+79218577544;N/A;https://www.reveltime.ru/venue/4122307?eventtype=vecherinka
Мультиформатный лофт-зал;Лофт, вечеринка, 105 м², 60 человек;+79584974084;N/A;https://www.reveltime.ru/venue/6748625?eventtype=vecherinka
Над Москвой Светлый лофт с высокими потолками;Лофт, вечеринка, 100 м², 60 человек;;N/A;https://www.reveltime.ru/venue/2801863?eventtype=vecherinka
Назаров Студио. Лофт с музыкальным оборудованием;Лофт, вечеринка, 90 м², 50 человек;+79346692796;N/A;https://www.reveltime.ru/venue/4199777?eventtype=vecherinka
Небольшой атмосферный зал;Лофт, вечеринка, 20 м², 10 человек;;N/A;https://www.reveltime.ru/venue/5779767?eventtype=vecherinka
Неоновый лофт в центре Москвы;Лофт, вечеринка, 50 м², 30 человек;;N/A;https://www.reveltime.ru/venue/3961644?eventtype=vecherinka
Неоновый лофт Гламур;Лофт, вечеринка, 40 м², 20 человек;+79893636021;N/A;https://www.reveltime.ru/venue/5653088?eventtype=vecherinka
Никаких проблем Стильный лофт с панорамными окнами;Лофт, вечеринка, 340 м², 200 человек;;N/A;https://www.reveltime.ru/venue/3506885?eventtype=vecherinka
Нордический лофт;Лофт, вечеринка, 85 м², 30 человек;;N/A;https://www.reveltime.ru/venue/4166442?eventtype=vecherinka
Оборудованный лофт со сценой;Лофт, вечеринка, 600 м², 500 человек;;N/A;https://www.reveltime.ru/venue/2652890?eventtype=vecherinka
Объект47. Двухэтажный лофт;Лофт, вечеринка, 50 м², 20 человек;+79959017418;https://vk.ru/object47;https://www.reveltime.ru/venue/8972458?eventtype=vecherinka
Огромное пространство для событий;Лофт, вечеринка, 1000 м², 500 человек;+79019317588;N/A;https://www.reveltime.ru/venue/631962?eventtype=vecherinka
Оливка. Пространство с большими окнами;Лофт, вечеринка, 274 м², 120 человек;+79584974160;N/A;https://www.reveltime.ru/venue/6253266?eventtype=vecherinka
Оливка. Современный дизайнерский лофт с барной стойкой, караоке, светомузыкой и удобным зонированием;Лофт, вечеринка, 50 м², 25 человек;+79584974226;N/A;https://www.reveltime.ru/venue/8460866?eventtype=vecherinka
Олимпик Уютный лофт для праздников;Лофт, вечеринка, 45 м², 24 человек;;N/A;https://www.reveltime.ru/venue/1715199?eventtype=vecherinka
Оружейный лофт КАРБОН;Лофт, вечеринка, 35 м², 18 человек;+79584973975;N/A;https://www.reveltime.ru/venue/8500393?eventtype=vecherinka
Панорамная видовая крыша на башне;Лофт, вечеринка, 50 м², 40 человек;;N/A;https://www.reveltime.ru/venue/3320714?eventtype=vecherinka
Парадная. Пространство на мансардном этаже;Лофт, вечеринка, 210 м², 60 человек;+79346692796;N/A;https://www.reveltime.ru/venue/8259964?eventtype=vecherinka
Площадка в строгих тонах для праздничных мероприятий;Лофт, вечеринка, 70 м², 25 человек;;N/A;https://www.reveltime.ru/venue/3703081?eventtype=vecherinka
Плэйс Лофт. Prisma Loft (Призма Лофт);Лофт, вечеринка, 60 м², 30 человек;+79386982643;N/A;https://www.reveltime.ru/venue/5952237?eventtype=vecherinka
Просторный двухуровневый зал для мероприятий;Лофт, вечеринка, 190 м², 80 человек;+79346644195;N/A;https://www.reveltime.ru/venue/9030250?eventtype=vecherinka
Просторный лофт для детских праздников;Лофт, вечеринка, 65 м², 35 человек;;N/A;https://www.reveltime.ru/venue/4318681?eventtype=vecherinka
Просторный лофт из красного кирпича;Лофт, вечеринка, 65 м², 35 человек;;N/A;https://www.reveltime.ru/venue/4162358?eventtype=vecherinka
Просторный лофт на Курской;Лофт, вечеринка, 200 м², 150 человек;;N/A;https://www.reveltime.ru/venue/806079?eventtype=vecherinka
Просторный лофт с верандой;Лофт, вечеринка, 275 м², 100 человек;+79346692796;N/A;https://www.reveltime.ru/venue/5463072?eventtype=vecherinka
Просторный лофт с панорамными окнами и циклорамой;Лофт, вечеринка, 110 м², 80 человек;+79584630738;N/A;https://www.reveltime.ru/venue/5138448?eventtype=vecherinka
Пространство MIXSTUDIO (МиксСтудия);Лофт, вечеринка, 100 м², 40 человек;+79019317643;N/A;https://www.reveltime.ru/venue/268738?eventtype=vecherinka
Пространство в индустриальном стиле;Лофт, вечеринка, 750 м², 500 человек;+79818745551;N/A;https://www.reveltime.ru/venue/3541472?eventtype=vecherinka
Пространство Дар для творческих встреч;Лофт, вечеринка, 70 м², 20 человек;;N/A;https://www.reveltime.ru/venue/2492254?eventtype=vecherinka
Пространство для конференций и корпоративных мероприятий;Лофт, вечеринка, 400 м², 300 человек;;N/A;https://www.reveltime.ru/venue/2772759?eventtype=vecherinka
Пространство с детской зоной;Лофт, вечеринка, 60 м², 25 человек;;N/A;https://www.reveltime.ru/venue/404506?eventtype=vecherinka
Рент-Лофт. TangoMio (ТангоМио);Лофт, вечеринка, 175 м², 100 человек;+79019397046;N/A;https://www.reveltime.ru/venue/1465312?eventtype=vecherinka
Ресторан Арена Олимп Арт-пространство с высокими потолками;Лофт, вечеринка, 600 м², 700 человек;;N/A;https://www.reveltime.ru/venue/315561?eventtype=vecherinka
Светлая площадка с панорамными окнами;Лофт, вечеринка, 165 м², 80 человек;;N/A;https://www.reveltime.ru/venue/3916564?eventtype=vecherinka
Светлая фотостудия для ваших мероприятий;Лофт, вечеринка, 105 м², 70 человек;+79910172113;N/A;https://www.reveltime.ru/venue/5684782?eventtype=vecherinka
Светлое и уютное пространство для праздников;Лофт, вечеринка, 53 м², 20 человек;;N/A;https://www.reveltime.ru/venue/4501971?eventtype=vecherinka
Светлое пространство с колонной и дизайнерским потолком;Лофт, вечеринка, 70 м², 50 человек;;N/A;https://www.reveltime.ru/venue/3876469?eventtype=vecherinka
Светлый лофт;Лофт, вечеринка, 150 м², 30 человек;;N/A;https://www.reveltime.ru/venue/203122?eventtype=vecherinka
Светлый лофт в кантри стиле;Лофт, вечеринка, 50 м², 35 человек;;N/A;https://www.reveltime.ru/venue/3295985?eventtype=vecherinka
Семеновский лофт рядом с метро;Лофт, вечеринка, 70 м², 25 человек;;N/A;https://www.reveltime.ru/venue/3083615?eventtype=vecherinka
Синий лофт;Лофт, вечеринка, 40 м², 12 человек;;N/A;https://www.reveltime.ru/venue/3187674?eventtype=vecherinka
Скай Фолл. Светлый лофт с проектором;Лофт, вечеринка, 35 м², 23 человек;;N/A;https://www.reveltime.ru/venue/9217542?eventtype=vecherinka
Скарфейс. Светлый лофт;Лофт, вечеринка, 150 м², 80 человек;+79911714217;N/A;https://www.reveltime.ru/venue/9034989?eventtype=vecherinka
Современное дизайнерское пространство;Лофт, вечеринка, 120 м², 70 человек;+79952220259;N/A;https://www.reveltime.ru/venue/5178304?eventtype=vecherinka
Соколиная Нора. Антикафе;Лофт, вечеринка, 60 м², 30 человек;+79386989873;N/A;https://www.reveltime.ru/venue/5997203?eventtype=vecherinka
Соколиная Нора. Большая комната;Лофт, вечеринка, 18 м², 12 человек;+79386989873;N/A;https://www.reveltime.ru/venue/5998037?eventtype=vecherinka
Соколиная Нора. Мягкая комната;Лофт, вечеринка, 10 м², 6 человек;+79386989873;N/A;https://www.reveltime.ru/venue/5997624?eventtype=vecherinka
Солнечный белый лофт;Лофт, вечеринка, 120 м², 50 человек;;N/A;https://www.reveltime.ru/venue/5782007?eventtype=vecherinka
Сонора Белый зал с лестницей и панорамным окном;Лофт, вечеринка, 45 м², 15 человек;;N/A;https://www.reveltime.ru/venue/3553969?eventtype=vecherinka
СРЕDА (Среда). White Loft (Белый лофт) для публичных событий;Лофт, вечеринка, 300 м², 150 человек;;N/A;https://www.reveltime.ru/venue/202013?eventtype=vecherinka
СредаЛофт. Двухуровневое лаунж-пространство;Лофт, вечеринка, 200 м², 100 человек;;N/A;https://www.reveltime.ru/venue/202551?eventtype=vecherinka
Стилизованный двухуровневый лофт с большими окнами;Лофт, вечеринка, 120 м², 70 человек;;N/A;https://www.reveltime.ru/venue/3426552?eventtype=vecherinka
Стилизованный лофт с отдельным входом;Лофт, вечеринка, 110 м², 65 человек;+79259575977;N/A;https://www.reveltime.ru/venue/3021620?eventtype=vecherinka
Стильное и уютное пространство для мероприятий;Лофт, вечеринка, 30 м², 15 человек;;N/A;https://www.reveltime.ru/venue/3832142?eventtype=vecherinka
Стильное лофт-пространство;Лофт, вечеринка, 108 м², 70 человек;;N/A;https://www.reveltime.ru/venue/3154623?eventtype=vecherinka
Стильное лофт-пространство с бесплатной парковкой;Лофт, вечеринка, 65 м², 30 человек;;N/A;https://www.reveltime.ru/venue/2439590?eventtype=vecherinka
Стильный зал в бежевых тонах;Лофт, вечеринка, 60 м², 32 человек;;N/A;https://www.reveltime.ru/venue/3555922?eventtype=vecherinka
Стильный лофт BRONZA с отдельным входом;Лофт, вечеринка, 190 м², 160 человек;;N/A;https://www.reveltime.ru/venue/3749063?eventtype=vecherinka
Стильный лофт Джаванди;Лофт, вечеринка, 80 м², 30 человек;+79813347290;N/A;https://www.reveltime.ru/venue/5444819?eventtype=vecherinka
Стильный лофт для банкетов и вечеринок;Лофт, вечеринка, 140 м², 60 человек;;N/A;https://www.reveltime.ru/venue/4056182?eventtype=vecherinka
Стильный лофт для уютных вечеринок;Лофт, вечеринка, 55 м², 15 человек;+79584974139;N/A;https://www.reveltime.ru/venue/6427968?eventtype=vecherinka
Стильный лофт с верандой;Лофт, вечеринка, 150 м², 90 человек;+79259575977;N/A;https://www.reveltime.ru/venue/398987?eventtype=vecherinka
Стильный лофт с отдельным входом;Лофт, вечеринка, 80 м², 35 человек;;N/A;https://www.reveltime.ru/venue/3108319?eventtype=vecherinka
Стильный лофт-зал на Бауманской;Лофт, вечеринка, 70 м², 30 человек;+79019317663;N/A;https://www.reveltime.ru/venue/6778427?eventtype=vecherinka
Стильный многофункциональный лофт;Лофт, вечеринка, 100 м², 80 человек;+79584973975;N/A;https://www.reveltime.ru/venue/7558312?eventtype=vecherinka
Студия Парус. Музыкальный лаунж лофт;Лофт, вечеринка, 70 м², 30 человек;+79346657019;N/A;https://www.reveltime.ru/venue/3017747?eventtype=vecherinka
Тайная. Мастерская современного художника Натальи Поповой. Творческое арт-пространство;Лофт, вечеринка, 60 м², 50 человек;;N/A;https://www.reveltime.ru/venue/5977713?eventtype=vecherinka
Творческая мастерская для мероприятий;Лофт, вечеринка, 80 м², 25 человек;;N/A;https://www.reveltime.ru/venue/291903?eventtype=vecherinka
Текстура  Лофт из белого кирпича с панорамным окном;Лофт, вечеринка, 82 м², 40 человек;;N/A;https://www.reveltime.ru/venue/3563730?eventtype=vecherinka
Темный лофт;Лофт, вечеринка, 90 м², 60 человек;;N/A;https://www.reveltime.ru/venue/216426?eventtype=vecherinka
Темный лофт с розовыми акцентами;Лофт, вечеринка, 45 м², 23 человек;;N/A;https://www.reveltime.ru/venue/3799982?eventtype=vecherinka
Терра. Стилизованный двухэтажный лофт;Лофт, вечеринка, 200 м², 150 человек;+79346691548;N/A;https://www.reveltime.ru/venue/4189506?eventtype=vecherinka
Тиффани. Лофт с авторской мебелью;Лофт, вечеринка, 35 м², 50 человек;+79584973975;N/A;https://www.reveltime.ru/venue/3316656?eventtype=vecherinka
Третье место;Лофт, вечеринка, 125 м², 30 человек;+79346657019;N/A;https://www.reveltime.ru/venue/4437874?eventtype=vecherinka
Уютное арт-пространство в центре Москвы;Лофт, вечеринка, 55 м², 20 человек;;N/A;https://www.reveltime.ru/venue/1182286?eventtype=vecherinka
Уютное и камерное пространство для мероприятий;Лофт, вечеринка, 30 м², 15 человек;+79584974208;N/A;https://www.reveltime.ru/venue/3829933?eventtype=vecherinka
Уютное пространство рядом с метро;Лофт, вечеринка, 45 м², 25 человек;;N/A;https://www.reveltime.ru/venue/2538161?eventtype=vecherinka
Уютный лофт в центре города;Лофт, вечеринка, 40 м², 25 человек;+74957489338;N/A;https://www.reveltime.ru/venue/2363053?eventtype=vecherinka
Уютный лофт для детских событий;Лофт, вечеринка, 95 м², 28 человек;+79645120698;N/A;https://www.reveltime.ru/venue/5383466?eventtype=vecherinka
Уютный лофт с модульной мебелью;Лофт, вечеринка, 48 м², 40 человек;;N/A;https://www.reveltime.ru/venue/3317219?eventtype=vecherinka
Уютный лофт с отдельным входом и внутренним двором;Лофт, вечеринка, 135 м², 50 человек;+79584974039;N/A;https://www.reveltime.ru/venue/4556601?eventtype=vecherinka
Уютный лофт с яркими акцентами с летней верандой;Лофт, вечеринка, 70 м², 31 человек;+79584974331;N/A;https://www.reveltime.ru/venue/3539723?eventtype=vecherinka
Уютный песочный лофт Персид;Лофт, вечеринка, 35 м², 20 человек;+79584974089;N/A;https://www.reveltime.ru/venue/8410119?eventtype=vecherinka
Уютный тропический лофт;Лофт, вечеринка, 50 м², 18 человек;+79584974160;N/A;https://www.reveltime.ru/venue/4145213?eventtype=vecherinka
Фактура Просторный разнофактурный зал;Лофт, вечеринка, 60 м², 20 человек;;N/A;https://www.reveltime.ru/venue/3253547?eventtype=vecherinka
Флакон Двухъярусный лофт с кухней;Лофт, вечеринка, 100 м², 40 человек;;N/A;https://www.reveltime.ru/venue/538571?eventtype=vecherinka
Фото карета. Зал Зефирка;Лофт, вечеринка, 85 м², 40 человек;+79019317685;N/A;https://www.reveltime.ru/venue/6992918?eventtype=vecherinka
Фото карета. Зал Лаборатория;Лофт, вечеринка, 120 м², 50 человек;+79019317685;N/A;https://www.reveltime.ru/venue/7018070?eventtype=vecherinka
Фото карета. Лофт Лось;Лофт, вечеринка, 65 м², 24 человек;+79019317685;N/A;https://www.reveltime.ru/venue/7012563?eventtype=vecherinka
Фото карета. Неоновый зал Юность;Лофт, вечеринка, 120 м², 40 человек;+79019397046;N/A;https://www.reveltime.ru/venue/2416835?eventtype=vecherinka
Фото карета. Сказка. Двухуровневый лофт;Лофт, вечеринка, 140 м², 50 человек;+79019397046;N/A;https://www.reveltime.ru/venue/6982364?eventtype=vecherinka
Фотостудия Freshlook Лофт-студия состоящая из двух залов;Лофт, вечеринка, 80 м², 40 человек;;N/A;https://www.reveltime.ru/venue/333901?eventtype=vecherinka
Фотостудия Freshlook Стильное пространство для мероприятий;Лофт, вечеринка, 78 м², 40 человек;;N/A;https://www.reveltime.ru/venue/2032738?eventtype=vecherinka
Фотостудия Lounge (Лаунж);Лофт, вечеринка, 277 м², 400 человек;+79019397046;N/A;https://www.reveltime.ru/venue/1332218?eventtype=vecherinka
Фотостудия Lounge. LovelyLOFT (Лаунж. ЛовлиЛОФТ). Лофт из трех изолированных помещений;Лофт, вечеринка, 800 м², 800 человек;+79019397046;N/A;https://www.reveltime.ru/venue/1332224?eventtype=vecherinka
Фотостудия Panda Зал в классическом стиле;Лофт, вечеринка, 54 м², 30 человек;;N/A;https://www.reveltime.ru/venue/2838638?eventtype=vecherinka
Фотостудия Panda Зал с различными локациями;Лофт, вечеринка, 69 м², 40 человек;+79259261415;N/A;https://www.reveltime.ru/venue/2838375?eventtype=vecherinka
Фотостудия WhitePlace. Лофт-кальянная;Лофт, вечеринка, 159 м², 100 человек;+74952222360;N/A;https://www.reveltime.ru/venue/489473?eventtype=vecherinka
Хорошая студия. Творческий лофт;Лофт, вечеринка, 54 м², 20 человек;;N/A;https://www.reveltime.ru/venue/325982?eventtype=vecherinka
Царский лофт. Круглый лофт со светомузыкой;Лофт, вечеринка, 80 м², 30 человек;;N/A;https://www.reveltime.ru/venue/4557315?eventtype=vecherinka
Центр современного искусства ВИНЗАВОД;Лофт, вечеринка, 133 м², 120 человек;+74959174646;N/A;https://www.reveltime.ru/venue/206461?eventtype=vecherinka
Центрум. Уютное светлое пространство круглой формы;Лофт, вечеринка, 100 м², 40 человек;+79584974160;N/A;https://www.reveltime.ru/venue/6315341?eventtype=vecherinka
Честер. Зал с яркими диванами и камином;Лофт, вечеринка, 22 м², 30 человек;+79346699837;N/A;https://www.reveltime.ru/venue/3316674?eventtype=vecherinka
Чил лофт. Яркий лофт-зал для девичников;Лофт, вечеринка, 19 м², 13 человек;+79346695974;N/A;https://www.reveltime.ru/venue/5920735?eventtype=vecherinka
Чёрный лофт с проектором;Лофт, вечеринка, 45 м², 23 человек;;N/A;https://www.reveltime.ru/venue/3807441?eventtype=vecherinka
Элегантный лофт «Резиденция»;Лофт, вечеринка, 170 м², 100 человек;;N/A;https://www.reveltime.ru/venue/8787689?eventtype=vecherinka
Элегантный лофт Готэм;Лофт, вечеринка, 100 м², 45 человек;+79584974039;N/A;https://www.reveltime.ru/venue/8504465?eventtype=vecherinka
Элегантный лофт с хорошим звуком и балконом;Лофт, вечеринка, 106 м², 40 человек;+79910173255;N/A;https://www.reveltime.ru/venue/9168851?eventtype=vecherinka
Ямайка. Уютный лофт в гавайском стиле;Лофт, вечеринка, 47 м², 20 человек;+79586097164;N/A;https://www.reveltime.ru/venue/5223286?eventtype=vecherinka
Яркий двухуровневый лофт;Лофт, вечеринка, 45 м², 18 человек;+79386989873;N/A;https://www.reveltime.ru/venue/5828600?eventtype=vecherinka
Яркий лофт для детских мероприятий;Лофт, вечеринка, 200 м², 40 человек;;N/A;https://www.reveltime.ru/venue/4409809?eventtype=vecherinka
Яркий лофт с верандой;Лофт, вечеринка, 70 м², 30 человек;;N/A;https://www.reveltime.ru/venue/3284773?eventtype=vecherinka
