Название компании,Название сделки,Телефон,Email,Сайт
"Зал/Лофт для тренингов, лекций, семинаров и практик.","Зал/Лофт для тренингов, лекций, семинаров и практик.",79104223602,,https://www.loft2rent.ru/loft/114019
ЗАО «Ай Ко»,ЗАО «Ай Ко»,74956650604,info@i-core.ru,https://i-core.ru
ЗАО «Амер Спортс»,ЗАО «Амер Спортс»,74956412646,evgeniy.gerasimov@amersports.com,https://checko.ru/company/amer-sports-1045000925375
ЗАО «АНАЛИТИКА»,ЗАО «АНАЛИТИКА»,106141174139,belicheva@analytica.ru,https://analytica.ru
ЗАО «Болид»,ЗАО «Болид»,74957757155,galic78@mail.ru,https://bolid.ru
ЗАО «Карма Групп»,ЗАО «Карма Групп»,74955454484,office@karma-group.ru,https://www.karma-group.ru
ЗАО «МЕДИЭЙС»,ЗАО «МЕДИЭЙС»,74951503820,info@medison.ru,https://www.medison.ru
ЗАО «Микояновский мясокомбинат»,ЗАО «Микояновский мясокомбинат»,74957856567,mmkom@mmkom.ru,https://mikoyan.ru
ЗАО «Мнити»,ЗАО «Мнити»,74951575656,akmr@corpmedia.ru,https://corpmedia.ru/akmr/members/?id=9869
ЗАО «МЭНЧ-М»,ЗАО «МЭНЧ-М»,74956404343,compliance@mench.ru,https://mench.ru
ЗАО «НОРСИ-ТРАНС»,ЗАО «НОРСИ-ТРАНС»,,card_1@2x.png,https://www.rusprofile.ru/id/339072
ЗАО «О1 Пропертиз Менеджмент»,ЗАО «О1 Пропертиз Менеджмент»,74951500864,akremenchuk@yandex.ru,https://www.urbanus.ru/d-o1-propertiz
ЗАО «Сибур-Петрокон»,ЗАО «Сибур-Петрокон»,,kom4@lpgm.ru,http://www.siburpetrokon.ru
ЗАО «Торговая компания «Химпэк»,ЗАО «Торговая компания «Химпэк»,74951251835,zakaz@chempack.ru,https://www.chempack.ru
ЗАО «Унигра»,ЗАО «Унигра»,,info.ru@unigra.com,https://ru.unigra.com
ЗАО «ФИРМА ГАЛЕН»,ЗАО «ФИРМА ГАЛЕН»,,galen@galen.ru,http://www.galen.ru
ЗАО «ЧИП и ДИП»,ЗАО «ЧИП и ДИП»,74955440008,rating@mail.ru,https://www.chipdip.ru
ЗАО «ЭЛЕКТОН»,ЗАО «ЭЛЕКТОН»,,,https://www.elekton.ru
ЗАО «Южная Энергетическая Компания»,ЗАО «Южная Энергетическая Компания»,78793532263,almazenergy@a-group.com,https://almaz-energo.ru
ЗАО «ЮНИДЕНТ»,ЗАО «ЮНИДЕНТ»,74954344601,,https://unident.ru
ЗАО Научно-производственное объединение «ГАРАНТ»,ЗАО Научно-производственное объединение «ГАРАНТ»,74957450556,18@garant1.ru,https://garant1.ru
ЗАО Ремонтно-строительная фирма «Ремстройсервис»,ЗАО Ремонтно-строительная фирма «Ремстройсервис»,,,http://www.remstroyservis.su
Заречная Лофт,Заречная Лофт,79219308733,,https://www.loft2rent.ru/loft/131483/131489
Зарядье,Зарядье,,feedback@zaryadye-park.ru,https://zaryadyepark.ru
Зарядье медиацентр,Зарядье медиацентр,,feedback@zaryadye-park.ru,https://zaryadyepark.ru
Захарово,Захарово,,info@a-s-pushkinmus.ru,https://pushkinmuseum.ru
Звезда смерти,Звезда смерти,78122007818,,https://www.loft2rent.ru/loft/75982
Звездный разрушитель,Звездный разрушитель,78122007818,,https://www.loft2rent.ru/loft/75982
ЗвёздныйЗал 1,ЗвёздныйЗал 1,79162336147,,https://www.loft2rent.ru/loft/171649/171651
Зеленая мансарда на Чистых прудах М-24,Зеленая мансарда на Чистых прудах М-24,79150624544,,https://www.loft2rent.ru/loft/69466
Зеленый дом,Зеленый дом,79175324309,,https://www.loft2rent.ru/loft/141243/141247
Зеленый зал,Зеленый зал,79296303019,,https://www.loft2rent.ru/loft/5676
"Зеленый. Атмосферный лофт с караоке, большим экраном, фотозоной и светомузыкой","Зеленый. Атмосферный лофт с караоке, большим экраном, фотозоной и светомузыкой",79346642952,,https://www.reveltime.ru/venue/6829728?eventtype=vecherinka
Зелёный театр Парка Горького,Зелёный театр Парка Горького,,parkgorkogo@culture.mos.ru,https://park-gorkogo.ru
Зефир,Зефир,78126067020,,https://www.loft2rent.ru/loft/169051
ЗЕФИРКА,ЗЕФИРКА,79854551033,,https://www.loft2rent.ru/loft/18038
Зион лофт,Зион лофт,79035848913,,https://www.loft2rent.ru/loft/134158
Зойка,Зойка,74951031003,,http://zoykarest.ru/
Золотое кольцо ТеатрGolden Stage,Золотое кольцо ТеатрGolden Stage,79686007912,,https://www.loft2rent.ru/loft/130948/130953
Золотой зал,Золотой зал,79164961191,,https://www.loft2rent.ru/loft/44815
Зона Комфорта,Зона Комфорта,79679769636,,https://www.loft2rent.ru/loft/171391/171393
Зонтик/Umbrella,Зонтик/Umbrella,79119316282,,https://www.loft2rent.ru/loft/177789/177796
Зоологический музей МГУ,Зоологический музей МГУ,74956293948,zmmu@zmmu.msu.ru,https://zmmu.msu.ru
Ибица,Ибица,78124435702,,https://www.loft2rent.ru/loft/83744
Ивент-пространство Музея Гаража особого назначенияVip-зал AURUS,Ивент-пространство Музея Гаража особого назначенияVip-зал AURUS,79165661987,,https://www.loft2rent.ru/loft/160275/160981
Ивент-пространство Музея Гаража особого назначенияМузей Гараж - Банкетный Зал,Ивент-пространство Музея Гаража особого назначенияМузей Гараж - Банкетный Зал,79165661987,,https://www.loft2rent.ru/loft/160275/160975
Ивент-пространство Музея Гаража особого назначенияРесторан Разгон,Ивент-пространство Музея Гаража особого назначенияРесторан Разгон,79165661987,,https://www.loft2rent.ru/loft/160275/160988
ИГЛУ Большая,ИГЛУ Большая,79933426897,,https://www.loft2rent.ru/loft/194243
Иглу маленькая,Иглу маленькая,79933426897,,https://www.loft2rent.ru/loft/194243
ИглуБар. Bad girl. Тёмный лофт-зал в красных оттенках,ИглуБар. Bad girl. Тёмный лофт-зал в красных оттенках,79584974226,,https://www.reveltime.ru/venue/4505214?eventtype=vecherinka
ИглуБар. Black Antique. Стильный лофт в тёмных тонах,ИглуБар. Black Antique. Стильный лофт в тёмных тонах,79584974226,,https://www.reveltime.ru/venue/4505236?eventtype=vecherinka
ИглуБар. Гарри Поттер. Лофт-зал в классическом стиле,ИглуБар. Гарри Поттер. Лофт-зал в классическом стиле,79584974226,,https://www.reveltime.ru/venue/4505253?eventtype=vecherinka
ИглуЛофт. WOW. Красочный лофт-зал с выходом на веранду,ИглуЛофт. WOW. Красочный лофт-зал с выходом на веранду,79910173255,,https://www.reveltime.ru/venue/3759742?eventtype=vecherinka
ИглуЛофт. Атриум. Аутентичный лофт-зал,ИглуЛофт. Атриум. Аутентичный лофт-зал,79584610759,,https://www.reveltime.ru/venue/4969463?eventtype=vecherinka
ИглуЛофт. Бульдог. Камерный лофт-зал,ИглуЛофт. Бульдог. Камерный лофт-зал,79019317643,,https://www.reveltime.ru/venue/4553740?eventtype=vecherinka
ИглуЛофт. Высота. Просторный лофт-зал,ИглуЛофт. Высота. Просторный лофт-зал,79346695974,,https://www.reveltime.ru/venue/5920619?eventtype=vecherinka
ИглуЛофт. Гости. Лофт из двух комнат с выходом на веранду,ИглуЛофт. Гости. Лофт из двух комнат с выходом на веранду,79910173255,,https://www.reveltime.ru/venue/3754608?eventtype=vecherinka
ИглуЛофт. Грейлофт. Лофт-зал в современном стиле,ИглуЛофт. Грейлофт. Лофт-зал в современном стиле,79019317643,,https://www.reveltime.ru/venue/4553552?eventtype=vecherinka
ИглуЛофт. Майами. Яркий лофт-зал с окнами на веранду,ИглуЛофт. Майами. Яркий лофт-зал с окнами на веранду,79910173255,,https://www.reveltime.ru/venue/3759849?eventtype=vecherinka
ИглуЛофт. Нео Классик. Стильный лофт-зал,ИглуЛофт. Нео Классик. Стильный лофт-зал,79910173255,,https://www.reveltime.ru/venue/3759834?eventtype=vecherinka
ИглуЛофт. Панорама. Чёрный лофт-зал,ИглуЛофт. Панорама. Чёрный лофт-зал,79910172413,,https://www.reveltime.ru/venue/3482958?eventtype=vecherinka
ИглуЛофт. Шэдоулофт. Премиальный лофт-зал,ИглуЛофт. Шэдоулофт. Премиальный лофт-зал,79346691548,,https://www.reveltime.ru/venue/6055753?eventtype=vecherinka
Игра Престолов,Игра Престолов,78126067020,,https://www.loft2rent.ru/loft/169051
Игровая с PS5 до 6 гостей на Тверской,Игровая с PS5 до 6 гостей на Тверской,79262851313,,https://www.loft2rent.ru/loft/104695
Изостудия Дом Художника в Измайлово. Арт-пространство с высокими потолками,Изостудия Дом Художника в Измайлово. Арт-пространство с высокими потолками,79346608162,,https://www.reveltime.ru/venue/3699065?eventtype=vecherinka
Икша Кантри Клаб,Икша Кантри Клаб,74995055031,,https://www.loft2rent.ru/loft/69187/69189
Икша Кантри КлабДача 100 м² на участке 10 соток,Икша Кантри КлабДача 100 м² на участке 10 соток,74995055031,,https://www.loft2rent.ru/loft/69187/112222
Икша Кантри КлабДомик Олимпийская деревня Коралловый,Икша Кантри КлабДомик Олимпийская деревня Коралловый,74995055031,,https://www.loft2rent.ru/loft/69187/137626
Икша Кантри КлабДомик Олимпийская деревня Морской,Икша Кантри КлабДомик Олимпийская деревня Морской,74995055031,,https://www.loft2rent.ru/loft/69187/137623
Икша Кантри КлабКоттедж 150 м² на участке 10 соток,Икша Кантри КлабКоттедж 150 м² на участке 10 соток,74995055031,,https://www.loft2rent.ru/loft/69187/112172
Икша Кантри КлабТаунхаус 100 м² на участке 10 сот. Таунхаус 100 м² на участке 10 соток,Икша Кантри КлабТаунхаус 100 м² на участке 10 сот. Таунхаус 100 м² на участке 10 соток,74995055031,,https://www.loft2rent.ru/loft/69187/112256
Икша Кантри КлабТаунхаус 50 м² на участке 10 сот.,Икша Кантри КлабТаунхаус 50 м² на участке 10 сот.,74995055031,,https://www.loft2rent.ru/loft/69187/111578
Икша Кантри КлабШале 70 м,Икша Кантри КлабШале 70 м,74995055031,,https://www.loft2rent.ru/loft/69187/112194
Империя Скай Лофт,Империя Скай Лофт,74999385501,,https://www.loft2rent.ru/loft/10755/26531
Импульс,Импульс,79935905884,,https://www.loft2rent.ru/loft/92780
Инвестиционный Потребительский Кооператив «Кнокей. Арендная Недвижимость»,Инвестиционный Потребительский Кооператив «Кнокей. Арендная Недвижимость»,74992859767,hotels_web_errorhub@error-hub.tbank.ru,https://www.tbank.ru/travel/hotels/new/hotels/2642990
Инвестторгбанк,Инвестторгбанк,,info@itb.ru,https://itb.ru
Ингосстрах Банк,Ингосстрах Банк,74957295555,info@banksoyuz.ru,https://ingobank.ru
Индиго,Индиго,74954780638,,https://www.loft2rent.ru/loft/109926
ИНСАЙД 2.0,ИНСАЙД 2.0,79112793938,,https://www.loft2rent.ru/loft/94069
Интер РАО,Интер РАО,74956648840,ir.interrao@ya.ru,https://www.interrao.ru
Интер РАО Инжиниринг,Интер РАО Инжиниринг,74956648840,ir.interrao@ya.ru,https://interrao.ru
Интерфакс,Интерфакс,74952236699,ad.interfax@roden-media.ru,https://interfax.ru
Интерьерная студия для творчества и вечеринок,Интерьерная студия для творчества и вечеринок,79687397476,,https://www.reveltime.ru/venue/2783203?eventtype=vecherinka
Интра Лофт,Интра Лофт,79956973260,,https://www.loft2rent.ru/loft/92492/92495
Интра ЛофтЛоки Лофт,Интра ЛофтЛоки Лофт,79956973260,,https://www.loft2rent.ru/loft/92492/117415
Интра ЛофтЛофт Ронго,Интра ЛофтЛофт Ронго,79956973260,,https://www.loft2rent.ru/loft/92492/135308
Интра ЛофтРати Лофт,Интра ЛофтРати Лофт,79956973260,,https://www.loft2rent.ru/loft/92492/134378
ИнтриганыТеатральное пространство,ИнтриганыТеатральное пространство,79161717969,,https://www.loft2rent.ru/loft/206070/206077
ИпСдвижков,ИпСдвижков,79777752726,,https://www.loft2rent.ru/loft/210458/210483
ИскраХоллБанкетный зал ИскраХолл,ИскраХоллБанкетный зал ИскраХолл,79055472820,,https://www.loft2rent.ru/loft/154327/158133
ИскраХоллКонференц-зал ИскраХолл,ИскраХоллКонференц-зал ИскраХолл,79055472820,,https://www.loft2rent.ru/loft/154327/171717
Исторический музей,Исторический музей,74872773165,add-to-calendar-button@2.js,https://shm.ru
Источник света,Источник света,79198973218,,https://www.loft2rent.ru/loft/103888/103890
Источник светаЦиклорама,Источник светаЦиклорама,79198973218,,https://www.loft2rent.ru/loft/103888/197260
Италия,Италия,74954780638,,https://www.loft2rent.ru/loft/109926
К Марсу,К Марсу,78122007818,,https://www.loft2rent.ru/loft/75982
"Кабинет ""Державинский""","Кабинет ""Державинский""",79585386547,,https://www.loft2rent.ru/loft/114505
"Кабинет ""Ревельский""","Кабинет ""Ревельский""",79585386547,,https://www.loft2rent.ru/loft/114505
"Кабинет ""Рыцарский""","Кабинет ""Рыцарский""",79585386547,,https://www.loft2rent.ru/loft/114505
Кабинет 101,Кабинет 101,79991201020,,https://www.loft2rent.ru/loft/177033/177035
Кабинет для переговоров № 13,Кабинет для переговоров № 13,79647264515,,https://www.loft2rent.ru/loft/118815
Кабинет для проведения семинаров и тренинговЗал 35 м2,Кабинет для проведения семинаров и тренинговЗал 35 м2,79253162853,,https://www.loft2rent.ru/loft/78914/112521
Кабинет для проведения семинаров и тренинговЗал 40 м2,Кабинет для проведения семинаров и тренинговЗал 40 м2,79253162853,,https://www.loft2rent.ru/loft/78914/79733
Кабинет для проведения семинаров и тренинговЗал 46 м2,Кабинет для проведения семинаров и тренинговЗал 46 м2,79253162853,,https://www.loft2rent.ru/loft/78914/79736
Кабинет для проведения семинаров и тренинговЗал№4,Кабинет для проведения семинаров и тренинговЗал№4,79253162853,,https://www.loft2rent.ru/loft/78914/79230
Кабинет психолога №25,Кабинет психолога №25,79647264515,,https://www.loft2rent.ru/loft/118815
Кабинет психолога №26,Кабинет психолога №26,79647264515,,https://www.loft2rent.ru/loft/118815
Кабинет Эви,Кабинет Эви,79160876137,,https://www.loft2rent.ru/loft/155206
Казбек,Казбек,74956518100,,https://www.mykazbek.ru/
КайросСмоленский бульвар 22/14,КайросСмоленский бульвар 22/14,79670696835,,https://www.loft2rent.ru/loft/198471/198474
Кальянная ПОЧИЛИМ,Кальянная ПОЧИЛИМ,79026984414,,https://www.loft2rent.ru/loft/195455
КАМАЗ (офис МСК),КАМАЗ (офис МСК),,callcentre@kamaz.org,https://kamaz.ru
Камерная площадка в стиле лофт на Большой Никиктской,Камерная площадка в стиле лофт на Большой Никиктской,79851978001,,https://www.loft2rent.ru/loft/188222
Камерный зал винного бара,Камерный зал винного бара,79819869826,,https://www.loft2rent.ru/loft/141917
Камерный лофт Life со сценой и красивым видом из окна,Камерный лофт Life со сценой и красивым видом из окна,79852198400,,https://www.loft2rent.ru/loft/97467
"Кандинский - Уютный лофт мансарда, лекторий с амфитеатром","Кандинский - Уютный лофт мансарда, лекторий с амфитеатром",74950327390,,https://www.loft2rent.ru/loft/5581
Каппо Хироки Аракава,Каппо Хироки Аракава,79670009808,,https://www.hiroki.ru/
"Караоке ""Bonnie&Clyde""","Караоке ""Bonnie&Clyde""",79119257643,,https://www.loft2rent.ru/loft/93765/93771
Караоке клуб Трели,Караоке клуб Трели,79036295353,,https://www.loft2rent.ru/loft/127613/127615
Караоке Соловей Караоке Соловей,Караоке Соловей Караоке Соловей,79998820868,,https://www.loft2rent.ru/loft/166272/166274
Караоке-ЛофтЭхоЗал Космос,Караоке-ЛофтЭхоЗал Космос,79299347733,,https://www.loft2rent.ru/loft/114708/119257
Караоке-ЛофтЭхоЗал Лава,Караоке-ЛофтЭхоЗал Лава,79299347733,,https://www.loft2rent.ru/loft/114708/119282
Караоке-ЛофтЭхоЗал Лагуна,Караоке-ЛофтЭхоЗал Лагуна,79299347733,,https://www.loft2rent.ru/loft/114708/119270
Караоке-ЛофтЭхоЗал Тропики,Караоке-ЛофтЭхоЗал Тропики,79299347733,,https://www.loft2rent.ru/loft/114708/119264
Караоке-ЛофтЭхоЗал Эйфория,Караоке-ЛофтЭхоЗал Эйфория,79299347733,,https://www.loft2rent.ru/loft/114708/119280
Каток,Каток,78122133202,,https://twitter.com/sevcableport
Кафе под закрытие в советском стиле,Кафе под закрытие в советском стиле,79199964838,,https://www.reveltime.ru/venue/3170777?eventtype=vecherinka
Кафе Пушкинъ,Кафе Пушкинъ,74957390033,,https://cafe-pushkin.ru
Кафе Соколов Еда,Кафе Соколов Еда,79616073600,,https://www.loft2rent.ru/loft/123399/123406
Кафе ТочкаКАФЕ ТОЧКА,Кафе ТочкаКАФЕ ТОЧКА,79067116660,,https://www.loft2rent.ru/loft/206054/206100
Кафе Утренник. Кафе под закрытие в самом центре Москвы,Кафе Утренник. Кафе под закрытие в самом центре Москвы,79893636021,,https://www.reveltime.ru/venue/7769700?eventtype=vecherinka
КафеРоза ВЕТРОВ,КафеРоза ВЕТРОВ,79261825584,,https://www.loft2rent.ru/loft/186174/187845
Квант,Квант,79162981998,,https://www.loft2rent.ru/loft/92780
Квартира №9,Квартира №9,79933391939,,https://www.loft2rent.ru/loft/160743/160745
Квартира №9Квартира №9 VIP,Квартира №9Квартира №9 VIP,79933391939,,https://www.loft2rent.ru/loft/160743/163087
Кварц,Кварц,79689739030,,https://www.loft2rent.ru/loft/2518
Квестаун Party. &quot;А1&quot;. Стильный лофт-зал на севере города,Квестаун Party. &quot;А1&quot;. Стильный лофт-зал на севере города,79161076553,,https://www.reveltime.ru/venue/6992054?eventtype=vecherinka
Квестаун partyLOFT А1,Квестаун partyLOFT А1,79161076553,,https://www.loft2rent.ru/loft/33582/145414
Квестаун partyГолубой лофт,Квестаун partyГолубой лофт,79775202127,,https://www.loft2rent.ru/loft/33582/73598
Квестаун partyЗеленый лофт,Квестаун partyЗеленый лофт,79775202127,,https://www.loft2rent.ru/loft/33582/45711
Кедр Зайцево,Кедр Зайцево,74952745354,,https://www.loft2rent.ru/loft/183501/183503
"Кенди- милый лофт с диско-шаром, караоке и приставкой!","Кенди- милый лофт с диско-шаром, караоке и приставкой!",74991113716,,https://www.loft2rent.ru/loft/131919
Кентукки,Кентукки,73433630042,,https://www.loft2rent.ru/loft/115047
КиберКлуб YouPlay (Ты играешь). Клуб компьютерных и консольных игр,КиберКлуб YouPlay (Ты играешь). Клуб компьютерных и консольных игр,79676928564,,https://www.reveltime.ru/venue/2840766?eventtype=vecherinka
"КиберКлуб Youplay (Юплей). Кибер-лофт с консолями, рулями, VR и ПК","КиберКлуб Youplay (Юплей). Кибер-лофт с консолями, рулями, VR и ПК",79584974228,,https://www.reveltime.ru/venue/7591289?eventtype=vecherinka
КиберКлуб на праздник / КиберКлуб на праздникКибер-Клуб,КиберКлуб на праздник / КиберКлуб на праздникКибер-Клуб,79663220805,,https://www.loft2rent.ru/loft/169049/171682
Киберпанк,Киберпанк,73919898633,,https://www.loft2rent.ru/loft/164165
"КидсТаунЛофт - игровая КидсТаун , детский центр","КидсТаунЛофт - игровая КидсТаун , детский центр",79015203025,,https://www.loft2rent.ru/loft/198921/199771
Киндер Лофт,Киндер Лофт,79153975432,,https://www.loft2rent.ru/loft/66611
Кинобар на крыше,Кинобар на крыше,79933426897,,https://www.loft2rent.ru/loft/194243
Киностудия ТвоёКино,Киностудия ТвоёКино,74991131095,,https://www.loft2rent.ru/loft/9768/44321
Киото. Светлый зал с кухней,Киото. Светлый зал с кухней,79910172413,,https://www.reveltime.ru/venue/9157812?eventtype=vecherinka
Китай,Китай,78124435702,,https://www.loft2rent.ru/loft/83744
Китайский Летчик Джао ДаГостиная Лётчика,Китайский Летчик Джао ДаГостиная Лётчика,74956245611,,https://www.loft2rent.ru/loft/205810/206021
Классик,Классик,74954780638,,https://www.loft2rent.ru/loft/109926
"Классик - элегантный лофт в классическом стиле с акцентным освещением, диско‑шаром и караоке!","Классик - элегантный лофт в классическом стиле с акцентным освещением, диско‑шаром и караоке!",74951914157,,https://www.loft2rent.ru/loft/142644
"Классик и Дримс - лофт с двумя залами с объемным профессиональным звуком, караоке и фотозоной и с неоном!","Классик и Дримс - лофт с двумя залами с объемным профессиональным звуком, караоке и фотозоной и с неоном!",74951914157,,https://www.loft2rent.ru/loft/142644
"Классический зал ""Вдохновение""","Классический зал ""Вдохновение""",79119590326,,https://www.loft2rent.ru/loft/92234
"Классический зал ""Лофт"" с караоке / 3 мин. от метро Семеновская","Классический зал ""Лофт"" с караоке / 3 мин. от метро Семеновская",74998881633,,https://www.loft2rent.ru/loft/126908
Клаустрофобия ОнлайнЛофт Волшебный лес,Клаустрофобия ОнлайнЛофт Волшебный лес,79257676433,,https://www.loft2rent.ru/loft/200457/200459
Клаустрофобия ОфлайнПостапокалипсис МСК2048,Клаустрофобия ОфлайнПостапокалипсис МСК2048,74994605420,,https://www.loft2rent.ru/loft/199550/199552
КлаустрофобияДревний Египет,КлаустрофобияДревний Египет,74951350500,,https://www.loft2rent.ru/loft/199746/200029
КлаустрофобияМашина времени,КлаустрофобияМашина времени,74951350500,,https://www.loft2rent.ru/loft/199746/200035
КлаустрофобияОграбление Банка,КлаустрофобияОграбление Банка,74951350500,,https://www.loft2rent.ru/loft/199746/200032
КлаустрофобияСредневековье,КлаустрофобияСредневековье,74951350500,,https://www.loft2rent.ru/loft/199746/200024
Климт - 26 м² золотого символизма,Климт - 26 м² золотого символизма,74950327390,,https://www.loft2rent.ru/loft/5581
Клуб «Сова» караоке,Клуб «Сова» караоке,79778502014,,https://www.loft2rent.ru/loft/142119/142121
Клуб Гадкий Койот,Клуб Гадкий Койот,79164400130,,https://www.loft2rent.ru/loft/101001
Клуб Лофт PRAVDA,Клуб Лофт PRAVDA,79585410041,,https://www.loft2rent.ru/loft/97591
Клуб Лофт «ЗАВАРКА» аренда под мероприятия,Клуб Лофт «ЗАВАРКА» аренда под мероприятия,79585410041,,https://www.loft2rent.ru/loft/97591
Клуб Лофт «Ленинград» аренда,Клуб Лофт «Ленинград» аренда,79585410041,,https://www.loft2rent.ru/loft/97591
Клуб Лофт Пляж “Soho country club”,Клуб Лофт Пляж “Soho country club”,79585410041,,https://www.loft2rent.ru/loft/97591
Клуб Притяжение,Клуб Притяжение,79197672719,,https://www.loft2rent.ru/loft/193133/193135
Клуб резиденция для праздников и мероприятий,Клуб резиденция для праздников и мероприятий,79255165332,,https://www.loft2rent.ru/loft/172081
Клуб-бар Резиденция,Клуб-бар Резиденция,79653734040,,https://www.loft2rent.ru/loft/207271
Клубная система ОреховоКонцертный зал,Клубная система ОреховоКонцертный зал,7495682422237513754,,https://www.loft2rent.ru/loft/136619/136621
Клубный лофт ЮМЕЙКЕР на Красном октябре,Клубный лофт ЮМЕЙКЕР на Красном октябре,79770002153,,https://www.loft2rent.ru/loft/183656
Клуэдо,Клуэдо,78122007818,,https://www.loft2rent.ru/loft/75982
Коворкинг RIDGE,Коворкинг RIDGE,79213609300,,https://www.loft2rent.ru/loft/95630/95649
Коворкинг Smart Yard2-х этажный лофт вместимость до 30 человек,Коворкинг Smart Yard2-х этажный лофт вместимость до 30 человек,79645136167,,https://www.loft2rent.ru/loft/57408/201262
Коворкинг Smart YardКоворкинг Практик,Коворкинг Smart YardКоворкинг Практик,79645136167,,https://www.loft2rent.ru/loft/57408/57410
Коворкинг для мероприятийВода,Коворкинг для мероприятийВода,79055906622,,https://www.loft2rent.ru/loft/181731/181737
Коворкинг для мероприятийВоздух,Коворкинг для мероприятийВоздух,79055906622,,https://www.loft2rent.ru/loft/181731/181733
Коворкинг для мероприятийЗемля,Коворкинг для мероприятийЗемля,79055906622,,https://www.loft2rent.ru/loft/181731/189583
Коворкинг для мероприятийОгонь,Коворкинг для мероприятийОгонь,79055906622,,https://www.loft2rent.ru/loft/181731/189593
"Коворкинг-Центр ""Fабрика""Коворкинг-Центр","Коворкинг-Центр ""Fабрика""Коворкинг-Центр",79261331191,,https://www.loft2rent.ru/loft/109232/109234
Коворкинг-центр Люди Учат,Коворкинг-центр Люди Учат,79853408131,,https://www.loft2rent.ru/loft/199953/202140
Койот Бар ГадкийБар Гадкий Койот,Койот Бар ГадкийБар Гадкий Койот,79063269129,,https://www.loft2rent.ru/loft/184693/184696
Колизей холл,Колизей холл,74955183030,,https://www.loft2rent.ru/loft/207950/207952
Коммерсантъ,Коммерсантъ,74956463046,club@kommersant.ru,https://www.kommersant.ru
Компас зал 120 Quattro Space,Компас зал 120 Quattro Space,74994441908,,https://www.loft2rent.ru/loft/120842
Комфортный Loft Москва-сити,Комфортный Loft Москва-сити,79111023333,,https://www.loft2rent.ru/loft/107530
Комфортный лофт,Комфортный лофт,79584973975,,https://www.reveltime.ru/venue/6930239?eventtype=vecherinka
"Комфортный, стильный, просторный лофт «BRONZA»  в центре Москвы, 10 мин. от метро","Комфортный, стильный, просторный лофт «BRONZA»  в центре Москвы, 10 мин. от метро",79099060421,,https://www.loft2rent.ru/loft/41462
"Конгресс-КейтерингЛофт ""Серый""","Конгресс-КейтерингЛофт ""Серый""",79031609009,,https://www.loft2rent.ru/loft/197027/197029
Консерватория им. Чайковского,Консерватория им. Чайковского,,document@mosconsv.ru,https://www.mosconsv.ru
Контраст лофтКонтраст лофт  / Контраст лофт,Контраст лофтКонтраст лофт  / Контраст лофт,79533438200,,https://www.loft2rent.ru/loft/128824/128826
Конференц зал,Конференц зал,78124412942,,https://www.loft2rent.ru/loft/150682
Конференц-зал,Конференц-зал,79313784778,,https://www.loft2rent.ru/loft/99859
"Конференц-зал ""Борис Годунов""","Конференц-зал ""Борис Годунов""",74951112200,,https://www.loft2rent.ru/loft/166336/166340
Конференц-зал / банкетный зал,Конференц-зал / банкетный зал,74956003606,,https://www.loft2rent.ru/loft/36344
Конференц-Зал 190м2 Quattro Space,Конференц-Зал 190м2 Quattro Space,74994441908,,https://www.loft2rent.ru/loft/120842
Конференц-Зал 310 - Quattro Space,Конференц-Зал 310 - Quattro Space,74994441908,,https://www.loft2rent.ru/loft/120842
Конференц-зал во Дворце тенниса Лужники,Конференц-зал во Дворце тенниса Лужники,74959092663,,https://www.loft2rent.ru/loft/164090
Конференц-зал до 50 человек,Конференц-зал до 50 человек,79804300888,,https://www.loft2rent.ru/loft/199576
Конференц-зал до 70 человек,Конференц-зал до 70 человек,79804300888,,https://www.loft2rent.ru/loft/199576
Конференц-зал и Лофт Волга,Конференц-зал и Лофт Волга,79262082079,,https://www.loft2rent.ru/loft/41174/41176
Конференц-зал с балконом во Дворце тенниса Лужники,Конференц-зал с балконом во Дворце тенниса Лужники,74959092663,,https://www.loft2rent.ru/loft/164090
Конференц-зал УСЗ Дружба в Лужниках,Конференц-зал УСЗ Дружба в Лужниках,74959092663,,https://www.loft2rent.ru/loft/164090
Концептуальный лофт/бар на МаросейкеThe Last Bar,Концептуальный лофт/бар на МаросейкеThe Last Bar,79153422339,,https://www.loft2rent.ru/loft/166332/166334
Концертная площадка с панорамными окнами,Концертная площадка с панорамными окнами,79584974206,,https://www.reveltime.ru/venue/4104387?eventtype=vecherinka
Концертно-репетиционный лофт ТРИТОНТритон,Концертно-репетиционный лофт ТРИТОНТритон,79778333192,,https://www.loft2rent.ru/loft/171022/171024
Концертный зал Зарядье,Концертный зал Зарядье,74955310457,concert@zaryadyehall.ru,https://zaryadyehall.ru
"Концертный зал и кинозалКонцертный зал ""Фламенкерия""","Концертный зал и кинозалКонцертный зал ""Фламенкерия""",79258659784,,https://www.loft2rent.ru/loft/110026/110528
"Концертный зал со сценой, премиальным светом и звуком, LED-экраном на Бауманской","Концертный зал со сценой, премиальным светом и звуком, LED-экраном на Бауманской",79269540354,,https://www.loft2rent.ru/loft/172102
Концертный зал Чайковского,Концертный зал Чайковского,74952325353,info@meloman.ru,https://meloman.ru
Корабль Илона Маска,Корабль Илона Маска,78122007818,,https://www.loft2rent.ru/loft/75982
Коробок,Коробок,74992770007,,https://korobokmoscow.ru/
Королева. Стильный лофт с караоке и светомузыкой,Королева. Стильный лофт с караоке и светомузыкой,79346692796,,https://www.reveltime.ru/venue/6829637?eventtype=vecherinka
Космо Кидс Символ,Космо Кидс Символ,79260330440,,https://www.loft2rent.ru/loft/203892/203894
Космополитен. Розовый лофт-зал,Космополитен. Розовый лофт-зал,79019397094,,https://www.reveltime.ru/venue/4890611?eventtype=vecherinka
Космос,Космос,74954780638,,https://www.loft2rent.ru/loft/109926
Космос,Космос,79990071109,,https://www.loft2rent.ru/loft/125195
КОСМОС,КОСМОС,79854551033,,https://www.loft2rent.ru/loft/18038
Космос,Космос,78124435702,,https://www.loft2rent.ru/loft/83744
Котельная,Котельная,79267699990,,https://www.loft2rent.ru/loft/115019
"кофейня ""не плачь, пей кофе"" на Красноказарменной","кофейня ""не плачь, пей кофе"" на Красноказарменной",,,https://www.loft2rent.ru/loft/157378
Кофемания,Кофемания,74994951554,,https://coffeemania.ru
Кофемания Chef’s,Кофемания Chef’s,74994954081,,https://coffeemania.ru/restaurants/chefs
Кошелев-Банк,Кошелев-Банк,74952323723,info@k-bnk.ru,https://koshelev-bank.ru
Коэффициент притяжения. Уютный лофт в центре,Коэффициент притяжения. Уютный лофт в центре,79774941734,,https://www.reveltime.ru/venue/5014234?eventtype=vecherinka
Коэффициент тепла,Коэффициент тепла,79935905884,,https://www.loft2rent.ru/loft/92780
Красивый Loft Москва-сити,Красивый Loft Москва-сити,79111023333,,https://www.loft2rent.ru/loft/107530
"Красивый лофт «BALANCE». Включено -караоке, светомузыка, мебель, PS4.  3 минуты от метро","Красивый лофт «BALANCE». Включено -караоке, светомузыка, мебель, PS4.  3 минуты от метро",79099060421,,https://www.loft2rent.ru/loft/41462
Красивый лофт с верандой и грилем MULTIROOM,Красивый лофт с верандой и грилем MULTIROOM,79099060421,,https://www.loft2rent.ru/loft/41462
Красный зал,Красный зал,79296303019,,https://www.loft2rent.ru/loft/5676
Красный Октябрь,Красный Октябрь,74951726863,,https://redoctober.moscow
Креативное пространство Центр дизайн-мышленияКомната для воркшопов,Креативное пространство Центр дизайн-мышленияКомната для воркшопов,79993335031,,https://www.loft2rent.ru/loft/108042/108126
Креативное пространство Центр дизайн-мышленияКомната эмпатии,Креативное пространство Центр дизайн-мышленияКомната эмпатии,79993335031,,https://www.loft2rent.ru/loft/108042/108136
Креативное пространство Центр дизайн-мышленияКонференц-зал,Креативное пространство Центр дизайн-мышленияКонференц-зал,79993335031,,https://www.loft2rent.ru/loft/108042/108048
Креативное пространство Центр дизайн-мышленияМастерская для творческой работы,Креативное пространство Центр дизайн-мышленияМастерская для творческой работы,79993335031,,https://www.loft2rent.ru/loft/108042/108109
"Креативный кластер ""На Заводе""Здание Заводоуправления","Креативный кластер ""На Заводе""Здание Заводоуправления",79090001732,,https://www.loft2rent.ru/loft/134615/135099
Креативный кластер в ЧерноисточинскеКреативный кластер Черноисточинске,Креативный кластер в ЧерноисточинскеКреативный кластер Черноисточинске,79222188705,,https://www.loft2rent.ru/loft/87311/87332
Кредит Европа Банк,Кредит Европа Банк,74955439977,atm.unit@crediteurope.ru,https://crediteurope.ru
Кремлёвская Кухня. Кулинарная студия в башне,Кремлёвская Кухня. Кулинарная студия в башне,79584630738,,https://www.reveltime.ru/venue/2710801?eventtype=vecherinka
Кремлёвский дворец,Кремлёвский дворец,74956207777,bilet@gkdkreml.ru,https://kremlinpalace.org
Криминальное Чтиво,Криминальное Чтиво,78126067020,,https://www.loft2rent.ru/loft/169051
Кристалл,Кристалл,79999798783,,https://www.loft2rent.ru/loft/154278
Кристофер. Лофт-пространство,Кристофер. Лофт-пространство,79257803535,,https://www.reveltime.ru/venue/3276192?eventtype=vecherinka
КРЫМ terrace Moscow,КРЫМ terrace Moscow,74953084959,,https://www.loft2rent.ru/loft/189235/189240
Крыша Лофт,Крыша Лофт,79252538393,,https://www.loft2rent.ru/loft/141021
Крыша на Красном Октябре,Крыша на Красном Октябре,79955932808,,https://www.loft2rent.ru/loft/208949
крыша Руфтоп 921,крыша Руфтоп 921,79031164834,,https://www.loft2rent.ru/loft/142489
Куб,Куб,74952080038,,https://www.loft2rent.ru/loft/3318
Куб,Куб,79267395955,,https://www.loft2rent.ru/loft/85879
Кубань Кредит,Кубань Кредит,78005552518,,https://kk.bank
Кудри и ЦветыКудри и цветы,Кудри и ЦветыКудри и цветы,79231230911,,https://www.loft2rent.ru/loft/123968/123970
КукLabаудитория 2,КукLabаудитория 2,79859200525,,https://www.loft2rent.ru/loft/100104/100279
КукLabАудитория №3,КукLabАудитория №3,79859200525,,https://www.loft2rent.ru/loft/100104/100136
КукLabбольшая мастерская,КукLabбольшая мастерская,79859200525,,https://www.loft2rent.ru/loft/100104/100455
КукLabзал Аэропорт,КукLabзал Аэропорт,79859200525,,https://www.loft2rent.ru/loft/100104/100129
КукLabзал+мастерские+кафе пространства Аэропорт,КукLabзал+мастерские+кафе пространства Аэропорт,79859200525,,https://www.loft2rent.ru/loft/100104/100125
КукLabЛаб1 Аэропорт,КукLabЛаб1 Аэропорт,79859200525,,https://www.loft2rent.ru/loft/100104/149640
КукLabмалая мастерская смоленская,КукLabмалая мастерская смоленская,79859200525,,https://www.loft2rent.ru/loft/100104/100448
КукLabСмоленская Зал,КукLabСмоленская Зал,79859200525,,https://www.loft2rent.ru/loft/100104/102886
Кулинарная студия,Кулинарная студия,79637687698,,https://www.loft2rent.ru/loft/65867
Кулинарная Студия Clever,Кулинарная Студия Clever,74951913345,,https://www.loft2rent.ru/loft/5834/26847
Кулинарная студия Кремлевская Кухня,Кулинарная студия Кремлевская Кухня,79777719201,,https://www.loft2rent.ru/loft/21195/26729
Кулинарная студия Лофт 17,Кулинарная студия Лофт 17,79175179777,,https://www.loft2rent.ru/loft/150535/150539
Кулинарная студия Юлии ВысоцкойСтудия на Молодежной,Кулинарная студия Юлии ВысоцкойСтудия на Молодежной,74950216365,,https://www.loft2rent.ru/loft/197591/197597
Кулинарная студия Юлии ВысоцкойСтудия на Молодежной (малая),Кулинарная студия Юлии ВысоцкойСтудия на Молодежной (малая),74950216365,,https://www.loft2rent.ru/loft/197591/197607
Кулинарная студия/ЛОФТ,Кулинарная студия/ЛОФТ,79104444951,,https://www.loft2rent.ru/loft/117304/117860
Кулинарная Школа Чили ШоколадЗал Лофт,Кулинарная Школа Чили ШоколадЗал Лофт,79854215571,,https://www.loft2rent.ru/loft/174665/174690
Культура,Культура,79161474724,,https://www.loft2rent.ru/loft/203539/203547
"Культурный Центр ""Строгино""Концертный зал и другие помещения","Культурный Центр ""Строгино""Концертный зал и другие помещения",74951986536,,https://www.loft2rent.ru/loft/77854/77856
Культурный центр СемимостьеЗал 95м,Культурный центр СемимостьеЗал 95м,79214220213,,https://www.loft2rent.ru/loft/85818/85823
Купол на крыше с панорамным видом,Купол на крыше с панорамным видом,74954320156,,https://www.reveltime.ru/venue/257853?eventtype=vecherinka
Купольная беседка ВДНХ с верандой на крыше,Купольная беседка ВДНХ с верандой на крыше,79300368207,,https://www.loft2rent.ru/loft/43392
Купольная беседка на ВДНХ с верандой,Купольная беседка на ВДНХ с верандой,79300368207,,https://www.loft2rent.ru/loft/43392
Купольная беседка на двоих праздник на крыше \,Купольная беседка на двоих праздник на крыше \,,,лофт
Купольная беседка праздник на крыше \,Купольная беседка праздник на крыше \,,,лофт
Купольная беседка с верандой,Купольная беседка с верандой,79300368207,,https://www.loft2rent.ru/loft/43392
Купольная ВИП беседка праздник на крыше \,Купольная ВИП беседка праздник на крыше \,,,лофт
Куркино лофт,Куркино лофт,79057337525,,https://www.loft2rent.ru/loft/46562/46670
Кусково,Кусково,0749537531310,,https://kuskovo.ru
Кусь,Кусь,79773418539,,https://www.loft2rent.ru/loft/128814/129168
КУТУЗОВ ЛОФТ (ex ПОРТАЛ),КУТУЗОВ ЛОФТ (ex ПОРТАЛ),74957985181,,https://www.loft2rent.ru/loft/28030
Лаборатория,Лаборатория,79854551033,,https://www.loft2rent.ru/loft/18038
Лампа лофт,Лампа лофт,79252118822,,https://www.reveltime.ru/venue/6185676?eventtype=vecherinka
Лас-Вегас,Лас-Вегас,78124435702,,https://www.loft2rent.ru/loft/83744
ЛАСТОЧКА,ЛАСТОЧКА,74957651101,,https://www.loft2rent.ru/loft/90945
Лаундж-бар на Трифоновской,Лаундж-бар на Трифоновской,79268244318,,https://www.loft2rent.ru/loft/121243
Лаундж-пространство с кафе для детских мероприятий,Лаундж-пространство с кафе для детских мероприятий,79629959666,,https://www.reveltime.ru/venue/3639863?eventtype=vecherinka
Лаунж-бар в тропическом стиле,Лаунж-бар в тропическом стиле,79584974160,,https://www.reveltime.ru/venue/4036529?eventtype=vecherinka
Легендарный отель Советский,Легендарный отель Советский,,,https://ostrovok.ru/hotel/russia/moscow/mid7467335/sovetsky_historical_hotel
Легион \,Легион \,,,лофт
Легпромпарк Экспо,Легпромпарк Экспо,79166521012,,https://www.loft2rent.ru/loft/207134/207137
Лекторий,Лекторий,79637687698,,https://www.loft2rent.ru/loft/65867
Лекторий 1,Лекторий 1,79637687698,,https://www.loft2rent.ru/loft/65867
ЛЕНЬ.ЛЕНЬ.,ЛЕНЬ.ЛЕНЬ.,79055296305,,https://www.loft2rent.ru/loft/76940/76973
Лео Лофт Мск,Лео Лофт Мск,79670066399,,https://www.loft2rent.ru/loft/100917/104078
Лео Лофт МскДинамика,Лео Лофт МскДинамика,79850033387,,https://www.loft2rent.ru/loft/100917/166494
"Лес. Театральный лофт с верандой, сценой и вторым ярусом","Лес. Театральный лофт с верандой, сценой и вторым ярусом",79586097164,,https://www.reveltime.ru/venue/6650714?eventtype=vecherinka
ЛЕСТеатральный лофт «ЛЕС»,ЛЕСТеатральный лофт «ЛЕС»,79999780977,,https://www.loft2rent.ru/loft/52135/52137
Летний шатер Тиффани,Летний шатер Тиффани,79164400130,,https://www.loft2rent.ru/loft/101001
Летняя веранда ПригорокБелоснежный шатер,Летняя веранда ПригорокБелоснежный шатер,79099093669,,https://www.loft2rent.ru/loft/171193/172264
Летняя веранда ПригорокВеранда у пруда,Летняя веранда ПригорокВеранда у пруда,79099093669,,https://www.loft2rent.ru/loft/171193/171368
"Летняя веранда ПригорокЛетняя веранда ""Луна""","Летняя веранда ПригорокЛетняя веранда ""Луна""",79099093669,,https://www.loft2rent.ru/loft/171193/171219
Летняя веранда ПригорокМалина бар,Летняя веранда ПригорокМалина бар,79099093669,,https://www.loft2rent.ru/loft/171193/173102
Летняя веранда ПригорокМалый летний шатер,Летняя веранда ПригорокМалый летний шатер,79099093669,,https://www.loft2rent.ru/loft/171193/172268
Летняя веранда ПригорокСплетни бар,Летняя веранда ПригорокСплетни бар,79099093669,,https://www.loft2rent.ru/loft/171193/173114
Летняя веранда ПригорокШатер «Царица»,Летняя веранда ПригорокШатер «Царица»,79099093669,,https://www.loft2rent.ru/loft/171193/171344
Лефортово,Лефортово,74953607786,deti-mm@culture.mos.ru,https://mosmuseum.ru
Литературная гостиная,Литературная гостиная,79213544851,,https://www.loft2rent.ru/loft/110170
личноПоддворье,личноПоддворье,79269818713,,https://www.loft2rent.ru/loft/193047/193058
Ловушка. Яркая лофт-комната для мероприятий,Ловушка. Яркая лофт-комната для мероприятий,79584973975,,https://www.reveltime.ru/venue/7493732?eventtype=vecherinka
Локо-Банк,Локо-Банк,78002505050,aatimofeeva@lockobank.ru,https://lockobank.ru
Лось,Лось,79854551033,,https://www.loft2rent.ru/loft/18038
Лотте Отель Москва,Лотте Отель Москва,,,https://ostrovok.ru/hotel/russia/moscow/mid7382812/lotte_otel_moskva
Лофт,Лофт,78124435702,,https://www.loft2rent.ru/loft/83744
Лофт,Лофт,79856847840,,https://www.loft2rent.ru/loft/90263/90285
Лофт  NOAR,Лофт  NOAR,79777816590,,https://www.loft2rent.ru/loft/108186
Лофт  Антресоль - лофт на Бауманской с караоке,Лофт  Антресоль - лофт на Бауманской с караоке,79301703019,,https://www.loft2rent.ru/loft/58868
"Лофт ""All Stars""","Лофт ""All Stars""",79219087797,,https://www.loft2rent.ru/loft/76044
"Лофт ""Eminem""","Лофт ""Eminem""",79219087797,,https://www.loft2rent.ru/loft/76044
"Лофт ""Freddie Mercury""","Лофт ""Freddie Mercury""",79219087797,,https://www.loft2rent.ru/loft/76044
"ЛОФТ ""GAZGOLDER CLUB"" аренда под мероприятия","ЛОФТ ""GAZGOLDER CLUB"" аренда под мероприятия",79585410041,,https://www.loft2rent.ru/loft/97591
"Лофт ""Madonna""","Лофт ""Madonna""",79219087797,,https://www.loft2rent.ru/loft/76044
"Лофт ""Marvel""","Лофт ""Marvel""",79219087797,,https://www.loft2rent.ru/loft/76044
"Лофт ""Mega Party""","Лофт ""Mega Party""",79219087797,,https://www.loft2rent.ru/loft/76044
"Лофт ""Metallica""","Лофт ""Metallica""",79219087797,,https://www.loft2rent.ru/loft/76044
"Лофт ""MyHope"" 2","Лофт ""MyHope"" 2",79683760102,,https://www.loft2rent.ru/loft/46064
"Лофт ""Rihanna""","Лофт ""Rihanna""",79219087797,,https://www.loft2rent.ru/loft/76044
"Лофт ""Август""","Лофт ""Август""",74959607866,,https://www.loft2rent.ru/loft/58720
"Лофт ""Арка"" , зал 0+","Лофт ""Арка"" , зал 0+",79830012520,,https://www.loft2rent.ru/loft/98733
"Лофт ""Арка"", зал для взрослых и подростков","Лофт ""Арка"", зал для взрослых и подростков",79830012520,,https://www.loft2rent.ru/loft/98733
"Лофт ""В Моменте""","Лофт ""В Моменте""",79826683119,,https://www.loft2rent.ru/loft/82776/82908
"Лофт ""Ван"" для свадьбы","Лофт ""Ван"" для свадьбы",79585410041,,https://www.loft2rent.ru/loft/97591
"Лофт ""Гоголь""","Лофт ""Гоголь""",74959607866,,https://www.loft2rent.ru/loft/58720
"Лофт ""Гости""Уютный лофт на Киевской","Лофт ""Гости""Уютный лофт на Киевской",79685536976,,https://www.loft2rent.ru/loft/25564/26795
"Лофт ""Грант"" веранда для мероприятий","Лофт ""Грант"" веранда для мероприятий",79167150457,,https://www.loft2rent.ru/loft/182845
"Лофт ""Грин""","Лофт ""Грин""",79295068889,,https://www.loft2rent.ru/loft/162405/162407
"лофт ""Дрим""","лофт ""Дрим""",79250520976,,https://www.loft2rent.ru/loft/125499
"Лофт ""Дым"" аренда под мероприятия","Лофт ""Дым"" аренда под мероприятия",79585410041,,https://www.loft2rent.ru/loft/97591
"Лофт ""Дюплекс""","Лофт ""Дюплекс""",79167150457,,https://www.loft2rent.ru/loft/182845
"Лофт ""Знакомые лица""Брауни","Лофт ""Знакомые лица""Брауни",79779998820,,https://www.loft2rent.ru/loft/153240/190434
"Лофт ""Знакомые лица""Кенди","Лофт ""Знакомые лица""Кенди",79779998820,,https://www.loft2rent.ru/loft/153240/153243
"Лофт ""Концерт"" Мультиформатная площадка для мероприятий","Лофт ""Концерт"" Мультиформатная площадка для мероприятий",79167150457,,https://www.loft2rent.ru/loft/182845
"Лофт ""Космос"" в парке ВДНХ","Лофт ""Космос"" в парке ВДНХ",79254013159,,https://www.loft2rent.ru/loft/4585
"Лофт ""Крыша"" аренда под мероприятия","Лофт ""Крыша"" аренда под мероприятия",79585410041,,https://www.loft2rent.ru/loft/97591
"Лофт ""Крыша"" с открытой верандой","Лофт ""Крыша"" с открытой верандой",79675556028,,https://www.loft2rent.ru/loft/160870
"Лофт ""Мансарда"" аренда под меропирятие","Лофт ""Мансарда"" аренда под меропирятие",79585410041,,https://www.loft2rent.ru/loft/97591
"Лофт ""МЕСТО ЮГ""","Лофт ""МЕСТО ЮГ""",74959607866,,https://www.loft2rent.ru/loft/58720
"Лофт ""Место""","Лофт ""Место""",74959607866,,https://www.loft2rent.ru/loft/58720
"Лофт ""МуНоре"" Рассвет","Лофт ""МуНоре"" Рассвет",79683760102,,https://www.loft2rent.ru/loft/46064
"Лофт ""На Зорге""Лофт ""На Зорге"" с конференц-залом и сценой","Лофт ""На Зорге""Лофт ""На Зорге"" с конференц-залом и сценой",79265361225,,https://www.loft2rent.ru/loft/133375/133547
"Лофт ""Нави""","Лофт ""Нави""",79311118102,,https://www.loft2rent.ru/loft/42016
"Лофт ""Нашедший Себя ""","Лофт ""Нашедший Себя """,79099936807,,https://www.loft2rent.ru/loft/57365
"Лофт ""Ночной клуб""","Лофт ""Ночной клуб""",79254013159,,https://www.loft2rent.ru/loft/4585
"Лофт ""Октябрь""Технолофт ""Октябрь"" на Красном Октябре","Лофт ""Октябрь""Технолофт ""Октябрь"" на Красном Октябре",79265449798,,https://www.loft2rent.ru/loft/43969/44403
"Лофт ""Олив""","Лофт ""Олив""",79311118102,,https://www.loft2rent.ru/loft/42016
"Лофт ""Открытие"" для мероприятий","Лофт ""Открытие"" для мероприятий",79167150457,,https://www.loft2rent.ru/loft/182845
"Лофт ""Охра""","Лофт ""Охра""",79311118102,,https://www.loft2rent.ru/loft/42016
"Лофт ""Палермо""","Лофт ""Палермо""",74959607866,,https://www.loft2rent.ru/loft/58720
"Лофт ""Панорамный""","Лофт ""Панорамный""",79936053121,,https://www.loft2rent.ru/loft/30979
"Лофт ""Президент""","Лофт ""Президент""",79254013159,,https://www.loft2rent.ru/loft/4585
"Лофт ""Прошивка""","Лофт ""Прошивка""",79255165332,,https://www.loft2rent.ru/loft/172081
"Лофт ""Ринг""","Лофт ""Ринг""",78125011002,,https://www.loft2rent.ru/loft/74695/74701
"Лофт ""Роза""","Лофт ""Роза""",74959607866,,https://www.loft2rent.ru/loft/58720
"Лофт ""Сказочный домик""Лофт с детской игровой зоной","Лофт ""Сказочный домик""Лофт с детской игровой зоной",79932815458,,https://www.loft2rent.ru/loft/177077/177082
"Лофт ""Скарлет""","Лофт ""Скарлет""",79311118102,,https://www.loft2rent.ru/loft/42016
"Лофт ""Суворов""","Лофт ""Суворов""",79250520976,,https://www.loft2rent.ru/loft/125499
"Лофт ""ТЕБЕ МОЖНО""","Лофт ""ТЕБЕ МОЖНО""",79684676417,,https://www.loft2rent.ru/loft/124726/124728
"Лофт ""Терраса"" для корпоративов","Лофт ""Терраса"" для корпоративов",79167150457,,https://www.loft2rent.ru/loft/182845
"Лофт ""Черри"" для мероприятий","Лофт ""Черри"" для мероприятий",79167150457,,https://www.loft2rent.ru/loft/182845
"лофт ""Эйфория""City лофт","лофт ""Эйфория""City лофт",79231051414,,https://www.loft2rent.ru/loft/133572/180221
"Лофт ""Юг""","Лофт ""Юг""",74959607866,,https://www.loft2rent.ru/loft/58720
"Лофт ""Явление""","Лофт ""Явление""",79213544851,,https://www.loft2rent.ru/loft/110170
Лофт #1 три зала с верандой на крыше с видом на реку,Лофт #1 три зала с верандой на крыше с видом на реку,79255701919,,https://www.loft2rent.ru/loft/68540
Лофт & ActionAction,Лофт & ActionAction,79851267070,,https://www.loft2rent.ru/loft/71895/78850
Лофт ''Крылатский'' для свадьбы,Лофт ''Крылатский'' для свадьбы,79585410041,,https://www.loft2rent.ru/loft/97591
ЛОФТ - 415 БАЗАЛОФТ - 415 БАЗА,ЛОФТ - 415 БАЗАЛОФТ - 415 БАЗА,79801992020,,https://www.loft2rent.ru/loft/201754/201765
Лофт 13 на Мясницкойбукстор 250,Лофт 13 на Мясницкойбукстор 250,79257405902,,https://www.loft2rent.ru/loft/3442/3522
Лофт 13 на Мясницкойверанда на крыше 170,Лофт 13 на Мясницкойверанда на крыше 170,79257405902,,https://www.loft2rent.ru/loft/3442/133543
Лофт 13 на Мясницкойлетняя веранда на Чистых Прудах,Лофт 13 на Мясницкойлетняя веранда на Чистых Прудах,79257405902,,https://www.loft2rent.ru/loft/3442/110165
Лофт 13 на Мясницкойлофт 175,Лофт 13 на Мясницкойлофт 175,79257405902,,https://www.loft2rent.ru/loft/3442/3521
Лофт 13 на Мясницкойлофт 250,Лофт 13 на Мясницкойлофт 250,79257405902,,https://www.loft2rent.ru/loft/3442/3529
Лофт 13 на Мясницкойпереговорная 30,Лофт 13 на Мясницкойпереговорная 30,79257405902,,https://www.loft2rent.ru/loft/3442/3531
Лофт 1914. Исторический лофт с выходом на веранду,Лофт 1914. Исторический лофт с выходом на веранду,74954320136,,https://www.loft2rent.ru/loft/22257
Лофт 24,Лофт 24,79855044979,,https://www.loft2rent.ru/loft/56966/56968
Лофт 24,Лофт 24,79584974160,,https://www.reveltime.ru/venue/4416899?eventtype=vecherinka
Лофт 365 Серебряный бор,Лофт 365 Серебряный бор,79197279747,,https://www.loft2rent.ru/loft/184910/184912
"Лофт 40-150м2 на Арбатской, в историческом особнякеSecret place","Лофт 40-150м2 на Арбатской, в историческом особнякеSecret place",79169557531,,https://www.loft2rent.ru/loft/40247/59955
"Лофт 40-150м2 на Арбатской, в историческом особнякеUnderground lounge","Лофт 40-150м2 на Арбатской, в историческом особнякеUnderground lounge",79169557531,,https://www.loft2rent.ru/loft/40247/40249
Лофт 42 аренда в Москве,Лофт 42 аренда в Москве,79161970937,,https://www.loft2rent.ru/loft/207439
Лофт 457 ВДНХ аренда под корпоратив,Лофт 457 ВДНХ аренда под корпоратив,79585410041,,https://www.loft2rent.ru/loft/97591
Лофт 9012,Лофт 9012,79037572201,,https://www.loft2rent.ru/loft/158637/158641
ЛОФТ ART НА ЛУБЯНКЕ,ЛОФТ ART НА ЛУБЯНКЕ,79938946465,,https://www.loft2rent.ru/loft/155152/155156
ЛОФТ ART НА ЛУБЯНКЕЛОФТ КЛАССИКА НА ЛУБЯНКЕ,ЛОФТ ART НА ЛУБЯНКЕЛОФТ КЛАССИКА НА ЛУБЯНКЕ,79938946465,,https://www.loft2rent.ru/loft/155152/194003
Лофт c террасой CLOUD NINE,Лофт c террасой CLOUD NINE,79959001274,,https://www.loft2rent.ru/loft/45889
Лофт Cactus J.,Лофт Cactus J.,79032143720,,https://www.loft2rent.ru/loft/208153
Лофт Dream ForestВкусотеррия - Зал 1,Лофт Dream ForestВкусотеррия - Зал 1,74951531014,,https://twitter.com/Vkusoterriaru
Лофт Dream ForestВкусотеррия - Зал 2,Лофт Dream ForestВкусотеррия - Зал 2,74951531014,,https://twitter.com/Vkusoterriaru
Лофт Dream ForestВкусотеррия - Зал 3,Лофт Dream ForestВкусотеррия - Зал 3,74951531014,,https://twitter.com/Vkusoterriaru
Лофт Dream ForestЛофт Dream forest,Лофт Dream ForestЛофт Dream forest,74951531014,,https://twitter.com/Vkusoterriaru
Лофт Fantom 2.0 - стильное многофункциональное пространство со сценой и панорамным окном,Лофт Fantom 2.0 - стильное многофункциональное пространство со сценой и панорамным окном,79852198400,,https://www.loft2rent.ru/loft/97467
"Лофт FLORA - включено посуда, светомузыка, караоке. ЦАО, отдельный вход, возле реки","Лофт FLORA - включено посуда, светомузыка, караоке. ЦАО, отдельный вход, возле реки",79099060421,,https://www.loft2rent.ru/loft/41462
Лофт Garden с летней верандой,Лофт Garden с летней верандой,79939054093,,https://www.loft2rent.ru/loft/41186
"Лофт Gold с телевизором, караоке и музыкой","Лофт Gold с телевизором, караоке и музыкой",79999141421,,https://vk.me/magnatloft
Лофт Grape (Виноград),Лофт Grape (Виноград),79939054093,,https://www.reveltime.ru/venue/4744920?eventtype=vecherinka
Лофт Grapefruit,Лофт Grapefruit,74993703816,,https://www.loft2rent.ru/loft/29857
Лофт Happy TimeHappy Time,Лофт Happy TimeHappy Time,79218889012,,https://www.loft2rent.ru/loft/172337/172353
Лофт Happy TimeHАРРY ТIMЕ,Лофт Happy TimeHАРРY ТIMЕ,79218889012,,https://www.loft2rent.ru/loft/172337/172363
Лофт Hide,Лофт Hide,79585410041,,https://www.loft2rent.ru/loft/97591
Лофт HIGHLIGHT с выходом на крышу с панорамным видом,Лофт HIGHLIGHT с выходом на крышу с панорамным видом,74954320136,,https://www.loft2rent.ru/loft/22257
Лофт IDEALISTA (Идеалиста). Просторный двухуровневый лофт,Лофт IDEALISTA (Идеалиста). Просторный двухуровневый лофт,79910173255,,https://www.reveltime.ru/venue/2910426?eventtype=vecherinka
Лофт Industrial,Лофт Industrial,79936053121,,https://www.loft2rent.ru/loft/30979
Лофт ITALY (Италия),Лофт ITALY (Италия),79584611054,,https://www.reveltime.ru/venue/5013656?eventtype=vecherinka
Лофт komoД. Лофт Дельта. Большой лофт,Лофт komoД. Лофт Дельта. Большой лофт,79586097164,,https://www.reveltime.ru/venue/6966120?eventtype=vecherinka
ЛОФТ LIKEЛОФТ ЛАЙК,ЛОФТ LIKEЛОФТ ЛАЙК,79295107900,,https://www.loft2rent.ru/loft/125076/125078
ЛОФТ LIKEЛОФТ ЛАЙК,ЛОФТ LIKEЛОФТ ЛАЙК,79295107900,,https://www.loft2rent.ru/loft/125076/152270
"Лофт NEFTЬ с телевизором, музыкой и караоке","Лофт NEFTЬ с телевизором, музыкой и караоке",79999141421,,https://vk.me/magnatloft
Лофт Ocean vibe (Оушен вайб),Лофт Ocean vibe (Оушен вайб),79910172413,,https://www.reveltime.ru/venue/5712199?eventtype=vecherinka
Лофт Pomelo,Лофт Pomelo,74993703816,,https://www.loft2rent.ru/loft/29857
Лофт Pool Party Молодежная 26,Лофт Pool Party Молодежная 26,79039328089,,https://www.loft2rent.ru/loft/86655
Лофт Pro-Platforma,Лофт Pro-Platforma,74950239600,,https://www.loft2rent.ru/loft/159974/159996
Лофт RentPlaza Караоке,Лофт RentPlaza Караоке,79276977102,,https://www.loft2rent.ru/loft/121270/121272
Лофт Rise (Райз),Лофт Rise (Райз),79584974064,,https://www.reveltime.ru/venue/6748593?eventtype=vecherinka
Лофт STAR Centre на Тукая,Лофт STAR Centre на Тукая,79932550001,,https://www.loft2rent.ru/loft/181433/181435
Лофт Surf house (Сёрф Хаус),Лофт Surf house (Сёрф Хаус),79346699837,,https://www.reveltime.ru/venue/3903515?eventtype=vecherinka
Лофт Sweetie,Лофт Sweetie,74993703816,,https://www.loft2rent.ru/loft/29857
Лофт TROPICANA (Тропиканка),Лофт TROPICANA (Тропиканка),79346608162,,https://www.reveltime.ru/venue/6192590?eventtype=vecherinka
Лофт Tалисман на Нижегородской,Лофт Tалисман на Нижегородской,79262851941,,https://www.loft2rent.ru/loft/157778
"Лофт White с проектором, караоке и музыкой","Лофт White с проектором, караоке и музыкой",79999141421,,https://vk.me/magnatloft
лофт Wood&stone Лофт Wood&stone / Лофт ВудСтоун,лофт Wood&stone Лофт Wood&stone / Лофт ВудСтоун,79776638891,,https://www.loft2rent.ru/loft/58757/58788
Лофт «5 оклок» с верандой на крыше,Лофт «5 оклок» с верандой на крыше,79311065003,,https://www.loft2rent.ru/loft/54749
Лофт «Forest» с верандой на крыше,Лофт «Forest» с верандой на крыше,79311065003,,https://www.loft2rent.ru/loft/54749
Лофт «UFC» с верандой на крыше,Лофт «UFC» с верандой на крыше,79311065003,,https://www.loft2rent.ru/loft/54749
Лофт «Айсберг» с летней верандой на крыше,Лофт «Айсберг» с летней верандой на крыше,79311065004,,https://www.loft2rent.ru/loft/54749
Лофт «Акира» с верандой на крыше,Лофт «Акира» с верандой на крыше,79311065003,,https://www.loft2rent.ru/loft/54749
Лофт «Арена» с верандой на крыше,Лофт «Арена» с верандой на крыше,79311065003,,https://www.loft2rent.ru/loft/54749
Лофт «Арис»,Лофт «Арис»,79177900853,,https://www.loft2rent.ru/loft/157583
Лофт «Арт Фьюжен» с верандой на крыше,Лофт «Арт Фьюжен» с верандой на крыше,79311065003,,https://www.loft2rent.ru/loft/54749
Лофт «Атлантида» \,Лофт «Атлантида» \,,,лофт
Лофт «Атриум» с летней верандой на крыше \,Лофт «Атриум» с летней верандой на крыше \,,,лофт
Лофт «Баленсиага» с верандой на крыше,Лофт «Баленсиага» с верандой на крыше,79311065003,,https://www.loft2rent.ru/loft/54749
Лофт «Блэк Антик» с верандой на крыше,Лофт «Блэк Антик» с верандой на крыше,79311066350,,https://www.loft2rent.ru/loft/77624
Лофт «Богема» с верандой на крыше,Лофт «Богема» с верандой на крыше,79311065004,,https://www.loft2rent.ru/loft/54749
Лофт «Бохо» с верандой на крыше,Лофт «Бохо» с верандой на крыше,79311065003,,https://www.loft2rent.ru/loft/54749
Лофт «Бруталити» с верандой на крыше,Лофт «Бруталити» с верандой на крыше,79311065004,,https://www.loft2rent.ru/loft/54749
Лофт «Бунгало» с верандой на крыше,Лофт «Бунгало» с верандой на крыше,79311065003,,https://www.loft2rent.ru/loft/54749
Лофт «Буржуй» с летней верандой на крыше,Лофт «Буржуй» с летней верандой на крыше,79311065004,,https://www.loft2rent.ru/loft/54749
Лофт «Бэд Гёрл» с верандой \,Лофт «Бэд Гёрл» с верандой \,,,лофт
Лофт «Вандал» с верандой на крыше,Лофт «Вандал» с верандой на крыше,79311065003,,https://www.loft2rent.ru/loft/54749
Лофт «Вегас» с верандой на крыше,Лофт «Вегас» с верандой на крыше,79311065003,,https://www.loft2rent.ru/loft/54749
Лофт «Веном» с верандой на крыше,Лофт «Веном» с верандой на крыше,79311065003,,https://www.loft2rent.ru/loft/54749
Лофт «Винил» с верандой на крыше,Лофт «Винил» с верандой на крыше,79311065003,,https://www.loft2rent.ru/loft/54749
Лофт «Винишко» с верандой на крыше,Лофт «Винишко» с верандой на крыше,79311065003,,https://www.loft2rent.ru/loft/54749
Лофт «Во все тяжкие» с верандой на крыше,Лофт «Во все тяжкие» с верандой на крыше,79311065003,,https://www.loft2rent.ru/loft/54749
Лофт «Галактика» с верандой на крыше,Лофт «Галактика» с верандой на крыше,79322105457,,https://www.loft2rent.ru/loft/145926
Лофт «Галерея» с верандой на крыше,Лофт «Галерея» с верандой на крыше,79311065003,,https://www.loft2rent.ru/loft/54749
Лофт «Гармония» с верандой на крыше,Лофт «Гармония» с верандой на крыше,79311065004,,https://www.loft2rent.ru/loft/54749
Лофт «Гетсби» с верандой на крыше,Лофт «Гетсби» с верандой на крыше,79311065003,,https://www.loft2rent.ru/loft/54749
Лофт «Готэм» \,Лофт «Готэм» \,,,панорамные окна
Лофт «Грейлофт» с летней верандой на крыше \,Лофт «Грейлофт» с летней верандой на крыше \,,,лофт
Лофт «Гримерка» с верандой на крыше,Лофт «Гримерка» с верандой на крыше,79311065003,,https://www.loft2rent.ru/loft/54749
Лофт «Гринвуд» с верандой на крыше,Лофт «Гринвуд» с верандой на крыше,79311066350,,https://www.loft2rent.ru/loft/77624
Лофт «ГТА» с верандой на крыше,Лофт «ГТА» с верандой на крыше,79311065003,,https://www.loft2rent.ru/loft/54749
Лофт «Двойной Антик» с верандой на крыше,Лофт «Двойной Антик» с верандой на крыше,79311066350,,https://www.loft2rent.ru/loft/77624
Лофт «Джокер» с верандой на крыше,Лофт «Джокер» с верандой на крыше,79311065003,,https://www.loft2rent.ru/loft/54749
Лофт «Дионис» с верандой на крыше,Лофт «Дионис» с верандой на крыше,79322105457,,https://www.loft2rent.ru/loft/145926
Лофт «Диско спа» с верандой на крыше,Лофт «Диско спа» с верандой на крыше,79311065003,,https://www.loft2rent.ru/loft/54749
Лофт «Дримлофт» с верандой на крыше,Лофт «Дримлофт» с верандой на крыше,79311066350,,https://www.loft2rent.ru/loft/77624
Лофт «Душа» в парке Сокольники,Лофт «Душа» в парке Сокольники,79153556751,,https://www.loft2rent.ru/loft/199153
Лофт «Дюна» с верандой на крыше,Лофт «Дюна» с верандой на крыше,79311065003,,https://www.loft2rent.ru/loft/54749
Лофт «Золотое яблоко» с летней верандой на крыше \,Лофт «Золотое яблоко» с летней верандой на крыше \,,,лофт
Лофт «Империал» с верандой на крыше,Лофт «Империал» с верандой на крыше,79311066350,,https://www.loft2rent.ru/loft/77624
Лофт «Индастриал» с верандой на крыше,Лофт «Индастриал» с верандой на крыше,79322105457,,https://www.loft2rent.ru/loft/145926
Лофт «Индиго» с верандой на крыше,Лофт «Индиго» с верандой на крыше,79311065003,,https://www.loft2rent.ru/loft/54749
Лофт «Интрига» с летней верандой на крыше \,Лофт «Интрига» с летней верандой на крыше \,,,лофт
Лофт «Кашемир» с летней верандой на крыше \,Лофт «Кашемир» с летней верандой на крыше \,,,лофт
Лофт «Кибер Антик» с верандой на крыше,Лофт «Кибер Антик» с верандой на крыше,79311066350,,https://www.loft2rent.ru/loft/77624
Лофт «Киберпанк» с верандой на крыше,Лофт «Киберпанк» с верандой на крыше,79311065003,,https://www.loft2rent.ru/loft/54749
Лофт «Контент база» для фотосессий с верандой на крыше,Лофт «Контент база» для фотосессий с верандой на крыше,79311065003,,https://www.loft2rent.ru/loft/54749
Лофт «Конференция» с верандой на крыше,Лофт «Конференция» с верандой на крыше,79311065003,,https://www.loft2rent.ru/loft/54749
Лофт «Космополитен» с верандой на крыше,Лофт «Космополитен» с верандой на крыше,79311066350,,https://www.loft2rent.ru/loft/77624
Лофт «Красная комната» с верандой на крыше,Лофт «Красная комната» с верандой на крыше,79311065003,,https://www.loft2rent.ru/loft/54749
Лофт «Кристалл» с верандой на крыше,Лофт «Кристалл» с верандой на крыше,79311065003,,https://www.loft2rent.ru/loft/54749
Лофт «Кэш» с верандой на крыше,Лофт «Кэш» с верандой на крыше,79311065003,,https://www.loft2rent.ru/loft/54749
Лофт «Лав из» с летней верандой на крыше \,Лофт «Лав из» с летней верандой на крыше \,,,лофт
Лофт «Лакрица» с летней верандой на крыше \,Лофт «Лакрица» с летней верандой на крыше \,,,лофт
Лофт «Либерти» с верандой на крыше,Лофт «Либерти» с верандой на крыше,79311066350,,https://www.loft2rent.ru/loft/77624
Лофт «Луи»  с летней верандой на крыше \,Лофт «Луи»  с летней верандой на крыше \,,,лофт
Лофт «Люкс» с верандой на крыше,Лофт «Люкс» с верандой на крыше,79311065003,,https://www.loft2rent.ru/loft/54749
Лофт «Люмьер» с верандой на крыше,Лофт «Люмьер» с верандой на крыше,79311066350,,https://www.loft2rent.ru/loft/77624
Лофт «Мантра» с летней верандой на крыше \,Лофт «Мантра» с летней верандой на крыше \,,,лофт
Лофт «Марсель» с летней верандой на крыше \,Лофт «Марсель» с летней верандой на крыше \,,,лофт
Лофт «Миллениум» с верандой на крыше,Лофт «Миллениум» с верандой на крыше,79311065003,,https://www.loft2rent.ru/loft/54749
Лофт «Мира»,Лофт «Мира»,79177900853,,https://www.loft2rent.ru/loft/157583
Лофт «Модерн Платинум» с верандой на крыше,Лофт «Модерн Платинум» с верандой на крыше,79311065003,,https://www.loft2rent.ru/loft/54749
Лофт «МУН» аренда под мероприятия,Лофт «МУН» аренда под мероприятия,79585410041,,https://www.loft2rent.ru/loft/97591
Лофт «Нео классик» с летней верандой на крыше \,Лофт «Нео классик» с летней верандой на крыше \,,,лофт
Лофт «Необарокко» с верандой на крыше,Лофт «Необарокко» с верандой на крыше,79311065003,,https://www.loft2rent.ru/loft/54749
Лофт «Неон бар» с верандой на крыше,Лофт «Неон бар» с верандой на крыше,79311065003,,https://www.loft2rent.ru/loft/54749
Лофт «Нефрит» с верандой на крыше,Лофт «Нефрит» с верандой на крыше,79311066350,,https://www.loft2rent.ru/loft/77624
Лофт «Нефть» с верандой на крыше,Лофт «Нефть» с верандой на крыше,79311065004,,https://www.loft2rent.ru/loft/54749
Лофт «Оазис» с летней верандой на крыше \,Лофт «Оазис» с летней верандой на крыше \,,,лофт
Лофт «Око» с верандой на крыше,Лофт «Око» с верандой на крыше,79311065004,,https://www.loft2rent.ru/loft/54749
Лофт «Октава» звукозаписывающая студия с верандой на крыше,Лофт «Октава» звукозаписывающая студия с верандой на крыше,79311065003,,https://www.loft2rent.ru/loft/54749
Лофт «Олимпия» с верандой на крыше,Лофт «Олимпия» с верандой на крыше,79311065003,,https://www.loft2rent.ru/loft/54749
Лофт «Оникс» с верандой на крыше,Лофт «Оникс» с верандой на крыше,79311066350,,https://www.loft2rent.ru/loft/77624
Лофт «Оранжерея» ВДНХ,Лофт «Оранжерея» ВДНХ,79585410041,,https://www.loft2rent.ru/loft/97591
Лофт «Очень странные дела» с верандой на крыше,Лофт «Очень странные дела» с верандой на крыше,79311065003,,https://www.loft2rent.ru/loft/54749
Лофт «Пинк вайб» с верандой на крыше,Лофт «Пинк вайб» с верандой на крыше,79322105457,,https://www.loft2rent.ru/loft/145926
Лофт «Подушка пати» с верандой на крыше,Лофт «Подушка пати» с верандой на крыше,79311065003,,https://www.loft2rent.ru/loft/54749
Лофт «Рич лофт» с верандой на крыше,Лофт «Рич лофт» с верандой на крыше,79311065004,,https://www.loft2rent.ru/loft/54749
Лофт «Роза»,Лофт «Роза»,79177900853,,https://www.loft2rent.ru/loft/157583
Лофт «Розовый фламинго» с верандой на крыше,Лофт «Розовый фламинго» с верандой на крыше,79311065003,,https://www.loft2rent.ru/loft/54749
Лофт «Сафари» с летней верандой на крыше,Лофт «Сафари» с летней верандой на крыше,79311065004,,https://www.loft2rent.ru/loft/54749
Лофт «Сказка»аренда под свадьбу,Лофт «Сказка»аренда под свадьбу,79585410041,,https://www.loft2rent.ru/loft/97591
Лофт «Слово пацана» с верандой на крыше,Лофт «Слово пацана» с верандой на крыше,79311065003,,https://www.loft2rent.ru/loft/54749
Лофт «Союз» с верандой на крыше,Лофт «Союз» с верандой на крыше,79311066350,,https://www.loft2rent.ru/loft/77624
Лофт «Студия» с верандой на крыше,Лофт «Студия» с верандой на крыше,79311065003,,https://www.loft2rent.ru/loft/54749
Лофт «ТехноБар» с верандой \,Лофт «ТехноБар» с верандой \,,,лофт
Лофт «Ультра» с верандой на крыше,Лофт «Ультра» с верандой на крыше,79311065003,,https://www.loft2rent.ru/loft/54749
Лофт «Ультрафиолет» с верандой на крыше,Лофт «Ультрафиолет» с верандой на крыше,79311065003,,https://www.loft2rent.ru/loft/54749
Лофт «Урбан» с верандой на крыше,Лофт «Урбан» с верандой на крыше,79311065003,,https://www.loft2rent.ru/loft/54749
Лофт «Флекс из будущего» с верандой на крыше,Лофт «Флекс из будущего» с верандой на крыше,79322105457,,https://www.loft2rent.ru/loft/145926
Лофт «Форсаж» с верандой на крыше,Лофт «Форсаж» с верандой на крыше,79311065003,,https://www.loft2rent.ru/loft/54749
Лофт «Центральный» аренда под корпоратив,Лофт «Центральный» аренда под корпоратив,79585410041,,https://www.loft2rent.ru/loft/97591
Лофт «Черный Антик» с верандой на крыше,Лофт «Черный Антик» с верандой на крыше,79311065003,,https://www.loft2rent.ru/loft/54749
Лофт «Чилаут» с верандой на крыше,Лофт «Чилаут» с верандой на крыше,79322105457,,https://www.loft2rent.ru/loft/145926
Лофт «Шэдоулофт» с верандой на крыше \,Лофт «Шэдоулофт» с верандой на крыше \,,,лофт
Лофт «Элита» с верандой на крыше,Лофт «Элита» с верандой на крыше,79322105457,,https://www.loft2rent.ru/loft/145926
Лофт «Эра» с верандой на крыше,Лофт «Эра» с верандой на крыше,79311065003,,https://www.loft2rent.ru/loft/54749
Лофт «Эрмитаж» с летней верандой на крыше \,Лофт «Эрмитаж» с летней верандой на крыше \,,,лофт
Лофт «Эстетика» с верандой на крыше,Лофт «Эстетика» с верандой на крыше,79311066350,,https://www.loft2rent.ru/loft/77624
Лофт «Якудза» с верандой на крыше,Лофт «Якудза» с верандой на крыше,79311065003,,https://www.loft2rent.ru/loft/54749
Лофт Алиса с пилоном и мангалом,Лофт Алиса с пилоном и мангалом,79032399989,,https://www.loft2rent.ru/loft/187063
Лофт Амулет,Лофт Амулет,79346642952,,https://www.reveltime.ru/venue/6117307?eventtype=vecherinka
"Лофт Амулет с верандой, мангалом и игровой. Сценический звук, свет, сцена","Лофт Амулет с верандой, мангалом и игровой. Сценический звук, свет, сцена",79932617652,,https://www.loft2rent.ru/loft/1665
Лофт АндерСон Resort,Лофт АндерСон Resort,79032110066,,https://www.loft2rent.ru/loft/79093/79095
"Лофт АндерСон Resortзал ""Марк Твен""","Лофт АндерСон Resortзал ""Марк Твен""",79032110066,,https://www.loft2rent.ru/loft/79093/94040
Лофт АОКИ,Лофт АОКИ,79264950693,,https://www.loft2rent.ru/loft/151019
Лофт Аполло в Кремле,Лофт Аполло в Кремле,79969668151,,https://www.loft2rent.ru/loft/129446
Лофт Атмосфера,Лофт Атмосфера,74998773459,,https://www.loft2rent.ru/loft/aviator
Лофт Атриум,Лофт Атриум,79585410041,,https://www.loft2rent.ru/loft/97591
Лофт АУДИЕНЦИЯ с верандой и крышей,Лофт АУДИЕНЦИЯ с верандой и крышей,74991121830,,https://www.loft2rent.ru/loft/884/114551
Лофт база. Просторная мансарда для вечеринок,Лофт база. Просторная мансарда для вечеринок,79584974167,,https://www.reveltime.ru/venue/6325004?eventtype=vecherinka
Лофт Бангкок,Лофт Бангкок,79854311004,,https://www.loft2rent.ru/loft/27053
Лофт Бангкок,Лофт Бангкок,79346699837,,https://www.reveltime.ru/venue/206436?eventtype=vecherinka
ЛОФТ БАНКА,ЛОФТ БАНКА,74991121830,,https://www.loft2rent.ru/loft/884/892
Лофт Бар ВДНХ,Лофт Бар ВДНХ,79164400130,,https://www.loft2rent.ru/loft/101001
Лофт Бар на Люсиновской,Лофт Бар на Люсиновской,79852143202,,https://www.loft2rent.ru/loft/132896/132900
Лофт бар Сегодня Вечером,Лофт бар Сегодня Вечером,79110152196,,https://www.loft2rent.ru/loft/71471/71478
"Лофт БЕРКАНА - это светлый, уютный лофт с панорамными окнами, караоке, технологиями умного дома...","Лофт БЕРКАНА - это светлый, уютный лофт с панорамными окнами, караоке, технологиями умного дома...",79912974996,,https://www.loft2rent.ru/loft/61271
Лофт Бизон (бар + кальяны),Лофт Бизон (бар + кальяны),79936224470,,https://www.loft2rent.ru/loft/179956/179966
Лофт БОТАНИСТ,Лофт БОТАНИСТ,79774719382,,https://www.loft2rent.ru/loft/42036/42039
Лофт Бурбон на Бауманской,Лофт Бурбон на Бауманской,79264950693,,https://www.loft2rent.ru/loft/151019
Лофт в Москва сити в стиле BurjAlArab,Лофт в Москва сити в стиле BurjAlArab,79111023333,,https://www.loft2rent.ru/loft/107530
Лофт в самом центре Москвы,Лофт в самом центре Москвы,79163885131,,https://www.loft2rent.ru/loft/114638/114640
Лофт в стиле SteamPank,Лофт в стиле SteamPank,79399007993,,https://www.reveltime.ru/venue/593855?eventtype=vecherinka
Лофт в стиле Диско,Лофт в стиле Диско,79584974226,,https://www.reveltime.ru/venue/3408496?eventtype=vecherinka
Лофт в центре Москвы,Лофт в центре Москвы,79111023333,,https://www.loft2rent.ru/loft/107530
ЛОФТ В ЦЕНТРЕ МОСКВЫ,ЛОФТ В ЦЕНТРЕ МОСКВЫ,79999721717,,https://www.loft2rent.ru/loft/55645
Лофт Ван Гог с верандой и мангалом,Лофт Ван Гог с верандой и мангалом,79032399989,,https://www.loft2rent.ru/loft/187063
Лофт Видео-салон,Лофт Видео-салон,79219569468,,https://www.loft2rent.ru/loft/158569
ЛОФТ ВИТРИНА с верандой,ЛОФТ ВИТРИНА с верандой,74991121830,,https://www.loft2rent.ru/loft/884/10700
Лофт ВОЙС с большим экраном и лазерной анимацией,Лофт ВОЙС с большим экраном и лазерной анимацией,79770002153,,https://www.loft2rent.ru/loft/183656
Лофт Вудсток. Лофт с высокими потолками,Лофт Вудсток. Лофт с высокими потолками,79346695974,,https://www.reveltime.ru/venue/7870122?eventtype=vecherinka
Лофт Галерея с верандой на Электрозаводской,Лофт Галерея с верандой на Электрозаводской,79510858112,,https://www.loft2rent.ru/loft/151019
Лофт где можно все,Лофт где можно все,79852287192,,https://www.kremlin.apartments
Лофт ГОЛЛИВУД,Лофт ГОЛЛИВУД,78005501160,,https://www.loft2rent.ru/loft/53422
Лофт Головоломка с мангалом,Лофт Головоломка с мангалом,79032399989,,https://www.loft2rent.ru/loft/187063
Лофт Гости,Лофт Гости,79676932714,,https://www.reveltime.ru/venue/2875559?eventtype=vecherinka
"Лофт Графит с проектором, музыкой и караоке","Лофт Графит с проектором, музыкой и караоке",79999141421,,https://vk.me/magnatloft
Лофт Граффити,Лофт Граффити,79584974064,,https://www.reveltime.ru/venue/9183162?eventtype=vecherinka
Лофт для вечеринок в самом центре,Лофт для вечеринок в самом центре,79036104324,,https://www.reveltime.ru/venue/211808?eventtype=vecherinka
Лофт для вечеринок Новосибирск Галущака 2,Лофт для вечеринок Новосибирск Галущака 2,79039328089,,https://www.loft2rent.ru/loft/86655
Лофт для свидания и девичника Сладкий,Лофт для свидания и девичника Сладкий,79264950693,,https://www.loft2rent.ru/loft/151019
"Лофт для творческих «Это место»Пространство для творческих ""Это место""","Лофт для творческих «Это место»Пространство для творческих ""Это место""",79175778451,,https://www.loft2rent.ru/loft/134358/155204
"Лофт для фестивалей, корпоративов, Дней рождения ""В Небо""","Лофт для фестивалей, корпоративов, Дней рождения ""В Небо""",79119590326,,https://www.loft2rent.ru/loft/92234
"Лофт ДОГГИ - это уютный, стильный лофт с караоке, кальянами, PS4, проектором...","Лофт ДОГГИ - это уютный, стильный лофт с караоке, кальянами, PS4, проектором...",79912974996,,https://www.loft2rent.ru/loft/61271
"Лофт ДОМ + АФРИКА с кухней и топ звуком, 100м2","Лофт ДОМ + АФРИКА с кухней и топ звуком, 100м2",79588277173,,https://www.loft2rent.ru/loft/16584
Лофт ДунькаDunka / Лофт Дунька,Лофт ДунькаDunka / Лофт Дунька,79312925079,,https://www.loft2rent.ru/loft/70103/70107
Лофт Екатерининский для свадьбы,Лофт Екатерининский для свадьбы,79585410041,,https://www.loft2rent.ru/loft/97591
Лофт Зазеркалье,Лофт Зазеркалье,79346692796,,https://www.reveltime.ru/venue/209632?eventtype=vecherinka
Лофт зал №14,Лофт зал №14,79647264515,,https://www.loft2rent.ru/loft/118815
Лофт зал №4,Лофт зал №4,79647264515,,https://www.loft2rent.ru/loft/118815
Лофт зал №6,Лофт зал №6,79647264515,,https://www.loft2rent.ru/loft/118815
Лофт Зеркальный,Лофт Зеркальный,79936053121,,https://www.loft2rent.ru/loft/30979
Лофт ИЗНАНКА. Зал ГОЛЛИВУД,Лофт ИЗНАНКА. Зал ГОЛЛИВУД,79584974139,,https://www.reveltime.ru/venue/4698621?eventtype=vecherinka
Лофт ИЗНАНКА. Зал КАСТЛ,Лофт ИЗНАНКА. Зал КАСТЛ,79584974215,,https://www.reveltime.ru/venue/3778845?eventtype=vecherinka
Лофт ИЗНАНКА. Зал ЛИХИЕ 90-е,Лофт ИЗНАНКА. Зал ЛИХИЕ 90-е,79584973975,,https://www.reveltime.ru/venue/359047?eventtype=vecherinka
Лофт ИЗНАНКА. Зал ТОКИО,Лофт ИЗНАНКА. Зал ТОКИО,79346657019,,https://www.reveltime.ru/venue/6183917?eventtype=vecherinka
Лофт Империя - Шаболовка 58 Караоке-Лофт Империя на Шаболовке 58,Лофт Империя - Шаболовка 58 Караоке-Лофт Империя на Шаболовке 58,74959991220,,https://www.loft2rent.ru/loft/160497/160500
Лофт ИнсайтИнсайт Лофт,Лофт ИнсайтИнсайт Лофт,79879895000,,https://www.loft2rent.ru/loft/169065/169069
Лофт Карлсон,Лофт Карлсон,74998773459,,https://www.loft2rent.ru/loft/aviator
Лофт Каскад,Лофт Каскад,79264061129,,https://www.loft2rent.ru/loft/87761/87880
Лофт КАСТЛ,Лофт КАСТЛ,78005501160,,https://www.loft2rent.ru/loft/53422
Лофт Квартира,Лофт Квартира,79251976532,,https://www.loft2rent.ru/loft/110422
"Лофт КВАРТИРА. Включено - посуда, светомузыка, караоке. ЦАО, возле реки","Лофт КВАРТИРА. Включено - посуда, светомузыка, караоке. ЦАО, возле реки",79099060421,,https://www.loft2rent.ru/loft/41462
Лофт клуб с шикарным звукомКлуб с Шикарным звуком,Лофт клуб с шикарным звукомКлуб с Шикарным звуком,79602802828,,https://www.loft2rent.ru/loft/80523/112724
Лофт Комод. Уютный лофт,Лофт Комод. Уютный лофт,79019397085,,https://www.reveltime.ru/venue/722937?eventtype=vecherinka
Лофт КОМПАСБелый лофт,Лофт КОМПАСБелый лофт,79266485566,,https://www.loft2rent.ru/loft/21225/24298
Лофт КОМПАСЛофт Компас,Лофт КОМПАСЛофт Компас,79266485566,,https://www.loft2rent.ru/loft/21225/28845
Лофт КОМПАССтильный офис для деловых встреч,Лофт КОМПАССтильный офис для деловых встреч,79266485566,,https://www.loft2rent.ru/loft/21225/39775
"Лофт КОНФЕТАЛофт ""КОНФЕТА""","Лофт КОНФЕТАЛофт ""КОНФЕТА""",79998354342,,https://www.loft2rent.ru/loft/96624/96627
Лофт Космос. Белый лофт в особняке,Лофт Космос. Белый лофт в особняке,79254013159,,https://www.reveltime.ru/venue/2784991?eventtype=vecherinka
Лофт Котельная,Лофт Котельная,79386982643,,https://hlebozavod9.ru/rent/#kotelnaja
ЛОФТ КРЕПОСТЬ ДЛЯ КОМПАНИИ 15-20 ЧЕЛОВЕК С КАРАОКЕ И МЯГКОЙ МЕБЕЛЬЮ,ЛОФТ КРЕПОСТЬ ДЛЯ КОМПАНИИ 15-20 ЧЕЛОВЕК С КАРАОКЕ И МЯГКОЙ МЕБЕЛЬЮ,79120829050,,https://www.loft2rent.ru/loft/83754
Лофт Крылья,Лофт Крылья,79268244318,,https://www.loft2rent.ru/loft/179457
Лофт Кухня №19,Лофт Кухня №19,79647264515,,https://www.loft2rent.ru/loft/118815
Лофт Лайф,Лофт Лайф,79584974206,,https://www.reveltime.ru/venue/8423125?eventtype=vecherinka
Лофт лесной аренда для свадьбы,Лофт лесной аренда для свадьбы,79585410041,,https://www.loft2rent.ru/loft/97591
Лофт ЛИХИЕ 90-Е,Лофт ЛИХИЕ 90-Е,78005501160,,https://www.loft2rent.ru/loft/53422
Лофт Лодж 1,Лофт Лодж 1,79091554505,,https://www.loft2rent.ru/loft/6825
Лофт Лодж 10,Лофт Лодж 10,79091554505,,https://www.loft2rent.ru/loft/6825
Лофт Лодж 11,Лофт Лодж 11,79091554505,,https://www.loft2rent.ru/loft/6825
Лофт Лодж 2,Лофт Лодж 2,79091554505,,https://www.loft2rent.ru/loft/6825
Лофт Лодж 3,Лофт Лодж 3,79091554505,,https://www.loft2rent.ru/loft/6825
Лофт Лодж 4,Лофт Лодж 4,79091554505,,https://www.loft2rent.ru/loft/6825
Лофт Лодж 5,Лофт Лодж 5,79091554505,,https://www.loft2rent.ru/loft/6825
Лофт Лодж 6,Лофт Лодж 6,79091554505,,https://www.loft2rent.ru/loft/6825
Лофт Лодж 7,Лофт Лодж 7,79091554505,,https://www.loft2rent.ru/loft/6825
Лофт Лодж 8,Лофт Лодж 8,79091554505,,https://www.loft2rent.ru/loft/6825
Лофт Лодж 9,Лофт Лодж 9,79091554505,,https://www.loft2rent.ru/loft/6825
Лофт Льюис  на Дмитровской,Лофт Льюис  на Дмитровской,79264950693,,https://www.loft2rent.ru/loft/151019
Лофт Льюис. Эстетичный зал,Лофт Льюис. Эстетичный зал,79346695974,,https://www.reveltime.ru/venue/8966590?eventtype=vecherinka
Лофт Мави. Премиальное пространство,Лофт Мави. Премиальное пространство,79676928674,,https://www.reveltime.ru/venue/8665359?eventtype=vecherinka
Лофт МАЙ с верандой на Электрозаводской,Лофт МАЙ с верандой на Электрозаводской,79510858112,,https://www.loft2rent.ru/loft/151019
Лофт Май. Зал Август,Лофт Май. Зал Август,79584974208,,https://www.reveltime.ru/venue/6438893?eventtype=vecherinka
Лофт Май. Зал Гоголь,Лофт Май. Зал Гоголь,79584974206,,https://www.reveltime.ru/venue/6451118?eventtype=vecherinka
Лофт Май. Зал Место,Лофт Май. Зал Место,79584055346,,https://www.reveltime.ru/venue/7433564?eventtype=vecherinka
Лофт Май. Зал Мира,Лофт Май. Зал Мира,79584974089,,https://www.reveltime.ru/venue/8860811?eventtype=vecherinka
Лофт Май. Зал Молекула на Бауманской,Лофт Май. Зал Молекула на Бауманской,79019397085,,https://www.reveltime.ru/venue/7433562?eventtype=vecherinka
Лофт Май. Зал Роза,Лофт Май. Зал Роза,79584974139,,https://www.reveltime.ru/venue/6544418?eventtype=vecherinka
Лофт Май. Зал Юг,Лофт Май. Зал Юг,79019397094,,https://www.reveltime.ru/venue/7431905?eventtype=vecherinka
Лофт Марти с караоке на Бауманской,Лофт Марти с караоке на Бауманской,79264950693,,https://www.loft2rent.ru/loft/151019
Лофт Мемфис. Зал в итальянском стиле,Лофт Мемфис. Зал в итальянском стиле,79584974215,,https://www.reveltime.ru/venue/8776082?eventtype=vecherinka
ЛОФТ МИРАЖ с верандой,ЛОФТ МИРАЖ с верандой,74991121830,,https://www.loft2rent.ru/loft/884/57768
Лофт Мой первый с верандой на Дмитровской,Лофт Мой первый с верандой на Дмитровской,79264950693,,https://www.loft2rent.ru/loft/151019
"ЛОФТ МОККО С ПРОЕКТОРОМ, БОЛЬШИМ СТОЛОМ И НЕОНОМ!","ЛОФТ МОККО С ПРОЕКТОРОМ, БОЛЬШИМ СТОЛОМ И НЕОНОМ!",79120829050,,https://www.loft2rent.ru/loft/83754
Лофт Москва,Лофт Москва,79067749064,,https://vkvideo.ru/video-230716527_456239090
Лофт Москва-Сити Дизайнерский,Лофт Москва-Сити Дизайнерский,79111023333,,https://www.loft2rent.ru/loft/107530
Лофт МОХ,Лофт МОХ,79855001104,,https://www.loft2rent.ru/loft/60110/60211
Лофт музей,Лофт музей,79259149813,,https://www.loft2rent.ru/loft/87043/87048
Лофт Музыка аренда под мероприятия,Лофт Музыка аренда под мероприятия,79585410041,,https://www.loft2rent.ru/loft/97591
Лофт на Алексеевской,Лофт на Алексеевской,79111023333,,https://www.loft2rent.ru/loft/107530
Лофт на балакиревскомMystical house,Лофт на балакиревскомMystical house,79037898344,,https://www.loft2rent.ru/loft/121342/123796
Лофт на балакиревскомMystical house #3,Лофт на балакиревскомMystical house #3,79037898344,,https://www.loft2rent.ru/loft/121342/176302
Лофт на балакиревскомMystical house 4,Лофт на балакиревскомMystical house 4,79037898344,,https://www.loft2rent.ru/loft/121342/200934
Лофт на балакиревскомMystical house №2,Лофт на балакиревскомMystical house №2,79037898344,,https://www.loft2rent.ru/loft/121342/123798
Лофт на балакиревскомОбитель,Лофт на балакиревскомОбитель,79037898344,,https://www.loft2rent.ru/loft/121342/121372
Лофт на БауманскойПространство на Бауманской,Лофт на БауманскойПространство на Бауманской,74955185705,,https://www.loft2rent.ru/loft/179325/199028
Лофт на Белорусской,Лофт на Белорусской,79067749064,,https://vkvideo.ru/video-230716527_456239136
Лофт на Васильевском ЛофтХА,Лофт на Васильевском ЛофтХА,781242253085,,https://www.loft2rent.ru/loft/132095
Лофт на Васильевском НЕвзрослые,Лофт на Васильевском НЕвзрослые,79119441407,,https://www.loft2rent.ru/loft/132095
Лофт на ВернадкеЛофт на Нагорной,Лофт на ВернадкеЛофт на Нагорной,79099644646,,https://www.loft2rent.ru/loft/2741/26800
Лофт на водеМаэстро,Лофт на водеМаэстро,79250380605,,https://www.loft2rent.ru/loft/175076/175082
Лофт на водеСанторини,Лофт на водеСанторини,79250380605,,https://www.loft2rent.ru/loft/175076/175200
Лофт на Горьковской,Лофт на Горьковской,79313784778,,https://www.loft2rent.ru/loft/99859/99862
"Лофт на Красного Текстильщика ""Меморис Роял""","Лофт на Красного Текстильщика ""Меморис Роял""",78126025121,,https://www.loft2rent.ru/loft/136999
"Лофт на Красного Текстильщика ""Меморис Сантэ""","Лофт на Красного Текстильщика ""Меморис Сантэ""",78126025121,,https://www.loft2rent.ru/loft/136999
"Лофт на Лиговском ""Меморис Классик""","Лофт на Лиговском ""Меморис Классик""",78126025121,,https://www.loft2rent.ru/loft/136999
Лофт на Маяковке,Лофт на Маяковке,79165904662,,https://www.loft2rent.ru/loft/136279
Лофт на Маяковской,Лофт на Маяковской,79111023333,,https://www.loft2rent.ru/loft/107530
"Лофт на Обводном ""Меморис Стори""","Лофт на Обводном ""Меморис Стори""",78126025121,,https://www.loft2rent.ru/loft/136999
"Лофт на Обводном ""Меморис Студио""","Лофт на Обводном ""Меморис Студио""",78126025121,,https://www.loft2rent.ru/loft/136999
Лофт на одном из самых высоких этажей Нева ТаверсNest53,Лофт на одном из самых высоких этажей Нева ТаверсNest53,79030135784,,https://www.loft2rent.ru/loft/173706/173709
Лофт на Радуге,Лофт на Радуге,79804463929,,https://www.loft2rent.ru/loft/181769/181771
Лофт на Рижском,Лофт на Рижском,79035501844,,https://www.loft2rent.ru/loft/18688/18689
Лофт на РижскомВерсаль,Лофт на РижскомВерсаль,79035501844,,https://www.loft2rent.ru/loft/18688/78269
Лофт на Рождественском бульвареЛофт на Сретенке,Лофт на Рождественском бульвареЛофт на Сретенке,79636936248,,https://www.loft2rent.ru/loft/64508/64562
Лофт на Северке,Лофт на Северке,79015195013,,https://www.loft2rent.ru/loft/173226/173228
Лофт на ТаганкеАРТ-ГАЛЕРЕЯ В ЦЕНТРЕ МОСКВЫ,Лофт на ТаганкеАРТ-ГАЛЕРЕЯ В ЦЕНТРЕ МОСКВЫ,79851880503,,https://www.loft2rent.ru/loft/73701/73720
Лофт на территории арт-кластера Кристалл,Лофт на территории арт-кластера Кристалл,79584974139,,https://www.reveltime.ru/venue/616183?eventtype=vecherinka
Лофт на Тульской,Лофт на Тульской,79268475200,,https://www.loft2rent.ru/loft/148122/148128
Лофт на Чистых прудах,Лофт на Чистых прудах,79774909897,,https://www.loft2rent.ru/loft/41092
Лофт на Яузе,Лофт на Яузе,79969805056,,https://www.loft2rent.ru/loft/40532/40534
Лофт на Яузе (Большой зал),Лофт на Яузе (Большой зал),79969805056,,https://www.loft2rent.ru/loft/40532
Лофт на Яузе (Зал 2),Лофт на Яузе (Зал 2),79969805056,,https://www.loft2rent.ru/loft/40532
Лофт на Яузе (Зал 3),Лофт на Яузе (Зал 3),79969805056,,https://www.loft2rent.ru/loft/40532
Лофт настроение,Лофт настроение,79855044979,,https://www.loft2rent.ru/loft/56966
Лофт Настроение,Лофт Настроение,79019317663,,https://www.reveltime.ru/venue/4676587?eventtype=vecherinka
Лофт Наше место,Лофт Наше место,79019317643,,https://www.reveltime.ru/venue/8418731?eventtype=vecherinka
Лофт Новый с верандой,Лофт Новый с верандой,79510858112,,https://www.loft2rent.ru/loft/151019
Лофт Нуар с караоке на Бауманской,Лофт Нуар с караоке на Бауманской,79510858112,,https://www.loft2rent.ru/loft/151019
Лофт Облака ОдинцовоЛофт для детских праздников,Лофт Облака ОдинцовоЛофт для детских праздников,79771857627,,https://www.loft2rent.ru/loft/131385/131387
Лофт ОблакаKids LoftOblaka,Лофт ОблакаKids LoftOblaka,79126359771,,https://www.loft2rent.ru/loft/127087/127108
Лофт Октябрь для мероприятий на Кропоткинской,Лофт Октябрь для мероприятий на Кропоткинской,79264950653,,https://www.loft2rent.ru/loft/151019
Лофт Оливковый с верандой на Электрозаводской,Лофт Оливковый с верандой на Электрозаводской,79510858112,,https://www.loft2rent.ru/loft/151019
Лофт ОПЕРА кирпичный лофт со сценой и неонами,Лофт ОПЕРА кирпичный лофт со сценой и неонами,79770002153,,https://www.loft2rent.ru/loft/183656
Лофт Опера. Кирпичный лофт,Лофт Опера. Кирпичный лофт,79584974208,,https://www.reveltime.ru/venue/623057?eventtype=vecherinka
Лофт Охра. Комнатный лофт для мероприятий,Лофт Охра. Комнатный лофт для мероприятий,79910172413,,https://www.reveltime.ru/venue/8632548?eventtype=vecherinka
Лофт Палермо,Лофт Палермо,79019317588,,https://www.reveltime.ru/venue/8501774?eventtype=vecherinka
лофт ПАРТИЯ,лофт ПАРТИЯ,79263427655,,https://www.loft2rent.ru/loft/117096/129604
Лофт ПИЖАМА ПАТИ,Лофт ПИЖАМА ПАТИ,79264111984,,https://www.loft2rent.ru/loft/29977/29986
Лофт ПЛАН БЗал Артель,Лофт ПЛАН БЗал Артель,79643685920,,https://www.loft2rent.ru/loft/138440/138460
Лофт ПЛАН БЗал Нова,Лофт ПЛАН БЗал Нова,79643685920,,https://www.loft2rent.ru/loft/138440/138732
ЛОФТ ПОЗИТИВ,ЛОФТ ПОЗИТИВ,79265539755,,https://www.loft2rent.ru/loft/29549/29552
ЛОФТ ПОЗИТИВЛОФТ ВЕРАНДА ГРИЛЬ,ЛОФТ ПОЗИТИВЛОФТ ВЕРАНДА ГРИЛЬ,79152288949,,https://www.loft2rent.ru/loft/29549/95373
ЛОФТ ПОЗИТИВЛофт ЛЕТО в эко стиле,ЛОФТ ПОЗИТИВЛофт ЛЕТО в эко стиле,79152288949,,https://www.loft2rent.ru/loft/29549/95442
Лофт Порт,Лофт Порт,79956228279,,https://www.loft2rent.ru/loft/74440
Лофт Прованс аренда для мероприятий,Лофт Прованс аренда для мероприятий,79585410041,,https://www.loft2rent.ru/loft/97591
Лофт Пространство с верандой и барбекю,Лофт Пространство с верандой и барбекю,79936053121,,https://www.loft2rent.ru/loft/30979
Лофт Пространство Семеновский,Лофт Пространство Семеновский,79936053121,,https://www.loft2rent.ru/loft/30979
Лофт Рассвет,Лофт Рассвет,74998773459,,https://www.loft2rent.ru/loft/aviator
Лофт Рассвет с летней верандой,Лофт Рассвет с летней верандой,79510858112,,https://www.loft2rent.ru/loft/151019
Лофт Репаблик,Лофт Репаблик,79019397046,,https://www.reveltime.ru/venue/4722446?eventtype=vecherinka
Лофт РИ,Лофт РИ,79346644195,,https://www.reveltime.ru/venue/3683740?eventtype=vecherinka
"Лофт РУНА - это светлый, уютный лофт со сценой, мангальной зоной, караоке...","Лофт РУНА - это светлый, уютный лофт со сценой, мангальной зоной, караоке...",79912974996,,https://www.loft2rent.ru/loft/61271
"Лофт рядом с М Курская, с большим окном и выходом на собственную террасу на крыше","Лофт рядом с М Курская, с большим окном и выходом на собственную террасу на крыше",79250545290,,https://www.loft2rent.ru/loft/122172
лофт с  мангалом ГНЕЗДО ЛЕС,лофт с  мангалом ГНЕЗДО ЛЕС,79588277173,,https://www.loft2rent.ru/loft/16584
Лофт с бассейном,Лофт с бассейном,79585410041,,https://www.loft2rent.ru/loft/97591
ЛОФТ С БИЛЬЯРДНЫМ СТОЛОМ И НЕОНОМ 100М2,ЛОФТ С БИЛЬЯРДНЫМ СТОЛОМ И НЕОНОМ 100М2,79120829050,,https://www.loft2rent.ru/loft/83754
Лофт с верандой в парке Сокольники,Лофт с верандой в парке Сокольники,79013551562,,https://www.loft2rent.ru/loft/58317
Лофт с внутренним двориком,Лофт с внутренним двориком,74991112578,,https://www.reveltime.ru/venue/798011?eventtype=vecherinka
Лофт с джакузи на террассе Центр СпбJumeirah Super Loft,Лофт с джакузи на террассе Центр СпбJumeirah Super Loft,78129672423,,https://www.loft2rent.ru/loft/182388/182392
Лофт с зеркальной стеной,Лофт с зеркальной стеной,79346691548,,https://www.reveltime.ru/venue/4207123?eventtype=vecherinka
Лофт с игровой для семейных праздников,Лофт с игровой для семейных праздников,79013551562,,https://www.loft2rent.ru/loft/58317
Лофт с караоке для дня рождения,Лофт с караоке для дня рождения,79058333003,,https://www.loft2rent.ru/loft/137353/137372
Лофт с караоке для дня рожденияЛофт для вечеринки с караоке и x-box,Лофт с караоке для дня рожденияЛофт для вечеринки с караоке и x-box,79058333003,,https://www.loft2rent.ru/loft/137353/138024
Лофт с караоке у метро Менделеевская Crystal loft,Лофт с караоке у метро Менделеевская Crystal loft,74993222413,,https://www.loft2rent.ru/loft/66644
Лофт с кинотеатром,Лофт с кинотеатром,74991107697,,https://www.reveltime.ru/venue/2782124?eventtype=vecherinka
Лофт с коктейлями,Лофт с коктейлями,79165904662,,https://www.loft2rent.ru/loft/136279
Лофт с космическим дизайном,Лофт с космическим дизайном,79019397046,,https://www.reveltime.ru/venue/6987162?eventtype=vecherinka
"Лофт с кухней, панорамными окнами и верандой","Лофт с кухней, панорамными окнами и верандой",79019317663,,https://www.reveltime.ru/venue/6778151?eventtype=vecherinka
Лофт с настольным теннисом и светомузыкой,Лофт с настольным теннисом и светомузыкой,79966777032,,https://www.loft2rent.ru/loft/77071/77088
лофт с оборудованием и фото зонами,лофт с оборудованием и фото зонами,79857776453,,https://www.loft2rent.ru/loft/106924
Лофт с панорамным видом на набережную,Лофт с панорамным видом на набережную,79161004416,,https://www.loft2rent.ru/loft/96367
Лофт с панорамными окнами в парке Сокольники,Лофт с панорамными окнами в парке Сокольники,79676928564,,https://www.reveltime.ru/venue/7734842?eventtype=vecherinka
Лофт с покерным столом на мансардном этаже,Лофт с покерным столом на мансардном этаже,79676928674,,https://www.reveltime.ru/venue/7120903?eventtype=vecherinka
Лофт СЕНДИ,Лофт СЕНДИ,79264950693,,https://www.loft2rent.ru/loft/151019
Лофт Силино,Лофт Силино,79268244318,,https://www.loft2rent.ru/loft/179457
Лофт Скарлет. Уютное пространство на 6 гостей,Лофт Скарлет. Уютное пространство на 6 гостей,79910172113,,https://www.reveltime.ru/venue/8620804?eventtype=vecherinka
Лофт Событие,Лофт Событие,79910173255,,https://www.reveltime.ru/venue/5798476?eventtype=vecherinka
Лофт Событие на Таганке,Лофт Событие на Таганке,79268640107,,https://www.loft2rent.ru/loft/118569
Лофт СОВА. Пространство с верандой в Измайловском Кремле,Лофт СОВА. Пространство с верандой в Измайловском Кремле,79584974215,,https://www.reveltime.ru/venue/3703249?eventtype=vecherinka
Лофт Сосновый для свадьбы,Лофт Сосновый для свадьбы,79585410041,,https://www.loft2rent.ru/loft/97591
Лофт Софт,Лофт Софт,79584974208,,https://www.reveltime.ru/venue/8422925?eventtype=vecherinka
Лофт Сочный на Ордынке,Лофт Сочный на Ордынке,79994050699,,https://www.loft2rent.ru/loft/151019
"Лофт СПЭЙС - это светлый, уютный лофт с панорамными окнами, караоке, кальянами...","Лофт СПЭЙС - это светлый, уютный лофт с панорамными окнами, караоке, кальянами...",79912974996,,https://www.loft2rent.ru/loft/61271
"Лофт стеклянный ""Бриз"" аренда под свадьбу","Лофт стеклянный ""Бриз"" аренда под свадьбу",79585410041,,https://www.loft2rent.ru/loft/97591
Лофт Таежный для свадьбы,Лофт Таежный для свадьбы,79585410041,,https://www.loft2rent.ru/loft/97591
Лофт Тайна,Лофт Тайна,79251973620,,https://www.loft2rent.ru/loft/176812
"Лофт ТВИКС - это светлый, уютный лофт с верандой, мангалом, караоке, кальянами...","Лофт ТВИКС - это светлый, уютный лофт с верандой, мангалом, караоке, кальянами...",79912974996,,https://www.loft2rent.ru/loft/61271
Лофт Твоя вина,Лофт Твоя вина,79584974228,,https://www.reveltime.ru/venue/8471705?eventtype=vecherinka
ЛОФТ ТЕЛЕСКОП с собственной Крышей,ЛОФТ ТЕЛЕСКОП с собственной Крышей,74991121830,,https://www.loft2rent.ru/loft/884/893
Лофт Тепло в ЕКБ,Лофт Тепло в ЕКБ,79953430416,,https://www.loft2rent.ru/loft/80704
Лофт ТОКИО,Лофт ТОКИО,78005501160,,https://www.loft2rent.ru/loft/53422
Лофт Толстого,Лофт Толстого,79274923932,,https://www.loft2rent.ru/loft/94725/94734
Лофт Три бобра,Лофт Три бобра,79346644195,,https://www.reveltime.ru/venue/6171456?eventtype=vecherinka
"Лофт ТУСА - включено караоке, светомузыка, посуда. ЦАО, рядом с рекой","Лофт ТУСА - включено караоке, светомузыка, посуда. ЦАО, рядом с рекой",79099060421,,https://www.loft2rent.ru/loft/41462
Лофт Удачи,Лофт Удачи,79122608967,,https://www.loft2rent.ru/loft/156910/157365
Лофт Уютный,Лофт Уютный,79251976532,,https://www.loft2rent.ru/loft/110422
Лофт Фантом,Лофт Фантом,79386982643,,https://www.reveltime.ru/venue/5117405?eventtype=vecherinka
Лофт Фарфор. Большой исторический лофт,Лофт Фарфор. Большой исторический лофт,79910172413,,https://www.reveltime.ru/venue/3509324?eventtype=vecherinka
Лофт Фарфор. Лофт в здании 18 века,Лофт Фарфор. Лофт в здании 18 века,79778814724,,https://www.reveltime.ru/venue/294022?eventtype=vecherinka
Лофт Фарфор. Неоновый лисенок. Дизайнерский лофт-зал 70кв.м,Лофт Фарфор. Неоновый лисенок. Дизайнерский лофт-зал 70кв.м,79910172113,,https://www.reveltime.ru/venue/3464143?eventtype=vecherinka
Лофт Фарфор. Современный двухкомнатный лофт,Лофт Фарфор. Современный двухкомнатный лофт,79584974160,,https://www.reveltime.ru/venue/4406245?eventtype=vecherinka
Лофт Фарфор. Стильный лофт с колоннами,Лофт Фарфор. Стильный лофт с колоннами,79778814724,,https://www.reveltime.ru/venue/332947?eventtype=vecherinka
Лофт Фарфор. Торжественный лофт с роялем,Лофт Фарфор. Торжественный лофт с роялем,79778814724,,https://www.reveltime.ru/venue/643984?eventtype=vecherinka
Лофт Фарфор. Тёмный лофт,Лофт Фарфор. Тёмный лофт,79019397094,,https://www.reveltime.ru/venue/4898097?eventtype=vecherinka
Лофт Флора,Лофт Флора,79936053121,,https://www.loft2rent.ru/loft/30979
Лофт Флоу,Лофт Флоу,79264950693,,https://www.loft2rent.ru/loft/151019
Лофт Цоколь,Лофт Цоколь,79274923932,,https://www.loft2rent.ru/loft/94725
Лофт Шекспир с караоке на Дмитровской,Лофт Шекспир с караоке на Дмитровской,79264950693,,https://www.loft2rent.ru/loft/151019
Лофт Эко. Эго,Лофт Эко. Эго,79688786565,,https://www.reveltime.ru/venue/4553418?eventtype=vecherinka
"Лофт, залы для мероприятий, тренингов, праздников, корпоративов, обучения","Лофт, залы для мероприятий, тренингов, праздников, корпоративов, обучения",79137162133,,https://www.loft2rent.ru/loft/170584
Лофт-BEE-LOUNGE,Лофт-BEE-LOUNGE,79254101344,,https://www.loft2rent.ru/loft/77214
Лофт-RAVE,Лофт-RAVE,79254101344,,https://www.loft2rent.ru/loft/77214
Лофт-The-Forest,Лофт-The-Forest,79254101344,,https://www.loft2rent.ru/loft/77214
Лофт-бар,Лофт-бар,79386989873,,https://www.reveltime.ru/venue/3509254?eventtype=vecherinka
"Лофт-Бар ""Сота"" на Алексеевской","Лофт-Бар ""Сота"" на Алексеевской",79771476874,,https://www.loft2rent.ru/loft/110857/110865
"Лофт-бар зал ""Под Крышей""","Лофт-бар зал ""Под Крышей""",79993492320,,https://www.loft2rent.ru/loft/39383
"Лофт-Веранда ""Дивный лес""","Лофт-Веранда ""Дивный лес""",79167150457,,https://www.loft2rent.ru/loft/182845
Лофт-дача,Лофт-дача,79268156052,,https://www.loft2rent.ru/loft/190365/190369
"Лофт-зал в розовых тонах Queen с диско-шаром, фотозоной, караоке","Лофт-зал в розовых тонах Queen с диско-шаром, фотозоной, караоке",79031959349,,https://www.loft2rent.ru/loft/151727
"Лофт-игровая ""вМесте""","Лофт-игровая ""вМесте""",79217816118,,https://www.loft2rent.ru/loft/84117
Лофт-клуб Метаморфоза,Лофт-клуб Метаморфоза,79778066761,,https://www.loft2rent.ru/loft/69872
Лофт-нарния «Иду Лесом»,Лофт-нарния «Иду Лесом»,79998957134,,https://www.loft2rent.ru/loft/49814
Лофт-пространство Centrum круглой формы со сценой и диско-шарами,Лофт-пространство Centrum круглой формы со сценой и диско-шарами,79852198400,,https://www.loft2rent.ru/loft/97467
Лофт-центр «Б69» с верандой на крыше,Лофт-центр «Б69» с верандой на крыше,79311065003,,https://www.loft2rent.ru/loft/54749
Лофт-центр Б69. Зал Disco Spa с верандой на крыше,Лофт-центр Б69. Зал Disco Spa с верандой на крыше,79584974089,,https://www.reveltime.ru/venue/4462119?eventtype=vecherinka
Лофт-центр Б69. Зал Lollipop с верандой на крыше,Лофт-центр Б69. Зал Lollipop с верандой на крыше,79584974206,,https://www.reveltime.ru/venue/4462192?eventtype=vecherinka
Лофт-центр Б69. Зал Pop Art с верандой на крыше,Лофт-центр Б69. Зал Pop Art с верандой на крыше,79584974208,,https://www.reveltime.ru/venue/4462205?eventtype=vecherinka
Лофт-центр Б69. Зал Red Flag с верандой на крыше,Лофт-центр Б69. Зал Red Flag с верандой на крыше,79019317588,,https://www.reveltime.ru/venue/4512912?eventtype=vecherinka
Лофт-центр Б69. Зал UFC с верандой на крыше,Лофт-центр Б69. Зал UFC с верандой на крыше,79584974208,,https://www.reveltime.ru/venue/4462280?eventtype=vecherinka
Лофт-центр Б69. Зал Urban с верандой на крыше,Лофт-центр Б69. Зал Urban с верандой на крыше,79584974208,,https://www.reveltime.ru/venue/4462256?eventtype=vecherinka
Лофт-центр Б69. Зал Акира,Лофт-центр Б69. Зал Акира,79584974167,,https://www.reveltime.ru/venue/4461391?eventtype=vecherinka
Лофт-центр Б69. Зал Арена с верандой на крыше,Лофт-центр Б69. Зал Арена с верандой на крыше,79584974228,,https://www.reveltime.ru/venue/4498432?eventtype=vecherinka
Лофт-центр Б69. Зал Арт Фьюжен с верандой на крыше,Лофт-центр Б69. Зал Арт Фьюжен с верандой на крыше,79584974139,,https://www.reveltime.ru/venue/4461906?eventtype=vecherinka
Лофт-центр Б69. Зал Багз Банни с верандой на крыше,Лофт-центр Б69. Зал Багз Банни с верандой на крыше,79584974039,,https://www.reveltime.ru/venue/4512848?eventtype=vecherinka
Лофт-центр Б69. Зал Бохо с верандой на крыше,Лофт-центр Б69. Зал Бохо с верандой на крыше,79584974150,,https://www.reveltime.ru/venue/4461757?eventtype=vecherinka
Лофт-центр Б69. Зал Бунгало с верандой на крыше,Лофт-центр Б69. Зал Бунгало с верандой на крыше,79584974150,,https://www.reveltime.ru/venue/4461721?eventtype=vecherinka
Лофт-центр Б69. Зал Бэнкси с верандой на крыше,Лофт-центр Б69. Зал Бэнкси с верандой на крыше,79584974084,,https://www.reveltime.ru/venue/4512761?eventtype=vecherinka
Лофт-центр Б69. Зал Вандал с верандой на крыше,Лофт-центр Б69. Зал Вандал с верандой на крыше,79584974150,,https://www.reveltime.ru/venue/4461712?eventtype=vecherinka
Лофт-центр Б69. Зал Вегас с верандой на крыше,Лофт-центр Б69. Зал Вегас с верандой на крыше,79584974084,,https://www.reveltime.ru/venue/4512725?eventtype=vecherinka
Лофт-центр Б69. Зал Веном с верандой на крыше,Лофт-центр Б69. Зал Веном с верандой на крыше,79584974150,,https://www.reveltime.ru/venue/4461793?eventtype=vecherinka
Лофт-центр Б69. Зал Винишко,Лофт-центр Б69. Зал Винишко,79019317663,,https://www.reveltime.ru/venue/7693809?eventtype=vecherinka
Лофт-центр Б69. Зал Во все тяжкие с верандой на крыше,Лофт-центр Б69. Зал Во все тяжкие с верандой на крыше,79584973975,,https://www.reveltime.ru/venue/4512906?eventtype=vecherinka
Лофт-центр Б69. Зал Галерея,Лофт-центр Б69. Зал Галерея,79584973975,,https://www.reveltime.ru/venue/4512874?eventtype=vecherinka
Лофт-центр Б69. Зал Гараж,Лофт-центр Б69. Зал Гараж,79584974139,,https://www.reveltime.ru/venue/4461877?eventtype=vecherinka
Лофт-центр Б69. Зал Гетсби с верандой на крыше,Лофт-центр Б69. Зал Гетсби с верандой на крыше,79584974139,,https://www.reveltime.ru/venue/4461922?eventtype=vecherinka
Лофт-центр Б69. Зал Гримерка с верандой на крыше,Лофт-центр Б69. Зал Гримерка с верандой на крыше,79584974139,,https://www.reveltime.ru/venue/4461946?eventtype=vecherinka
Лофт-центр Б69. Зал Давид с верандой на крыше,Лофт-центр Б69. Зал Давид с верандой на крыше,79584974139,,https://www.reveltime.ru/venue/4461977?eventtype=vecherinka
Лофт-центр Б69. Зал Дисней 16+ с верандой на крыше,Лофт-центр Б69. Зал Дисней 16+ с верандой на крыше,79584974089,,https://www.reveltime.ru/venue/4462046?eventtype=vecherinka
Лофт-центр Б69. Зал Индиго с верандой на крыше,Лофт-центр Б69. Зал Индиго с верандой на крыше,79584973975,,https://www.reveltime.ru/venue/4512901?eventtype=vecherinka
Лофт-центр Б69. Зал Контент База с верандой на крыше,Лофт-центр Б69. Зал Контент База с верандой на крыше,79584974039,,https://www.reveltime.ru/venue/4512868?eventtype=vecherinka
Лофт-центр Б69. Зал Кристалл,Лофт-центр Б69. Зал Кристалл,79584974228,,https://www.reveltime.ru/venue/4498497?eventtype=vecherinka
Лофт-центр Б69. Зал Кутюр с верандой на крыше,Лофт-центр Б69. Зал Кутюр с верандой на крыше,79584974089,,https://www.reveltime.ru/venue/4462088?eventtype=vecherinka
Лофт-центр Б69. Зал Кэш с верандой на крыше,Лофт-центр Б69. Зал Кэш с верандой на крыше,79584611054,,https://www.reveltime.ru/venue/4996505?eventtype=vecherinka
Лофт-центр Б69. Зал ЛоуРайдер,Лофт-центр Б69. Зал ЛоуРайдер,79584974206,,https://www.reveltime.ru/venue/4462139?eventtype=vecherinka
Лофт-центр Б69. Зал Материя с верандой на крыше,Лофт-центр Б69. Зал Материя с верандой на крыше,79584973975,,https://www.reveltime.ru/venue/4512896?eventtype=vecherinka
Лофт-центр Б69. Зал Нейросеть с верандой на крыше,Лофт-центр Б69. Зал Нейросеть с верандой на крыше,79584974039,,https://www.reveltime.ru/venue/4512858?eventtype=vecherinka
Лофт-центр Б69. Зал Неон бар с верандой на крыше,Лофт-центр Б69. Зал Неон бар с верандой на крыше,79584974206,,https://www.reveltime.ru/venue/4462178?eventtype=vecherinka
Лофт-центр Б69. Зал Октава с верандой на крыше,Лофт-центр Б69. Зал Октава с верандой на крыше,79584055346,,https://www.reveltime.ru/venue/4910989?eventtype=vecherinka
Лофт-центр Б69. Зал Олимпия с верандой на крыше,Лофт-центр Б69. Зал Олимпия с верандой на крыше,79584974039,,https://www.reveltime.ru/venue/4512820?eventtype=vecherinka
Лофт-центр Б69. Зал Подушка Пати с верандой на крыше,Лофт-центр Б69. Зал Подушка Пати с верандой на крыше,79584974228,,https://www.reveltime.ru/venue/4497618?eventtype=vecherinka
Лофт-центр Б69. Зал Призма с верандой на крыше,Лофт-центр Б69. Зал Призма с верандой на крыше,79584974331,,https://www.reveltime.ru/venue/4462294?eventtype=vecherinka
Лофт-центр Б69. Зал Слово пацана,Лофт-центр Б69. Зал Слово пацана,79584974208,,https://www.reveltime.ru/venue/4462237?eventtype=vecherinka
Лофт-центр Б69. Зал СССР,Лофт-центр Б69. Зал СССР,79584974228,,https://www.reveltime.ru/venue/4498536?eventtype=vecherinka
Лофт-центр Б69. Зал Ультра с верандой на крыше,Лофт-центр Б69. Зал Ультра с верандой на крыше,79584974206,,https://www.reveltime.ru/venue/4462148?eventtype=vecherinka
Лофт-центр Б69. Зал Форсаж,Лофт-центр Б69. Зал Форсаж,79584973975,,https://www.reveltime.ru/venue/4512891?eventtype=vecherinka
Лофт-центр Б69. Зал Черный Антик с верандой на крыше,Лофт-центр Б69. Зал Черный Антик с верандой на крыше,79584974208,,https://www.reveltime.ru/venue/4462264?eventtype=vecherinka
Лофт-центр Б69. Зал Якудза,Лофт-центр Б69. Зал Якудза,79584974064,,https://www.reveltime.ru/venue/4512806?eventtype=vecherinka
ЛофтDream Game Center,ЛофтDream Game Center,74957390915,,https://www.loft2rent.ru/loft/144107/144124
Лофт«PAPA BARVILLAGE»,Лофт«PAPA BARVILLAGE»,79585410041,,https://www.loft2rent.ru/loft/97591
ЛофтЗал-сцена,ЛофтЗал-сцена,79774222629,,https://www.loft2rent.ru/loft/141961/149990
ЛофтКараоке зал,ЛофтКараоке зал,79774222629,,https://www.loft2rent.ru/loft/141961/142023
ЛофтЛаунж-зал,ЛофтЛаунж-зал,79774222629,,https://www.loft2rent.ru/loft/141961/176556
ЛофтПати Рум №1,ЛофтПати Рум №1,74957390915,,https://www.loft2rent.ru/loft/144107/183473
ЛофтСамый Лучший День,ЛофтСамый Лучший День,73432710202,,https://www.loft2rent.ru/loft/101669/101686
ЛофтСити Лаундж. Grey Silk (Грей Силк),ЛофтСити Лаундж. Grey Silk (Грей Силк),79346699837,,https://www.reveltime.ru/venue/6637413?eventtype=vecherinka
"Лофты в Химках и ЗеленоградеЛофт ""Королевство праздников""","Лофты в Химках и ЗеленоградеЛофт ""Королевство праздников""",79637619043,,https://www.loft2rent.ru/loft/142525/142528
"Лофты в Химках и ЗеленоградеЛофт ""Планета праздника""","Лофты в Химках и ЗеленоградеЛофт ""Планета праздника""",79637619043,,https://www.loft2rent.ru/loft/142525/186860
"Лофты в Химках и ЗеленоградеЛофт ""У дяди Саши""","Лофты в Химках и ЗеленоградеЛофт ""У дяди Саши""",79685251155,,https://www.loft2rent.ru/loft/142525/142584
Лофты Москва-СитиКонференц-зал Восток Центр Москва Сити,Лофты Москва-СитиКонференц-зал Восток Центр Москва Сити,79672348469,,https://www.loft2rent.ru/loft/36970/48409
"Лофты Москва-СитиЛофты в Москва-Сити. высокие этажи, панорамные виды","Лофты Москва-СитиЛофты в Москва-Сити. высокие этажи, панорамные виды",79672348469,,https://www.loft2rent.ru/loft/36970/43905
"Лофты Москва-СитиПереговорная комната ""Восток а30"" Москва-Сити","Лофты Москва-СитиПереговорная комната ""Восток а30"" Москва-Сити",79672348469,,https://www.loft2rent.ru/loft/36970/52493
Лофты Москва-СитиПереговорная комната Москва-Сити,Лофты Москва-СитиПереговорная комната Москва-Сити,79672348469,,https://www.loft2rent.ru/loft/36970/48617
Лофты РичЛофт Грин Рич,Лофты РичЛофт Грин Рич,79653998900,,https://www.loft2rent.ru/loft/86479/209976
Лофты РичЛофт Рич,Лофты РичЛофт Рич,79653998900,,https://www.loft2rent.ru/loft/86479/162219
ЛСР Группа,ЛСР Группа,78007707577,mail@lsrgroup.ru,https://www.lsrgroup.ru
Луна,Луна,74954780638,,https://www.loft2rent.ru/loft/109926
ЛУНА,ЛУНА,79500081238,,https://www.loft2rent.ru/loft/185740
Луна 2077,Луна 2077,79031078595,,https://www.loft2rent.ru/loft/158576/158607
Любовь,Любовь,79164400130,,https://www.loft2rent.ru/loft/101001
Люди ГородаЗал с Проектором. Зал Бруклин.,Люди ГородаЗал с Проектором. Зал Бруклин.,79774767984,,https://www.loft2rent.ru/loft/9937/65895
Люди ГородаЗал с проектором. Зал Мельбурн,Люди ГородаЗал с проектором. Зал Мельбурн,79774767984,,https://www.loft2rent.ru/loft/9937/128024
Люди ГородаКабинет Психолога. Зал Мали,Люди ГородаКабинет Психолога. Зал Мали,79774767984,,https://www.loft2rent.ru/loft/9937/65887
Люди ГородаКабинет Психолога. Зал Ницца,Люди ГородаКабинет Психолога. Зал Ницца,79774767984,,https://www.loft2rent.ru/loft/9937/74200
Люкс апартаменты Москва-СитиThe Cloud Room №1,Люкс апартаменты Москва-СитиThe Cloud Room №1,79955573968,,https://www.loft2rent.ru/loft/174655/174659
Люкс апартаменты Москва-СитиThe Cloud Room №2,Люкс апартаменты Москва-СитиThe Cloud Room №2,79955573968,,https://www.loft2rent.ru/loft/174655/174671
Люкс апартаменты Москва-СитиThe Cloud Room №3,Люкс апартаменты Москва-СитиThe Cloud Room №3,79955573968,,https://www.loft2rent.ru/loft/174655/174674
Люкс-лофт 89 м² в Москва-Сити Neva Towers (Moscow city Neva Towers),Люкс-лофт 89 м² в Москва-Сити Neva Towers (Moscow city Neva Towers),79111023333,,https://www.loft2rent.ru/loft/107530
Люксовые Апартаменты В Москва-Сити,Люксовые Апартаменты В Москва-Сити,79111023333,,https://www.loft2rent.ru/loft/107530
Люксовый лофт Дюна со стеклянным баром,Люксовый лофт Дюна со стеклянным баром,79584974150,,https://www.reveltime.ru/venue/8404629?eventtype=vecherinka
Люксовый лофт Москва-сити,Люксовый лофт Москва-сити,79111023333,,https://www.loft2rent.ru/loft/107530
Люмьер. Кинолофт с выходом на крышу,Люмьер. Кинолофт с выходом на крышу,79676928674,,https://www.reveltime.ru/venue/5339840?eventtype=vecherinka
Ля МузонКонцертный зал,Ля МузонКонцертный зал,79857662030,,https://www.loft2rent.ru/loft/186547/186554
Ля МузонХрустальный зал,Ля МузонХрустальный зал,79857662030,,https://www.loft2rent.ru/loft/186547/186549
ЛЁГКИЙ,ЛЁГКИЙ,79035558942,,https://www.loft2rent.ru/loft/15054
Магритт - Светлый лофт с настроением лета и большим арочным окном,Магритт - Светлый лофт с настроением лета и большим арочным окном,74950327390,,https://www.loft2rent.ru/loft/5581
Майами,Майами,78124435702,,https://www.loft2rent.ru/loft/83744
Майами-Бич,Майами-Бич,78122007818,,https://www.loft2rent.ru/loft/75982
Макет Москвы (ВДНХ),Макет Москвы (ВДНХ),79252373728,1-square@2x.jpg,https://maketmoskvy.ru
МАКСВЕЛЛ,МАКСВЕЛЛ,74952924217,,https://www.loft2rent.ru/loft/53255
Малая Арена,Малая Арена,79168383134,,https://www.loft2rent.ru/loft/129061
Малевич - Уютный лофт в стиле супрематизм,Малевич - Уютный лофт в стиле супрематизм,74950327390,,https://www.loft2rent.ru/loft/5581
Малый зал,Малый зал,78122407880,,https://www.loft2rent.ru/loft/142338
МАЛЫЙ ЗАЛ,МАЛЫЙ ЗАЛ,74956003606,,https://www.loft2rent.ru/loft/36344
Малый зал на Балтийской,Малый зал на Балтийской,78122408585,,https://www.loft2rent.ru/loft/144088
Малый Тронный Зал,Малый Тронный Зал,79523735870,,https://www.loft2rent.ru/loft/81543
Мансарда,Мансарда,79213544851,,https://www.loft2rent.ru/loft/110170
Мансарда,Мансарда,79274923932,,https://www.loft2rent.ru/loft/94725
Мансардный лофт,Мансардный лофт,74991112578,,https://www.reveltime.ru/venue/804143?eventtype=vecherinka
Манхэттен,Манхэттен,78126067020,,https://www.loft2rent.ru/loft/169051
Марокко,Марокко,74954780638,,https://www.loft2rent.ru/loft/109926
МастериумЛофт 230м² \,МастериумЛофт 230м² \,,,Звук 1000Вт \
МастериумПереговорка 12 чел \,МастериумПереговорка 12 чел \,,,Своя парковка \
Мастерская на Кулишках,Мастерская на Кулишках,79651473923,,https://www.reveltime.ru/venue/482584?eventtype=vecherinka
Мастерская на Кулишках. Атмосферный лофт,Мастерская на Кулишках. Атмосферный лофт,79651473923,,https://www.reveltime.ru/venue/463327?eventtype=vecherinka
Мастерская на Кулишках. Творческий лофт,Мастерская на Кулишках. Творческий лофт,79651473923,,https://www.reveltime.ru/venue/471230?eventtype=vecherinka
Матрешка,Матрешка,74950252565,,https://matryoshka-rest.ru/
МаякDanceБольшой зал (2 танцкласс),МаякDanceБольшой зал (2 танцкласс),79295879151,,https://www.loft2rent.ru/loft/43338/108226
МаякDanceМалый зал (4 танцкласс),МаякDanceМалый зал (4 танцкласс),79295879151,,https://www.loft2rent.ru/loft/43338/108512
МаякDanceСредний зал (3 танцзал),МаякDanceСредний зал (3 танцзал),79295879151,,https://www.loft2rent.ru/loft/43338/43340
МаякDanceЧерный зал(1 танцкласс),МаякDanceЧерный зал(1 танцкласс),79295879151,,https://www.loft2rent.ru/loft/43338/143821
Медицинское Частное учреждение Дополнительного Профессионального Образования «Нефросовет»,Медицинское Частное учреждение Дополнительного Профессионального Образования «Нефросовет»,,info@nefrosovet.ru,https://nefrosovet.ru
Международная Школа,Международная Школа,79037358355,,https://www.loft2rent.ru/loft/189553/189558
Межпространственная лаборатория,Межпространственная лаборатория,78122007818,,https://www.loft2rent.ru/loft/75982
Мексика,Мексика,78126067020,,https://www.loft2rent.ru/loft/169051
МелОк Лофт,МелОк Лофт,79363131606,,https://www.loft2rent.ru/loft/120045/120947
"Мемори - танцевальный лофт с караоке, большим экраном, фотозоной с неоном и сценой!","Мемори - танцевальный лофт с караоке, большим экраном, фотозоной с неоном и сценой!",74951914157,,https://www.loft2rent.ru/loft/142644
Мемори лофт. Versailles (Версаль). Элегантный лофт,Мемори лофт. Versailles (Версаль). Элегантный лофт,79346608162,,https://www.reveltime.ru/venue/8307065?eventtype=vecherinka
Мемори лофт. Гэтсби. Стильный тематический лофт в черно-золотых цветах,Мемори лофт. Гэтсби. Стильный тематический лофт в черно-золотых цветах,79019397085,,https://www.reveltime.ru/venue/6560186?eventtype=vecherinka
Мемори лофт. Дримс. Клубный лофт с караоке и диско‑шаром,Мемори лофт. Дримс. Клубный лофт с караоке и диско‑шаром,79019397085,,https://www.reveltime.ru/venue/6560340?eventtype=vecherinka
Мемори лофт. Дэнс. Современный лофт,Мемори лофт. Дэнс. Современный лофт,79019397085,,https://www.reveltime.ru/venue/6560375?eventtype=vecherinka
Мемори лофт. Классик. Лофт с двумя залами,Мемори лофт. Классик. Лофт с двумя залами,79346644195,,https://www.reveltime.ru/venue/7566650?eventtype=vecherinka
Мемори лофт. Классик. Элегантный лофт в классическом стиле,Мемори лофт. Классик. Элегантный лофт в классическом стиле,79019397085,,https://www.reveltime.ru/venue/6560301?eventtype=vecherinka
Мемори лофт. Мемори. Танцевальный лофт,Мемори лофт. Мемори. Танцевальный лофт,79019397046,,https://www.reveltime.ru/venue/6559792?eventtype=vecherinka
Мемори лофт. Севилья. Уютный лофт с мебелью и светомузыкой,Мемори лофт. Севилья. Уютный лофт с мебелью и светомузыкой,79346657019,,https://www.reveltime.ru/venue/8307501?eventtype=vecherinka
Мемори лофт. Тиффани. Изысканный лофт,Мемори лофт. Тиффани. Изысканный лофт,79019397094,,https://www.reveltime.ru/venue/6560444?eventtype=vecherinka
Мемори лофт. Токио. Лофт в японском стиле с модным дизайном,Мемори лофт. Токио. Лофт в японском стиле с модным дизайном,79019397094,,https://www.reveltime.ru/venue/6560415?eventtype=vecherinka
Мемори лофт. Хэппи. Светлый лофт,Мемори лофт. Хэппи. Светлый лофт,79019397085,,https://www.reveltime.ru/venue/6560202?eventtype=vecherinka
Мемфис - дизайнерский лофт с отдельной кухней и отдельным входом в ЦАО,Мемфис - дизайнерский лофт с отдельной кухней и отдельным входом в ЦАО,74950080403,,https://www.loft2rent.ru/loft/30985
Место Встречи,Место Встречи,79912822728,,https://www.loft2rent.ru/loft/202376/202378
Металлинвестбанк,Металлинвестбанк,74957279797,metib@metib.ru,https://metallinvestbank.ru
Микеланджело - Лофт из белого кирпича с верандой с панорамным остеклением и камином,Микеланджело - Лофт из белого кирпича с верандой с панорамным остеклением и камином,74950327390,,https://www.loft2rent.ru/loft/5581
МИКС ЛОФТ,МИКС ЛОФТ,79117555688,,https://www.loft2rent.ru/loft/126318
МИЛК (MILK),МИЛК (MILK),79258582494,,https://www.loft2rent.ru/loft/138720
Милый Loft Москва-сити,Милый Loft Москва-сити,79111023333,,https://www.loft2rent.ru/loft/107530
Мини-лофт с кухней,Мини-лофт с кухней,79150794620,,https://www.reveltime.ru/venue/539567?eventtype=vecherinka
"Мини-отель ""Таёжный""Банкетный зал","Мини-отель ""Таёжный""Банкетный зал",74951343464,,https://www.loft2rent.ru/loft/81868/81870
"Мини-отель ""Таёжный""Деревянный Дом","Мини-отель ""Таёжный""Деревянный Дом",74951343464,,https://www.loft2rent.ru/loft/81868/162285
"Мини-отель ""Таёжный""Треугольный дом","Мини-отель ""Таёжный""Треугольный дом",74951343464,,https://www.loft2rent.ru/loft/81868/120531
Мини-отель Гнёздышко,Мини-отель Гнёздышко,,,https://ostrovok.ru/hotel/russia/moscow/mid10125619/gnyozdyshko_minihotel
Мини-отель Дом Художников Коровиных,Мини-отель Дом Художников Коровиных,,,https://ostrovok.ru/hotel/russia/moscow/mid13122954/dom_khudozhnikov_korovinykh_minihotel
Мини-отель РГК Алексеевский,Мини-отель РГК Алексеевский,,,https://ostrovok.ru/hotel/russia/moscow/mid9990589/rgk_alekseevskij
Мини-отель Фонда,Мини-отель Фонда,,,https://ostrovok.ru/hotel/russia/moscow/mid6388942/minihotel_fonda
МиниМания – Детская игровая комнатаМиниМания,МиниМания – Детская игровая комнатаМиниМания,79175995654,,https://www.loft2rent.ru/loft/152329/152369
"МиниПати. Уютный лофт для небольшой компании, с караоке, большим экраном, диско-шаром, фотозоной с неоном и мощным звуком","МиниПати. Уютный лофт для небольшой компании, с караоке, большим экраном, диско-шаром, фотозоной с неоном и мощным звуком",79346691548,,https://www.reveltime.ru/venue/6829674?eventtype=vecherinka
Министерство лофт в Столешниковом переулке,Министерство лофт в Столешниковом переулке,74998773459,,https://www.loft2rent.ru/loft/aviator
МИР концертный зал,МИР концертный зал,79585410041,,https://www.loft2rent.ru/loft/97591
Мира - атмосферный лофт в арт-пространстве с барами и кафе,Мира - атмосферный лофт в арт-пространстве с барами и кафе,74950080403,,https://www.loft2rent.ru/loft/30985
Мираторг,Мираторг,74956519252,a.s.anciferov@agrohold.ru,https://www.miratorg.ru
МираХолл - площадка для любых мероприятий.,МираХолл - площадка для любых мероприятий.,74951207719,,https://www.loft2rent.ru/loft/187684
Мишель Вермишель,Мишель Вермишель,79256090545,,https://www.loft2rent.ru/loft/193055/194971
ММК,ММК,73519244009,infommk@mmk.ru,https://www.mmk.ru
ММОМА (Московский музей современного искусства),ММОМА (Московский музей современного искусства),74956998052,hello@rukav.space,https://mmoma.ru
Модильяни - Просторный светлый лофт с камином,Модильяни - Просторный светлый лофт с камином,74950327390,,https://www.loft2rent.ru/loft/5581
МодникиБар Модники,МодникиБар Модники,79151343339,,https://www.loft2rent.ru/loft/119050/119662
Молодежное пространствоЛофт Молодежное пространстов,Молодежное пространствоЛофт Молодежное пространстов,79268153040,,https://www.loft2rent.ru/loft/198256/202532
"Момент. Просторный светлый зал со сценой, светомузыкой и караоке","Момент. Просторный светлый зал со сценой, светомузыкой и караоке",79584974215,,https://www.reveltime.ru/venue/8465977?eventtype=vecherinka
Мондриан,Мондриан,78122007818,,https://www.loft2rent.ru/loft/75982
Моне - Уютный лофт в стиле импрессионизм,Моне - Уютный лофт в стиле импрессионизм,74950327390,,https://www.loft2rent.ru/loft/5581
Монмартр - 3-х этажный особняк,Монмартр - 3-х этажный особняк,74950327390,,https://www.loft2rent.ru/loft/5581
Монолит Холл,Монолит Холл,79775068120,,https://www.loft2rent.ru/loft/184686/184688
Монте Карло,Монте Карло,78126067020,,https://www.loft2rent.ru/loft/169051
Морская Площадь,Морская Площадь,78122133202,,https://twitter.com/sevcableport
Морская симфония,Морская симфония,74954780638,,https://www.loft2rent.ru/loft/109926
Мос лофт,Мос лофт,79661116114,,https://www.loft2rent.ru/loft/79730/80145
Москва-Сити апартаментыМосква-Сити,Москва-Сити апартаментыМосква-Сити,79111886754,,https://www.loft2rent.ru/loft/175285/175291
Москва-Сити апартаментыПремиум апартаменты Москва-Сити,Москва-Сити апартаментыПремиум апартаменты Москва-Сити,79111886754,,https://www.loft2rent.ru/loft/175285/175299
Москва-Сити апартаментыПремиум апартаменты Москва-Сити,Москва-Сити апартаментыПремиум апартаменты Москва-Сити,79111886754,,https://www.loft2rent.ru/loft/175285/175321
Москва-СитиSKY PREMIER на 67 этаже Москва-Сити,Москва-СитиSKY PREMIER на 67 этаже Москва-Сити,79153356825,,https://www.loft2rent.ru/loft/11565/34968
Москва-СитиSKY VIEW на 55 этаже Москва-Сити,Москва-СитиSKY VIEW на 55 этаже Москва-Сити,79153356825,,https://www.loft2rent.ru/loft/11565/100526
Москвариум,Москвариум,74996777777,hr@moskvarium.ru,https://moskvarium.ru
Московская биржа,Московская биржа,74952323363,repo@moex.com,https://www.moex.com
Московский планетарий,Московский планетарий,74952217690,,https://www.planetarium-moscow.ru
Москоу Кантри Клаб,Москоу Кантри Клаб,,,https://ostrovok.ru/hotel/russia/moscow/mid7807955/moscow_country_club_8
Мост семейный центрМОСТ,Мост семейный центрМОСТ,79117700408,,https://www.loft2rent.ru/loft/173599/173605
Мосэнерго,Мосэнерго,,,https://www.mosenergo.ru
МОЭК,МОЭК,,,https://www.moek.ru
МОЭСК,МОЭСК,78002200220,,https://rossetimr.ru
МСК Плейс. Лофт Sava (Сава),МСК Плейс. Лофт Sava (Сава),79346699837,,https://www.reveltime.ru/venue/3892535?eventtype=vecherinka
МСК Плейс. Лофт Wine (Вайн),МСК Плейс. Лофт Wine (Вайн),79346699837,,https://www.reveltime.ru/venue/3892587?eventtype=vecherinka
МСК Плейс. Лофт Будда,МСК Плейс. Лофт Будда,79346695974,,https://www.reveltime.ru/venue/3892486?eventtype=vecherinka
МСК Плейс. Лофт Вега,МСК Плейс. Лофт Вега,79019317685,,https://www.reveltime.ru/venue/4715576?eventtype=vecherinka
МСК Плейс. Лофт Кактус,МСК Плейс. Лофт Кактус,79813347290,,https://www.reveltime.ru/venue/3047800?eventtype=vecherinka
МСК Плейс. Лофт Стекло,МСК Плейс. Лофт Стекло,79019317685,,https://www.reveltime.ru/venue/4715548?eventtype=vecherinka
МСК Плэйс. Лофт Candy (Конфета),МСК Плэйс. Лофт Candy (Конфета),79346699837,,https://www.reveltime.ru/venue/5951389?eventtype=vecherinka
МСК Плэйс. Лофт Deep (Дип),МСК Плэйс. Лофт Deep (Дип),79386982643,,https://www.reveltime.ru/venue/5952307?eventtype=vecherinka
МСК Плэйс. Лофт Diamond (Бриллиант),МСК Плэйс. Лофт Diamond (Бриллиант),79386982643,,https://www.reveltime.ru/venue/5951795?eventtype=vecherinka
МСК Плэйс. Лофт Karma (Карма),МСК Плэйс. Лофт Karma (Карма),79386989873,,https://www.reveltime.ru/venue/5952845?eventtype=vecherinka
МСК Плэйс. Лофт Kristal (Кристалл ),МСК Плэйс. Лофт Kristal (Кристалл ),79386982643,,https://www.reveltime.ru/venue/5952189?eventtype=vecherinka
МСК Плэйс. Лофт Luna (Луна),МСК Плэйс. Лофт Luna (Луна),79019317685,,https://www.reveltime.ru/venue/4715559?eventtype=vecherinka
МСК Плэйс. Лофт Queen Loft (Королева Лофт),МСК Плэйс. Лофт Queen Loft (Королева Лофт),79584611054,,https://www.reveltime.ru/venue/5080205?eventtype=vecherinka
МСК Плэйс. Лофт Rich (Рич),МСК Плэйс. Лофт Rich (Рич),79346699837,,https://www.reveltime.ru/venue/5951144?eventtype=vecherinka
МСК Плэйс. Лофт Solo (Соло),МСК Плэйс. Лофт Solo (Соло),79386982643,,https://www.reveltime.ru/venue/5952327?eventtype=vecherinka
МСК Плэйс. Лофт White Swan (Белый Лебедь),МСК Плэйс. Лофт White Swan (Белый Лебедь),79386989873,,https://www.reveltime.ru/venue/5952371?eventtype=vecherinka
МСК Плэйс. Лофт Алоха,МСК Плэйс. Лофт Алоха,79019397046,,https://www.reveltime.ru/venue/4715593?eventtype=vecherinka
МСК Плэйс. Лофт со светомузыкой,МСК Плэйс. Лофт со светомузыкой,79584611054,,https://www.reveltime.ru/venue/5000508?eventtype=vecherinka
МСЛВЕРАНДА-Лофт,МСЛВЕРАНДА-Лофт,79855635615,,https://www.loft2rent.ru/loft/87538/87568
МСЛКОНГА-Лофт,МСЛКОНГА-Лофт,79937772233,,https://www.loft2rent.ru/loft/87538/100853
МСЛЛофт-МОЖЖЕВЕЛЬНИК,МСЛЛофт-МОЖЖЕВЕЛЬНИК,79855635615,,https://www.loft2rent.ru/loft/87538/129164
МТС Банк,МТС Банк,,info@mtsbank.ru,https://mtsbank.ru
Му-Му,Му-Му,74957818781,corp@cafemumu.ru,https://cafemumu.ru
МУД ЛОФТ,МУД ЛОФТ,79602407223,,https://www.loft2rent.ru/loft/126318
МУЗLOFTМУЗ LOFT,МУЗLOFTМУЗ LOFT,79939211777,,https://www.loft2rent.ru/loft/206716/206720
Музеи Московского Кремля,Музеи Московского Кремля,74956240264,blagov@kremlin.museum.ru,https://www.kreml.ru
Музей анимации,Музей анимации,74959409191,larisa_vibor@mail.ru,https://animamuseum.ru
Музей архитектуры,Музей архитектуры,74956971306,info@muar.ru,https://muar.ru
Музей Булгакова,Музей Булгакова,,agafonovavo@culture.mos.ru,https://bulgakovmuseum.ru
Музей Великой Отечественной войны,Музей Великой Отечественной войны,74994498181,info@victorymuseum.ru,https://victorymuseum.ru
Музей Востока,Музей Востока,,pic-5@2x.jpg,https://orientmuseum.ru
Музей Гарри Поттера в парке ВДНХ,Музей Гарри Поттера в парке ВДНХ,79013337731,,https://www.loft2rent.ru/loft/39148
Музей железных дорог,Музей железных дорог,78124572316,example@mail.ru,https://rzd-museum.ru
Музей кино,Музей кино,74959154353,gff@gff-rf.ru,https://gosfilmofond.ru
Музей космической техники РКК Энергия,Музей космической техники РКК Энергия,,post@rsce.ru,https://energia.ru
Музей космонавтики,Музей космонавтики,,museikosmonavtiki@culture.mos.ru,https://kosmo-museum.ru
Музей криптографии,Музей криптографии,74957846698,hello@cryptography-museum.ru,https://cryptography-museum.ru
Музей МГТУ им. Баумана,Музей МГТУ им. Баумана,,abiturient@bmstu.ru,https://bmstu.ru
Музей музыки,Музей музыки,74956056515,,https://music-museum.ru
Музей Пинбола,Музей Пинбола,79253322216,,https://www.loft2rent.ru/loft/19174/26687
Музей русского импрессионизма,Музей русского импрессионизма,79778081400,,https://www.loft2rent.ru/loft/65548/65551
Музей Сахарова,Музей Сахарова,,info@sakharov-center.ru,https://sakharov-center.ru
Музей театра,Музей театра,,acs@theatremuseum.ru,https://theatremuseum.ru
Музей техники Вадима Задорожного,Музей техники Вадима Задорожного,74956623818,info@tmuseum.ru,https://tmuseum.ru
Музей транспорта Москвы,Музей транспорта Москвы,74953692675,example@mail.com,https://mtmuseum.ru
Музей фотографии Lumiere,Музей фотографии Lumiere,79036227769,collection@lumiere.ru,https://lumiere.ru
Музей цирка,Музей цирка,79801924030,circusmuseumofficial@gmail.com,https://circusmuseum.ru
Музей эмоций,Музей эмоций,79958877788,info@museumofemotions.ru,https://museumofemotions.ru
Музыкальная студия,Музыкальная студия,79937738586,,https://www.loft2rent.ru/loft/80704
Музыкальный караоке лофт ПарусМузыкальный лаунж караоке Парус,Музыкальный караоке лофт ПарусМузыкальный лаунж караоке Парус,79856174834,,https://www.loft2rent.ru/loft/29021/31149
Музыкальный лофт,Музыкальный лофт,79218577544,,https://www.loft2rent.ru/loft/72825
Музыкальный лофт на Тульской,Музыкальный лофт на Тульской,79218577544,,https://www.reveltime.ru/venue/4122307?eventtype=vecherinka
Мультивселенная,Мультивселенная,78122007818,,https://www.loft2rent.ru/loft/75982
Мультикультура,Мультикультура,74991130977,,https://multicultura.ru/
Мультимедиа Арт Музей (МАММ),Мультимедиа Арт Музей (МАММ),74956371100,event@mdf.ru,https://mamm-mdf.ru
Мультимедийное пространство LUMIONМультимедийное пространство LUMION,Мультимедийное пространство LUMIONМультимедийное пространство LUMION,79211811188,,https://www.loft2rent.ru/loft/146054/146061
Мультиформатный лофт-зал,Мультиформатный лофт-зал,79584974084,,https://www.reveltime.ru/venue/6748625?eventtype=vecherinka
"Мун-светлый лофт с луной, высокими потолками и караоке!","Мун-светлый лофт с луной, высокими потолками и караоке!",74991113716,,https://www.loft2rent.ru/loft/131919
МункMunk,МункMunk,79995587889,,https://www.loft2rent.ru/loft/84338/84380
Мураново,Мураново,74965854628,mk_muranovo@mosreg.ru,https://muranovo-museum.ru
Муся и второе,Муся и второе,74950556530,,https://www.instagram.com/musyalavka
Мясницкий Бутик Отель,Мясницкий Бутик Отель,,,https://ostrovok.ru/hotel/russia/moscow/mid9022928/myasnitskiy_boutique_hotel
Мята PlatinumМята Platinum PS5,Мята PlatinumМята Platinum PS5,79966775966,,https://www.loft2rent.ru/loft/169095/170471
Мята PlatinumМята Platinum VIP,Мята PlatinumМята Platinum VIP,79966775966,,https://www.loft2rent.ru/loft/169095/170475
Мятный лисМятный лис,Мятный лисМятный лис,79952609094,,https://www.loft2rent.ru/loft/68312/68315
МЯТНЫЙ ЛОФТ С ОТДЕЛЬНЫМ ВХОДОМ И КАРАОКЕ!,МЯТНЫЙ ЛОФТ С ОТДЕЛЬНЫМ ВХОДОМ И КАРАОКЕ!,79120829050,,https://www.loft2rent.ru/loft/83754
На Берегу,На Берегу,79250520976,,https://www.loft2rent.ru/loft/125499
На Охте,На Охте,79990621939,,https://www.loft2rent.ru/loft/100712/100714
На Тульской,На Тульской,79937772233,,https://www.loft2rent.ru/loft/27053
Набережная Севкабель Порта,Набережная Севкабель Порта,78122133202,,https://twitter.com/sevcableport
НаВысоте,НаВысоте,79629723232,,https://www.loft2rent.ru/loft/186080/187537
Назаров Студио. Лофт с музыкальным оборудованием,Назаров Студио. Лофт с музыкальным оборудованием,79346692796,,https://www.reveltime.ru/venue/4199777?eventtype=vecherinka
НАО «Абс Энергонефть»,НАО «Абс Энергонефть»,,abs_info@absenergo.ru,https://www.absenergo.ru
НАО «Право.Ру»,НАО «Право.Ру»,74956453760,rating@mail.ru,https://pravo.ru
НАО «ТК «Сибкабель»,НАО «ТК «Сибкабель»,73822700700,office@sibkabel.ru,https://sibkabel.ru
Настроение Лофт,Настроение Лофт,79999917766,,https://www.loft2rent.ru/loft/122672/124158
Наутилус,Наутилус,78122007818,,https://www.loft2rent.ru/loft/75982
Наутилус Наутилус,Наутилус Наутилус,79626842654,,https://www.loft2rent.ru/loft/100716/100718
Национальная Медиа Группа,Национальная Медиа Группа,,designstudio@ctcmedia.ru,http://www.nmg.ru
Национальный Резервный Банк,Национальный Резервный Банк,,info@nrb.ru,https://nrb.ru
Национальный Стандарт,Национальный Стандарт,,dbo@ns-bank.ru,https://ns-bank.ru
НЕ ТОТ ЦИРК,НЕ ТОТ ЦИРК,79253195678,,https://www.loft2rent.ru/loft/53281/53283
Небеса,Небеса,78122007818,,https://www.loft2rent.ru/loft/75982
Небо,Небо,79689739030,,https://www.loft2rent.ru/loft/2518
Небо Сахары / Sahara Sky,Небо Сахары / Sahara Sky,79252405242,,https://www.loft2rent.ru/loft/10420
НЕБОЛЬШОЙ ДВУХЭТАЖНЫЙ ЛОФТ ОТ 6000Р,НЕБОЛЬШОЙ ДВУХЭТАЖНЫЙ ЛОФТ ОТ 6000Р,79120829050,,https://www.loft2rent.ru/loft/83754
НЕБОЛЬШОЙ ЛОФТ АМПИР С КАРАОКЕ ЗА 7200,НЕБОЛЬШОЙ ЛОФТ АМПИР С КАРАОКЕ ЗА 7200,79120829050,,https://www.loft2rent.ru/loft/83754
"Небольшой уютный лофт, рядом с М Курская","Небольшой уютный лофт, рядом с М Курская",79250545290,,https://www.loft2rent.ru/loft/122172
Невероятной красоты лофт в башне Москва сити,Невероятной красоты лофт в башне Москва сити,79111023333,,https://www.loft2rent.ru/loft/107530
Невероятный лофт в Москва сити,Невероятный лофт в Москва сити,79111023333,,https://www.loft2rent.ru/loft/107530
Невероятный лофт Москва сити,Невероятный лофт Москва сити,79111023333,,https://www.loft2rent.ru/loft/107530
"Нежный лофт ""Дримзон"" с диско-шаром, фотозоной и караоке / 3 мин. от метро Семеновская","Нежный лофт ""Дримзон"" с диско-шаром, фотозоной и караоке / 3 мин. от метро Семеновская",74998881633,,https://www.loft2rent.ru/loft/126908
Необычная Веранда,Необычная Веранда,74952080038,,https://www.loft2rent.ru/loft/3318
Неоновый лофт Гламур,Неоновый лофт Гламур,79893636021,,https://www.reveltime.ru/venue/5653088?eventtype=vecherinka
"неорюмочная ""Мама Тата""","неорюмочная ""Мама Тата""",79112582376,,https://www.loft2rent.ru/loft/95637/95639
НЛМК,НЛМК,73432632372,andreev_dn@nlmk.com,https://www.nlmk.com
Нобель,Нобель,79935905884,,https://www.loft2rent.ru/loft/92780
НОВА ХОЛЛ - большая светлая площадка под разные мероприятия,НОВА ХОЛЛ - большая светлая площадка под разные мероприятия,79505677787,,https://www.loft2rent.ru/loft/203236
НОВАТЭК,НОВАТЭК,73499724951,ir@novatek.ru,https://www.novatek.ru
Новикомбанк,Новикомбанк,74959747187,,https://novikom.ru
НОВОЕ и единственное пространство в аренду в АкадемеНОВОЕ и единственное пространство в аренду в Академе,НОВОЕ и единственное пространство в аренду в АкадемеНОВОЕ и единственное пространство в аренду в Академе,79697778485,,https://www.loft2rent.ru/loft/135494/135496
Нора,Нора,79586348677,,https://www.loft2rent.ru/loft/186858/186862
Нора - уютный лофт в центре Москвы на Комсомольской / Бауманской,Нора - уютный лофт в центре Москвы на Комсомольской / Бауманской,79163954428,,https://www.loft2rent.ru/loft/176575
Нотно-музыкальная библиотека №17 им. П.И.ЮргенсонаВыставочный зал,Нотно-музыкальная библиотека №17 им. П.И.ЮргенсонаВыставочный зал,74959112289,,https://www.loft2rent.ru/loft/157349/157353
Нотно-музыкальная библиотека №17 им. П.И.ЮргенсонаМузыкальная гостиная,Нотно-музыкальная библиотека №17 им. П.И.ЮргенсонаМузыкальная гостиная,74959112289,,https://www.loft2rent.ru/loft/157349/157352
Ночной клуб SistersПлощадка под мероприятия (до 600 чел),Ночной клуб SistersПлощадка под мероприятия (до 600 чел),79055696986,,https://www.loft2rent.ru/loft/103728/103735
Ночной Клуб Zall,Ночной Клуб Zall,79164400130,,https://www.loft2rent.ru/loft/101001
Ночной клуб ZANOZA,Ночной клуб ZANOZA,79256147616,,https://www.loft2rent.ru/loft/190306/190484
Ночной_Клуб\,Ночной_Клуб\,,,ЦС/19
НРД (Нац. расчётный депозитарий),НРД (Нац. расчётный депозитарий),74952344827,clients@nsd.ru,https://www.nsd.ru
НС Банк,НС Банк,78005554324,clock@1x.png,https://nsbank.ru
Нуар,Нуар,73919898633,,https://www.loft2rent.ru/loft/164165
Нью Йорк,Нью Йорк,74954780638,,https://www.loft2rent.ru/loft/109926
НЮД (NUDE),НЮД (NUDE),79258582494,,https://www.loft2rent.ru/loft/138720
О ЛюбвиО.Любви – свадебная оранжерея в лесу,О ЛюбвиО.Любви – свадебная оранжерея в лесу,79938951003,,https://www.loft2rent.ru/loft/127578/127582
ОАК (Объединённая авиастроительная корп.),ОАК (Объединённая авиастроительная корп.),,office@uacrussia.ru,https://www.uacrussia.ru
ОАО «Научно-исследовательский и проектный институт нефтеперерабатывающей и нефтехимической промышленности»,ОАО «Научно-исследовательский и проектный институт нефтеперерабатывающей и нефтехимической промышленности»,,vnipineft@vnipineft.ru,http://www.vnipineft.ru
ОАО «Научно-производственное объединение гидравлических машин»,ОАО «Научно-производственное объединение гидравлических машин»,74956873555,info@gidromash.com.ru,https://www.gidromash.com.ru
ОАО «Объединенные электротехнические заводы»,ОАО «Объединенные электротехнические заводы»,74992666866,elteza@elteza.ru,https://www.elteza.ru
ОАО «РЖД»,ОАО «РЖД»,,ticket@rzd.ru,https://www.rzd.ru
ОблакоOBLAKO,ОблакоOBLAKO,74991130153,,https://www.loft2rent.ru/loft/177376/177384
Образовательный центр Refformat Education,Образовательный центр Refformat Education,79260001090,,https://www.loft2rent.ru/loft/177654/177660
Общая гостиная,Общая гостиная,78122007818,,https://www.loft2rent.ru/loft/75982
Общий зал караоке на Новослободской,Общий зал караоке на Новослободской,74991163697,,https://www.loft2rent.ru/loft/103317
Объект47,Объект47,79167569159,,https://www.loft2rent.ru/loft/96044/96046
Объект47. Двухэтажный лофт,Объект47. Двухэтажный лофт,79959017418,,https://vk.ru/object47
Огромное пространство для событий,Огромное пространство для событий,79019317588,,https://www.reveltime.ru/venue/631962?eventtype=vecherinka
ОДК,ОДК,74952325502,info@uecrus.com,https://www.uecrus.com
Однажды в Голливуде,Однажды в Голливуде,78122007818,,https://www.loft2rent.ru/loft/75982
"Ой, всё! Content Studio 24/7«Ой, всё!»","Ой, всё! Content Studio 24/7«Ой, всё!»",79260150090,,https://www.loft2rent.ru/loft/162087/162090
Океан,Океан,74954780638,,https://www.loft2rent.ru/loft/109926
Оливка. Пространство с большими окнами,Оливка. Пространство с большими окнами,79584974160,,https://www.reveltime.ru/venue/6253266?eventtype=vecherinka
"Оливка. Современный дизайнерский лофт с барной стойкой, караоке, светомузыкой и удобным зонированием","Оливка. Современный дизайнерский лофт с барной стойкой, караоке, светомузыкой и удобным зонированием",79584974226,,https://www.reveltime.ru/venue/8460866?eventtype=vecherinka
Олимп,Олимп,78126067020,,https://www.loft2rent.ru/loft/169051
ОМ,ОМ,74952924217,,https://www.loft2rent.ru/loft/53255
Омега,Омега,79689739030,,https://www.loft2rent.ru/loft/2518
ОМК,ОМК,73512160270,atz@atz.ru,https://omk.ru
Онлайн-трансляция из Лофта,Онлайн-трансляция из Лофта,79296303019,,https://www.loft2rent.ru/loft/5676
"ООО ""Берег Надежды""Chelsea Gastropub","ООО ""Берег Надежды""Chelsea Gastropub",79160737157,,https://www.loft2rent.ru/loft/195633/195642
"ООО ""ГрандКвест""Космос","ООО ""ГрандКвест""Космос",79771068471,,https://www.loft2rent.ru/loft/83581/84103
"ООО ""ГрандКвест""Отель","ООО ""ГрандКвест""Отель",79771068471,,https://www.loft2rent.ru/loft/83581/84106
"ООО ""Дизайн Парк""Бутик-шоурум","ООО ""Дизайн Парк""Бутик-шоурум",79296740735,,https://www.loft2rent.ru/loft/203229/203232
ООО «100РА Лтд»,ООО «100РА Лтд»,78003333333,banner-reg@2x.png,https://www.tbank.ru/business/contractor/legal/1135038000679
ООО «123 СОЛЮШНС»,ООО «123 СОЛЮШНС»,,companycardsfeedback@rbc.ru,https://companies.rbc.ru/id/1097746080904-ooo-123-solyushns
ООО «1С-Битрикс»,ООО «1С-Битрикс»,,,https://www.1c-bitrix.ru
ООО «201 Унр»,ООО «201 Унр»,375172840574,akzhan@interfax.kz,https://spark-interfax.ru/moskva-obruchevski/ooo-unr-inn-7719093310-ogrn-1157746006725-edd3d9535dad40ccb4db0350dbfff28e
ООО «2р-Медиа»,ООО «2р-Медиа»,,adv@2r-media.ru,https://2r-media.ru
ООО «5 Концепт»,ООО «5 Концепт»,78003333333,counterparty_landing_crashes_prod@error-hub.tinkoff.ru,https://www.tbank.ru/business/contractor/legal/1157746791267
ООО «А-маркт»,ООО «А-маркт»,79222414100,info@4villa.ru,https://amarket.online
ООО «А. Спайс»,ООО «А. Спайс»,73833340638,as-nsk@auspice.ru,https://auspice.ru
ООО «АА Независимость Премьер Авто»,ООО «АА Независимость Премьер Авто»,74951206300,info@star-pro.ru,https://star-pro.ru/proverka-kontragenta/organization/1097746167221--ooo-aaa-nezavisimost-premer-avto
ООО «Аа Трейд Импорт»,ООО «Аа Трейд Импорт»,375172840574,akzhan@interfax.kz,https://spark-interfax.ru/moskva-alekseevski/ooo-aa-treid-import-inn-9717091600-ogrn-1207700174296-a6e9e06000ea0f31e053189aa8c05e09
ООО «Абакан Эир»,ООО «Абакан Эир»,,office@abakanair.ru,https://old.abakanair.ru
ООО «Аби Продакшн»,ООО «Аби Продакшн»,74922529999,abi.sales@abi.ru,https://abi.ru
ООО «АБС-авто Столица»,ООО «АБС-авто Столица»,,companycardsfeedback@rbc.ru,https://companies.rbc.ru/id/1107746938540-ooo-obschestvo-s-ogranichennoj-otvetstvennostyu-abs-avto-stolitsa
ООО «Абц-Рейл»,ООО «Абц-Рейл»,74959947273,info@abc-rail.com,https://abc-rail.com
ООО «Ав Майнинг»,ООО «Ав Майнинг»,74957488179,av@avmining.ru,https://avmining.ru
ООО «Ав-Лабс»,ООО «Ав-Лабс»,,clients@avlabs.ru,https://avlabs.ru
ООО «Авако Лимитед»,ООО «Авако Лимитед»,78003333333,counterparty_landing_crashes_prod@error-hub.tinkoff.ru,https://www.tbank.ru/business/contractor/legal/1187746862610
ООО «Авангард-Авто»,ООО «Авангард-Авто»,78123334833,info@avangard-mb.ru,https://avangard-mb.ru/o-nas/o-kompanii
ООО «АВЕТА»,ООО «АВЕТА»,,office@aveta.su,https://www.aveta.su
ООО «Авиакомпания «Победа»,ООО «Авиакомпания «Победа»,74956468362,card_1@2x.png,https://www.rusprofile.ru/id/9231687
ООО «АВИАФЛЮИД интернешнл»,ООО «АВИАФЛЮИД интернешнл»,,card_1@2x.png,https://www.rusprofile.ru/id/1192997
ООО «Авис Рус»,ООО «Авис Рус»,74956322070,info@avisrus.com,https://avisrus.com
ООО «Ависта»,ООО «Ависта»,78007009907,info-avista@bk.ru,https://avistacompany.com
ООО «Авистрон»,ООО «Авистрон»,,info@ikra.info,https://ikra.info/company/ooo-avistron
ООО «Авито Тех»,ООО «Авито Тех»,,pr@avito.ru,https://avito.tech
ООО «Авоська-два»,ООО «Авоська-два»,74956567022,creative.mouse@gmail.com,https://www.avoska.ru/contacts
ООО «Аврора РусКо»,ООО «Аврора РусКо»,74957753043,office@cafetera-group.ru,https://checko.ru/company/avrora-rusko-1127747292023
ООО «Авто Поставка»,ООО «Авто Поставка»,,info@avtopostavka.com,http://avtopostavka.com
ООО «Авто-Премьер»,ООО «Авто-Премьер»,73472007481,,https://avtopremier.pro
ООО «АВТОАЛЬЯНС»,ООО «АВТОАЛЬЯНС»,73412209240,alexar@autoopt.ru,https://www.autoopt.ru
ООО «АвтоАльянс»,ООО «АвтоАльянс»,73412209240,alexar@autoopt.ru,https://www.autoopt.ru
ООО «Автоармика»,ООО «Автоармика»,73412209240,alexar@autoopt.ru,https://www.autoopt.ru
ООО «АВТОВОДОКАНАЛ»,ООО «АВТОВОДОКАНАЛ»,73812599009,avkomsk@mail.ru,https://avk55.ru
ООО «Автогарант»,ООО «Автогарант»,78005113748,,https://www.autogarant.online
ООО «Автогрупп»,ООО «Автогрупп»,375172840574,akzhan@interfax.kz,https://spark-interfax.ru/sverdlovskaya-oblast-ekaterinburg/ooo-avtogrupp-inn-6671074259-ogrn-1176658055210-c6f2bda514d240dc82a6ec5401bfae05
ООО «Автодеталь»,ООО «Автодеталь»,,adet1@mail.ru,https://www.auto-detal.ru
ООО «Автодор-Инжиниринг»,ООО «Автодор-Инжиниринг»,74957759920,post@avtodor-eng.ru,https://avtodor-eng.ru
ООО «Автолюкс»,ООО «Автолюкс»,78005515113,buhpko@autoluxe.org,https://www.autoluxe.org
ООО «Автомир ФВ»,ООО «Автомир ФВ»,,card_1@2x.png,https://www.rusprofile.ru/id/180538
ООО «Автомир-54»,ООО «Автомир-54»,73832105555,bonds@kr.avtomir.ru,https://nsk.avtomir.ru
ООО «Автомобильно-Торговый Центр На Каширке»,ООО «Автомобильно-Торговый Центр На Каширке»,74959213100,info@auto-moscow.ru,https://auto-moscow.ru/about.html
ООО «АВТОПОРТ»,ООО «АВТОПОРТ»,74951508521,andrey.kamaev@bmw-avtoport.ru,https://bmw-avtoport.ru
ООО «Автопрофит»,ООО «Автопрофит»,74957258084,gagina@krost.net,https://checko.ru/company/avtoprofit-1107746250017
ООО «Авторемстрой»,ООО «Авторемстрой»,78552372292,,https://servis-ars.ru
ООО «Автоцентр Атлант-М»,ООО «Автоцентр Атлант-М»,74957771323,,https://www.atlant-m.ru
ООО «Автошатл»,ООО «Автошатл»,,info@hartiya-apk.ru,https://xn----7sbb4am3adqy8h.xn--80ai4af.xn--p1acf/uchastniki/21784-466-ooo-avtosatl
ООО «Агентика Тревэл»,ООО «Агентика Тревэл»,,secretary@tourpom.ru,https://www.tourpom.ru/news/priekrashchieniie-dieiatiel-nosti-turopieratora-ooo-aghientika-trievel-v-sfierie-vyiezdnogho-turizma-i-vozvrat-dieniezhnykh-srie
ООО «Агентство гуманитарных технологий»,ООО «Агентство гуманитарных технологий»,,,https://agt.agency
ООО «Агентство недвижимости «Небоскреб Риэлти»,ООО «Агентство недвижимости «Небоскреб Риэлти»,,companycardsfeedback@rbc.ru,https://companies.rbc.ru/id/5077746845369-ooo-agentstvo-nedvizhimosti-neboskreb-rielti
ООО «Агни Элевейторс Рус»,ООО «Агни Элевейторс Рус»,74951508078,info@agni.ltd,https://www.agnielevators.ru
ООО «Агро ТАР»,ООО «Агро ТАР»,,vip.scheben@mail.ru,https://agrotar.ru
ООО «Агро Эксперт Груп»,ООО «Агро Эксперт Груп»,73432877796,bags-of-grain@2x.png,https://agroex.ru
ООО «Агро-Нова»,ООО «Агро-Нова»,74951206615,,https://agro-nova.ru
ООО «Агро-Система»,ООО «Агро-Система»,74814141921,agro5istema@yandex.ru,https://agrosistema.su
ООО «АГРОМАКС»,ООО «АГРОМАКС»,78002342023,agromax-fabrika@mail.ru,https://agromax-official.ru
ООО «Агропак»,ООО «Агропак»,74995501545,agropak@agropak.ru,https://www.agropak.ru
ООО «Агропромпанель-ТК»,ООО «Агропромпанель-ТК»,74732295005,info@appanel.ru,https://www.appanel.ru
ООО «Агропромтрейд»,ООО «Агропромтрейд»,,info@agropromtrade.ru,http://agropromtrade.ru
ООО «Агроторг-Трейд»,ООО «Агроторг-Трейд»,,companycardsfeedback@rbc.ru,https://companies.rbc.ru/id/1085190006164-ooo-agrotorg-trejd
ООО «Агротрейд»,ООО «Агротрейд»,74959904742,info@agrotrade.ru,https://agrotrade.ru
ООО «Агрофрут»,ООО «Агрофрут»,,companycardsfeedback@rbc.ru,https://companies.rbc.ru/id/1177746059677-ooo-agrofrut
"ООО «АГРОХИМИЧЕСКОЕ НАУЧНО-ПРОИЗВОДСТВЕННОЕ ПРЕДПИЯТИЕ""АГРОХИМ-XXI»","ООО «АГРОХИМИЧЕСКОЕ НАУЧНО-ПРОИЗВОДСТВЕННОЕ ПРЕДПИЯТИЕ""АГРОХИМ-XXI»",74991383128,,https://agrochim-xxi.ru
"ООО «АГРОХИМИЧЕСКОЕ НАУЧНО-ПРОИЗВОДСТВЕННОЕ ПРЕДПИЯТИЕ""АГРОХИМ-XXI»""","ООО «АГРОХИМИЧЕСКОЕ НАУЧНО-ПРОИЗВОДСТВЕННОЕ ПРЕДПИЯТИЕ""АГРОХИМ-XXI»""",74991383128,,https://agrochim-xxi.ru
ООО «Адб Проектные Решения»,ООО «Адб Проектные Решения»,73422144444,info@prorise.ru,https://www.prorise.ru
ООО «Адванс»,ООО «Адванс»,74956407172,mail@advance.moscow,https://www.advance.moscow
ООО «Адванта-М»,ООО «Адванта-М»,74953088285,1620174@gmail.com,https://advanta-m.ru
ООО «АДМИРАЛ МАРИТАЙМ»,ООО «АДМИРАЛ МАРИТАЙМ»,78124584452,ivakin@korabel.ru,https://www.korabel.ru/catalogue/company/admiral_maritime.html
ООО «Азон»,ООО «Азон»,74959026636,info@azone-it.ru,https://www.azone-it.ru
ООО «Азот Трейдинг»,ООО «Азот Трейдинг»,,card_1@2x.png,https://www.rusprofile.ru/id/3934137
ООО «АЗС Технология»,ООО «АЗС Технология»,74956402058,sales@ftcard.ru,https://ftcard.ru/history
ООО «Аим Менеджмент»,ООО «Аим Менеджмент»,79212400000,info@aimgroup.ru,https://aimgroup.ru
ООО «Ай-Теко Внедренческий Центр»,ООО «Ай-Теко Внедренческий Центр»,74957771095,vc-info@i-teco.ru,https://vc.i-teco.ru
ООО «Ай.Эр.Эм.Си.»,ООО «Ай.Эр.Эм.Си.»,73432880768,evz@imc-systems.ru,https://imc-systems.ru
ООО «Айгенманн и Веронелли — Руссо»,ООО «Айгенманн и Веронелли — Руссо»,,info@polyurethanex.r,https://www.polyurethanex.ru/13-eigenmann-veronelli-russo.html
ООО «Айди Коллект»,ООО «Айди Коллект»,78006000979,info@idcollect.ru,https://www.idcollect.ru
ООО «Айкьювиа Солюшнс»,ООО «Айкьювиа Солюшнс»,,companycardsfeedback@rbc.ru,https://companies.rbc.ru/id/1087746654060-ooo-ajkyuvia-solyushns
ООО «АЙМОЛ ЛУБРИКАНТС»,ООО «АЙМОЛ ЛУБРИКАНТС»,375291234105,a.semenov@btyre.ru,https://aimol.ru
ООО «Айтем»,ООО «Айтем»,74955454564,info@item-pro.ru,https://item-pro.ru
ООО «Айти Бастион»,ООО «Айти Бастион»,74993223667,info@it-bastion.com,https://it-bastion.com
ООО «АйТи Про»,ООО «АйТи Про»,,info@aiti-pro.ru,https://aiti-pro.ru
ООО «Айти Проект»,ООО «Айти Проект»,73472626643,info@itpro02.ru,https://itpro02.ru
ООО «Айфэлл»,ООО «Айфэлл»,74955404956,hr@ifellow.ru,https://ifellow.ru
ООО «АйЧанс»,ООО «АйЧанс»,375172840574,akzhan@interfax.kz,https://spark-interfax.ru/moskva-perovo/ooo-aichans-inn-7720667055-ogrn-1097746546523-08ed0a12aa7d4fcdb50b7ecc17fa52e5
ООО «Айэфсиэм Групп»,ООО «Айэфсиэм Групп»,,,http://ifcmgroup.ru
ООО «Ак Соратник»,ООО «Ак Соратник»,74997059141,adv@novostroy-m.ru,https://www.novostroy-m.ru/kompanii/peresvet_invest
ООО «Ак-Билдинг»,ООО «Ак-Билдинг»,,info@ak-b.su,http://ak-building.ru
ООО «АкваПлюс»,ООО «АкваПлюс»,78005551251,e-shop@aqplus.ru,https://www.aqplus.ru
ООО «Аквилон»,ООО «Аквилон»,78123411111,akvilon@group-akvilon.ru,https://group-akvilon.ru
ООО «Акмаш-Холдинг»,ООО «Акмаш-Холдинг»,2079221250628,chlb@akmash.ru,https://akmash.ru
ООО «АКРОН ПЛЮС»,ООО «АКРОН ПЛЮС»,78005550261,info@akronplus.ru,https://onlineecology.com/org/ooo-akron-plyus
ООО «Акрос»,ООО «Акрос»,,card_1@2x.png,https://www.rusprofile.ru/id/2632974
ООО «Активбизнесконсалт»,ООО «Активбизнесконсалт»,78007707040,,https://activebc.ru
ООО «Актион-диджитал»,ООО «Актион-диджитал»,74957885326,,https://action-digital.ru
ООО «Акцент»,ООО «Акцент»,73432269851,office@acvl.ru,https://acvl.ru
ООО «Алго Капитал»,ООО «Алго Капитал»,74957452580,agc@algocapital.ru,https://benefortcap.com/press-center/news
ООО «Алгол ДВ»,ООО «Алгол ДВ»,,companycardsfeedback@rbc.ru,https://companies.rbc.ru/id/1092539002511-ooo-algol-dv
ООО «Алгоритм Трейдинг»,ООО «Алгоритм Трейдинг»,375172840574,akzhan@interfax.kz,https://spark-interfax.ru/moskva-preobrazhenskoe/ooo-algoritm-treiding-inn-7718091039-ogrn-1157746170812-8cd6947f1f3d4070b519f00a182c7340
ООО «Алгоритм»,ООО «Алгоритм»,78126701585,,https://algoritm-ltd.ru
ООО «Алдор»,ООО «Алдор»,375172840574,akzhan@interfax.kz,https://spark-interfax.ru/moskva-dorogomilovo/ooo-aldor-inn-9704023392-ogrn-1207700246930-ab50677ea75f7795e053189aa8c0adfa
ООО «Алеф Трейд Мск»,ООО «Алеф Трейд Мск»,74991369631,,https://alephtrade.com
ООО «АЛИОТ»,ООО «АЛИОТ»,78005001644,arrow-ui-corner-out-up-right-64-regular@2x.png,https://focus.kontur.ru/site/populyarnye-kompanii-v-focuse/moskva
ООО «Алиот»,ООО «Алиот»,0074956454460,,https://alth.ru
ООО «Алитком»,ООО «Алитком»,,,https://zachestnyibiznes.ru/company/ul/1227800030402_7811772681
ООО «АЛКАЛОИД-РУС»,ООО «АЛКАЛОИД-РУС»,,,https://alkaloid.ru
ООО «Алкогольная Производственная Компания»,ООО «Алкогольная Производственная Компания»,74956312500,kosher@kosher.ru,https://kosher.ru/partners/ooo-alkogolnaya-proizvodstvennaya-kompaniya
ООО «Аллея Групп»,ООО «Аллея Групп»,74992771577,,https://alleya-group.ru
ООО «АЛЛТЕК»,ООО «АЛЛТЕК»,,alltech@alltech.ru,https://www.alltech.ru
ООО «Алмаз»,ООО «Алмаз»,,sk_almaz@bk.ru,https://www.oooalmaz.ru
ООО «Алф Маркет»,ООО «Алф Маркет»,74952151847,example@mail.ru,https://www.alfint.ru/contacts
ООО «Алый Парус»,ООО «Алый Парус»,375172840574,akzhan@interfax.kz,https://spark-interfax.ru/novosibirskaya-oblast-novosibirsk/ooo-aly-parus-inn-5403047949-ogrn-1195476014161-82f90782ddd72a66e0531b9aa8c07fc9
ООО «Альбатрос»,ООО «Альбатрос»,78002223316,info@alb.aero,https://www.alb.aero
ООО «Альвари-Рус»,ООО «Альвари-Рус»,,info@hartiya-apk.ru,https://xn----7sbb4am3adqy8h.xn--80ai4af.xn--p1acf/uchastniki/24325-ooo-alvari-rus
ООО «Альма»,ООО «Альма»,,206@alma.su,https://alma.su
ООО «АльмакорГруп»,ООО «АльмакорГруп»,,info@almacor-group.ru,https://almacor-group.ru
ООО «Альстеф»,ООО «Альстеф»,,companycardsfeedback@rbc.ru,https://companies.rbc.ru/id/1157746834520-ooo-alstef
ООО «Альта-Панель»,ООО «Альта-Панель»,78005557773,info@alta-profil.ru,https://www.alta-profil.ru
ООО «Альтернатива»,ООО «Альтернатива»,73476732244,alternat@mail.ru,https://www.alternat.ru
ООО «Альфа Директ сервис»,ООО «Альфа Директ сервис»,,companycardsfeedback@rbc.ru,https://companies.rbc.ru/id/1037728063515-ooo-alfa-direkt-servis
ООО «Альфа-М»,ООО «Альфа-М»,74951233406,1022d@mail.ru,https://saby.ru/profile/7743931676-774301001
ООО «Альфа»,ООО «Альфа»,74956841833,info@alfa.ru,https://alfa.ru
ООО «Альфасервис»,ООО «Альфасервис»,78005113647,mail@alfacnh.ru,https://alfacnh.ru
ООО «Альянс Проджектс»,ООО «Альянс Проджектс»,74952877077,info@alliance-project.com,https://alliance-project.com
ООО «Альянс — Энерджи»,ООО «Альянс — Энерджи»,73493627044,info@al-ng.ru,https://www.alliance-energy.ru
ООО «Альянс-Энергия»,ООО «Альянс-Энергия»,78005003877,request@alliance777.com,https://allianceenergy.ru
ООО «Альянс»,ООО «Альянс»,74957415915,info@stankialiance.ru,https://stankialiance.ru
ООО «Алюмни Партнерс»,ООО «Алюмни Партнерс»,74959688968,almaty@alumnipartners.kz,https://alumnipartners.ru
ООО «Амг-Электро»,ООО «Амг-Электро»,,amg.elektro@yandex.ru,https://mobile.ruscable.ru/company/amg_electro
ООО «АМКапитал»,ООО «АМКапитал»,74959568714,opt-cspz@avtomir.ru,https://part.avtomir.ru/contacts
ООО «Ампер»,ООО «Ампер»,,sales@ooo-amper.ru,http://ooo-amper.ru
ООО «Амс»,ООО «Амс»,,info@animamedservice.ru,https://ooo-ams.ru
ООО «Ангелинская Нефте База»,ООО «Ангелинская Нефте База»,74951092945,buh@anboil.ru,https://anboil.ru
ООО «Анекс-Торг»,ООО «Анекс-Торг»,74950095000,clientservice.ae@anextour.com,https://anextour.ru
ООО «Анигма»,ООО «Анигма»,,,http://www.merlion.com
ООО «Анкон»,ООО «Анкон»,,ankon-perm@yandex.ru,https://ankon-npp.ru
ООО «Анкор Финтек»,ООО «Анкор Финтек»,78003333333,banner-reg@2x.png,https://www.tbank.ru/business/contractor/legal/1137746041872
ООО «Ансальдо Энерджиа Раша»,ООО «Ансальдо Энерджиа Раша»,74951206300,info@star-pro.ru,https://star-pro.ru/proverka-kontragenta/organization/5137746208705--ooo-ansaldo-enerdzhia-rasha
ООО «АНТ ЯПЫ»,ООО «АНТ ЯПЫ»,,,https://www.antyapi.com.tr/ru
ООО «Антикоррозийные защитные покрытия»,ООО «Антикоррозийные защитные покрытия»,78123359569,info@ecomast.com,https://ecomast.com
ООО «Апм-Трейд»,ООО «Апм-Трейд»,375172150352,apmtrade@mail.ru,https://apmtrade.by
ООО «Арада»,ООО «Арада»,78005557773,info@alta-profil.ru,https://www.alta-profil.ru/about/contact
ООО «Арвм»,ООО «Арвм»,78003333333,banner-reg@2x.png,https://www.tbank.ru/business/contractor/legal/1147746006320
ООО «Арго»,ООО «Арго»,73832364045,info@rpo.ru,https://argo.company
ООО «Арена-Меджик Бокс»,ООО «Арена-Меджик Бокс»,,companycardsfeedback@rbc.ru,https://companies.rbc.ru/id/1107746965622-ooo-arena-medzhik-boks
ООО «Аренда-Групп»,ООО «Аренда-Групп»,,companycardsfeedback@rbc.ru,https://companies.rbc.ru/id/5157746157410-ooo-arenda-grupp
ООО «Арзамасский Торговый Дом»,ООО «Арзамасский Торговый Дом»,,apz@aoapz.ru,https://aoapz.ru/partners/socium
ООО «Арис Ойлфилд Тулс»,ООО «Арис Ойлфилд Тулс»,74952801831,contact@aris-ot.ru,https://aris-ot.ru
ООО «Аркаим»,ООО «Аркаим»,78126144424,donate@opencart.com,https://arkaimspb.ru
ООО «Арктик»,ООО «Арктик»,,info@arctic.ooo,http://arctic.ooo
ООО «Армторг»,ООО «Армторг»,,1004nf@bk.ru,https://armtorg.ru
ООО «Армяспрод»,ООО «Армяспрод»,,companycardsfeedback@rbc.ru,https://companies.rbc.ru/id/5177746237774-ooo-armyasprod
ООО «Арт Авиа»,ООО «Арт Авиа»,,info@art-avia.ru,https://aviateka.ru/887149_art_avia_aircompany
ООО «АРТ индустрия»,ООО «АРТ индустрия»,73452518351,a.serdobolskiy@art-industria.ru,https://art-industria.ru
ООО «АРТ Логистик»,ООО «АРТ Логистик»,,artlogistic@list.ru,https://art-logistic.su
ООО «Арт Медиа Групп»,ООО «Арт Медиа Групп»,74951206300,info@star-pro.ru,https://star-pro.ru/proverka-kontragenta/organization/1207700269952
ООО «Арт Пикчерс Вижн»,ООО «Арт Пикчерс Вижн»,,,https://vision.art-pictures.ru
ООО «Арт Строй»,ООО «Арт Строй»,74959662980,info@artstroisk.ru,https://artstroisk.ru/o-kompanii
ООО «Артена»,ООО «Артена»,73432047880,chelyabinsk@artena.ru,https://artena.ru/contacts
ООО «Артэк Групп»,ООО «Артэк Групп»,,d.l.sharafeev@primejust.ru,https://www.list-org.com/company/11633450
ООО «Артэкгрупп»,ООО «Артэкгрупп»,375172840574,akzhan@interfax.kz,https://spark-interfax.ru/moskva-zyuzino/ooo-artek-grupp-inn-7727335605-ogrn-5177746287153-5ff4cdc4b1e603b4e0531b9aa8c042d8
ООО «АСБАУ»,ООО «АСБАУ»,78003333333,banner-reg@2x.png,https://www.tbank.ru/business/contractor/legal/1117746036044
ООО «АСВ Строй»,ООО «АСВ Строй»,,info@stroy-asv.ru,http://www.stroy-asv.ru/about.html
ООО «АСИКС РУС»,ООО «АСИКС РУС»,,companycardsfeedback@rbc.ru,https://companies.rbc.ru/id/1087746733997-ooo-asiks-rus
ООО «Асм-1»,ООО «Асм-1»,,companycardsfeedback@rbc.ru,https://companies.rbc.ru/id/1217700404723-obschestvo-s-ogranichennoj-otvetstvennostyu-asm-1
ООО «Асна»,ООО «Асна»,79058333709,media@asna.ru,http://partner.asna.ru
ООО «АСПЕКТ»,ООО «АСПЕКТ»,,3110636@mail.ru,https://aspekt-nsk.ru
ООО «Ассоциация строителей Амуро-Якутской магистрали»,ООО «Ассоциация строителей Амуро-Якутской магистрали»,,ayam@ayamald.ru,https://xn--80ay8c.xn--p1ai
ООО «АСТАРИ»,ООО «АСТАРИ»,,zapros@astari.ru,https://astari.ru
ООО «Астор»,ООО «Астор»,,info@astorsoft.ru,https://astorsoft.ru
ООО «АСТРАЛ-М»,ООО «АСТРАЛ-М»,,ca@astralm.ru,https://ca.astralm.ru
ООО «Аструм»,ООО «Аструм»,,careers@astrum.team,https://astrum-entertainment.ru
ООО «Асэ-Фрут»,ООО «Асэ-Фрут»,,ase.frut.90@mail.ru,https://checko.ru/company/aseh-frut-1197746618101
ООО «АТ-холдинг»,ООО «АТ-холдинг»,74953635032,info@hhexpo.ru,https://hhexpo.ru/company-card-axe/?sendcompany=2712
ООО «Атика»,ООО «Атика»,20222901975,info@attikarus.ru,https://attikarus.ru
ООО «Атитока-Строй»,ООО «Атитока-Строй»,74956408088,,https://www.atitoka.ru
ООО «АтланТЕКС»,ООО «АтланТЕКС»,73833358169,akhrustaleva@atlant-rail.ru,https://www.atlant-rail.ru
ООО «Атлантик Неман»,ООО «Атлантик Неман»,78001002177,,https://www.atlantic-niemen.ru/about
ООО «Атм Акронекс»,ООО «Атм Акронекс»,74951201289,info@acronex.net,https://acronex.net
ООО «АТМ АЛЬЯНС»,ООО «АТМ АЛЬЯНС»,74952585272,cheb@atm72.ru,https://www.atm72.ru
ООО «АТРИБУТ Вашего дома»,ООО «АТРИБУТ Вашего дома»,74952211847,anna.pokatova@bezant.ru,https://checko.ru/company/atribut-vashego-doma-1057748226623
ООО «Атс Электрик»,ООО «Атс Электрик»,78126801180,info@alfats.ru,https://alfats.ru/o-kompanii
ООО «АУВИКС»,ООО «АУВИКС»,74957975775,hr@auvix.ru,https://www.auvix.ru
ООО «Аук»,ООО «Аук»,,rating@mail.ru,https://asha-auk.ru
ООО «Аутсорсинг Групп»,ООО «Аутсорсинг Групп»,74959266757,efimova@agcompany.ru,http://www.agcompany.ru
ООО «АФ-Групп Торговая компания»,ООО «АФ-Групп Торговая компания»,,companycardsfeedback@rbc.ru,https://companies.rbc.ru/id/1097746678325-ooo-af-grupp-torgovaya-kompaniya
ООО «Ашан Флай-Сибирь»,ООО «Ашан Флай-Сибирь»,375172840574,akzhan@interfax.kz,https://spark-interfax.ru/moskva-meshchanski/ooo-ashan-flai-sibir-inn-7708811111-ogrn-1147746392640-ef7813a6cd924790bfbb91364548631c
ООО «Аэмз-Энерго»,ООО «Аэмз-Энерго»,74996438304,aemsinfo@gmail.com,http://aemzenergo.ru
ООО «АЭРОСТАР МСК»,ООО «АЭРОСТАР МСК»,375172152263,baltaerostar@yandex.ru,https://aerogrupp.ru
ООО «Базис»,ООО «Базис»,,info@basis.ooo,http://basis.ooo
ООО «Балаковский Молочный Комбинат»,ООО «Балаковский Молочный Комбинат»,,balakovo_mk@mail.ru,https://bmkprodukt.com
ООО «Баланс-консалт»,ООО «Баланс-консалт»,79167780279,biznes.konsalt.00@bk.ru,http://balans-konsalt.ru
ООО «Бализ Дизайн»,ООО «Бализ Дизайн»,375172840574,akzhan@interfax.kz,https://spark-interfax.ru/moskva-nizhegorodski/ooo-baliz-dizain-inn-9721079148-ogrn-1197746242099-8675bbee89bf7b3be0531b9aa8c09754
ООО «БалтАвтоТрейд-М»,ООО «БалтАвтоТрейд-М»,74957777733,,https://bmw-baltauto.ru
ООО «Банковские и Финансовые Системы»,ООО «Банковские и Финансовые Системы»,74952230627,info@bfs.su,https://bfs.su
ООО «Барнаулмеханомонтаж»,ООО «Барнаулмеханомонтаж»,73852770291,bamm@bk.ru,https://bmm-22.ru
ООО «Барс Строй Групп»,ООО «Барс Строй Групп»,,info@asosila.ru,https://asosila.ru/reestr/member/1638
ООО «Барус»,ООО «Барус»,78005051236,commercial@barus.tools,https://barus.tools
ООО «Бау Экспертиз Прожектиерунг»,ООО «Бау Экспертиз Прожектиерунг»,78003332102,bau.project@mail.ru,https://project-bau.ru
ООО «Бауинвест»,ООО «Бауинвест»,78612058211,:buh@sk-bauinvest.ru,http://sk-bauinvest.ru
ООО «Баустов»,ООО «Баустов»,74952120641,sale@baustof.ru,https://www.baustof.ru
ООО «БЕКАМ»,ООО «БЕКАМ»,,info@dgp.mos.ru,https://stroimprosto.mos.ru/mtsk/organizations/39691
ООО «Беламос»,ООО «Беламос»,74956498835,info@m-ovik.ru,https://belamos.net
ООО «Белок»,ООО «Белок»,375172840574,akzhan@interfax.kz,https://spark-interfax.ru/moskva-zyuzino/ooo-belok-inn-7727047540-ogrn-1157746021333-d2ebfe58dcb74e51882b7d51e817091e
ООО «Белония М»,ООО «Белония М»,,ask@ast.ru,https://ast.ru
ООО «Белорусская Сахарная Компания»,ООО «Белорусская Сахарная Компания»,,busel@belsahar.com,https://belsahar.ru
ООО «Белтранслогистик»,ООО «Белтранслогистик»,74955445136,info@btlogistic.ru,https://btlogistic.ru
ООО «Белфлексопак»,ООО «Белфлексопак»,,companycardsfeedback@rbc.ru,https://companies.rbc.ru/id/1147748157589-ooo-belfleksopak
ООО «Белый Барс»,ООО «Белый Барс»,,,https://belyibars.ru/informaciya/rekvizity
ООО «БерингПойнт»,ООО «БерингПойнт»,,aleksey.galtsev@beringpro.ru,https://beringpro.ru/management
ООО «Берч»,ООО «Берч»,,companycardsfeedback@rbc.ru,https://companies.rbc.ru/id/5167746398001-ooo-berch
ООО «Бетонстрой»,ООО «Бетонстрой»,,info@bstroy.org,http://bstroy.org
ООО «Библио-Глобус Туроператор»,ООО «Библио-Глобус Туроператор»,,card_1@2x.png,https://www.rusprofile.ru/id/6892980
ООО «Бизнес Групп»,ООО «Бизнес Групп»,2079147316393,20info@business-groupvl.ru,https://business-groupvl.ru
ООО «Бизнес Телеком-Импорт»,ООО «Бизнес Телеком-Импорт»,,aerodisk@rrc.ru,https://rrc.ru/contacts
ООО «БизнесБас»,ООО «БизнесБас»,74955518360,bbus@bbus.ru,https://bbus.ru/vacancy
ООО «Бизнесинформ»,ООО «Бизнесинформ»,78003333333,banner-reg@2x.png,https://www.tbank.ru/business/contractor/legal/1137746497404
ООО «Бизон Спецодежда»,ООО «Бизон Спецодежда»,,moscow@bizon-sp.ru,https://www.bizon-sp.ru
ООО «Бимбо Кьюэсар Рус»,ООО «Бимбо Кьюэсар Рус»,,,http://bimboqsr.com/ru
ООО «Бина Групп»,ООО «Бина Групп»,74950219022,info@binagroup.ru,https://binagroup.ru
ООО «БионаФарм»,ООО «БионаФарм»,74959439850,bionapharm@biona.su,https://bionafarm.ru
ООО «Бионорика»,ООО «Бионорика»,,bionorica@bionorica.ru,https://www.bionorica.ru
ООО «БиоПласт»,ООО «БиоПласт»,74951910165,zakaz@helyx.ru,https://helyx.ru
ООО «Битех»,ООО «Битех»,78007773586,name@domain.ru,https://bi-teh.ru
ООО «Бифтрейд»,ООО «Бифтрейд»,375172840574,akzhan@interfax.kz,https://spark-interfax.ru/voronezhskaya-oblast-rossoshanski-raion/ooo-biftreid-inn-3627031807-ogrn-1133668056774-e382637e53624e98baa7a7d99bb9bcc4
ООО «Бк Рус»,ООО «Бк Рус»,74959026509,purchase@bk-rus.ru,https://best-krepeg.ru
ООО «Благоустройство Запсиба»,ООО «Благоустройство Запсиба»,79163251288,zapsibb@yandex.ru,http://blzapsib.ru
ООО «БМВ Русланд Трейдинг»,ООО «БМВ Русланд Трейдинг»,,card_1@2x.png,https://www.rusprofile.ru/id/3924591
ООО «Богаевский карьер»,ООО «Богаевский карьер»,74956422300,info@redkarier.ru,https://redkarier.ru
ООО «Бозелла»,ООО «Бозелла»,375172840574,akzhan@interfax.kz,https://spark-interfax.ru/moskva-marino/ooo-bozella-inn-9723118385-ogrn-1217700282755-c52ac14d299b7279e053219aa8c0b681
ООО «Болеар»,ООО «Болеар»,74957879268,apdnnb@mail.ru,https://www.bolear.ru
ООО «Большой Дом»,ООО «Большой Дом»,375172840574,akzhan@interfax.kz,https://spark-interfax.ru/moskovskaya-oblast-odintsovo/ooo-bolshoi-dom-inn-5032227130-ogrn-1105032006254-f036a258026d41eeb26dcadc507b8535
ООО «БорисХоф 1»,ООО «БорисХоф 1»,74957852244,info@borishof.ru,https://borishof.ru
ООО «Бразер»,ООО «Бразер»,,info@brother.ru,https://brother.ru
ООО «Брайт Вэй»,ООО «Брайт Вэй»,73522486000,assortment-bg@2x.jpg,https://velpharm.group/partners
ООО «БрайтНет»,ООО «БрайтНет»,,info@brightnet.ru,http://www.brightnet.ru
ООО «БРЕННТАГ»,ООО «БРЕННТАГ»,,office@brenntag.com.ru,https://catalog.expocentr.ru/catalog.php?wyst_id=209&info_id=0&stand_id=97423
ООО «Бринго»,ООО «Бринго»,74951421515,info@bringo.ru,https://bringo.ru
ООО «Брокерский Альянс Независимых Трейдеров»,ООО «Брокерский Альянс Независимых Трейдеров»,,,https://bbnt.ru/company/7726691270_ooo_bant
ООО «Брэстон»,ООО «Брэстон»,74993220010,info@breston.ru,https://breston.ru
ООО «Бсц Мск»,ООО «Бсц Мск»,,career@habr.team,https://career.habr.com/companies/bscmsc
ООО «Бумага-Опт»,ООО «Бумага-Опт»,79263720892,zakaz@bumaga-opt.ru,https://bumaga-opt.ru
ООО «Бумажный клуб»,ООО «Бумажный клуб»,74955851085,,https://paperclub.ru
ООО «Буровая Компания ПНГ»,ООО «Буровая Компания ПНГ»,,info@png-drilling.com,https://www.bkpng.ru
ООО «Бьюти Инновации»,ООО «Бьюти Инновации»,,companycardsfeedback@rbc.ru,https://companies.rbc.ru/id/1207700009670-obschestvo-s-ogranichennoj-otvetstvennostyu-byuti-innovatsii
ООО «Ва Вент»,ООО «Ва Вент»,74957402253,info@vavent.ru,https://vavent.ru
ООО «Вавилон»,ООО «Вавилон»,78126001068,sale@vvln.ru,https://www.vavilon.spb.ru
ООО «ВАЛЕНТА-ИНТЕЛЛЕКТ»,ООО «ВАЛЕНТА-ИНТЕЛЛЕКТ»,,companycardsfeedback@rbc.ru,https://companies.rbc.ru/id/1087746490820-ooo-valenta-intellekt
ООО «Вангеофарма»,ООО «Вангеофарма»,375172840574,akzhan@interfax.kz,https://spark-interfax.ru/moskva-yuzhnoportovy/ooo-vangeofarma-inn-2617800723-ogrn-1142651019202-ce16249e69be48faae012d9445143a74
ООО «Вандерланде Индастрис»,ООО «Вандерланде Индастрис»,,,https://www.list-org.com/company/6620217
ООО «Ванс-Фит-Эко»,ООО «Ванс-Фит-Эко»,,companycardsfeedback@rbc.ru,https://companies.rbc.ru/id/1207700494066-obschestvo-s-ogranichennoj-otvetstvennostyu-vans-fit-eko
ООО «Ваньхуа Боршодкем Рус»,ООО «Ваньхуа Боршодкем Рус»,,opp@zarplata.ru,https://hh.ru/vacancy/70618429
ООО «ВАРНА-95»,ООО «ВАРНА-95»,,companycardsfeedback@rbc.ru,https://companies.rbc.ru/id/1027739890474-ooo-varna-95
ООО «Ват»,ООО «Ват»,78632061707,malito:vatrostov114@aaanet.ru,https://vat-rostov.ru
ООО «Ватага»,ООО «Ватага»,74994011333,support@vataga.ru,https://vataga.trade
ООО «ВЕБЕР КОМЕХАНИКС»,ООО «ВЕБЕР КОМЕХАНИКС»,74959258887,weber@weber.ru,https://weber.ru
ООО «Вега»,ООО «Вега»,,info@vega-tech.ru,https://vega-tech.ru
ООО «Везувий»,ООО «Везувий»,,,https://vezuviy.su
ООО «ВеК стоун»,ООО «ВеК стоун»,,companycardsfeedback@rbc.ru,https://companies.rbc.ru/id/1057749646833-ooo-obschestvo-s-ogranichennoj-otvetstvennostyu-vek-stoun
ООО «Вектор Дистрибьюшн»,ООО «Вектор Дистрибьюшн»,,bizfam@bizfam.ru,https://bizfam.ru/company/ooo_vektor_distribyushn_503888
ООО «Вектор»,ООО «Вектор»,74952491112,info@hardbridge.ru,https://hardbridge.ru
ООО «Вектрум»,ООО «Вектрум»,375172840574,akzhan@interfax.kz,https://spark-interfax.ru/moskva-konkovo/ooo-vektrum-inn-7728472001-ogrn-1197746355036-8a4f722063f104f1e0531c9aa8c0052f
ООО «Велес»,ООО «Велес»,78123274052,veles@seamail.ru,https://www.veles-sea.ru
ООО «Венера»,ООО «Венера»,78007700562,info@venera-carpet.ru,https://venera-carpet.ru
ООО «Вента»,ООО «Вента»,78002344032,office@venta-russia.com,https://venta-russia.com
ООО «ВентКомп»,ООО «ВентКомп»,,zakaz@ventkomp.ru,https://ventkomp.ru
ООО «Вентус Тсц»,ООО «Вентус Тсц»,,companycardsfeedback@rbc.ru,https://companies.rbc.ru/id/1207700003565-obschestvo-s-ogranichennoj-otvetstvennostyu-ventus-tsts
ООО «Вероника»,ООО «Вероника»,78127777709,mail@veronica.ru,https://veronica.ru
ООО «ВЕРТЕКС»,ООО «ВЕРТЕКС»,78002000305,cv@vertex.spb.ru,https://vertex.spb.ru
ООО «Вертэк»,ООО «Вертэк»,78122095009,info@vertek.ru,https://www.vertek.ru
ООО «Веста»,ООО «Веста»,,omts@mc-vesta.com,https://www.mc-vesta.com
ООО «ВестИнвест»,ООО «ВестИнвест»,,companycardsfeedback@rbc.ru,https://companies.rbc.ru/id/1087746256058-ooo-obschestvo-s-ogranichennoj-otvetstvennostyu-vestinvest
ООО «Ветагросервис»,ООО «Ветагросервис»,,info@vetagroservice.ru,http://vetagroservice.ru
ООО «Ветбиохим»,ООО «Ветбиохим»,,vasb@irgovb.eh,https://vetbio.ru
ООО «Ветеринарный Сервис»,ООО «Ветеринарный Сервис»,74951202770,,https://vetservis.ru
ООО «Ветиндустрия»,ООО «Ветиндустрия»,,companycardsfeedback@rbc.ru,https://companies.rbc.ru/id/5167746318010-ooo-vetindustriya
ООО «Ветлайн»,ООО «Ветлайн»,,vetlain@gmail.com,https://xn--80adjrio5a.xn--p1ai
ООО «Ветростройдеталь»,ООО «Ветростройдеталь»,,info61@vetros.ru,https://vetros.ru
ООО «Ви.Тех»,ООО «Ви.Тех»,375172840574,akzhan@interfax.kz,https://spark-interfax.ru/moskva-lyublino/ooo-vi-tekh-inn-9723147227-ogrn-1227700195568-dc4506ab3aa2426de053259aa8c08cbe
ООО «ВИАЛ»,ООО «ВИАЛ»,78005550842,9885080@mail.ru,https://shlang-vial.ru
ООО «Виасат Холдинг»,ООО «Виасат Холдинг»,74957378666,fedsales@nra.media,https://viasat.ru
ООО «ВИАТ ЛЛС»,ООО «ВИАТ ЛЛС»,74959840789,buh@cryptopro.ru,https://cryptopro.ru/dealers/ooo-viat-lls
ООО «Виатрис»,ООО «Виатрис»,,,https://www.viatris.ru
ООО «Виджет Про»,ООО «Виджет Про»,73422554622,info@zvonobot.ru,https://zvonobot.ru/contacts
ООО «Визмет»,ООО «Визмет»,79697777667,vizmet@mail.ru,https://vizmet.ru
ООО «Викойл»,ООО «Викойл»,79667139000,info@vikoil96.ru,https://www.vikoil96.ru/contact
ООО «Викта»,ООО «Викта»,375172840574,akzhan@interfax.kz,https://spark-interfax.ru/primorski-krai-vladivostok/ooo-vikta-inn-2540141112-ogrn-1082540001884-c834b7ec88cb404da8baa33f4aaa9013
ООО «Виктория»,ООО «Виктория»,74996438548,info@v-klapan.ru,https://v-klapan.ru
ООО «ВИЛЬД РОССИЯ»,ООО «ВИЛЬД РОССИЯ»,78127186214,,https://vilyd-rossiya-ooo.orgs.biz
ООО «Вимм-Билль-Данн Продукты Питания»,ООО «Вимм-Билль-Данн Продукты Питания»,78002007477,,https://wbd.ru
ООО «Винзавод Юровский»,ООО «Винзавод Юровский»,74957455155,info@mistralalko.ru,https://www.mistralalko.ru/supplier/39
ООО «Виником»,ООО «Виником»,74951208448,info@vinicomwines.ru,https://vinicom.ru
ООО «Вино он-лайн АГ»,ООО «Вино он-лайн АГ»,78005119090,info@alianta.ru,https://alianta.ru
ООО «Винтренд Ритейл Групп»,ООО «Винтренд Ритейл Групп»,,s.gavrutina@wintrend.ru,https://catalog.expocentr.ru/catalog.php?wyst_id=147&info_id=0&stand_id=68343
ООО «Виолан»,ООО «Виолан»,78123601097,linga2005@yandex.ru,https://violanspb.ru
ООО «Вип Лаундж»,ООО «Вип Лаундж»,74952552121,sales@vip-vnukovo.com,https://vip-vnukovo.com/contacts
ООО «Вира Строй»,ООО «Вира Строй»,73832092922,info@viragk.ru,https://xn--80aaeb2ac7cd.xn--p1ai
ООО «Виренд Интернейшнл»,ООО «Виренд Интернейшнл»,,info@virend.ru,https://www.virend.ru
ООО «ВИРТГЕН-ИНТЕРНАЦИОНАЛЬ-СЕРВИС»,ООО «ВИРТГЕН-ИНТЕРНАЦИОНАЛЬ-СЕРВИС»,49657169784444,,https://www.wirtgen-group.com/ru-md
ООО «Виста»,ООО «Виста»,74952042857,call_centr@estadoor.ru,https://www.estadoor.ru/o-kompanii/rekvizity
ООО «Вито-1»,ООО «Вито-1»,74993690455,info@vito1.ru,https://vito1.ru
ООО «Витомэк»,ООО «Витомэк»,,card_1@2x.png,https://www.rusprofile.ru/id/7541923
ООО «Вк Цифровые Технологии»,ООО «Вк Цифровые Технологии»,78002220700,compliance@astralinux.ru,https://astra.ru/ready-for-astra/companies-partners/37642
ООО «ВодоходЪ»,ООО «ВодоходЪ»,74951500266,dev@vodohod.ru,https://vodohod.com
ООО «Военторг-Ритейл»,ООО «Военторг-Ритейл»,74956095200,,https://oaovoentorg.ru
ООО «Волга»,ООО «Волга»,,card_1@2x.png,https://www.rusprofile.ru/id/10992860
ООО «ВОЛГОГРАДМОНТАЖ»,ООО «ВОЛГОГРАДМОНТАЖ»,,vlgm@%76lg%6d.ru,https://vlgm.ru
ООО «Волирон»,ООО «Волирон»,,companycardsfeedback@rbc.ru,https://companies.rbc.ru/id/1127746506140-ooo-obschestvo-s-ogranichennoj-otvetstvennostyu-voliron
ООО «Волна»,ООО «Волна»,78003004985,info@zavod-volna.com,https://zavod-volna.com
ООО «Вольт Мдг»,ООО «Вольт Мдг»,78003333333,banner-reg@2x.png,https://www.tbank.ru/business/contractor/legal/1217700169610
ООО «Восток-Трейд»,ООО «Восток-Трейд»,78002013103,vostok-trade163@mail.ru,https://vostok163.ru
ООО «Восточно-Европейская Логистическая Компания Центр»,ООО «Восточно-Европейская Логистическая Компания Центр»,,companycardsfeedback@rbc.ru,https://companies.rbc.ru/id/1063667092026-ooo-vektor
ООО «Востряково-2»,ООО «Востряково-2»,79165551292,info@vostryakovo-2.ru,https://vostryakovo-2.ru
ООО «Восход»,ООО «Восход»,78002015674,d.seleznev@tt-voskhod.ru,https://tt-voskhod.ru
ООО «ВР ЛОГИСТИК»,ООО «ВР ЛОГИСТИК»,74956469856,sales@vr-logistic.ru,http://www.vr-logistic.ru
ООО «Втг Проектная Логистика»,ООО «Втг Проектная Логистика»,,,https://bbnt.ru/company-requisites/2027595
ООО «Втк-Сопровождение»,ООО «Втк-Сопровождение»,,companycardsfeedback@rbc.ru,https://companies.rbc.ru/id/1197746274659-obschestvo-s-ogranichennoj-otvetstvennostyu-vtk-soprovozhdenie
ООО «Втормет «Царицыно»,ООО «Втормет «Царицыно»,,pro-lom@list.ru,https://pro-lom.ru
ООО «Второй Ветропарк Фрв»,ООО «Второй Ветропарк Фрв»,,,https://frwd.energy/ooo-vetroparki-frv
ООО «Высота»,ООО «Высота»,79031929082,info@visota.ru,http://www.visota.ru/about.html
ООО «Вычислительные Решения»,ООО «Вычислительные Решения»,74951234567,info@comp-sol.ru,https://comp-sol.ru
ООО «Вэлбор Интегрити Сервис»,ООО «Вэлбор Интегрити Сервис»,74951287738,info-rus@wellboreintegrity.com,https://wellboreintegrity.ru
ООО «Вэлмо Рус»,ООО «Вэлмо Рус»,78006004108,sp@valmo.trade,https://valmo-rus.ru
ООО «Гагар.Ин»,ООО «Гагар.Ин»,,companycardsfeedback@rbc.ru,https://companies.rbc.ru/id/1197746610093-obschestvo-s-ogranichennoj-otvetstvennostyu-gagarin
ООО «Газ — Ойл трейдинг»,ООО «Газ — Ойл трейдинг»,74952236699,ad.interfax@roden-media.ru,https://www.interfax.ru/business/1006489
ООО «ГазКомплектМеталл»,ООО «ГазКомплектМеталл»,,gazkommet@yandex.ru,http://project264730.tilda.ws
ООО «Газпром межрегионгаз Москва»,ООО «Газпром межрегионгаз Москва»,74952588021,,https://gazmsk.ru
ООО «Газпром Персонал»,ООО «Газпром Персонал»,74954308823,cok-gazprom@gazprompersonnel.ru,https://nok-nark.ru/cok/detail/77.031
ООО «Газпромнефть — Энергосервис»,ООО «Газпромнефть — Энергосервис»,74959092213,energyservice@gazprom-neft.ru,https://energyservice.gazprom-neft.ru
ООО «ГазЭнергоСервис»,ООО «ГазЭнергоСервис»,74955809958,info@gesrv.ru,https://www.gesrv.ru
ООО «Галактика»,ООО «Галактика»,78005559014,vopros@mnogomoloka.ru,https://mnogomoloka.ru
ООО «Галастор»,ООО «Галастор»,375172840574,akzhan@interfax.kz,https://spark-interfax.ru/moskva-mozhaiski/ooo-galastor-inn-9704040359-ogrn-1207700479040-b6dd5de11bbd7b28e053219aa8c0481e
ООО «Галс-Девелопмент»,ООО «Галс-Девелопмент»,74950238515,,https://hals-development.ru
ООО «ГаммаРесурс»,ООО «ГаммаРесурс»,,daz@gmres.ru,http://gm-res.ru
ООО «Гарантстрой»,ООО «Гарантстрой»,74212550011,lazogarant@mail.ru,https://garantstroy27.ru
ООО «Гарден Рус»,ООО «Гарден Рус»,,info@optlist.ru,https://optlist.ru/company/ooo-garden-rus
ООО «Гвардиола»,ООО «Гвардиола»,73517304747,7702@ldtd.ru,https://xn--d1an.xn--p1ai/geo/sales-points/detail/0193de69-b466-7be6-a77c-2e33be7bd6cb
ООО «Гедеон Рихтер Фарма»,ООО «Гедеон Рихтер Фарма»,,,https://www.gedeonrichter.com/ru/ru
ООО «Гейзер-Вита»,ООО «Гейзер-Вита»,78126050055,bt@geizer.com,https://geizer.com
ООО «Гелена Химавто»,ООО «Гелена Химавто»,74957832607,info@himavto.ru,https://www.himavto.ru
ООО «Геливал»,ООО «Геливал»,375172840574,akzhan@interfax.kz,https://spark-interfax.ru/moskva-biryulevo-vostochnoe/ooo-gelival-inn-9724119952-ogrn-1237700080815-f3ec1ce22fbe0910e053249aa8c04e56
ООО «Гельтек-Медика»,ООО «Гельтек-Медика»,74952129366,info@geltek.ru,https://geltek.ru
ООО «Генериум-Некст»,ООО «Генериум-Некст»,,card_1@2x.png,https://www.rusprofile.ru/id/11554662
ООО «Генстрой»,ООО «Генстрой»,,genstroy2018@yandex.ru,https://genstroy-mos.ru
ООО «Геокс Рус»,ООО «Геокс Рус»,,donate@opencart.com,https://geoxshoes.ru
ООО «Гермес»,ООО «Гермес»,73432648124,info@germes-ural.ru,https://hermes-industries.ru
ООО «Герри Вебер»,ООО «Герри Вебер»,78003506682,marccain@by-brand.ru,https://by-brand.ru/collection/gerry-weber
ООО «Гесс? Сиайэс»,ООО «Гесс? Сиайэс»,78047008191,hello@guess.ru,https://guess.ru
ООО «Гефест Агро»,ООО «Гефест Агро»,78005504806,cco@gefestagro.ru,https://www.gefestagro.ru
ООО «Гимташ Инжиниринг»,ООО «Гимташ Инжиниринг»,,info@gimtas.ru,https://gimtas.ru
ООО «Гиннес Рейл»,ООО «Гиннес Рейл»,375172840574,akzhan@interfax.kz,https://spark-interfax.ru/moskva-preobrazhenskoe/ooo-ginnes-reil-inn-7719858601-ogrn-1137746953244-6293abade28d443b9e7983cc3daef85c
ООО «Гирвас Интернешнл»,ООО «Гирвас Интернешнл»,,a.nikitina@girvas.ru,https://girvas.ru/contacts
ООО «ГК Керамотека»,ООО «ГК Керамотека»,,101@keramoteka.ru,https://www.keramoteka.ru
ООО «ГК Синергия»,ООО «ГК Синергия»,73433824500,info-ekaterinburg@niagaragroup.ru,https://niagaragroup.ru
ООО «ГК-65»,ООО «ГК-65»,78003333333,banner-reg@2x.png,https://www.tbank.ru/business/contractor/legal/1097746112815
ООО «Гкпш»,ООО «Гкпш»,375172840574,akzhan@interfax.kz,https://spark-interfax.ru/moskva-lefortovo/ooo-gkpsh-inn-7716942326-ogrn-1197746613932-954fc3ec336c0f79e0531b9aa8c03af4
ООО «Главкапстрой»,ООО «Главкапстрой»,,glavcupst@yandex.ru,https://glavkapstroy.ru
ООО «Главная линия»,ООО «Главная линия»,74954279810,7728751238_772801001@eo.tensor.ru,https://www.rusprofile.ru/id/4831840
ООО «ГлавПром»,ООО «ГлавПром»,79088988001,bdd@glavprom86.ru,http://www.glav-prom86.ru
ООО «Главсистемс»,ООО «Главсистемс»,74997695037,info@glavsystems.ru,https://glavsystems.ru
ООО «Главстрой»,ООО «Главстрой»,78652300505,glavstroy26@mail.ru,https://glavstroy-26.ru
ООО «Глобал Контейнер Лоджистикс»,ООО «Глобал Контейнер Лоджистикс»,74959138909,info@containers.ru,https://containers.ru
ООО «Глобал Логистик»,ООО «Глобал Логистик»,74242334353,a.ivanchuk@global-logistic.ru,https://xn----7sbchd4aaqccb5af8bp.xn--p1ai
ООО «Глобал Трейд»,ООО «Глобал Трейд»,78462192800,info@gltrade.ru,https://gltrade.ru
ООО «Глобал Трейдинг Инновейшенс»,ООО «Глобал Трейдинг Инновейшенс»,,companycardsfeedback@rbc.ru,https://companies.rbc.ru/id/1227700382590-obschestvo-s-ogranichennoj-otvetstvennostyu-global-trejding-innovejshens
ООО «Глобал Трейдинг»,ООО «Глобал Трейдинг»,78462192800,info@gltrade.ru,https://gltrade.ru
ООО «Глобал-Карт»,ООО «Глобал-Карт»,74956456877,support@global-card.ru,https://www.global-card.ru
ООО «ГлобалВит»,ООО «ГлобалВит»,74956204683,info@globalvit.ru,https://globalvit.ru/o-kompanii
ООО «Глобалтрейд»,ООО «Глобалтрейд»,,aleksandr_gt@bk.ru,http://global22.ru
ООО «Глобо»,ООО «Глобо»,375172840574,akzhan@interfax.kz,https://spark-interfax.ru/moskva-kommunarka/ooo-globo-inn-7704467563-ogrn-1187746979507-7c8f53db2a582887e0531b9aa8c0e676
ООО «Глобус Медиа»,ООО «Глобус Медиа»,,info@tutu.tech,http://tutu.tech
ООО «Глобус»,ООО «Глобус»,78002348020,,https://www.globus.ru
ООО «Глоубайт»,ООО «Глоубайт»,,contact@glowbyteconsulting.com,https://glowbyteconsulting.com
ООО «Голд Стрим»,ООО «Голд Стрим»,,info@goldstream.ru,https://goldstream.ru
ООО «Гольфстрим»,ООО «Гольфстрим»,78127128686,info@gulfs.ru,https://gulfs.ru
ООО «Горенье БТ»,ООО «Горенье БТ»,78007000515,1080@2x.png,https://ru.gorenje.com
ООО «Горизонт»,ООО «Горизонт»,74965137918,gorizont.2000@mail.ru,http://gorizont.i-gkh.ru
ООО «ГорИнжСтрой»,ООО «ГорИнжСтрой»,74951368181,assistant@goringstroy.ru,https://goringstroy.ru
ООО «Горная Техника»,ООО «Горная Техника»,,info9842845806@gmail.com,http://miningtechdv.ru
ООО «Городской институт проектирования металлургических заводов»,ООО «Городской институт проектирования металлургических заводов»,,sekretar@gipromez.metalloinvest.com,https://gipromez-msk.ru/company
ООО «Горстройсити»,ООО «Горстройсити»,74955007549,1csupport@raktiv.ru,https://checko.ru/company/gss-1207700081841
ООО «Горячие крендели «Север»,ООО «Горячие крендели «Север»,74953633562,info@compancho.ru,https://compancho.ru
ООО «Госселайн Логистикс»,ООО «Госселайн Логистикс»,73832091340,example@site.com,https://superbeer.ru
ООО «ГПБ — факторинг»,ООО «ГПБ — факторинг»,74957899505,factoring@gazprombank.ru,https://gpb-factoring.ru
ООО «Гпм Радио»,ООО «Гпм Радио»,,info@gpmradio.ru,https://www.gpmradio.ru
ООО «Гпм Финансы»,ООО «Гпм Финансы»,,companycardsfeedback@rbc.ru,https://companies.rbc.ru/id/5067746106170-ooo-gpm-finansyi
ООО «Гранд»,ООО «Гранд»,,info@grand-russia.ru,https://grand-russia.ru/about-us
ООО «Грандис»,ООО «Грандис»,78632299757,grandisllc@yandex.ru,https://grandis-market.ru
ООО «Гранолюкс»,ООО «Гранолюкс»,74951201457,info@granolux.ru,https://www.granolux.ru
ООО «Грант»,ООО «Грант»,78003333333,banner-reg@2x.png,https://www.tbank.ru/business/contractor/legal/1257700149189
ООО «Грейн Гейтс»,ООО «Грейн Гейтс»,74951435573,info@grain-gates.ru,https://grain-gates.ru
ООО «Грен»,ООО «Грен»,73476741070,oktgrin@yandex.ru,http://ooo-grin.ru
ООО «Гретта»,ООО «Гретта»,74956468674,shop@gretta.ru,https://shop.gretta.ru
ООО «Гринада»,ООО «Гринада»,79093131721,sergei.grenada@yandex.ru,https://grinada.com
ООО «Гринвэн»,ООО «Гринвэн»,74956403941,info@green-van.ru,https://green-van.ru
ООО «Гринкран»,ООО «Гринкран»,74957406044,info@greenkran.ru,https://greenkran.ru
ООО «Гриф-М»,ООО «Гриф-М»,74993467567,info@grifmaster.ru,https://grifmaster.ru/rekvizity
ООО «Гросс»,ООО «Гросс»,78002224095,aea@gkgross.ru,https://gkgross.ru
ООО «Гроутэк»,ООО «Гроутэк»,79163141014,grow.tech@mail.ru,https://www.growtech.pro
ООО «Грунтмаш»,ООО «Грунтмаш»,,companycardsfeedback@rbc.ru,https://companies.rbc.ru/id/1207700116491-obschestvo-s-ogranichennoj-otvetstvennostyu-gruntmash
ООО «Группа компаний «Авангард Сэйфети»,ООО «Группа компаний «Авангард Сэйфети»,74834922222,inform@avangard-sp.ru,https://www.avangard-sp.ru
ООО «Группа Компаний «Олимпроект»,ООО «Группа Компаний «Олимпроект»,74957952446,hr@olimproekt.ru,https://olimproekt.ru
ООО «Группа Компаний «ПАУЭР ИНЖИНИРИНГ»,ООО «Группа Компаний «ПАУЭР ИНЖИНИРИНГ»,74959661117,info@e-pwr.ru,https://e-pwr.ru
ООО «Группа Компаний «Чистый Город»,ООО «Группа Компаний «Чистый Город»,78006001420,,https://sibtko.ru
ООО «Группа Компаний Мегаполис»,ООО «Группа Компаний Мегаполис»,,corp@gkm.ru,https://www.gkm.ru
ООО «Группа Компаний Современные Экологические Технологии»,ООО «Группа Компаний Современные Экологические Технологии»,,disp@gkset.ru,https://gkset.ru
ООО «Группа Медицинских Компаний «Киль»,ООО «Группа Медицинских Компаний «Киль»,74959331902,info@gmk-kiel.ru,https://gmk-kiel.ru/company
ООО «Гс Констракшен»,ООО «Гс Констракшен»,,companycardsfeedback@rbc.ru,https://companies.rbc.ru/id/1065038031585-ooo-gs-konstrakshen
ООО «Гуд-Партс»,ООО «Гуд-Партс»,79082923057,info@goodparts.spb.ru,https://goodparts.spb.ru/contacts
ООО «Д.С. Дистрибьютор»,ООО «Д.С. Дистрибьютор»,375172840574,akzhan@interfax.kz,https://spark-interfax.ru/moskva-babushkinski/ooo-d-s-distribyutor-inn-7716936643-ogrn-1197746316635-8935d05c2356579fe0531b9aa8c0dd06
ООО «ДАИЧИ»,ООО «ДАИЧИ»,74957373733,info@astrakhan.daichi.ru,https://daichi.ru
ООО «Дайсон»,ООО «Дайсон»,74951018008,,https://dyson-official.su/shop
ООО «Дакар-Авто»,ООО «Дакар-Авто»,74951250011,bav@dakar-auto.ru,https://dakar-auto.ru
ООО «Дальневосточный Торговый Дом»,ООО «Дальневосточный Торговый Дом»,74951206300,info@star-pro.ru,https://star-pro.ru/proverka-kontragenta/organization/1172536042458--ooo-dalnevostochnyj-td
ООО «Дан Стар»,ООО «Дан Стар»,,companycardsfeedback@rbc.ru,https://companies.rbc.ru/id/1167746897702-ooo-dan-star
ООО «Дао Фуд»,ООО «Дао Фуд»,74959160016,info@daosen.ru,https://daosen.ru
ООО «Дария»,ООО «Дария»,79106006343,ooo-dariamed@mail.ru,https://xn--40-6kc5aakcft.xn--p1ai
ООО «Дарс-Реновация»,ООО «Дарс-Реновация»,74997033370,e.lobasheva@3spd.ru,https://checko.ru/company/dars-renovaciya-1187746497377
ООО «Дарси»,ООО «Дарси»,774951342829,contact@darsikorm.ru,https://darsikorm.ru/contacts
ООО «Дассо Систем»,ООО «Дассо Систем»,79112454567,adv@energybase.ru,https://energybase.ru/vendor/3ds
ООО «ДАФ Тракс Рус»,ООО «ДАФ Тракс Рус»,74952367300,aberko@tp-trucks.ru,http://its-daf.ru/news/view/21
ООО «Движение-КОМИ»,ООО «Движение-КОМИ»,78005512848,dvkomi@m-oil.ru,https://dvkomi.ru
ООО «Двр-Транс»,ООО «Двр-Транс»,74957370429,info@dvr-trans.com,http://dvr-trans.com
ООО «Дезнэт»,ООО «Дезнэт»,74952259559,info@deznet.ru,https://www.deznet.ru
ООО «Дейлсфорд Мёрчант Агро»,ООО «Дейлсфорд Мёрчант Агро»,,info@hartiya-apk.ru,https://xn--80aib1abcfgs7a.xn--80ai4af.xn--p1acf/uchastniki/30644-ooo-dejlsford-myorchant-agro
ООО «Декострой»,ООО «Декострой»,73832279730,ajax-loader@2x.gif,https://deco-stroy.ru
ООО «Декёнинк Рус»,ООО «Декёнинк Рус»,74991100522,batkov.a@deceuninck.ru,https://deceuninck.ru
ООО «Делай Мебель»,ООО «Делай Мебель»,74957888008,furnitura@mdm-complect.ru,https://www.mdm-complect.ru/about
ООО «Деливери Моторс»,ООО «Деливери Моторс»,74958454577,,https://deliverycar-online.ru
ООО «Делоникс-Групп»,ООО «Делоникс-Групп»,,card_1@2x.png,https://www.rusprofile.ru/id/11967169
ООО «Дельрус — Центр»,ООО «Дельрус — Центр»,74951207700,delrus@delrus.ru,https://www.delrus.ru
ООО «ДЕЛЬТА МОСТ МОНОЛИТ»,ООО «ДЕЛЬТА МОСТ МОНОЛИТ»,74951206300,info@star-pro.ru,https://star-pro.ru/proverka-kontragenta/organization/1137746505346
ООО «ДЕНТЕКС»,ООО «ДЕНТЕКС»,74959743030,info@dentex.ru,https://dentex.ru
ООО «Депсол Полимерс»,ООО «Депсол Полимерс»,74995504465,info@depsol.ru,https://depsol.ru
ООО «Детские продукты»,ООО «Детские продукты»,74997120025,,https://detprod.ru
ООО «Дженерал Лубрикантс»,ООО «Дженерал Лубрикантс»,78005505400,info@genlubric.ru,https://genlubric.ru
ООО «Джи-Эм-Си-Эс Верэкс»,ООО «Джи-Эм-Си-Эс Верэкс»,74952250275,consulting@bosshr.ru,https://boss.ru/partners/ooo-dzhi-em-si-es-vereks
ООО «ДЖИЛИ-МОТОРС»,ООО «ДЖИЛИ-МОТОРС»,78002000289,,https://www.geely-motors.com
ООО «ДЖИПИЭН Рус»,ООО «ДЖИПИЭН Рус»,74952801533,auger.info@iamauger.com,https://augerrus.ru/contacts
ООО «Джиэм Трейдинг»,ООО «Джиэм Трейдинг»,74956496337,info@jmpack.ru,https://jmpack.ru/about
ООО «Джиэмэс»,ООО «Джиэмэс»,,info@gms.group,https://gms.group
ООО «Диагностика-М»,ООО «Диагностика-М»,74952281828,export@tsnk.ru,https://tsnk.ru
ООО «Диалог Столица»,ООО «Диалог Столица»,74953632262,,https://dialog.ru
ООО «ДИАПАЗОН»,ООО «ДИАПАЗОН»,,info@dpzn.ru,https://www.dpzn.ru
ООО «Диджитал Девелопмент»,ООО «Диджитал Девелопмент»,78003333333,banner-reg@2x.png,https://www.tbank.ru/business/contractor/legal/1207700481977
ООО «ДИПОН Ойл»,ООО «ДИПОН Ойл»,375172840574,akzhan@interfax.kz,https://spark-interfax.ru/moskva-nizhegorodski/ooo-dipon-oil-inn-7722792904-ogrn-1127747185444-adecf7513b764fa2b007638602280f70
ООО «Диптранс»,ООО «Диптранс»,74954891034,,https://checko.ru/company/diptrans-1035001850828
ООО «Дирекция единого заказчика района Выхино»,ООО «Дирекция единого заказчика района Выхино»,74955395353,info@vyhino-dez.ru,http://vyhino-dez.ru
ООО «Дисти»,ООО «Дисти»,74952600113,helpdesk@fortis.ru,https://fortis.ru
ООО «ДИХАУС»,ООО «ДИХАУС»,74956516290,info@di-house.ru,https://di-house.ru
ООО «Дк Фэшн Груп»,ООО «Дк Фэшн Груп»,375172840574,akzhan@interfax.kz,https://spark-interfax.ru/moskva-yuzhnoportovy/ooo-dk-feshn-grup-inn-7723889313-ogrn-5137746063395-c8692220a11a478cae170b9ae9234c73
ООО «Дм Технолоджис»,ООО «Дм Технолоджис»,74957447524,info@dmtechnologies.ru,https://dmtechnologies.ru
ООО «Дм-Групп»,ООО «Дм-Групп»,78002220819,info@dm-group.org,https://dm-group.org
ООО «ДОГРУЛАР»,ООО «ДОГРУЛАР»,74875460604,info@dogrular.ru,https://perillahome.ru
ООО «Дом компонентов и оборудования «ЭЛЕКТРОНЩИК»,ООО «Дом компонентов и оборудования «ЭЛЕКТРОНЩИК»,74954886570,,https://www.electronshik.ru
ООО «Домстрой»,ООО «Домстрой»,73832004050,dom-stroy@dom-sib.com,https://gk-dom-stroy.ru
ООО «Доппельмайр Раша»,ООО «Доппельмайр Раша»,74993220502,samara@doppelmayr.com,https://doppelmayr.ru
ООО «Дорожно-Инвестиционная Компания»,ООО «Дорожно-Инвестиционная Компания»,74951507513,secretary@road-invest.ru,https://road-invest.ru
ООО «Дорстройгарант»,ООО «Дорстройгарант»,78003333333,banner-reg@2x.png,https://www.tbank.ru/business/contractor/legal/1197746508740
ООО «Дортех»,ООО «Дортех»,79189918990,cdt.krim@gmail.com,https://dor-tech.net
ООО «Доширак Рус»,ООО «Доширак Рус»,,card_1@2x.png,https://www.rusprofile.ru/id/861878
ООО «Дп-Трейд»,ООО «Дп-Трейд»,74959379460,capralov@dp-trade.ru,https://dp-trade.ru
ООО «Драгон Инфинити»,ООО «Драгон Инфинити»,,companycardsfeedback@rbc.ru,https://companies.rbc.ru/id/1197746563849-obschestvo-s-ogranichennoj-otvetstvennostyu-dragon-infiniti
ООО «ДРИВИКС»,ООО «ДРИВИКС»,74952314434,service@drivix.ru,https://joyoung.pro/contacts
ООО «Дриллинг Индастриал Системс»,ООО «Дриллинг Индастриал Системс»,,ajax-loader@2x.gif,https://dis-s.ru/contact
ООО «Дриллмек Р»,ООО «Дриллмек Р»,375172840574,akzhan@interfax.kz,https://spark-interfax.ru/moskva-zamoskvoreche/ooo-drillmek-r-inn-7729634343-ogrn-1097746358511-a07e235222764a989d578311e4ba3a37
ООО «Дс Коммьюникейшн»,ООО «Дс Коммьюникейшн»,,card_1@2x.png,https://www.rusprofile.ru/id/11109539
ООО «Дс Строй»,ООО «Дс Строй»,,card_1@2x.png,https://www.rusprofile.ru/id/7220484
ООО «ДС — Монолит»,ООО «ДС — Монолит»,74959253980,kachura@dsinv.ru,https://checko.ru/company/ds-monolit-5087746366681
ООО «ДС-Логистик»,ООО «ДС-Логистик»,,dslogistik37@gmail.com,http://dslogistik.ru
ООО «Дск Магистраль»,ООО «Дск Магистраль»,73422110161,dskmagistral@list.ru,https://dsk-magistral59.ru
ООО «Дск-Производство»,ООО «Дск-Производство»,,info@dgp.mos.ru,https://stroimprosto.mos.ru/mtsk/organizations/25776
ООО «Дтк»,ООО «Дтк»,,almuhanova@aquares.com,https://dtk.pro
ООО «ДФ Сервис»,ООО «ДФ Сервис»,,info@dfservice.ru,https://dfservice.ru
ООО «Дц 3дата»,ООО «Дц 3дата»,74958001800,3data@3data.ru,https://3data.ru/contacts
ООО «Дэймос»,ООО «Дэймос»,375172840574,akzhan@interfax.kz,https://spark-interfax.ru/stavropolski-krai-shpakovski-raion/ooo-deimos-inn-2634105494-ogrn-1192651015886-928faf79767e2075e0531b9aa8c0bc6a
ООО «Дэливер»,ООО «Дэливер»,,companycardsfeedback@rbc.ru,https://companies.rbc.ru/id/1127746050728-ooo-deliver
ООО «Дёке Трейд Маркетинг»,ООО «Дёке Трейд Маркетинг»,78005558096,barnaul@dtm.ru,https://dtm.ru
ООО «Еаптека»,ООО «Еаптека»,,card_1@2x.png,https://www.rusprofile.ru/id/7272481
ООО «Евраз Стил Билдинг»,ООО «Евраз Стил Билдинг»,,info@evrazsteelbuilding.ru,https://evrazsteelbuilding.ru
ООО «Евронить»,ООО «Евронить»,74957373061,alevtina.k@euronitka.ru,https://www.euronitka.ru
ООО «Евроопт»,ООО «Евроопт»,375173887676,hr@eurotorg.by,https://evroopt.by/about
ООО «Европак Мдл»,ООО «Европак Мдл»,,andrey.k@euro-pack.com,https://euro-pack.com/kontakti
ООО «Европапир»,ООО «Европапир»,73433768141,kazan.info@europapier.ru,https://europapier.ru
ООО «Европарк»,ООО «Европарк»,74952345961,info@evropark.ru,https://europark.ru
ООО «Европлюс»,ООО «Европлюс»,,companycardsfeedback@rbc.ru,https://companies.rbc.ru/id/1117746866038-ooo-evroplyus
ООО «ЕвроТорг»,ООО «ЕвроТорг»,375296766505,hrustaleve@eurotorg.by,https://ir.eurotorg.by/ru
ООО «Евроторг»,ООО «Евроторг»,375296766505,hrustaleve@eurotorg.by,https://ir.eurotorg.by/ru
ООО «ЕВРОТРЕЙД»,ООО «ЕВРОТРЕЙД»,,info@eurotrade-group.ru,https://eurotrade-group.ru
ООО «Евротэк»,ООО «Евротэк»,78124493343,info@evropro.com,https://evropro.com
ООО «Единая Транспортная Служба — М»,ООО «Единая Транспортная Служба — М»,74953746979,10d@2x.png,https://ets-cargo.ru/about
ООО «Единаятопливнаякомпания»,ООО «Единаятопливнаякомпания»,74993010439,grinenko-ecg@mail.ru,https://checko.ru/company/etk-1167746803630
ООО «Единыйфактор»,ООО «Единыйфактор»,,companycardsfeedback@rbc.ru,https://companies.rbc.ru/id/1107746601731-ooo-edinyijfaktor
ООО «Екс Механизация»,ООО «Екс Механизация»,74956044044,invest@aoeks.ru,https://aoeks.ru
ООО «Етс-М»,ООО «Етс-М»,78123895555,example@gmail.com,https://utsrus.com
ООО «Ж.З.Л.»,ООО «Ж.З.Л.»,79259006000,sales@zhzl.ru,https://checko.ru/company/zh-z-l-1217700275517
ООО «Жаров Групп»,ООО «Жаров Групп»,74951968205,office@zharov.eco,https://zharov.eco
ООО «Жд Транс»,ООО «Жд Транс»,74956452168,info@zd-trans.ru,https://zd-trans.ru
ООО «Живодан Рус»,ООО «Живодан Рус»,74956482913,info@pcar.ru,https://pcar.ru/company/56
ООО «Завод Арматурных Изделий и Конструкций «Армикон»,ООО «Завод Арматурных Изделий и Конструкций «Армикон»,74950235555,//zakaz@armicon.ru,https://armicon.ru
ООО «Завод Оргсинтез Ока»,ООО «Завод Оргсинтез Ока»,,sales@orgsintez-oka.ru,https://orgsintezoka.ru
ООО «Завод Специального Машиностроения»,ООО «Завод Специального Машиностроения»,73412908095,mail@zavodsm18.ru,https://zavodsm18.ru
ООО «Зарубежнефть-Добыча Харьяга»,ООО «Зарубежнефть-Добыча Харьяга»,74957390160,security_hotline@nestro.ru,https://www.zndkh.ru
ООО «Здоровье»,ООО «Здоровье»,74951343442,sales@trauma-msk.ru,https://gkzdorovie.ru
ООО «Зеленые Холмы»,ООО «Зеленые Холмы»,74951518087,info@zel-holmy.ru,https://checko.ru/company/zelenye-holmy-1147746950890
ООО «ЗелМедСервис»,ООО «ЗелМедСервис»,74959688829,sale@zelmedservice.ru,https://zelmedservice.ru
ООО «Зет-Мед»,ООО «Зет-Мед»,74951206300,info@star-pro.ru,https://star-pro.ru/proverka-kontragenta/organization/1145476161423
ООО «ЗЕТА»,ООО «ЗЕТА»,74951896629,info@zetta.ru,https://zetta.ru
ООО «ЗООСТАНДАРТ»,ООО «ЗООСТАНДАРТ»,,,https://feedsmart.ru/zoostandart
ООО «Зоя и Зоя»,ООО «Зоя и Зоя»,375172840574,akzhan@interfax.kz,https://spark-interfax.ru/moskovskaya-oblast-istra/ooo-zoya-inn-5017028821-ogrn-1025001819633-20d0c480e3c44fad93e0ccda2821ee2a
ООО «ИБАРУС»,ООО «ИБАРУС»,74957602710,,https://www.ibakimya.ru/kontakty
ООО «Ив-Трейд»,ООО «Ив-Трейд»,78002500303,sales@teplocom-sale.ru,https://teplocom-sale.ru
ООО «Ивк Аир Групп»,ООО «Ивк Аир Групп»,,office@ivk-airgroup.ru,https://ivk-airgroup.ru
ООО «Ивк Медиа»,ООО «Ивк Медиа»,,companycardsfeedback@rbc.ru,https://companies.rbc.ru/id/1137746915250-ooo-obschestvo-s-ogranichennoj-otvetstvennostyu-ivk-media
ООО «ИвТЭК»,ООО «ИвТЭК»,375172840574,akzhan@interfax.kz,https://spark-interfax.ru/moskva-ramenki/ooo-ivtek-inn-3702541415-ogrn-1073702042545-fbcc2e58a2494dc487128975eda3907d
ООО «Игл Энерджи»,ООО «Игл Энерджи»,,card_1@2x.png,https://www.rusprofile.ru/id/1217700289223
ООО «Игроник Диджитал»,ООО «Игроник Диджитал»,74952340520,,https://igronik.ru
ООО «ИД Логистикс Рус»,ООО «ИД Логистикс Рус»,78003333333,counterparty_landing_crashes_prod@error-hub.tinkoff.ru,https://www.tbank.ru/business/contractor/legal/1107746782593
ООО «Идиллия»,ООО «Идиллия»,375172840574,akzhan@interfax.kz,https://spark-interfax.ru/sankt-peterburg-moskovski/ooo-idilliya-inn-5321124110-ogrn-1085321002140-4d5b7161550242ee80ad58921dbc1dd6
ООО «ИДС Боржоми»,ООО «ИДС Боржоми»,,,https://svyatoyistochnik.com/karera/borzhomi-tekh
ООО «Издательство АСТ»,ООО «Издательство АСТ»,,ask@ast.ru,https://ast.ru
ООО «Измайлово-Премиум»,ООО «Измайлово-Премиум»,74951393300,,https://www.jaecoo-i.ru/jaecoo/terms-conditions/requisites
ООО «ИК ВЕЛЕС Капитал»,ООО «ИК ВЕЛЕС Капитал»,74952581988,info@veles-capital.ru,http://www.veles-capital.ru
ООО «Ик-Металлс»,ООО «Ик-Металлс»,,,https://basis.myseldon.com/ru/company/1187746986580
ООО «Икорный»,ООО «Икорный»,74957443953,info@seafood-shop.ru,https://seafood-shop.ru
ООО «Икс 5 Диджитал»,ООО «Икс 5 Диджитал»,74956628888,rent_digital@x5.ru,https://www.x5.ru/ru/partners/x5-digital
ООО «Икс-Тех»,ООО «Икс-Тех»,74955405492,info@x-tech.su,https://x-tech.su
ООО «Иксклауд»,ООО «Иксклауд»,375172840574,akzhan@interfax.kz,https://spark-interfax.ru/moskva-danilovski/ooo-iksklaud-inn-9725033338-ogrn-1207700228526-aa36c5b7f3e61031e053189aa8c0e97f
ООО «Икстрим»,ООО «Икстрим»,78124381120,support@xtrim.ru,https://xtrim.ru
ООО «ИМКоФарма»,ООО «ИМКоФарма»,,content-box--gray@2x.jpg,https://www.imcopharma.ru
ООО «Импайс»,ООО «Импайс»,74957411304,contact@impice.ru,https://impice.ru
ООО «ИМПЕКСУПАК»,ООО «ИМПЕКСУПАК»,74956600603,all-sale@bico.su,https://www.bicotender.ru/tender246781714.html
ООО «Императорский Бутик»,ООО «Императорский Бутик»,78002349150,help@imbutik.ru,https://imbutik.ru
ООО «Империал Даймонд»,ООО «Империал Даймонд»,74957211919,,https://imperialdiamondru.orgs.biz
ООО «ИМПЕРИАЛ»,ООО «ИМПЕРИАЛ»,,imperial.kbr@gmail.com,https://imperial07.ru
ООО «Импориа Трейдинг»,ООО «Импориа Трейдинг»,,info@emporia-ts.ru,http://emporiatrading.ru
ООО «Импорт Мода»,ООО «Импорт Мода»,,companycardsfeedback@rbc.ru,https://companies.rbc.ru/id/1167746222390-ooo-import-moda
ООО «Импорт Плюс»,ООО «Импорт Плюс»,78006003834,logo@2x.png,https://importplus.su
ООО «ИмпортТрейд»,ООО «ИмпортТрейд»,74732460000,parimtr@yandex.ru,https://import-trd.ru
ООО «Импрод»,ООО «Импрод»,,anacom@anacom.ru,https://anacom.ru
ООО «Инватектрейд»,ООО «Инватектрейд»,78007751893,info@fbc.ru,https://fbc.ru/inn/7714463906
ООО «Инвентив Длм»,ООО «Инвентив Длм»,74951091840,inventive-dlm@inventive.ru,https://inventive-dlm.ru
ООО «Инвентив Менеджмент»,ООО «Инвентив Менеджмент»,74956516288,b2b@inventive.ru,https://inventive.ru
ООО «Инвест Менеджмент»,ООО «Инвест Менеджмент»,74996733384,info@investfuel.ru,https://investfuel.ru
ООО «Инвест текстиль»,ООО «Инвест текстиль»,,investtekstil@mail.ru,http://www.investtekstil.ru
ООО «Инвестиционная Компания «Арсенал»,ООО «Инвестиционная Компания «Арсенал»,74993710510,info@isk-a.ru,https://iskarsenal.ru
ООО «Инвестиционная Компания «Вивайт»,ООО «Инвестиционная Компания «Вивайт»,,info@vivait-ic.ru,https://vivait-ic.ru
ООО «Инвестиционная Компания «Прогресс-Капитал»,ООО «Инвестиционная Компания «Прогресс-Капитал»,,card_1@2x.png,https://www.rusprofile.ru/id/932003
ООО «Инвестиционная компания Внешэкономбанка («ВЭБ Капитал»)»,ООО «Инвестиционная компания Внешэкономбанка («ВЭБ Капитал»)»,,info@vebcapital.ru,https://www.finmarket.ru/database/organization/?fid=93980
ООО «Инвестиционно-Производственная Компания «Мосстройкомплектация»,ООО «Инвестиционно-Производственная Компания «Мосстройкомплектация»,74959849180,sale@pkmsk.ru,https://pkmsk.ru/kontaktyi
ООО «Инвестиционный Дом «Профактив»,ООО «Инвестиционный Дом «Профактив»,74951206300,info@star-pro.ru,https://star-pro.ru/proverka-kontragenta/organization/1087746838024--ooo-investicionnyj-dom-profaktiv
ООО «Инвестнефтетрейд»,ООО «Инвестнефтетрейд»,375172840574,akzhan@interfax.kz,https://spark-interfax.ru/krasnodarski-krai-krasnodar/ooo-investneftetreid-inn-2308245085-ogrn-1172375037537-4a3e3ce997cf4273b09d9ade6656d9c0
ООО «Инвестоил»,ООО «Инвестоил»,78003333333,banner-reg@2x.png,https://www.tbank.ru/business/contractor/legal/1197746481778
ООО «Инвестторг»,ООО «Инвестторг»,78123294437,info@investtorg.ru,https://investtorg.ru
ООО «Ингал»,ООО «Ингал»,74951350955,info@ingal-med.ru,https://ingal-med.ru
ООО «Ингкома»,ООО «Ингкома»,74995570055,info@ingcoma.com,https://www.ingcoma.com
ООО «Инград Недвижимость»,ООО «Инград Недвижимость»,74959895121,broker@sminex.com,https://www.ingrad.ru/politika_konfedentsialnosti
ООО «Ингри»,ООО «Ингри»,74956428262,arbadoev@ingri.ru,https://www.ingri.ru
ООО «Ингрикем»,ООО «Ингрикем»,74959517028,food@larchfield.ru,http://ingrichem.com
ООО «Индифуд-Мск»,ООО «Индифуд-Мск»,73472850020,infomsk@indi-food.ru,https://indifood.info
ООО «Инженерная Геология»,ООО «Инженерная Геология»,,i.averin@mail.ru,http://mosgeolog.ru
ООО «Инженерно-техническая компания Д-Системс»,ООО «Инженерно-техническая компания Д-Системс»,74959552469,info@d-systems.ru,https://d-systems.ru
ООО «Инженерные Технологии»,ООО «Инженерные Технологии»,2078124684848,info.spb@e-t-a.org,https://e-t-a.org
ООО «Инженерный Центр «Энергосервис»,ООО «Инженерный Центр «Энергосервис»,,info@ens.ru,http://www.ens.ru
ООО «Инженерстрой»,ООО «Инженерстрой»,375172840574,akzhan@interfax.kz,https://spark-interfax.ru/respublika-tatarstan-almetevsk/ooo-inzhenerstroi-inn-1644099865-ogrn-1221600029782-dd5ea86f347b24e9e053259aa8c0473e
ООО «Инжиниринг Групп»,ООО «Инжиниринг Групп»,74950551584,info@oborydovanie.com,https://oborydovanie.com
ООО «Инжиниринговая Компания Главстрой»,ООО «Инжиниринговая Компания Главстрой»,78652300505,glavstroy26@mail.ru,https://glavstroy-26.ru
ООО «Инжкапстрой»,ООО «Инжкапстрой»,,info@ingcapstroy.ru,https://ingcapstroy.ru
ООО «Инновационная Медицина»,ООО «Инновационная Медицина»,74952232222,info@onclinic.ru,https://www.onclinic.ru/about/partners/innovatsionnaya-meditsina
ООО «Инновационные Технологии»,ООО «Инновационные Технологии»,74952660256,info@inex-tech.ru,https://www.inex-tech.ru
ООО «Инновационный Кластер»,ООО «Инновационный Кластер»,74958704555,imoscow@cluster.mos.ru,https://i.moscow
ООО «Инокспоинт Групп»,ООО «Инокспоинт Групп»,74951284087,info@inoxpoint.ru,https://www.inoxpoint.ru
ООО «Институт строительства и проектирования»,ООО «Институт строительства и проектирования»,74732122425,mail@instroyproject.ru,https://www.instroyproject.ru
ООО «Интегра»,ООО «Интегра»,74959330621,amachanskis@integra.ru,https://www.integra.ru
ООО «Интеграл»,ООО «Интеграл»,74954459553,office@integral-group.pro,https://integral-group.pro
ООО «Интеграция Нефтесервис»,ООО «Интеграция Нефтесервис»,74996733330,mail@ao-flagman.ru,https://petro-group.ru
ООО «Интегрированные маркетинговые услуги»,ООО «Интегрированные маркетинговые услуги»,,companycardsfeedback@rbc.ru,https://companies.rbc.ru/id/1097746392633-ooo-integrirovannyie-marketingovyie-uslugi
ООО «Интегрити Солюшнс»,ООО «Интегрити Солюшнс»,74992802680,mailto:sale@integrity-sol.ru,https://integrity-sol.ru
ООО «Интек»,ООО «Интек»,78452627070,msk@inteksar.ru,https://intekopt.ru
ООО «Интелион Майн»,ООО «Интелион Майн»,73842216805,info@intelionmine.ru,https://intelionmine.ru
ООО «Интеллектуальные Системы»,ООО «Интеллектуальные Системы»,,inbox@int-sys.ru,https://www.int-sys.ru
ООО «Интелтрейд»,ООО «Интелтрейд»,74959884718,info@inteltreyd.ru,https://inteltreyd.ru
ООО «Интер Групп»,ООО «Интер Групп»,78422760674,info@intergroups.ru,https://intergroups.ru
ООО «Интер Рао — Инжиниринг»,ООО «Интер Рао — Инжиниринг»,74956648840,ir.interrao@ya.ru,https://interrao.ru
ООО «Интер Рао-Управление Электрогенерацией»,ООО «Интер Рао-Управление Электрогенерацией»,74956647680,hotline@interrao.ru,https://irao-generation.ru
ООО «Интер Рао-Центр Управления Закупками»,ООО «Интер Рао-Центр Управления Закупками»,74956648840,pcentre@interrao.ru,https://interrao-zakupki.ru
ООО «Интер-с Групп»,ООО «Интер-с Групп»,74957471117,fancybox_loading@2x.gif,https://intersgroup.com/ru
ООО «Интера»,ООО «Интера»,74957804824,info@pointera.ru,https://interagroup.org
ООО «Интерактивные Технологии и Системы»,ООО «Интерактивные Технологии и Системы»,,hr@mcplat.ru,https://itasystems.ru
ООО «Интердисп Рус»,ООО «Интердисп Рус»,74953635045,skozhevnikova@interdisp.ru,https://interdisp-group.ru
ООО «ИНТЕРМОДЕ»,ООО «ИНТЕРМОДЕ»,78003333333,counterparty_landing_crashes_prod@error-hub.tinkoff.ru,https://www.tbank.ru/business/contractor/legal/1127746244339
ООО «Интернейшнл Айти Дистрибьюшн»,ООО «Интернейшнл Айти Дистрибьюшн»,74995021375,info@iitdgroup.ru,https://www.iitdgroup.ru/politika-konfidenczialnosti-personalnyh-dannyh
ООО «Интернэшнл Тобакко Групп»,ООО «Интернэшнл Тобакко Групп»,74959372000,feedback@i-tob.ru,https://i-tobacco.ru
ООО «Интерполис»,ООО «Интерполис»,375172840574,akzhan@interfax.kz,https://spark-interfax.ru/chelyabinskaya-oblast-chelyabinsk/ooo-interpolis-inn-7452046765-ogrn-1067452004014-5af516b7b8c24cd8b5d85cb7bd5daeff
ООО «ИнтерТехноМаш»,ООО «ИнтерТехноМаш»,74832360780,,https://checko.ru/company/intertekhnomash-1103256002740
ООО «Интехника»,ООО «Интехника»,74955604888,55ermis@mail.ru,https://www.intehnika.ru
ООО «Инторметалл»,ООО «Инторметалл»,74959213567,info@intormetall.ru,https://intormetall.ru
ООО «Информ»,ООО «Информ»,73422353701,commercial@rtk-inform.ru,https://rtk-inform.ru
ООО «Информационно-сервисная компания Ю-Софт»,ООО «Информационно-сервисная компания Ю-Софт»,74959560880,hot@usoft.ru,https://www.usoft.ru
ООО «ИНФОТЕКС»,ООО «ИНФОТЕКС»,74957376192,hotline@infotecs.ru,https://infotecs.ru
ООО «Инфрапро»,ООО «Инфрапро»,,info@infrapro.ru,https://www.infrapro.ru
ООО «Инхауз»,ООО «Инхауз»,74952314434,info@inhousewares.com,https://inhousewares.com
ООО «Иреляхское»,ООО «Иреляхское»,,companycardsfeedback@rbc.ru,https://companies.rbc.ru/id/5177746016597-ooo-irelyahskoe
ООО «Исв»,ООО «Исв»,78003333333,banner-reg@2x.png,https://www.tbank.ru/business/contractor/legal/1207700040371
ООО «Исси проджект»,ООО «Исси проджект»,74952690585,info@issipj.ru,http://issipj.ru
ООО «Истлайнсевен»,ООО «Истлайнсевен»,74957406747,info@eastlineseven.ru,https://eastlineseven.com
ООО «Исузу Комтранс»,ООО «Исузу Комтранс»,74951046190,24@isuzu-ct.ru,https://isuzu-ct.ru
ООО «Ит1-Ртк»,ООО «Ит1-Ртк»,,companycardsfeedback@rbc.ru,https://companies.rbc.ru/id/1207700470273-obschestvo-s-ogranichennoj-otvetstvennostyu-it1-rtk
ООО «Ит1-Цифровые Решения»,ООО «Ит1-Цифровые Решения»,73812664800,career@it-one.ru,https://www.it-one.ru
ООО «Итерион»,ООО «Итерион»,74959552419,info@iterion.ru,http://iterion.ru
ООО «К.Б.А.»,ООО «К.Б.А.»,,companycardsfeedback@rbc.ru,https://companies.rbc.ru/id/1207700185076-obschestvo-s-ogranichennoj-otvetstvennostyu-kba
ООО «К.С.Бюро»,ООО «К.С.Бюро»,74956637335,mail@ks-buro.ru,https://ks-buro.ru
ООО «КабельСтар»,ООО «КабельСтар»,78005004188,trade@cablestar.ru,https://cablestar.ru
ООО «Казстрой»,ООО «Казстрой»,375172840574,akzhan@interfax.kz,https://spark-interfax.ru/respublika-tatarstan-kazan/ooo-kazstroi-inn-1655426948-ogrn-1191690091614-9783077b970e1e56e0531b9aa8c0e259
ООО «КАМА-ПЛАСТИК»,ООО «КАМА-ПЛАСТИК»,,info@kama-plastic.ru,http://kama-plastic.ru
ООО «Ками-Групп»,ООО «Ками-Групп»,375173820382,info@stanki.ru,https://www.stanki.ru
ООО «Камоцци Пневматика»,ООО «Камоцци Пневматика»,,card_1@2x.png,https://www.rusprofile.ru/id/2427695
ООО «КАН-Р»,ООО «КАН-Р»,78003333333,banner-reg@2x.png,https://www.tbank.ru/business/contractor/legal/1047796427557
ООО «Канди Трейд»,ООО «Канди Трейд»,79509462755,candy-trade@bk.ru,https://candy-trade.ru
ООО «Канопус»,ООО «Канопус»,79529040055,info@canopus.su,https://canopus.su
ООО «Кантата»,ООО «Кантата»,74957270804,astrakhan.a@cantata.ru,https://www.cantata.ru/page/about
ООО «КАПИТАЛ ГРУП»,ООО «КАПИТАЛ ГРУП»,74957717777,info@capitalgroup.ru,https://www.capitalgroup.ru
ООО «Капитал»,ООО «Капитал»,74991427226,,https://kapmed.ru
ООО «КАПИТЕЛЬ»,ООО «КАПИТЕЛЬ»,78124093939,ukkapitel@yandex.ru,https://ukkapitel.ru
ООО «КАПРИС ВОСТОК»,ООО «КАПРИС ВОСТОК»,,info@caprice-wostok.ru,https://caprice-russia.ru/wholesale
ООО «КАПЭКС»,ООО «КАПЭКС»,74957601304,ooo.kapex@mail.ru,https://www.xn--80atbtl4e.xn--p1ai
ООО «Кар Трейд»,ООО «Кар Трейд»,375172840574,akzhan@interfax.kz,https://spark-interfax.ru/respublika-tatarstan-kazan/ooo-kar-treid-inn-1686023272-ogrn-1231600001731-f2d27b20788377c6e053249aa8c0173f
ООО «Карабахский Базар»,ООО «Карабахский Базар»,78003333333,banner-reg@2x.png,https://www.tbank.ru/business/contractor/legal/1207700451078
ООО «Каракан Энерго Трейд»,ООО «Каракан Энерго Трейд»,73842455910,commerce@belcomm.ru,https://karakan-invest.ru
ООО «Карго Сервис»,ООО «Карго Сервис»,74955329484,sales@cscled.ru,https://cscled.ru
ООО «Карго Транс»,ООО «Карго Транс»,,info@c-tr.ru,https://c-tr.ru
ООО «Карго Фер-Транс»,ООО «Карго Фер-Транс»,,companycardsfeedback@rbc.ru,https://companies.rbc.ru/id/1217700442277-obschestvo-s-ogranichennoj-otvetstvennostyu-kargo-fer-trans
ООО «КаргоАгроКом»,ООО «КаргоАгроКом»,74957880595,info@cargocom.ru,https://cargocom.ru
ООО «Каркаде Сервис»,ООО «Каркаде Сервис»,74997050200,info@carcade-service.com,https://carcade-service.com/about
ООО «Карстрой»,ООО «Карстрой»,74959970006,karstroy2020@yandex.ru,https://karstroy.ru
ООО «Каршеринг Руссия»,ООО «Каршеринг Руссия»,74950090121,card_1@2x.png,https://www.rusprofile.ru/id/7604975
ООО «Каскад»,ООО «Каскад»,,card_1@2x.png,https://www.rusprofile.ru/id/1207700255520
ООО «Каспиан»,ООО «Каспиан»,,companycardsfeedback@rbc.ru,https://companies.rbc.ru/id/1207700068872-obschestvo-s-ogranichennoj-otvetstvennostyu-mr-frut
ООО «Касторама РУС»,ООО «Касторама РУС»,,card_1@2x.png,https://www.rusprofile.ru/id/3166186
ООО «Квадрат-С»,ООО «Квадрат-С»,74952300117,info@kvadrat-c.ru,https://kvadrat-c.ru
ООО «Квазар Лимитед»,ООО «Квазар Лимитед»,74951206300,info@star-pro.ru,https://star-pro.ru/proverka-kontragenta/organization/5167746330770
ООО «Квазар»,ООО «Квазар»,73833540660,,https://kwazar.ru
ООО «Квант»,ООО «Квант»,78002019531,info@tvkvant.ru,https://tvkvant.ru/about
ООО «Кватро Логистик»,ООО «Кватро Логистик»,74951080454,china@4logs.ru,https://4logs.ru
ООО «Квинта»,ООО «Квинта»,73512185500,,https://kvintamebel.ru
ООО «Кворум»,ООО «Кворум»,,info@kvorum.su,https://kvorum.su
ООО «Кву»,ООО «Кву»,,companycardsfeedback@rbc.ru,https://companies.rbc.ru/id/1147746428390-ooo-kvu
ООО «Кей Поинт Лоджистикс»,ООО «Кей Поинт Лоджистикс»,,mail@keypointlogistics.ru,https://keypointlogistics.ru
ООО «Кей Эм Ю Рус»,ООО «Кей Эм Ю Рус»,74953745556,%e2%80%8binfo@fasadexpert.ru,https://fasadexpert.ru/yaponskie-fasadnye-paneli/fasadnye-paneli-kmew
ООО «Кемпартнерс»,ООО «Кемпартнерс»,,chempartners@propartners.ru,https://catalog.expocentr.ru/catalog.php?wyst_id=70&stand_id=29264
ООО «КерамикГрупп»,ООО «КерамикГрупп»,74951253045,info@keramikgroup.ru,https://keramstroi.ru
ООО «Кзто»,ООО «Кзто»,74951201766,marketing@kztoradiator.ru,https://kztoradiator.ru
ООО «Кид Трейд»,ООО «Кид Трейд»,,info@edmgroup.ru,https://rdt-info.ru/details/1026-edm.html
ООО «КИМА ЛИМИТЕД»,ООО «КИМА ЛИМИТЕД»,74997825034,info@kima-ltd.ru,https://www.kima-ltd.ru
ООО «КИОСЕРА Документ Солюшенз Рус»,ООО «КИОСЕРА Документ Солюшенз Рус»,,,https://www.kyoceradocumentsolutions.ru/ru.html
ООО «Кирэй Кемикал»,ООО «Кирэй Кемикал»,74993903045,info@kirei-chemical.com,https://kirei-chemical.ru
ООО «Классика»,ООО «Классика»,78123350735,a.rabinova@naturasiberica.ru,https://www.moysalon.ru/page/rekvizity
ООО «Клауд Ком»,ООО «Клауд Ком»,,info@cloudcom.ru,http://cloudcom.ru
ООО «Клик.ру»,ООО «Клик.ру»,74959899700,dashboard-main@2x.png,https://click.ru
ООО «Клиника ЛМС»,ООО «Клиника ЛМС»,74950091103,info@bzklinika.ru,https://klinikabudzdorov.ru/o-nas/rezultaty-provedeniya-sout
ООО «Клининговая компания»,ООО «Клининговая компания»,375172840574,akzhan@interfax.kz,https://spark-interfax.ru/moskva-yakimanka/ooo-kliningovaya-kompaniya-inn-7716697018-ogrn-1117746686364-6178897dd3017e1ce0531b9aa8c027ab
ООО «КЛОВЕРМЕД»,ООО «КЛОВЕРМЕД»,74957871772,info@clovermed.ru,https://www.clovermed.ru
ООО «Клок»,ООО «Клок»,375172840574,akzhan@interfax.kz,https://spark-interfax.ru/primorski-krai-vladivostok/ooo-faiv-oklok-inn-2540129884-ogrn-1072540002358-6178894d49f07e1ce0531b9aa8c027ab
ООО «Кмт»,ООО «Кмт»,74951375556,info@kmt-stanki.ru,https://kmt-stanki.ru
ООО «Кнс Групп»,ООО «Кнс Групп»,74955405055,channel@yadro.com,https://yadro.com
ООО «КОИМ ИСТ ЮРОП»,ООО «КОИМ ИСТ ЮРОП»,,companycardsfeedback@rbc.ru,https://companies.rbc.ru/id/1137746437432-ooo-koim-ist-yurop
ООО «Кока-Кола Софт Дринк Консалтинг»,ООО «Кока-Кола Софт Дринк Консалтинг»,74951093640,i.antonov@probankrotstvo.ru,https://probankrotstvo.ru/companies/kompaniia-koka-kola-soft-drink-konsalting-1200
ООО «Кокар»,ООО «Кокар»,79258628955,cocar@cocarcoffee.com,https://cocarcoffee.com
ООО «Комацу СНГ»,ООО «Комацу СНГ»,,card_1@2x.png,https://www.rusprofile.ru/id/2466573
ООО «КометБетон»,ООО «КометБетон»,,companycardsfeedback@rbc.ru,https://companies.rbc.ru/id/1057749515988-ooo-kometbeton
ООО «Коммерц Инвестментс»,ООО «Коммерц Инвестментс»,,info@cominv.ru,https://cominv.ru
ООО «Коммерческо-ПФ «МИЛОРАДА»,ООО «Коммерческо-ПФ «МИЛОРАДА»,74955794504,kosm@milorada.ru,https://www.milorada.ru
ООО «Коммунарка»,ООО «Коммунарка»,375172292701,office@kommunarka.by,https://kommunarka.by
ООО «Коммуникации и Связь»,ООО «Коммуникации и Связь»,74994550372,info@commnet.ru,http://commnet.ru
ООО «КОМОС ГРУПП»,ООО «КОМОС ГРУПП»,78005555826,hotline@komos.ru,https://www.komos.ru
ООО «Компания «АРКА»,ООО «Компания «АРКА»,,name@company.ru,https://arkagroup.ru
ООО «Компания «Элитгрупп»,ООО «Компания «Элитгрупп»,74951911102,akgeorge@mail.ru,https://elitgroupltd.ru/contacts
ООО «Компания «ЭЛТА»,ООО «Компания «ЭЛТА»,78002501750,,https://xn--80achcebqujlijcbjv1ag.xn--p1ai
ООО «Компания Арго»,ООО «Компания Арго»,73832364045,info@rpo.ru,https://argo.company
ООО «Компания БИС»,ООО «Компания БИС»,,card_1@2x.png,https://www.rusprofile.ru/id/3807613
ООО «Компания БОНАНЗА»,ООО «Компания БОНАНЗА»,74957805820,ascvostok@yandex.ru,https://bonanzacom.ru/company
ООО «Компания Валери»,ООО «Компания Валери»,375172840574,akzhan@interfax.kz,https://spark-interfax.ru/moskva-presnenski/ooo-kompaniya-valeri-inn-7717581760-ogrn-1077746360064-f5173904809c4877b53e4f3e17d2e41b
ООО «Компания Домком»,ООО «Компания Домком»,74952293333,help@oknadomkom.ru,https://www.oknadomkom.ru
ООО «Компания ЕС»,ООО «Компания ЕС»,,mail@domen.com,https://kachestvorb.ru/info/brands/ooo_kompaniya_es
ООО «Компания Макцентр»,ООО «Компания Макцентр»,,ofset@maccentre.ru,https://maccentre.ru
ООО «Компания Скиф-Карго»,ООО «Компания Скиф-Карго»,74952212591,skif@skif-cargo.ru,https://www.skif-cargo.ru
ООО «Компания Тарра»,ООО «Компания Тарра»,74959815543,info@tarra.ru,https://tarra.ru
ООО «Компания Фабрика Арт»,ООО «Компания Фабрика Арт»,74956520652,hello@fabrika-art.ru,https://fabrika-art.ru
ООО «Компит»,ООО «Компит»,74957922995,help@compit.pro,https://compit.pro
ООО «Комплекс Фасадных Кровельных Систем»,ООО «Комплекс Фасадных Кровельных Систем»,74950234456,info@kfk-sistem.ru,https://kfk-sistem.ru
ООО «Комплексное Техническое Оснащение «Просвещение»,ООО «Комплексное Техническое Оснащение «Просвещение»,375172840574,akzhan@interfax.kz,https://spark-interfax.ru/moskva-tverskoi/ooo-kompleksnoe-tekhnicheskoe-osnashchenie-prosveshchenie-inn-9717001847-ogrn-1157746871875-01c8ca9c05c846dba16b304873480ca3
ООО «Комплексные Инвестиции»,ООО «Комплексные Инвестиции»,78003333333,counterparty_landing_crashes_prod@error-hub.tinkoff.ru,https://www.tbank.ru/business/contractor/legal/5157746001375
ООО «Комплексные Инфраструктурные Решения и Системы»,ООО «Комплексные Инфраструктурные Решения и Системы»,74951976660,info@kit-systems.ru,https://kit-systems.ru
ООО «Комплексные системы изоляции»,ООО «Комплексные системы изоляции»,74956419001,sales@ksi-izol.ru,http://www.ksi-izol.ru
ООО «Комплексные Торговые Системы»,ООО «Комплексные Торговые Системы»,78003333333,banner-reg@2x.png,https://www.tbank.ru/business/contractor/legal/1157746593366
ООО «Комплексные Транспортно-Логистические Решения»,ООО «Комплексные Транспортно-Логистические Решения»,74955327749,info@ktlr.ru,https://ktlr.ru
ООО «Комплект Айс»,ООО «Комплект Айс»,,ekb@coldstore.ru,https://www.coldstore.ru
ООО «Комплект»,ООО «Комплект»,74832512013,komplekt88@yandex.ru,http://ooo-komplekt.ru
ООО «КомплектЭнерго»,ООО «КомплектЭнерго»,78002508352,ekra@ekra.ru,https://ke.ekra.ru
ООО «Компьюлан»,ООО «Компьюлан»,74956262020,sales@kns.ru,https://www.kns.ru/about.html
ООО «Комтех»,ООО «Комтех»,74994503848,info@kmtx.ru,https://kmtx.ru
ООО «Кондитерская фабрика «ПОБЕДА»,ООО «Кондитерская фабрика «ПОБЕДА»,74957836862,im@storepobeda.ru,https://storepobeda.ru
ООО «Коника Минолта Бизнес Сольюшнз Раша»,ООО «Коника Минолта Бизнес Сольюшнз Раша»,,commerce@konicaminolta.ru,https://www.konicaminolta.ru/ru-ru/contacts
ООО «Консонанс»,ООО «Консонанс»,,t.sargsyan@oilconsonance.com,https://oilconsonance.com
ООО «Константа Торг»,ООО «Константа Торг»,,info@constanta-t.ru,https://constanta-t.ru
ООО «Конструктор Групп»,ООО «Конструктор Групп»,74952805545,,https://www.constructorgroup.ru
ООО «Консультант Плюс — Корпоративные Решения»,ООО «Консультант Плюс — Корпоративные Решения»,,corporate-solutions@yandex.ru,http://www.consultantplus-korporativnyeresheniya.ru
ООО «Контактор»,ООО «Контактор»,78422675200,,https://www.kontaktor.ru
ООО «Контр Ойл»,ООО «Контр Ойл»,79627851465,kontr_oil@rambler.ru,https://www.controil.ru
ООО «КОНТРОЛ лизинг»,ООО «КОНТРОЛ лизинг»,78007701010,info@ctrl.lc,https://ctrl.lc
ООО «Контургазстрой»,ООО «Контургазстрой»,375172840574,akzhan@interfax.kz,https://spark-interfax.ru/moskva-dorogomilovo/ooo-konturgazstroi-inn-3525429684-ogrn-1183525029786-74db5dd1ae9f2d91e0531b9aa8c0b9ce
ООО «КОНТЭК»,ООО «КОНТЭК»,74242311018,accounting@contec-sakh.com,https://kts65.ru
ООО «Концепция»,ООО «Концепция»,375172840574,akzhan@interfax.kz,https://spark-interfax.ru/sankt-peterburg-frunzenski/ooo-kontseptsiya-inn-7816563787-ogrn-1137847218970-1ef576ac2f90469ea1a77a8311ac5cf0
ООО «Корвет Нефтегазовое Оборудование»,ООО «Корвет Нефтегазовое Оборудование»,,korvetngo@gmail.com,http://korvetngo.ru
ООО «Кордис Медикал Раша»,ООО «Кордис Медикал Раша»,74991100310,mail@mail.ru,https://cordismed.ru
ООО «Кормовит»,ООО «Кормовит»,74951092179,info@kormovit.ru,https://kormovit.ru
ООО «Корпорация Мосстройтранс»,ООО «Корпорация Мосстройтранс»,,info@mosstroytrans.com,https://mosstroytrans.com
ООО «Корпорация Тамп»,ООО «Корпорация Тамп»,74957869750,,https://checko.ru/company/korporaciya-tamp-1127746535410
ООО «Корпорация Энергомашэкспорт»,ООО «Корпорация Энергомашэкспорт»,74951070178,mail@emeco.ru,https://emeco.ru
ООО «Корунд Груз»,ООО «Корунд Груз»,,companycardsfeedback@rbc.ru,https://companies.rbc.ru/id/1187746973325-ooo-korund-gruz
ООО «КорундСтрой»,ООО «КорундСтрой»,79104441917,buchcorund@gmail.com,https://korundstr.ru
ООО «Косметик Виа»,ООО «Косметик Виа»,74952498850,claim@cosmeticvia.ru,https://cosmeticvia.ru
ООО «Космо Бьюти»,ООО «Космо Бьюти»,74993220933,event@jvo.ru,https://jvo.ru/cases/cosmobeauty
ООО «Котон Текстиль»,ООО «Котон Текстиль»,,,https://www.koton.ru
ООО «Кофейный Дом «ХОРСЪ»,ООО «Кофейный Дом «ХОРСЪ»,,feedback@hors.ru,https://hors.ru
ООО «КРАЙЗЕЛЬ РУС»,ООО «КРАЙЗЕЛЬ РУС»,,office@kreiselrus.ru,https://kreisel.ru
ООО «Крайон»,ООО «Крайон»,74952690584,info@krayon.ru,https://krayon.ru
ООО «Красный Октябрь — Рассказовка»,ООО «Красный Октябрь — Рассказовка»,,support@my-gkh.ru,https://my-gkh.ru/getorganization/ooo-krasny-oktyabr-rasskazovka-moskva
ООО «Крафтер-Центр»,ООО «Крафтер-Центр»,74951396575,sale@hpl-krafter.ru,https://hpl-krafter.ru
ООО «Кредо-Пак»,ООО «Кредо-Пак»,73422946699,kd@kredo.su,https://kredo.su
ООО «Креомаст»,ООО «Креомаст»,375172840574,akzhan@interfax.kz,https://spark-interfax.ru/moskva-konkovo/ooo-kreomast-inn-9721128003-ogrn-1217700210639-c1510b13da572fb6e053219aa8c02cd3
ООО «Креп-Пласт»,ООО «Креп-Пласт»,74959098500,info@kin.su,https://kinplast.ru/contacts
ООО «Криоскай»,ООО «Криоскай»,,cryosky@mail.ru,http://cryosky.ru
ООО «КРИПТО-ПРО»,ООО «КРИПТО-ПРО»,74959840789,buh@cryptopro.ru,https://cryptopro.ru
ООО «Криптон»,ООО «Криптон»,,info@kripton-filter.ru,https://kripton-filter.ru
ООО «Кристофф»,ООО «Кристофф»,78125713692,kristoffaparts@yandex.ru,https://kristoff.ru
ООО «КровАльянс»,ООО «КровАльянс»,74952042101,zakaz@krovalians.ru,https://krovalians.ru
ООО «Кровснаб»,ООО «Кровснаб»,78632210015,,https://mksug.ru
ООО «Крона»,ООО «Крона»,78003331668,flags@2x.webp,https://krona.ru
ООО «Кросс Трейдинг»,ООО «Кросс Трейдинг»,,companycardsfeedback@rbc.ru,https://companies.rbc.ru/id/1197746579711-obschestvo-s-ogranichennoj-otvetstvennostyu-kross-trejding
ООО «КРОСТ-Д»,ООО «КРОСТ-Д»,74957950888,,https://krost.ru
ООО «Крошка Картошка»,ООО «Крошка Картошка»,74951390200,,https://www.kartoshka.com
ООО «Ксантис Фарма»,ООО «Ксантис Фарма»,74952233403,adversereaction@drugsafety.ru,https://xantispharma.ru
ООО «Ксенеон»,ООО «Ксенеон»,78342242541,zakaz@xnn.ru,https://xnn.ru
ООО «КУБ Евразия»,ООО «КУБ Евразия»,,info@kyb.ru,https://kyb.ru/about/russia
ООО «Кудиновский мясной комплекс»,ООО «Кудиновский мясной комплекс»,,gb@my-gb.ru,https://www.frozen.snkigb.ru/companies/kudinovskiymyasnoykompleks.html
ООО «Кузбасконсервмолоко»,ООО «Кузбасконсервмолоко»,,mary_buh1c@mail.ru,https://www.list-org.com/company/12257414
ООО «Кузница»,ООО «Кузница»,78445756564,borodaymo@volkuz34.ru,https://volkuz34.ru
ООО «Кульмбах-Д»,ООО «Кульмбах-Д»,,info@tenderguru.ru,https://www.tenderguru.ru/postavshik/11225393/obschestvo-s-ogranichennoy-otvetstvennostyu-kulmbah-d
ООО «Купец»,ООО «Купец»,,miftakhova96@internet.ru,https://www.kupec63.ru/kontakty
ООО «Л-КОМ»,ООО «Л-КОМ»,73412908089,spb@elcomspb.ru,https://www.elcomspb.ru
ООО «Лабиринт-М»,ООО «Лабиринт-М»,74951233406,1022d@mail.ru,https://saby.ru/profile/7727777402-772701001
ООО «Лабиринт.РУ»,ООО «Лабиринт.РУ»,74999209525,rating@mail.ru,https://www.labirint.ru
ООО «Лабомет»,ООО «Лабомет»,74997008890,info@labomet.ru,https://labomet.ru
ООО «Лаборатория Алисы»,ООО «Лаборатория Алисы»,,companycardsfeedback@rbc.ru,https://companies.rbc.ru/id/1227700387738-obschestvo-s-ogranichennoj-otvetstvennostyu-laboratoriya-alisyi
ООО «Лаборатория Гемотест»,ООО «Лаборатория Гемотест»,74955321313,,https://gemotest.ru
ООО «Лаборатория Кардиологии»,ООО «Лаборатория Кардиологии»,74951206300,info@star-pro.ru,https://star-pro.ru/proverka-kontragenta/organization/5167746391357
ООО «Лавка Чудес»,ООО «Лавка Чудес»,,companycardsfeedback@rbc.ru,https://companies.rbc.ru/id/1117746617669-ooo-lavka-chudes
ООО «Лайер»,ООО «Лайер»,74951505286,info@layher-russia.ru,https://layher-russia.ru
ООО «ЛАЙТ»,ООО «ЛАЙТ»,,komplaitsitie@mail.ru,http://lite-city.ru
ООО «ЛАН АТМсервис»,ООО «ЛАН АТМсервис»,,companycardsfeedback@rbc.ru,https://companies.rbc.ru/id/1107746174161-ooo-lan-atmservis
ООО «ЛАН-ПРОЕКТ»,ООО «ЛАН-ПРОЕКТ»,74959261275,forensic@lan-project.ru,https://lan-project.ru
ООО «ЛАНД»,ООО «ЛАНД»,74955545283,lbrc_school8@mosreg.ru,https://lubvasilek49.edumsko.ru
ООО «Лантана»,ООО «Лантана»,74951086914,info@lantana-group.ru,http://lantana-group.ru
ООО «Латекс»,ООО «Латекс»,78003334063,info@latex.ru,https://latex.ru
ООО «Лаун»,ООО «Лаун»,78005505489,launeb2b@gmail.com,https://laune.zov-home.ru
ООО «Лаш Раша»,ООО «Лаш Раша»,,e-shop@lushrussia.ru,https://lushrussia.ru/contact
ООО «ЛВН-Менеджмент»,ООО «ЛВН-Менеджмент»,,employers@dreamjob.ru,https://hh.ru/employer/1823956
ООО «Легенда»,ООО «Легенда»,74957992085,info@legenda-group.ru,https://legenda-group.ru
ООО «Лекос»,ООО «Лекос»,375172840574,akzhan@interfax.kz,https://spark-interfax.ru/vladimirskaya-oblast-vladimir/ooo-lekos-inn-3308003627-ogrn-1033303403209-56ce223ba2fa4d9ba48a4f23381a9c49
ООО «Лентасбыт»,ООО «Лентасбыт»,74951283957,lentasbut@gmail.com,https://lentasbut.ru/kontakty
ООО «Лесная 27»,ООО «Лесная 27»,,companycardsfeedback@rbc.ru,https://companies.rbc.ru/id/1047796716296-ooo-lesnaya-27
ООО «Летний Сад»,ООО «Летний Сад»,78003333828,example@gmail.com,https://companyls.ru/o-nas
ООО «Лигагрупп»,ООО «Лигагрупп»,79780512121,info@ligagroup.shop,https://ligagroup.shop
ООО «Лигард»,ООО «Лигард»,375172840574,akzhan@interfax.kz,https://spark-interfax.ru/moskva-kuntsevo/ooo-ligard-inn-9731070899-ogrn-1207700362320-b15d6146581c3450e053219aa8c04647
ООО «Лидеа Рус»,ООО «Лидеа Рус»,79064995888,aleksandr.avdonkin@lidea-seeds.com,https://lidea-seeds.ru
ООО «Лидер-М»,ООО «Лидер-М»,73433857400,damir@ml-m.ru,https://ml-m.ru
ООО «Лидерфреш»,ООО «Лидерфреш»,,lider@lider-fresh.ru,http://lider-fresh.ru
ООО «Лизинговая Компания Простые Решения»,ООО «Лизинговая Компания Простые Решения»,78002502531,bla@pr-liz.ru,https://pr-liz.ru
ООО «Ликви Моли Руссланд»,ООО «Ликви Моли Руссланд»,,info@liqui-moly.de,https://liquimoly.ru
ООО «Ликон Рус»,ООО «Ликон Рус»,74956607727,info@liconrus.ru,https://liconrus.ru
ООО «Линга Мбр»,ООО «Линга Мбр»,,info@linga.su,https://lingambr.ru
ООО «Линия Защиты»,ООО «Линия Защиты»,,,https://protec-line.ru
ООО «ЛитРес»,ООО «ЛитРес»,,help@litres.ru,https://www.litres.ru/company/about
ООО «Личи Рус»,ООО «Личи Рус»,79096685555,support@lichi.com,https://lichi.com/ru/ru/customer_service/company_details
ООО «ЛМЛ и Ко»,ООО «ЛМЛ и Ко»,,companycardsfeedback@rbc.ru,https://companies.rbc.ru/id/1075009001902-ooo-lml-i-ko
ООО «Лог-Ист»,ООО «Лог-Ист»,74956489064,,https://log-ist.ru
ООО «Логистик-Трейд»,ООО «Логистик-Трейд»,79770004909,info@logist-trade.ru,https://logist-trade.ru
ООО «Логистика КС»,ООО «Логистика КС»,74951206300,info@star-pro.ru,https://star-pro.ru/proverka-kontragenta/organization/1087746982740
ООО «ЛОГИТРАНС ЛОЖИСТИК»,ООО «ЛОГИТРАНС ЛОЖИСТИК»,,,https://b2b24.center/sectors/perevozka-i-ekspedirovanie-gruzov/logitrans-lozhistik-ooo
ООО «Логотранс+»,ООО «Логотранс+»,78007077974,zakaz@logotrans74.ru,https://logotrans74.ru
ООО «Логро Групп»,ООО «Логро Групп»,,companycardsfeedback@rbc.ru,https://companies.rbc.ru/id/1077760630188-ooo-obschestvo-s-ogranichennoj-otvetstvennostyu-logro-grupp
ООО «ЛОДЕ»,ООО «ЛОДЕ»,74955140919,,https://lacoste.ru/info/public-offer
ООО «Локотех-Сервис»,ООО «Локотех-Сервис»,,info@locotech.ru,https://www.locotech.ru
ООО «Лоция»,ООО «Лоция»,74957302320,:mail@doverie.msk.ru,https://loodsen.ru
ООО «ЛСВ Трейд»,ООО «ЛСВ Трейд»,375172840574,akzhan@interfax.kz,https://spark-interfax.ru/moskva-kommunarka/ooo-lsv-treid-inn-7708726681-ogrn-1107746717814-1e38837a38d045dbbeeb6ed5453447ae
ООО «Луис+офис»,ООО «Луис+офис»,,ebc295f2ca4e358120aa889ab6ce5022@s4b2b.luis.ru,https://luis.ru/contacts
ООО «Лукойл-Маринбункер»,ООО «Лукойл-Маринбункер»,,card_1@2x.png,https://www.rusprofile.ru/id/10806268
ООО «Лукойл-Резервнефтепродукт-Трейдинг»,ООО «Лукойл-Резервнефтепродукт-Трейдинг»,,lrnpt@lukoil.com,https://trading.lukoil.ru
ООО «Лукойл-Технологии»,ООО «Лукойл-Технологии»,74959832713,luktech@lukoil.com,https://technologies.lukoil.ru
ООО «Лунатрейдгрупп»,ООО «Лунатрейдгрупп»,375172840574,akzhan@interfax.kz,https://spark-interfax.ru/moskva-presnenski/ooo-lunatreidgrupp-inn-5003127460-ogrn-1185027006251-683515c1a5a938ebe0531b9aa8c0a325
ООО «Люблино Девелопмент»,ООО «Люблино Девелопмент»,74997059141,adv@novostroy-m.ru,https://www.novostroy-m.ru/kompanii/lyublino_development
ООО «М Кран»,ООО «М Кран»,74993904949,m-kran@m-kran.ru,https://m-kran.ru
ООО «М Партс»,ООО «М Партс»,,d.egorov@v01.ru,https://v01.ru
ООО «М-Логистик»,ООО «М-Логистик»,74953630950,abrashkin@mlogistic.ru,https://mlogistic.ru
ООО «М-Промтех»,ООО «М-Промтех»,,companycardsfeedback@rbc.ru,https://companies.rbc.ru/id/1167746745319-ooo-obschestvo-s-ogranichennoj-otvetstvennostyu-m-promteh
ООО «Маввел»,ООО «Маввел»,375172840574,akzhan@interfax.kz,https://spark-interfax.ru/moskva-yuzhnoe-butovo/ooo-mavvel-inn-7702409157-ogrn-5167746332397-70708006dbbd414586ac413dd9b56013
ООО «Магистраль-Юг»,ООО «Магистраль-Юг»,78632800633,info@magistral-ug.com,http://magistral.msk.ru
ООО «Магистраль»,ООО «Магистраль»,,magistral_kms@mail.ru,https://magistral-kms.ru
ООО «Магнус Трейд»,ООО «Магнус Трейд»,,companycardsfeedback@rbc.ru,https://companies.rbc.ru/id/1217700554510-obschestvo-s-ogranichennoj-otvetstvennostyu-magnus-trejd
ООО «Мажор Групп»,ООО «Мажор Групп»,79647742162,mail@trade-group.su,http://trade-group.su
ООО «Майер Групп»,ООО «Майер Групп»,,anapa@maergroup.ru,https://maergroup.ru
ООО «МАКИТА»,ООО «МАКИТА»,74951338234,sales@makitarussia.ru,https://makitarussia.ru
ООО «Макс Петролеум Сервис»,ООО «Макс Петролеум Сервис»,74951086860,a.kostylev@mpservices.ru,https://www.mpservices.ru/kontakty
ООО «Максимум»,ООО «Максимум»,79159864482,9864482@mail.ru,https://www.ooo-maksimum.ru
ООО «Макситраст»,ООО «Макситраст»,,1242@sds-consult.ru,https://www.list-org.com/company/7842827
ООО «Манежная площадь»,ООО «Манежная площадь»,,companycardsfeedback@rbc.ru,https://companies.rbc.ru/id/1067760140150-ooo-obschestvo-s-ogranichennoj-otvetstvennostyu-manezhnaya-ploschad
ООО «Марад»,ООО «Марад»,,companycardsfeedback@rbc.ru,https://companies.rbc.ru/id/5107746022401-ooo-obschestvo-s-ogranichennoj-otvetstvennostyu-marad
ООО «МАРКЕТ ГРУПП»,ООО «МАРКЕТ ГРУПП»,,info@market-groups.ru,https://market-groups.ru
ООО «Маркет-Тв»,ООО «Маркет-Тв»,,companycardsfeedback@rbc.ru,https://companies.rbc.ru/id/5177746148322-ooo-market-tv
ООО «Маркетинг Групп»,ООО «Маркетинг Групп»,375172840574,akzhan@interfax.kz,https://spark-interfax.ru/moskva-ryazanski/ooo-marketing-grupp-inn-7733907025-ogrn-1147748030649-40bb79303bbc44928ca2c6469e7d131e
ООО «Март Трейдинг»,ООО «Март Трейдинг»,375172840574,akzhan@interfax.kz,https://spark-interfax.ru/moskva-danilovski/ooo-mart-treiding-inn-7709197039-ogrn-1027739184351-729b366556144760a9e40529e9681454
ООО «Марубени Раббер Рус»,ООО «Марубени Раббер Рус»,375172840574,akzhan@interfax.kz,https://spark-interfax.ru/moskva-presnenski/ooo-marubeni-rabber-rus-inn-7703468839-ogrn-5187746017113-7da8ad7f281525d5e0531b9aa8c05394
ООО «Массимо Дутти»,ООО «Массимо Дутти»,375172840574,akzhan@interfax.kz,https://spark-interfax.ru/moskva-presnenski/ooo-massimo-dutti-inn-7717555256-ogrn-1067746461144-17f4ba75705442508a0ac19b218c5c73
ООО «Мегаполис»,ООО «Мегаполис»,,corp@gkm.ru,https://www.gkm.ru
ООО «Медиа Инстинкт Баинг Сервис»,ООО «Медиа Инстинкт Баинг Сервис»,74959377722,reception@mediainstinctgroup.ru,https://mediainstinctgroup.ru
ООО «Металлоломная Компания ОМК-ЭкоМеталл»,ООО «Металлоломная Компания ОМК-ЭкоМеталл»,79231555000,hello@resosearch.ru,https://resosearch.ru
ООО «МЕТРО Кэш энд Керри»,ООО «МЕТРО Кэш энд Керри»,74955021009,acquisition.store10@metro.com.ru,https://metro-cc.ru
ООО «по Атлант»,ООО «по Атлант»,73833358169,akhrustaleva@atlant-rail.ru,https://www.atlant-rail.ru
ООО «Промышленно-финансовая компания»,ООО «Промышленно-финансовая компания»,74959010250,info@p-f-k.pro,https://p-f-k.pro/about
ООО «Пятнадцатый Ветропарк Фрв»,ООО «Пятнадцатый Ветропарк Фрв»,,,https://frwd.energy/ooo-vetroparki-frv
ООО «Регион Финансовые Услуги»,ООО «Регион Финансовые Услуги»,,reception@region.ru,https://www.region.ru
ООО «Телеканал ТВ3»,ООО «Телеканал ТВ3»,74959374039,info@tv3.ru,https://tv3.ru
ООО «Теплоком»,ООО «Теплоком»,78002500303,sales@teplocom-sale.ru,https://teplocom-sale.ru
ООО «ТЗК АЭРОФЬЮЭЛЗ»,ООО «ТЗК АЭРОФЬЮЭЛЗ»,,int@aerofuels.ru,https://www.aerofuels.ru
ООО «Торговый Дом Агроинновация»,ООО «Торговый Дом Агроинновация»,74997077592,info@agriinnov.ru,https://agroinnov.ru
ООО «Торговый Дом АДЛ»,ООО «Торговый Дом АДЛ»,375173542542,beeval@adl.ru,https://adl.ru
ООО «Торговый Дом Атентус»,ООО «Торговый Дом Атентус»,,born1960@yandex.ru,https://www.atentus.ru
ООО «Торговый Дом БМЗ»,ООО «Торговый Дом БМЗ»,,mail@sssu.ru,http://www.sssu.ru
ООО «Торговый Дом Вентз»,ООО «Торговый Дом Вентз»,74951511655,client-logo-26@2x.png,https://tdventz.ru
ООО «Торговый Дом Декотек»,ООО «Торговый Дом Декотек»,,almaty@dekotech.kz,https://www.dekotech.ru
ООО «Торговый Дом Кварта-Сталь»,ООО «Торговый Дом Кварта-Сталь»,,abuga@tdqs.ru,http://www.tdqs.ru
ООО «Торговый Дом Компания Дефендер»,ООО «Торговый Дом Компания Дефендер»,79652472535,info@defender.ru,https://defender.ru
ООО «Торговый Дом Ликви Моли Руссланд»,ООО «Торговый Дом Ликви Моли Руссланд»,,info@liqui-moly.de,https://liquimoly.ru
ООО «Торговый Дом Логос»,ООО «Торговый Дом Логос»,73832011003,dir0002@logos-group.ru,https://shop.logos-group.ru
ООО «Торговый Дом Платформа»,ООО «Торговый Дом Платформа»,,info@platformatd.ru,https://fn.platformatd.ru
ООО «Торговый Дом Ряжский Авторемонтный Завод»,ООО «Торговый Дом Ряжский Авторемонтный Завод»,74913230256,adm@rarz.ru,https://www.rarz.ru
ООО «Торговый Дом Самори»,ООО «Торговый Дом Самори»,375172840574,akzhan@interfax.kz,https://spark-interfax.ru/moskva-yuzhnoe-butovo/ooo-td-samori-inn-5009106579-ogrn-1165009054044-d46c554efd7e46789b53fc308afadb75
ООО «Торговый Дом Сибирь»,ООО «Торговый Дом Сибирь»,73822609191,admin@tdsib.com,https://hozcity.ru/tdsib/?srsltid=AfmBOopCPRy7pXgrnE7BqawK-uo939U08T3uzqMitWnN6rETw-2naMrt
ООО «Торговый Дом Солада»,ООО «Торговый Дом Солада»,74996486584,remont@klavtorg.ru,https://klavtorg.ru/?srsltid=AfmBOopAD2rcOxCuEJHzI0XckVBhuzcvtvVRmaMatJmngNsQWJNwY4uP
ООО «Торговый Дом СПК»,ООО «Торговый Дом СПК»,375172840574,akzhan@interfax.kz,https://spark-interfax.ru/sakhalinskaya-oblast-yuzhno-sakhalinsk/ooo-spk-inn-6500004244-ogrn-1226500003124-e36b9cb78b4863a3e053259aa8c0e78f
ООО «Торговый Дом Техника Для Склада»,ООО «Торговый Дом Техника Для Склада»,73433111066,ekb@tdtds.ru,https://www.tdtds.ru
ООО «Торговый Дом Тоскана»,ООО «Торговый Дом Тоскана»,74956493242,126@toscana-design.ru,https://toscana-design.ru/?srsltid=AfmBOop6Esvmy9krE7BCZ1E_zX26f07-Fnpx7B9zfJz5hvZKIaRKMYXu
ООО «Торговый Дом Эко-Культура»,ООО «Торговый Дом Эко-Культура»,,comm_dep@apheco.ru,https://aph-ecoculture.ru
ООО «Торговый комплекс «Водный»,ООО «Торговый комплекс «Водный»,74956624572,,https://vodny-mall.ru
ООО «Торгсервис»,ООО «Торгсервис»,74951507792,mail@torgservicegroup.ru,https://torgservicegroup.ru
ООО «Торгхаус»,ООО «Торгхаус»,79266182009,example@site.com,https://torg-house.ru
ООО «ТОРЭКС»,ООО «ТОРЭКС»,78001004505,1154155@mail.ru,https://torex.ru
ООО «Точная Сумма»,ООО «Точная Сумма»,,companycardsfeedback@rbc.ru,https://companies.rbc.ru/id/1177746564159-ooo-tochnaya-summa
ООО «ТПК «Орион»,ООО «ТПК «Орион»,375172840574,akzhan@interfax.kz,https://spark-interfax.ru/moskva-danilovski/ooo-tpk-orion-inn-7725495096-ogrn-1187746657988-7101b2110dda5df1e0531b9aa8c0e518
ООО «ТПК Мебельная компания»,ООО «ТПК Мебельная компания»,74957774860,email@mail.com,https://www.safe.ru/contacts/1816
ООО «ТПК Промаэротехника»,ООО «ТПК Промаэротехника»,74952313150,info@tdpat.ru,https://tdpat.ru
ООО «Транс Сервис»,ООО «Транс Сервис»,74952761357,polyak@ost-terminal.ru,https://trans-service.info
ООО «ТрансЛес»,ООО «ТрансЛес»,74957716038,,https://transles.ru
ООО «Трансмагистральстрой»,ООО «Трансмагистральстрой»,74950294839,aia@tmsmsk.ru,https://checko.ru/company/transmagistralstroy-1167746734979
ООО «Трансстроймеханизация»,ООО «Трансстроймеханизация»,,card_1@2x.png,https://www.rusprofile.ru/id/4366414
ООО «УК Национального коневодческого союза»,ООО «УК Национального коневодческого союза»,,card_1@2x.png,https://www.rusprofile.ru/id/598439
ООО «Управление Снабжения Транспортного Строительства»,ООО «Управление Снабжения Транспортного Строительства»,78005553910,sales@kubanpneumatic.ru,http://kubanpneumatic.ru
ООО «Фарверк»,ООО «Фарверк»,,card_1@2x.png,https://www.rusprofile.ru/id/1217700301631
ООО «Хиквижн»,ООО «Хиквижн»,,card_1@2x.png,https://www.rusprofile.ru/id/7458004
ООО «Цифровая Логистика»,ООО «Цифровая Логистика»,,card_1@2x.png,https://www.rusprofile.ru/id/11365324
ООО «Эксист-Закупка»,ООО «Эксист-Закупка»,,card_1@2x.png,https://www.rusprofile.ru/id/10856209
ООО «ЭНКА ТЦ»,ООО «ЭНКА ТЦ»,78632750463,stroysnabgrupp.rostov@mail.ru,https://stroysnabgrupp.ru
ООО «Энки Констракшн»,ООО «Энки Констракшн»,,card_1@2x.png,https://www.rusprofile.ru/id/11075080
ООО «ЭСАБ»,ООО «ЭСАБ»,,card_1@2x.png,https://www.rusprofile.ru/id/4195568
ООО «Юпитер»,ООО «Юпитер»,,card_1@2x.png,https://www.rusprofile.ru/id/3521094
ООО «ЮСИДЖИ»,ООО «ЮСИДЖИ»,,card_1@2x.png,https://www.rusprofile.ru/id/2458197
ООО Авиапредприятие «Газпром авиа»,ООО Авиапредприятие «Газпром авиа»,,card_1@2x.png,https://www.rusprofile.ru/id/1879039
ООО ГаваньГавань-пространство для Ваших мероприятий,ООО ГаваньГавань-пространство для Ваших мероприятий,79268490989,,https://www.loft2rent.ru/loft/207390/207397
ООО КРОСТ-ДН2Невский Холл,ООО КРОСТ-ДН2Невский Холл,79295313592,,https://www.loft2rent.ru/loft/208383/208385
ООО Специализированный Застройщик «Нагатинский Парк»,ООО Специализированный Застройщик «Нагатинский Парк»,,card_1@2x.png,https://www.rusprofile.ru/id/10249732
ООО ТК «Софийская»,ООО ТК «Софийская»,,card_1@2x.png,https://www.rusprofile.ru/id/7618025
ОптимистыОптимисты,ОптимистыОптимисты,79917403191,,https://www.loft2rent.ru/loft/98810/98920
ОрденАнтарес,ОрденАнтарес,79099991836,,https://www.loft2rent.ru/loft/88187/116614
ОрденОРДЕН,ОрденОРДЕН,79099991836,,https://www.loft2rent.ru/loft/88187/88191
Орлеан,Орлеан,78126067020,,https://www.loft2rent.ru/loft/169051
Оружейный лофт КАРБОН,Оружейный лофт КАРБОН,79584973975,,https://www.reveltime.ru/venue/8500393?eventtype=vecherinka
Оружейный лофт КАРБОН с аэрохоккеем,Оружейный лофт КАРБОН с аэрохоккеем,79777816590,,https://www.loft2rent.ru/loft/108186
ОсноваОсноваLOFT,ОсноваОсноваLOFT,79221563034,,https://www.loft2rent.ru/loft/163461/163463
Основной зал,Основной зал,79296303019,,https://www.loft2rent.ru/loft/5676
Особняк 400 м² для частных мероприятий на Чистых прудах,Особняк 400 м² для частных мероприятий на Чистых прудах,79175091916,,https://www.loft2rent.ru/loft/74665
Особняк DOM,Особняк DOM,79112600880,,https://www.loft2rent.ru/loft/102030/102263
Особняк на Малой Ордынке,Особняк на Малой Ордынке,79250967004,,https://www.loft2rent.ru/loft/174058/174182
Особняк Рябушинского,Особняк Рябушинского,74956099520,aleksey.popov@pushkinmuseum.art,https://pushkinmuseum.art
Особняк Сухозанета (Дом Журналиста)Конференц-зал,Особняк Сухозанета (Дом Журналиста)Конференц-зал,79214004900,,https://www.loft2rent.ru/loft/162722/162750
Остафьево,Остафьево,,info@ostafyevomuseum.ru,https://ostafyevomuseum.ru
Отдельный VIP-зал караоке №1 Semenov в Столешниковом переулке,Отдельный VIP-зал караоке №1 Semenov в Столешниковом переулке,74991163697,,https://www.loft2rent.ru/loft/103317
Отдельный VIP-зал караоке №1 на Пресне,Отдельный VIP-зал караоке №1 на Пресне,74991163697,,https://www.loft2rent.ru/loft/103317
Отдельный VIP-зал караоке №1 на Цветном,Отдельный VIP-зал караоке №1 на Цветном,74991163697,,https://www.loft2rent.ru/loft/103317
Отдельный VIP-зал караоке №2 Semenov в Столешниковом переулке,Отдельный VIP-зал караоке №2 Semenov в Столешниковом переулке,74991163697,,https://www.loft2rent.ru/loft/103317
Отдельный VIP-зал караоке №2 на Китай-городе,Отдельный VIP-зал караоке №2 на Китай-городе,74991163697,,https://www.loft2rent.ru/loft/103317
Отдельный VIP-зал караоке №2 на Пресне,Отдельный VIP-зал караоке №2 на Пресне,74991163697,,https://www.loft2rent.ru/loft/103317
Отдельный VIP-зал караоке №2 на Цветном,Отдельный VIP-зал караоке №2 на Цветном,74991163697,,https://www.loft2rent.ru/loft/103317
Отдельный VIP-зал караоке №3 Semenov в Столешниковом переулке,Отдельный VIP-зал караоке №3 Semenov в Столешниковом переулке,74991163697,,https://www.loft2rent.ru/loft/103317
Отдельный VIP-зал караоке №3 на Новослободской,Отдельный VIP-зал караоке №3 на Новослободской,74991163697,,https://www.loft2rent.ru/loft/103317
Отдельный VIP-зал караоке №3 на Пресне,Отдельный VIP-зал караоке №3 на Пресне,74991163697,,https://www.loft2rent.ru/loft/103317
Отдельный VIP-зал караоке №3 на Цветном,Отдельный VIP-зал караоке №3 на Цветном,74991163697,,https://www.loft2rent.ru/loft/103317
Отдельный VIP-зал караоке №4 Semenov в Столешниковом переулке,Отдельный VIP-зал караоке №4 Semenov в Столешниковом переулке,74991163697,,https://www.loft2rent.ru/loft/103317
Отдельный VIP-зал караоке №4 на Китай-городе,Отдельный VIP-зал караоке №4 на Китай-городе,74991163697,,https://www.loft2rent.ru/loft/103317
Отдельный VIP-зал караоке №4 на Новослободской,Отдельный VIP-зал караоке №4 на Новослободской,74991163697,,https://www.loft2rent.ru/loft/103317
Отдельный VIP-зал караоке №5 Semenov в Столешниковом переулке,Отдельный VIP-зал караоке №5 Semenov в Столешниковом переулке,74991163697,,https://www.loft2rent.ru/loft/103317
Отдельный VIP-зал караоке №5 на Китай городе,Отдельный VIP-зал караоке №5 на Китай городе,74991163697,,https://www.loft2rent.ru/loft/103317
Отдельный VIP-зал караоке №6 на Новослободской,Отдельный VIP-зал караоке №6 на Новослободской,74991163697,,https://www.loft2rent.ru/loft/103317
Отдельный VIP-зал караоке №7 на Новослободской,Отдельный VIP-зал караоке №7 на Новослободской,74991163697,,https://www.loft2rent.ru/loft/103317
Отдельный VIP-зал караоке №8 на Новослободской,Отдельный VIP-зал караоке №8 на Новослободской,74991163697,,https://www.loft2rent.ru/loft/103317
Отдых в МосквеРетро лофт на тургеневской,Отдых в МосквеРетро лофт на тургеневской,79778380164,,https://www.loft2rent.ru/loft/141007/141148
Отдых на воде АэлитаАренда лаундж зоны в Подмосковье,Отдых на воде АэлитаАренда лаундж зоны в Подмосковье,79031885655,,https://www.loft2rent.ru/loft/199967/199986
Отдых на воде АэлитаАренда лофта с баней ПарХод,Отдых на воде АэлитаАренда лофта с баней ПарХод,79031885655,,https://www.loft2rent.ru/loft/199967/201078
Отдых на воде АэлитаПлощадка для свадьбы у воды Порт пяти морей,Отдых на воде АэлитаПлощадка для свадьбы у воды Порт пяти морей,79031885655,,https://www.loft2rent.ru/loft/199967/199973
"Отель ""40-й меридиан Яхт-Клуб""","Отель ""40-й меридиан Яхт-Клуб""",74966152027,,https://www.loft2rent.ru/loft/107724/108112
"Отель ""40-й меридиан Яхт-Клуб""Зал ""Адмиральский""","Отель ""40-й меридиан Яхт-Клуб""Зал ""Адмиральский""",74966152027,,https://www.loft2rent.ru/loft/107724/108117
"Отель ""40-й меридиан Яхт-Клуб""Зал ""Речной""","Отель ""40-й меридиан Яхт-Клуб""Зал ""Речной""",74966152027,,https://www.loft2rent.ru/loft/107724/108119
"Отель ""Сретенская"" Зал ""Пушкарев""","Отель ""Сретенская"" Зал ""Пушкарев""",74959335544,,https://www.loft2rent.ru/loft/72485/72487
"Отель ""Сретенская""Зал ""Русский""","Отель ""Сретенская""Зал ""Русский""",74959335544,,https://www.loft2rent.ru/loft/72485/116921
Отель ApeironSpace,Отель ApeironSpace,,,https://ostrovok.ru/hotel/russia/moscow/mid10627179/apeironspace_hotel
Отель Arium by Brosko,Отель Arium by Brosko,,,https://ostrovok.ru/hotel/russia/moscow/mid8745790/arium_hotel
Отель Artiland,Отель Artiland,,,https://ostrovok.ru/hotel/russia/moscow/mid7967097/arti_land
Отель Astrus,Отель Astrus,,,https://ostrovok.ru/hotel/russia/moscow/mid7467913/astrus_hotel
Отель Avshar,Отель Avshar,,,https://ostrovok.ru/hotel/russia/moscow/mid8455144/avshar_club_hotel_3
Отель Barin Residence Grand&Myasnitskaya,Отель Barin Residence Grand&Myasnitskaya,,,https://ostrovok.ru/hotel/russia/moscow/mid9157844/barin_residence_grand
Отель Barvikha Hotel&SPA,Отель Barvikha Hotel&SPA,,,https://ostrovok.ru/hotel/russia/moscow/mid7404974/barvikha_otel_i_spa
Отель Brosko Moscow,Отель Brosko Moscow,,,https://ostrovok.ru/hotel/russia/moscow/mid8854267/hotel_brosko
Отель Cosmos Selection Москва Арбат,Отель Cosmos Selection Москва Арбат,,,https://ostrovok.ru/hotel/russia/moscow/mid13369156/hotel_cosmos_selection_moscow_arbat
Отель Cosmos Selection Москва Внуково Спорт Отель,Отель Cosmos Selection Москва Внуково Спорт Отель,,,https://ostrovok.ru/hotel/russia/moscow/mid13866274/hotel_kosmos_selekshn_moskva_vnukovo_sport_hotel
Отель Cosmos Москва Павелецкая,Отель Cosmos Москва Павелецкая,,,https://ostrovok.ru/hotel/russia/moscow/mid7765017/courtyard_by_marriott_moscow_paveletskaya_hotel
Отель DoubleTree Москва Арбат,Отель DoubleTree Москва Арбат,,,https://ostrovok.ru/hotel/russia/moscow/mid9989265/doubletree_by_hilton_moscow_arbat
Отель East Gate,Отель East Gate,,,https://ostrovok.ru/hotel/russia/moscow/mid7778713/east_gate_hotel
Отель Edge Seligerskaya Moscow,Отель Edge Seligerskaya Moscow,74956450000,,https://edgeseligerskaya.ru
Отель Edge Vinogradovo Moscow,Отель Edge Vinogradovo Moscow,74956450002,,https://edgevinogradovo.ru
Отель Garden Embassy,Отель Garden Embassy,,,https://ostrovok.ru/hotel/russia/moscow/mid6344236/garden_embassy_apartments
Отель Gentalion,Отель Gentalion,,,https://ostrovok.ru/hotel/russia/moscow/mid7779256/otel_gentalion
Отель Glenver Garden,Отель Glenver Garden,,,https://ostrovok.ru/hotel/russia/moscow/mid11236308/glenver_garden_paveletskaya_hotel
Отель Grand Wellness Hotel & Spa 5*,Отель Grand Wellness Hotel & Spa 5*,,,https://ostrovok.ru/hotel/russia/moscow/mid7999298/novahoff_geospa
Отель Hampton by Hilton Moscow Рогожский вал,Отель Hampton by Hilton Moscow Рогожский вал,,,https://ostrovok.ru/hotel/russia/moscow/mid9770069/hampton_by_hilton_moscow_rogozhsky_val
Отель Hartwell,Отель Hartwell,,,https://ostrovok.ru/hotel/russia/moscow/mid8735752/ooo_hartvel_hotel
Отель Hilton Москва Ленинградская,Отель Hilton Москва Ленинградская,,,https://ostrovok.ru/hotel/russia/moscow/mid7601804/gostinitsa_khilton_leningradskaia
Отель Hyatt Regency Moscow Petrovsky Park,Отель Hyatt Regency Moscow Petrovsky Park,74954791234,,https://hyatt.com
Отель Magic Harp,Отель Magic Harp,,,https://ostrovok.ru/hotel/russia/moscow/mid11020434/magic_harp_hotel
Отель Maidens Hotel,Отель Maidens Hotel,,,https://ostrovok.ru/hotel/russia/moscow/mid13100159/hotel_maidens_hotel
Отель Malakhovka Palace,Отель Malakhovka Palace,,,https://ostrovok.ru/hotel/russia/moscow/mid13075160/malakhovka_palace_hotel
Отель Marco Polo by Moss Hospitality,Отель Marco Polo by Moss Hospitality,,,https://ostrovok.ru/hotel/russia/moscow/mid7467371/otel_marko_polo_presnia
Отель Marins Москва Пражская,Отель Marins Москва Пражская,,,https://ostrovok.ru/hotel/russia/moscow/mid13330344/marins_park_hotel_moskva_prazhskaya_hotel
Отель Mercure Арбат Москва,Отель Mercure Арбат Москва,,,https://ostrovok.ru/hotel/russia/moscow/mid7796014/mercure_arbat_moscow
Отель Mercure Москва Бауманская,Отель Mercure Москва Бауманская,,,https://ostrovok.ru/hotel/russia/moscow/mid8142740/mercure_moscow_baumanskaya
Отель Mercure Москва Павелецкая,Отель Mercure Москва Павелецкая,,,https://ostrovok.ru/hotel/russia/moscow/mid8326248/mercure_moscow_paveletskaya_2
Отель Moscow Holiday,Отель Moscow Holiday,,,https://ostrovok.ru/hotel/russia/moscow/mid8664628/moscow_holiday_hotel
Отель Movenpiсk Москва Таганская,Отель Movenpiсk Москва Таганская,,,https://ostrovok.ru/hotel/russia/moscow/mid9260139/movenpick_moscow_taganskaya
Отель MYS BOUTIQUE HOTEL,Отель MYS BOUTIQUE HOTEL,,,https://ostrovok.ru/hotel/russia/moscow/mid10674888/mys_boutiqueotel
Отель Norke Prime Бауманская,Отель Norke Prime Бауманская,,,https://ostrovok.ru/hotel/russia/moscow/mid11161354/norke_prime_baumanskaya_hotel
Отель Norke Prime Курская,Отель Norke Prime Курская,,,https://ostrovok.ru/hotel/russia/moscow/mid10272479/hotel_norke_prime_kurskaya
Отель Novotel Москва Аэропорт Шереметьево,Отель Novotel Москва Аэропорт Шереметьево,,,https://ostrovok.ru/hotel/russia/moscow/mid7590072/novotel_moskva_sheremetevo
Отель Novotel Москва Сити,Отель Novotel Москва Сити,,,https://ostrovok.ru/hotel/russia/moscow/mid7620527/novotel_moscow_city_hotel
Отель Novotel Москва Центр,Отель Novotel Москва Центр,,,https://ostrovok.ru/hotel/russia/moscow/mid7806857/novotel_moskva_tsentr
Отель Palmira Art,Отель Palmira Art,,,https://ostrovok.ru/hotel/russia/moscow/mid13287330/palmira_art_hotel
Отель Pentahotel Moscow Arbat,Отель Pentahotel Moscow Arbat,,,https://ostrovok.ru/hotel/russia/moscow/mid8869717/pentahotel_moscow_arbat
"Отель Radisson Blu Ленинский проспект, Москва","Отель Radisson Blu Ленинский проспект, Москва",,,https://ostrovok.ru/hotel/russia/moscow/mid10621095/hotel_radisson_blu_leninsky_prospect_hotel_moscow
Отель Ribella,Отель Ribella,,,https://ostrovok.ru/hotel/russia/moscow/mid8846991/ribella
Отель Riverside,Отель Riverside,,,https://ostrovok.ru/hotel/russia/moscow/mid8737742/riverside_hotel_40
Отель S7 Hotel,Отель S7 Hotel,,,https://ostrovok.ru/hotel/russia/moscow/mid10055706/s7_hotel_domodedovo
Отель Sadovnicheskaya City Center,Отель Sadovnicheskaya City Center,,,https://ostrovok.ru/hotel/russia/moscow/mid9997889/sadovnicheskaya_city_center_2
Отель Silky Way,Отель Silky Way,,,https://ostrovok.ru/hotel/russia/moscow/mid7379349/butikotel_shelkovyi_put
Отель SK Royal Москва,Отель SK Royal Москва,,,https://ostrovok.ru/hotel/russia/moscow/mid7815497/skroyal_hotel
Отель Skypoint Gamma Delta Alfa,Отель Skypoint Gamma Delta Alfa,,,https://ostrovok.ru/hotel/russia/moscow/mid7770271/skypoint_hotel
Отель Soluxe Hotel Moscow,Отель Soluxe Hotel Moscow,74951392020,,https://soluxehotelmoscow.com
Отель Spektrcity Taganskaya,Отель Spektrcity Taganskaya,,,https://ostrovok.ru/hotel/russia/moscow/mid11024207/spektrcity_taganskaya_hotel
Отель Sunflower Внуково ZONT Hotel Group,Отель Sunflower Внуково ZONT Hotel Group,,,https://ostrovok.ru/hotel/russia/moscow/mid8748293/inside_moskovskiy
Отель Sunflower Румянцево ZONT Hotel Group,Отель Sunflower Румянцево ZONT Hotel Group,,,https://ostrovok.ru/hotel/russia/moscow/mid7770730/otel_insaidbiznes
Отель Swissotel Красные Холмы,Отель Swissotel Красные Холмы,,,https://ostrovok.ru/hotel/russia/moscow/mid7590804/swissotel_krasnye_holmy
Отель The St. Regis Moscow Nikolskaya,Отель The St. Regis Moscow Nikolskaya,74959677776,,https://stregis.com
Отель V Hotel Tverskaya,Отель V Hotel Tverskaya,,,https://ostrovok.ru/hotel/russia/moscow/mid9080044/vhotel_tverskaya
Отель Veshki Park,Отель Veshki Park,,,https://ostrovok.ru/hotel/russia/moscow/mid6580436/veshki_park_hotel
Отель Viewpoint Hotel,Отель Viewpoint Hotel,,,https://ostrovok.ru/hotel/russia/moscow/mid8878179/balchug_viewpoint_hotel
Отель WineWood Moscow,Отель WineWood Moscow,,,https://ostrovok.ru/hotel/russia/moscow/mid8854262/winewood_moscow_lounge_hotel
"Отель «Рихтер», участник Design Hotels","Отель «Рихтер», участник Design Hotels",,,https://ostrovok.ru/hotel/russia/moscow/mid8939679/richter_2
Отель Акварель,Отель Акварель,,,https://ostrovok.ru/hotel/russia/moscow/mid7378024/akvarel_hotel
Отель Альянс Бородино,Отель Альянс Бородино,,,https://ostrovok.ru/hotel/russia/moscow/mid7599836/borodino_hotel
Отель Амато,Отель Амато,,,https://ostrovok.ru/hotel/russia/moscow/mid10470292/amato_hotel
Отель Амбассадори,Отель Амбассадори,,,https://ostrovok.ru/hotel/russia/moscow/mid7464651/kebur_palace_2
"Отель Арт Москва, ZONT Hotel Group","Отель Арт Москва, ZONT Hotel Group",,,https://ostrovok.ru/hotel/russia/moscow/mid8748812/art_moskva_hotel
Отель Арткорт Москва Центр,Отель Арткорт Москва Центр,,,https://ostrovok.ru/hotel/russia/moscow/mid7597525/courtyard_by_marriott_moscow_city_center
Отель Астро Плаза,Отель Астро Плаза,,,https://ostrovok.ru/hotel/russia/moscow/mid9091582/astro_plaza_hotel
Отель Балчуг Кемпински Москва,Отель Балчуг Кемпински Москва,,,https://ostrovok.ru/hotel/russia/moscow/mid7590814/hotel_baltschug_kempinski_moscow
Отель Билибин Гарден Москва,Отель Билибин Гарден Москва,,,https://ostrovok.ru/hotel/russia/moscow/mid8660992/otel_troika_moskva
Отель Борис Годунов,Отель Борис Годунов,,,https://ostrovok.ru/hotel/russia/moscow/mid6431725/otel_godunov
Отель Будапешт,Отель Будапешт,,,https://ostrovok.ru/hotel/russia/moscow/mid7467391/otel_budapesht
Отель в Центре Гимнастики Ирины Винер-Усмановой,Отель в Центре Гимнастики Ирины Винер-Усмановой,,,https://ostrovok.ru/hotel/russia/moscow/mid10613300/v_tsentre_gimnastiki_iriny_vinerusmanovoy_hotel
Отель В.60,Отель В.60,,,https://ostrovok.ru/hotel/russia/moscow/mid9823318/b60_hotel
Отель Ваш Салют Апарт,Отель Ваш Салют Апарт,,,https://ostrovok.ru/hotel/russia/moscow/mid11176521/salyut_aparthotel
Отель Вега Измайлово,Отель Вега Измайлово,,,https://ostrovok.ru/hotel/russia/moscow/mid7467768/best_western_vega_hotel
Отель Везендорф ВДНХ,Отель Везендорф ВДНХ,,,https://ostrovok.ru/hotel/russia/moscow/mid6945292/hotel_wesendorf
Отель Веллион Смоленский,Отель Веллион Смоленский,,,https://ostrovok.ru/hotel/russia/moscow/mid13297596/boutique_hotel_vellion_smolenskiy
Отель Веллион Сухаревский,Отель Веллион Сухаревский,,,https://ostrovok.ru/hotel/russia/moscow/mid9078221/vellion_sukharevsky
Отель Волынское Конгресс-Парк,Отель Волынское Конгресс-Парк,,,https://ostrovok.ru/hotel/russia/moscow/mid7590591/congresspark_volynskoe_2
Отель Воронцовский,Отель Воронцовский,,,https://ostrovok.ru/hotel/russia/moscow/mid7724453/vorontsovsky_hotel
Отель Времена Года,Отель Времена Года,,,https://ostrovok.ru/hotel/russia/moscow/mid7029613/vremena_goda_2
Отель Городской Malvida,Отель Городской Malvida,,,https://ostrovok.ru/hotel/russia/moscow/mid8734795/malvida_hotel
Отель Гостиница Скайвью Сити,Отель Гостиница Скайвью Сити,,,https://ostrovok.ru/hotel/russia/moscow/mid7058678/status_hotel_5
Отель Графский,Отель Графский,,,https://ostrovok.ru/hotel/russia/moscow/mid8660400/hotel_grafskij
Отель Грегори,Отель Грегори,,,https://ostrovok.ru/hotel/russia/moscow/mid13647491/gregori_hotel
Отель Дворец Ирины Винер,Отель Дворец Ирины Винер,,,https://ostrovok.ru/hotel/russia/moscow/mid9721453/dvorets_gimnastiki_irinyi_vinerusmanovoj_hotel
Отель Де Пари,Отель Де Пари,,,https://ostrovok.ru/hotel/russia/moscow/mid7681565/otel_de_pari
Отель Дельта Измайлово,Отель Дельта Измайлово,,,https://ostrovok.ru/hotel/russia/moscow/mid7402133/otel_izmailovo_delta
Отель Дизайн Сенатор,Отель Дизайн Сенатор,,,https://ostrovok.ru/hotel/russia/moscow/mid8877301/senator_hotel_8
Отель Загородный комплекс Видная Усадьба.,Отель Загородный комплекс Видная Усадьба.,,,https://ostrovok.ru/hotel/russia/moscow/mid9994505/vidnaya_usadba
Отель Звёзды Арбата,Отель Звёзды Арбата,,,https://ostrovok.ru/hotel/russia/moscow/mid8139930/moscow_marriott_hotel_novy_arbat
Отель Измайлово Альфа,Отель Измайлово Альфа,,,https://ostrovok.ru/hotel/russia/moscow/mid7467385/izmailovo_alpha_hotel
Отель Интурист Коломенское,Отель Интурист Коломенское,,,https://ostrovok.ru/hotel/russia/moscow/mid8126782/kolomenskoye__2
Отель Истра Гарден,Отель Истра Гарден,,,https://ostrovok.ru/hotel/russia/moscow/mid9974554/istra_garden_otel
Отель Карлтон Москва,Отель Карлтон Москва,,,https://ostrovok.ru/hotel/russia/moscow/mid7597420/ritz_carlton
Отель Континенталь,Отель Континенталь,,,https://ostrovok.ru/hotel/russia/moscow/mid7741106/interkontinental_moskva
Отель Кунь Лунь,Отель Кунь Лунь,,,https://ostrovok.ru/hotel/russia/moscow/mid10013909/kunlun
Отель Курортно - развлекательный комплекс Внуково Вилладж (Vnukovo Village),Отель Курортно - развлекательный комплекс Внуково Вилладж (Vnukovo Village),,,https://ostrovok.ru/hotel/russia/moscow/mid13392663/hotel_kurortno_razvlekatelny_kompleks_vnukovo_villadzh_vnukovo_village
Отель Лесная Сафмар (бывший Холидей Инн Москва Лесная),Отель Лесная Сафмар (бывший Холидей Инн Москва Лесная),,,https://ostrovok.ru/hotel/russia/moscow/mid7467380/kholidei_inn_moskva_lesnaia
Отель Лесной Кантри Хауз,Отель Лесной Кантри Хауз,,,https://ostrovok.ru/hotel/russia/moscow/mid8744327/lesnoy_country_house_hotel
Отель Максима Домодедово,Отель Максима Домодедово,,,https://ostrovok.ru/hotel/russia/moscow/mid10249097/maxima_domodedovo
Отель Максима Панорама,Отель Максима Панорама,,,https://ostrovok.ru/hotel/russia/moscow/mid7467382/maxima_panorama_hotel
Отель Мандарин Москва,Отель Мандарин Москва,,,https://ostrovok.ru/hotel/russia/moscow/mid7467339/mandarin_moscow_hotel
Отель Мегаполис Новокузнецкая 4*,Отель Мегаполис Новокузнецкая 4*,,,https://ostrovok.ru/hotel/russia/moscow/mid13745318/megapolis_hotel_5
Отель Меншиков,Отель Меншиков,,,https://ostrovok.ru/hotel/russia/moscow/mid9005421/menshikov_boutique_hotel
Отель Метрополь,Отель Метрополь,,,https://ostrovok.ru/hotel/russia/moscow/mid7595994/metropol_hotel
Отель Миа Милано,Отель Миа Милано,,,https://ostrovok.ru/hotel/russia/moscow/mid9083383/mia_milano_hotel
Отель Милан,Отель Милан,,,https://ostrovok.ru/hotel/russia/moscow/mid7573441/milan_hotel
Отель МонАрх Москва (ранее Ренессанс Монарх),Отель МонАрх Москва (ранее Ренессанс Монарх),,,https://ostrovok.ru/hotel/russia/moscow/mid7469066/otel_renaissance_moscow_monarch_centre
Отель Москва Красносельская (бывший Хилтон Гарден Инн Красносельская),Отель Москва Красносельская (бывший Хилтон Гарден Инн Красносельская),,,https://ostrovok.ru/hotel/russia/moscow/mid9751449/hilton_garden_inn_moscow_krasnoselskaya_hotel
Отель Москва Марриотт Империал Плаза,Отель Москва Марриотт Империал Плаза,,,https://ostrovok.ru/hotel/russia/moscow/mid9988092/moscow_marriott_imperial_plaza_hotel
Отель На Казачьем,Отель На Казачьем,,,https://ostrovok.ru/hotel/russia/moscow/mid7594715/hotel_in_kazachy_pereulok
Отель Набат,Отель Набат,,,https://ostrovok.ru/hotel/russia/moscow/mid9091240/nabat_palace_arbat_hotel
Отель Немчиновка-парк,Отель Немчиновка-парк,,,https://ostrovok.ru/hotel/russia/moscow/mid7715901/otel_nemchinovkapark
Отель Новотель Москва Киевская,Отель Новотель Москва Киевская,,,https://ostrovok.ru/hotel/russia/moscow/mid8661280/novotel_moscow_kievskaya
Отель Норд Стар,Отель Норд Стар,,,https://ostrovok.ru/hotel/russia/moscow/mid7853685/north_star_hotel
Отель Особняк 1830,Отель Особняк 1830,,,https://ostrovok.ru/hotel/russia/moscow/mid10213247/osobnyak_na_syezzhinskom_apartments_2
Отель Пальмира Бизнес Клуб,Отель Пальмира Бизнес Клуб,,,https://ostrovok.ru/hotel/russia/moscow/mid11157982/palmira_business_club_hotel
Отель Панорама Сити Отель Империя,Отель Панорама Сити Отель Империя,,,https://ostrovok.ru/hotel/russia/moscow/mid6613941/panorama_siti
Отель Панорама Сити Отель Федерация,Отель Панорама Сити Отель Федерация,,,https://ostrovok.ru/hotel/russia/moscow/mid9260156/panorama_city_federation
Отель Петровский Путевой Дворец,Отель Петровский Путевой Дворец,,,https://ostrovok.ru/hotel/russia/moscow/mid7741454/petrovskii_putevoi_dvorets
Отель Плаза,Отель Плаза,,,https://ostrovok.ru/hotel/russia/moscow/mid11202171/plaza_hotel_75
Отель ПостоялецЪ,Отель ПостоялецЪ,,,https://ostrovok.ru/hotel/russia/moscow/mid7969166/postoyalets_hotel
Отель Протон,Отель Протон,,,https://ostrovok.ru/hotel/russia/moscow/mid7375866/proton_business_hotel
Отель Пушкин,Отель Пушкин,,,https://ostrovok.ru/hotel/russia/moscow/mid8037921/otel_pushkin
Отель Пётр I,Отель Пётр I,,,https://ostrovok.ru/hotel/russia/moscow/mid7467388/peter_1
Отель Радио,Отель Радио,,,https://ostrovok.ru/hotel/russia/moscow/mid8854265/radio_hotel_2
Отель Райкин Плаза,Отель Райкин Плаза,,,https://ostrovok.ru/hotel/russia/moscow/mid7930655/raikin_plaza_hotel
Отель Резиденция Булгакова,Отель Резиденция Булгакова,,,https://ostrovok.ru/hotel/russia/moscow/mid8737626/bulgakov_residence
Отель Репин,Отель Репин,,,https://ostrovok.ru/hotel/russia/moscow/mid9209404/repin_2
Отель Рига Ленд,Отель Рига Ленд,,,https://ostrovok.ru/hotel/russia/moscow/mid8337574/gostinitsa_rigaland
Отель Россо Рива,Отель Россо Рива,,,https://ostrovok.ru/hotel/russia/moscow/mid7597146/katerina_city_hotel
Отель Роял Зенит 1,Отель Роял Зенит 1,,,https://ostrovok.ru/hotel/russia/moscow/mid7846982/royal_zenith
Отель Руссо-Балт,Отель Руссо-Балт,,,https://ostrovok.ru/hotel/russia/moscow/mid7777816/russo_balt_otel
Отель Савой,Отель Савой,,,https://ostrovok.ru/hotel/russia/moscow/mid7573372/savoy_hotel
Отель Садовническая,Отель Садовническая,,,https://ostrovok.ru/hotel/russia/moscow/mid8660616/sadovnicheskaya
Отель Садовое Кольцо,Отель Садовое Кольцо,,,https://ostrovok.ru/hotel/russia/moscow/mid7394603/sadovoe_koltso_hotel
Отель Салют,Отель Салют,,,https://ostrovok.ru/hotel/russia/moscow/mid7830709/salut_hotel
Отель Сафмар Палас Москва,Отель Сафмар Палас Москва,,,https://ostrovok.ru/hotel/russia/moscow/mid7597114/gostinitsa_sheraton_palas_moskva
Отель Сафмар Тверская Москва (бывший Марриотт Тверская),Отель Сафмар Тверская Москва (бывший Марриотт Тверская),,,https://ostrovok.ru/hotel/russia/moscow/mid7597423/gostinitsa_marriott_tverskaia
Отель Севастополь Гранд Классик,Отель Севастополь Гранд Классик,,,https://ostrovok.ru/hotel/russia/moscow/mid7625812/sevastopol_hotel_bld2
Отель Союз,Отель Союз,,,https://ostrovok.ru/hotel/russia/moscow/mid8879371/soyuz_hotel
Отель СПА Palmira Garden,Отель СПА Palmira Garden,,,https://ostrovok.ru/hotel/russia/moscow/mid9291179/palmira_garden_hotel_spa_palmira_garden
Отель Сущевский Сафмар (бывший Холидей Инн Москва Сущевский),Отель Сущевский Сафмар (бывший Холидей Инн Москва Сущевский),,,https://ostrovok.ru/hotel/russia/moscow/mid7467381/kholidei_inn_sushchevskii
Отель Теплица Парк,Отель Теплица Парк,,,https://ostrovok.ru/hotel/russia/moscow/mid8851919/teplitsa_park
Отель Фуд Сити,Отель Фуд Сити,,,https://ostrovok.ru/hotel/russia/moscow/mid9761064/fud_siti_hotel
Отель Хитровка,Отель Хитровка,,,https://ostrovok.ru/hotel/russia/moscow/mid7660730/hitrovka_hotel_2
Отель Холидей Инн Москва Сокольники,Отель Холидей Инн Москва Сокольники,,,https://ostrovok.ru/hotel/russia/moscow/mid7600142/otel_kholidei_inn_moskva_sokolniki
Отель Холидей Таганский,Отель Холидей Таганский,,,https://ostrovok.ru/hotel/russia/moscow/mid7467389/kholidei_inn_moskva_simonovskii
Отель Чайковский,Отель Чайковский,,,https://ostrovok.ru/hotel/russia/moscow/mid8733261/tchaikovsky_hotel
Отель Яхт-Клуб Новый Берег,Отель Яхт-Клуб Новый Берег,,,https://ostrovok.ru/hotel/russia/moscow/mid7383057/oteliakhtklub_novyi_bereg
ОТСЕБЯлофт на Арбате,ОТСЕБЯлофт на Арбате,79773149423,,https://www.loft2rent.ru/loft/209596/209598
Офис,Офис,74952042861,,https://www.loft2rent.ru/loft/86306
Офис на Красном Октябре,Офис на Красном Октябре,79776690300,,https://www.loft2rent.ru/loft/129904/129926
ОфЛайнОфЛайн коворкинг,ОфЛайнОфЛайн коворкинг,79067768555,,https://www.loft2rent.ru/loft/64361/64374
"ПАЛАТИУМ-ЛОФТ - ПРОСТОРНЫЙ ЗАЛ С ПРОЕКТОРОМ И АКУСТИЧЕСКОЙ СИСТЕМОЙ, ИДЕАЛЬНО ДЛЯ ТРЕНИНГОВ И БОЛЬШИХ ВЕЧЕРИНОК!","ПАЛАТИУМ-ЛОФТ - ПРОСТОРНЫЙ ЗАЛ С ПРОЕКТОРОМ И АКУСТИЧЕСКОЙ СИСТЕМОЙ, ИДЕАЛЬНО ДЛЯ ТРЕНИНГОВ И БОЛЬШИХ ВЕЧЕРИНОК!",79120829050,,https://www.loft2rent.ru/loft/83754
ПалаццоИсторический особняк на набережной,ПалаццоИсторический особняк на набережной,79219337016,,https://www.loft2rent.ru/loft/96611/96977
палитра чувств,палитра чувств,79779097925,,https://www.loft2rent.ru/loft/126748/126750
Пандора \,Пандора \,,,лофт
Панорама,Панорама,78129844354,,https://www.loft2rent.ru/loft/99182
Панорама-холл Лужники,Панорама-холл Лужники,74959092663,,https://www.loft2rent.ru/loft/164090
Панорамный Loft Москва-сити,Панорамный Loft Москва-сити,79111023333,,https://www.loft2rent.ru/loft/107530
Панорамный лофт,Панорамный лофт,79291588439,,https://www.loft2rent.ru/loft/130410/130419
Панорамный ресторан Москва Сити,Панорамный ресторан Москва Сити,79164400130,,https://www.loft2rent.ru/loft/101001
Панорамный теплый дом на Москве-реке,Панорамный теплый дом на Москве-реке,79258231808,,https://www.loft2rent.ru/loft/57651/57658
Панорамный теплый дом на Москве-рекеПанорамный теплый дом средний,Панорамный теплый дом на Москве-рекеПанорамный теплый дом средний,79258231808,,https://www.loft2rent.ru/loft/57651/81130
Панорамный теплый дом на Москве-рекеПлавучий дом для праздников и встреч,Панорамный теплый дом на Москве-рекеПлавучий дом для праздников и встреч,79258231808,,https://www.loft2rent.ru/loft/57651/140947
ПАО «ВТБ»,ПАО «ВТБ»,74957397799,,https://www.vtb.ru
ПАО «Детский мир»,ПАО «Детский мир»,78002500000,corp@detmir.ru,https://www.detmir.ru
ПАО «ЛУКОЙЛ»,ПАО «ЛУКОЙЛ»,,,https://www.lukoil.ru
ПАО «МегаФон»,ПАО «МегаФон»,,info@megafon.ru,https://www.megafon.ru
ПАО «Мегафон»,ПАО «Мегафон»,,info@megafon.ru,https://www.megafon.ru
ПАО «МТС»,ПАО «МТС»,,pr@mts.ru,https://www.mts.ru
ПАО «Нефтяная Компания «Роснефть»,ПАО «Нефтяная Компания «Роснефть»,,beijing@rosneft.ru,https://www.rosneft.ru
ПАО «Почта России»,ПАО «Почта России»,,,https://www.pochta.ru
ПАО «Роснефть»,ПАО «Роснефть»,,beijing@rosneft.ru,https://www.rosneft.ru
ПАО «Россети Московский Регион»,ПАО «Россети Московский Регион»,78002200220,,https://rossetimr.ru
ПАО «Россети»,ПАО «Россети»,74956648494,info@fsk-ees.ru,https://www.rosseti.ru
ПАО «Ростелеком»,ПАО «Ростелеком»,,dsv@dv.rt.ru,https://www.company.rt.ru
ПАО «СИБУР Холдинг»,ПАО «СИБУР Холдинг»,74313708000,for_info@sibur.ru,https://www.sibur.ru
ПАО «Транснефть»,ПАО «Транснефть»,74957807363,info@rrost.ru,https://www.transneft.ru
ПАО «Фортум»,ПАО «Фортум»,,card_1@2x.png,https://www.rusprofile.ru/id/1618693
ПАО «Фосагро»,ПАО «Фосагро»,78002342900,centralasia@phosagro.ru,https://www.phosagro.ru
ПАО «ФСК ЕЭС»,ПАО «ФСК ЕЭС»,74956648494,info@fsk-ees.ru,https://www.fsk-ees.ru
Парадайз,Парадайз,74954780638,,https://www.loft2rent.ru/loft/109926
Парадайс / ПарадайсРИЗЗ / РИЗЗ,Парадайс / ПарадайсРИЗЗ / РИЗЗ,79254200006,,https://www.loft2rent.ru/loft/180043/187835
Парадная,Парадная,79853810192,,https://www.loft2rent.ru/loft/191214/191364
Парадная. Пространство на мансардном этаже,Парадная. Пространство на мансардном этаже,79346692796,,https://www.reveltime.ru/venue/8259964?eventtype=vecherinka
ПАРИЖ - PROSPECT,ПАРИЖ - PROSPECT,79120829050,,https://www.loft2rent.ru/loft/83754
Парк виртуальной реальности WARPOINTWarpoint Vegas,Парк виртуальной реальности WARPOINTWarpoint Vegas,79031032447,,https://www.loft2rent.ru/loft/134894/134919
Парк Горького,Парк Горького,,parkgorkogo@culture.mos.ru,https://park-gorkogo.ru
Парк отдыха Атмосфера,Парк отдыха Атмосфера,79042530111,,https://www.loft2rent.ru/loft/101835/101837
Парк СказкаБазилик,Парк СказкаБазилик,79680122670,,https://www.loft2rent.ru/loft/196281/196294
"Парк-отель ""Медвежья гора""Ресторан ""Мейд ин Раша""","Парк-отель ""Медвежья гора""Ресторан ""Мейд ин Раша""",78124088888,,https://www.loft2rent.ru/loft/132459/132467
Парк-Отель Орловский,Парк-Отель Орловский,,,https://ostrovok.ru/hotel/russia/moscow/mid7700514/gostinichnyi_kompleks_orlovskii
Парк-Отель Юдино,Парк-Отель Юдино,,,https://ostrovok.ru/hotel/russia/moscow/mid8732812/yudino_parkhotel
Паста и Вино,Паста и Вино,79112389747,,https://www.loft2rent.ru/loft/170615
Пафос,Пафос,74951201116,,https://pafos.rest/
Пафосный апартамент Москва сити,Пафосный апартамент Москва сити,79111023333,,https://www.loft2rent.ru/loft/107530
ПенкаЛофт,ПенкаЛофт,79262270222,,https://www.loft2rent.ru/loft/147486/147492
Пентхаус c панорамным видом на Москву,Пентхаус c панорамным видом на Москву,79854393838,,https://www.loft2rent.ru/loft/171365
"Пентхаус-формат на 64 этаже: оникс, подсветка, панорамные окна Уникальный вид на башни и город","Пентхаус-формат на 64 этаже: оникс, подсветка, панорамные окна Уникальный вид на башни и город",79958998202,,https://www.loft2rent.ru/loft/171815
Первый канал,Первый канал,,,https://www.1tv.ru
Первый канал Продакшн,Первый канал Продакшн,,,https://1tv.ru
Первый лофт,Первый лофт,79629009535,,https://www.loft2rent.ru/loft/120232/120234
Первый этаж ЭвиЦентра,Первый этаж ЭвиЦентра,79160876137,,https://www.loft2rent.ru/loft/155206
Переговорная «Синяя» на 8 человек,Переговорная «Синяя» на 8 человек,79804300888,,https://www.loft2rent.ru/loft/199576
Переговорная комната,Переговорная комната,79151245829,,https://www.loft2rent.ru/loft/40995
Переговорная комната,Переговорная комната,74952042861,,https://www.loft2rent.ru/loft/86306
Переговорная комната «Стеклянная» до 8 человек,Переговорная комната «Стеклянная» до 8 человек,79804300888,,https://www.loft2rent.ru/loft/199576
Переговорная комната на проспекте Мира,Переговорная комната на проспекте Мира,74951207719,,https://www.loft2rent.ru/loft/187684
Переговорная комната у Ресторана до 12 человек,Переговорная комната у Ресторана до 12 человек,79804300888,,https://www.loft2rent.ru/loft/199576
Переговорная комната №29,Переговорная комната №29,79647264515,,https://www.loft2rent.ru/loft/118815
Переговорная комната №5,Переговорная комната №5,79647264515,,https://www.loft2rent.ru/loft/118815
Персия,Персия,78126067020,,https://www.loft2rent.ru/loft/169051
ПЕШИ,ПЕШИ,79256444401,,https://www.loft2rent.ru/loft/179994
Пикассо - Светлый лофт в стиле Бохо,Пикассо - Светлый лофт в стиле Бохо,74950327390,,https://www.loft2rent.ru/loft/5581
Пикник Афиши,Пикник Афиши,,foodcourt@afisha.ru,https://picnic.afisha.ru
ПИНК ШИК,ПИНК ШИК,79852179198,,https://www.loft2rent.ru/loft/198212/198214
Пирс,Пирс,79689739030,,https://www.loft2rent.ru/loft/2518
"Площадка ""Шатер у озера""","Площадка ""Шатер у озера""",79250520976,,https://www.loft2rent.ru/loft/125499
Площадка для безнес-мероприятий на Якиманской набережнойВ самом центре Москвы,Площадка для безнес-мероприятий на Якиманской набережнойВ самом центре Москвы,79851125955,,https://www.loft2rent.ru/loft/102616/102687
Площадка для мастер-классов и мероприятий,Площадка для мастер-классов и мероприятий,79850553888,,https://www.loft2rent.ru/loft/78182
Площадка для мероприятий без аренды,Площадка для мероприятий без аренды,79067749064,,https://vkvideo.ru/video-230716527_456239090
Площадка на 60 этаже,Площадка на 60 этаже,79684441348,,https://www.loft2rent.ru/loft/1366/26589
Площадка с караоке и верандой,Площадка с караоке и верандой,79998238398,,https://www.loft2rent.ru/loft/94559
Площадки в разном стиле под мероприятия2-х уровневый Лофт с барной стойкой,Площадки в разном стиле под мероприятия2-х уровневый Лофт с барной стойкой,79162421022,,https://www.loft2rent.ru/loft/14228/27764
Площадки в разном стиле под мероприятияИллюзион - зал с театральной сценой и хромакеем,Площадки в разном стиле под мероприятияИллюзион - зал с театральной сценой и хромакеем,79162421022,,https://www.loft2rent.ru/loft/14228/42156
Площадки в разном стиле под мероприятияИнтригующий Лофт с барной стойкой,Площадки в разном стиле под мероприятияИнтригующий Лофт с барной стойкой,79162421022,,https://www.loft2rent.ru/loft/14228/20090
Площадки в разном стиле под мероприятияКулинарная студия,Площадки в разном стиле под мероприятияКулинарная студия,79163122244,,https://www.loft2rent.ru/loft/14228/194419
Площадки в разном стиле под мероприятияЛофт в стиле Ренессанс,Площадки в разном стиле под мероприятияЛофт в стиле Ренессанс,79162421022,,https://www.loft2rent.ru/loft/14228/17293
Площадки в разном стиле под мероприятияЛофт Кардинал в стиле эпохи былого величия,Площадки в разном стиле под мероприятияЛофт Кардинал в стиле эпохи былого величия,79162421022,,https://www.loft2rent.ru/loft/14228/29537
Площадки в разном стиле под мероприятияМногофункциональная площадка со Сценой,Площадки в разном стиле под мероприятияМногофункциональная площадка со Сценой,79162421022,,https://www.loft2rent.ru/loft/14228/14266
Площадки в разном стиле под мероприятияСтудия с лесной поляной в стиле Прованс,Площадки в разном стиле под мероприятияСтудия с лесной поляной в стиле Прованс,79162421022,,https://www.loft2rent.ru/loft/14228/17292
Площадки в разном стиле под мероприятияСтудия с морским песком и водопадом,Площадки в разном стиле под мероприятияСтудия с морским песком и водопадом,79162421022,,https://www.loft2rent.ru/loft/14228/17291
Плэйс Лофт. Prisma Loft (Призма Лофт),Плэйс Лофт. Prisma Loft (Призма Лофт),79386982643,,https://www.reveltime.ru/venue/5952237?eventtype=vecherinka
Повод ЕстьПространство Повод Есть,Повод ЕстьПространство Повод Есть,79296289438,,https://www.loft2rent.ru/loft/127212/127215
Подземелье Тёмного Лорда,Подземелье Тёмного Лорда,79251935330,,https://www.loft2rent.ru/loft/140849/140852
Подземелье Тёмного ЛордаДом Гарри,Подземелье Тёмного ЛордаДом Гарри,79251935330,,https://www.loft2rent.ru/loft/140849/145212
ПОКРОВКА ЛАБ,ПОКРОВКА ЛАБ,79038926691,,https://www.loft2rent.ru/loft/206913/206969
Поле и Пляж,Поле и Пляж,78122133202,,https://twitter.com/sevcableport
Политех,Политех,79660111741,,https://www.loft2rent.ru/loft/154774/154785
Политехнический музей,Политехнический музей,,chz@polytech.one,https://polymus.ru
"Помещение в отеле ""Софит""","Помещение в отеле ""Софит""",79157800260,,https://www.loft2rent.ru/loft/159296/159299
Помещение до 500 человек вместимостью и 450м²,Помещение до 500 человек вместимостью и 450м²,79151956806,,https://www.loft2rent.ru/loft/88592/88600
Поп-арт,Поп-арт,78122007818,,https://www.loft2rent.ru/loft/75982
Посольство ГипербореиГАЛЕРЕЯ 153,Посольство ГипербореиГАЛЕРЕЯ 153,78124080989,,https://www.loft2rent.ru/loft/100626/163901
Посольство ГипербореиУникальная мультимедийная площадка в Москва Сити,Посольство ГипербореиУникальная мультимедийная площадка в Москва Сити,74954765976,,https://www.loft2rent.ru/loft/100626/100639
Почта Банк,Почта Банк,74957855305,,https://pochtabank.ru
Поэт и котПОЭТ И КОТ,Поэт и котПОЭТ И КОТ,79232288435,,https://www.loft2rent.ru/loft/183349/183367
Правительство Москвы,Правительство Москвы,74956202717,press-service@mos.ru,https://www.mos.ru
Прадо - 3-х этажный особняк,Прадо - 3-х этажный особняк,74950327390,,https://www.loft2rent.ru/loft/5581
Президент-СервисПомещение № 237,Президент-СервисПомещение № 237,79267177279,,https://www.loft2rent.ru/loft/37539/38153
Президент-СервисПомещение № 633,Президент-СервисПомещение № 633,79267177279,,https://www.loft2rent.ru/loft/37539/56935
Президентская ложа в Лужниках,Президентская ложа в Лужниках,74959092663,,https://www.loft2rent.ru/loft/164090
Премиальное пространство Ветви Жизни,Премиальное пространство Ветви Жизни,79852111183,,https://www.loft2rent.ru/loft/202873/203636
Премиальный медный лофт Cuprum с летней верандой,Премиальный медный лофт Cuprum с летней верандой,74954320136,,https://www.loft2rent.ru/loft/22257
Премиум Конференц-зал в Москва Сити на 58 этаже,Премиум Конференц-зал в Москва Сити на 58 этаже,79937050100,,https://www.loft2rent.ru/loft/187948/187950
Премия Оскар,Премия Оскар,78122007818,,https://www.loft2rent.ru/loft/75982
Пресс-центр в УСЗ Дружба в Лужниках,Пресс-центр в УСЗ Дружба в Лужниках,74959092663,,https://www.loft2rent.ru/loft/164090
Престижный Loft Москва-сити,Престижный Loft Москва-сити,79111023333,,https://www.loft2rent.ru/loft/107530
Приморье,Приморье,74232226875,mail@primbank.ru,https://primbank.ru
Принц Парк Отель,Принц Парк Отель,,,https://ostrovok.ru/hotel/russia/moscow/mid6458819/prince_park_hotel_
Природа,Природа,79164961191,,https://www.loft2rent.ru/loft/44815
Притяжение,Притяжение,79935905884,,https://www.loft2rent.ru/loft/92780
Прованс,Прованс,74954780638,,https://www.loft2rent.ru/loft/109926
ПролессPROLess Loft,ПролессPROLess Loft,79299888499,,https://www.loft2rent.ru/loft/207040/207049
Промзона Коворкинг,Промзона Коворкинг,79057159236,,https://www.loft2rent.ru/loft/65955/65957
Промсвязьбанк,Промсвязьбанк,73362277000,broker@psbank.ru,https://psbank.ru
Просторный двухуровневый зал для мероприятий,Просторный двухуровневый зал для мероприятий,79346644195,,https://www.reveltime.ru/venue/9030250?eventtype=vecherinka
Просторный зал 120 м² со сценой на Чистых прудах,Просторный зал 120 м² со сценой на Чистых прудах,79175091916,,https://www.loft2rent.ru/loft/74665
Просторный лофт  с двумя верандами и караоке,Просторный лофт  с двумя верандами и караоке,79773592477,,https://www.loft2rent.ru/loft/vinyl
"Просторный лофт Дельта со сценой, караоке, верандой и активностями в 3-х минутах от метро","Просторный лофт Дельта со сценой, караоке, верандой и активностями в 3-х минутах от метро",79672393603,,https://www.loft2rent.ru/loft/1665
Просторный лофт на Вернисаже  с терассой и окошками,Просторный лофт на Вернисаже  с терассой и окошками,79773592477,,https://www.loft2rent.ru/loft/vinyl
Просторный лофт с верандой,Просторный лофт с верандой,79346692796,,https://www.reveltime.ru/venue/5463072?eventtype=vecherinka
Просторный лофт с панорамными окнами и циклорамой,Просторный лофт с панорамными окнами и циклорамой,79584630738,,https://www.reveltime.ru/venue/5138448?eventtype=vecherinka
Пространство,Пространство,79267395955,,https://www.loft2rent.ru/loft/85879
"Пространство "" Аквариум""Арт-зал для мероприятий","Пространство "" Аквариум""Арт-зал для мероприятий",79818924436,,https://www.loft2rent.ru/loft/78685/78687
"Пространство "" Аквариум""Большой Арт Зал","Пространство "" Аквариум""Большой Арт Зал",79818924436,,https://www.loft2rent.ru/loft/78685/136059
"Пространство "" Аквариум""Большой Зеркальный Зал","Пространство "" Аквариум""Большой Зеркальный Зал",79818924436,,https://www.loft2rent.ru/loft/78685/136073
"Пространство "" Аквариум""Кулинарная студия","Пространство "" Аквариум""Кулинарная студия",79818924436,,https://www.loft2rent.ru/loft/78685/78692
"Пространство "" Аквариум""Лофт для празднования Нового Года","Пространство "" Аквариум""Лофт для празднования Нового Года",79818924436,,https://www.loft2rent.ru/loft/78685/92219
"Пространство "" Аквариум""Малый Зеркальный Зал","Пространство "" Аквариум""Малый Зеркальный Зал",79818924436,,https://www.loft2rent.ru/loft/78685/136093
"Пространство ""Место Радости""Лофт ""Место Радости""","Пространство ""Место Радости""Лофт ""Место Радости""",79669305406,,https://www.loft2rent.ru/loft/116515/116519
Пространство Lime,Пространство Lime,74993703816,,https://www.loft2rent.ru/loft/29857
Пространство Mandarin,Пространство Mandarin,74993703816,,https://www.loft2rent.ru/loft/29857
Пространство MIXSTUDIO (МиксСтудия),Пространство MIXSTUDIO (МиксСтудия),79019317643,,https://www.reveltime.ru/venue/268738?eventtype=vecherinka
Пространство «Мистерия»Зал 1,Пространство «Мистерия»Зал 1,79966663431,,https://www.loft2rent.ru/loft/108221/108223
Пространство «Мистерия»Зал 2,Пространство «Мистерия»Зал 2,79966663431,,https://www.loft2rent.ru/loft/108221/109881
Пространство «Мистерия»Кабинет,Пространство «Мистерия»Кабинет,79966663431,,https://www.loft2rent.ru/loft/108221/109884
Пространство в индустриальном стиле,Пространство в индустриальном стиле,79818745551,,https://www.reveltime.ru/venue/3541472?eventtype=vecherinka
Пространство ВЕСНА,Пространство ВЕСНА,79296303019,,https://www.loft2rent.ru/loft/5676/6087
Пространство с большой террасой.,Пространство с большой террасой.,79031888081,,https://www.loft2rent.ru/loft/49928
ПРОСТРАНСТВОЛофт Пространство,ПРОСТРАНСТВОЛофт Пространство,79637117881,,https://www.loft2rent.ru/loft/171350/171353
Пряности & Радости,Пряности & Радости,78126401616,media@ginzaproject.com,https://ginza.ru/pryanosti
Псиклуб на Лесной 43304 кабинет,Псиклуб на Лесной 43304 кабинет,79686078689,,https://www.loft2rent.ru/loft/46249/109545
Псиклуб на Лесной 43421 кабинет / Псиклуб,Псиклуб на Лесной 43421 кабинет / Псиклуб,79686078689,,https://www.loft2rent.ru/loft/46249/109547
Псиклуб на Лесной 43427 кабинет,Псиклуб на Лесной 43427 кабинет,79686078689,,https://www.loft2rent.ru/loft/46249/110506
Псиклуб на Лесной 43кабинет 441,Псиклуб на Лесной 43кабинет 441,79686078689,,https://www.loft2rent.ru/loft/46249/46251
ПушкинскаяПомещение для мероприятий в центе Москвы  2 мин от метро,ПушкинскаяПомещение для мероприятий в центе Москвы  2 мин от метро,79031303133,,https://www.loft2rent.ru/loft/170771/170773
Пчёлкилофт Пчелки,Пчёлкилофт Пчелки,79165080315,,https://www.loft2rent.ru/loft/105464/105466
"Пёрпл - большой зал, цветочной фотозоной, громкой музыкой, диско-шаром и караоке!","Пёрпл - большой зал, цветочной фотозоной, громкой музыкой, диско-шаром и караоке!",74991113716,,https://www.loft2rent.ru/loft/131919
Рolygon EVENT / ПолигонАпартаменты,Рolygon EVENT / ПолигонАпартаменты,79217739994,,https://www.loft2rent.ru/loft/171856/171858
Рolygon EVENT / ПолигонМарокко,Рolygon EVENT / ПолигонМарокко,79217739994,,https://www.loft2rent.ru/loft/171856/171867
Рolygon EVENT / ПолигонРинг,Рolygon EVENT / ПолигонРинг,79217739994,,https://www.loft2rent.ru/loft/171856/171862
Рolygon EVENT / ПолигонЭко-Лофт,Рolygon EVENT / ПолигонЭко-Лофт,79217739994,,https://www.loft2rent.ru/loft/171856/171864
РавновесиеЗемля,РавновесиеЗемля,79858838552,,https://www.loft2rent.ru/loft/198307/198312
РавновесиеЛуна,РавновесиеЛуна,79858838552,,https://www.loft2rent.ru/loft/198307/198316
РайзАпРайзАп,РайзАпРайзАп,79964160789,,https://www.loft2rent.ru/loft/84685/84701
Райффайзенбанк,Райффайзенбанк,74957771717,,https://raiffeisen.ru
Реактор \,Реактор \,,,лофт
Реалист Банк,Реалист Банк,74999689423,a.muzalevskaya@realistbank.ru,https://realistbank.ru
РЕД лофт,РЕД лофт,79035848913,,https://www.loft2rent.ru/loft/134158
Резиденция,Резиденция,79164961191,,https://www.loft2rent.ru/loft/44815
Резиденция,Резиденция,79055733733,,https://www.loft2rent.ru/loft/97743
Рент-Лофт. TangoMio (ТангоМио),Рент-Лофт. TangoMio (ТангоМио),79019397046,,https://www.reveltime.ru/venue/1465312?eventtype=vecherinka
"Ресто-лаунж ""Мятный Енот""""Сакура""","Ресто-лаунж ""Мятный Енот""""Сакура""",79100050014,,https://www.loft2rent.ru/loft/157829/157872
"Ресто-лаунж ""Мятный Енот""Vip-комната ""Ночь""","Ресто-лаунж ""Мятный Енот""Vip-комната ""Ночь""",79100050014,,https://www.loft2rent.ru/loft/157829/157905
"Ресто-лаунж ""Мятный Енот""Вип-комната ""День""","Ресто-лаунж ""Мятный Енот""Вип-комната ""День""",79100050014,,https://www.loft2rent.ru/loft/157829/157897
"Ресто-лаунж ""Мятный Енот""Зал ""Енот 2""","Ресто-лаунж ""Мятный Енот""Зал ""Енот 2""",79100050014,,https://www.loft2rent.ru/loft/157829/157882
"Ресто-лаунж ""Мятный Енот""Зал ""Енот""","Ресто-лаунж ""Мятный Енот""Зал ""Енот""",79100050014,,https://www.loft2rent.ru/loft/157829/157857
"Ресторан ""48 Стульев""","Ресторан ""48 Стульев""",79213877085,,https://www.loft2rent.ru/loft/175360/175374
"Ресторан ""Perfect""","Ресторан ""Perfect""",79164400130,,https://www.loft2rent.ru/loft/101001
"Ресторан ""Золотой парус""","Ресторан ""Золотой парус""",79663198425,,https://www.loft2rent.ru/loft/174600/174785
"Ресторан ""Серебряный зал"" Лофт","Ресторан ""Серебряный зал"" Лофт",79167150457,,https://www.loft2rent.ru/loft/182845
"Ресторан ""Трамплин""","Ресторан ""Трамплин""",79167150457,,https://www.loft2rent.ru/loft/182845
"Ресторан ""Тройка"" малый зал","Ресторан ""Тройка"" малый зал",78127132999,,https://www.loft2rent.ru/loft/108821
"Ресторан ""Тройка"" основной зал","Ресторан ""Тройка"" основной зал",78127132999,,https://www.loft2rent.ru/loft/108821
"Ресторан ""Турандот"" для мероприятий","Ресторан ""Турандот"" для мероприятий",79167150457,,https://www.loft2rent.ru/loft/182845
Ресторан Cépage,Ресторан Cépage,79999917444,,https://www.loft2rent.ru/loft/199380
Ресторан Le’purshi,Ресторан Le’purshi,79164400130,,https://www.loft2rent.ru/loft/177908
Ресторан Only Wine,Ресторан Only Wine,79104013400,,https://www.loft2rent.ru/loft/177005/177137
Ресторан Pro - Шашлык - Loft пространство,Ресторан Pro - Шашлык - Loft пространство,79620008984,,https://www.loft2rent.ru/loft/208583
Ресторан ROOF,Ресторан ROOF,79164400130,,https://www.loft2rent.ru/loft/177908
Ресторан ULLU,Ресторан ULLU,79032143774,,https://www.loft2rent.ru/loft/208085
ресторан Амбасадория,ресторан Амбасадория,79153476752,,https://www.loft2rent.ru/loft/180960/180966
ресторан и креативное пространство Грелка-Гуделка,ресторан и креативное пространство Грелка-Гуделка,79585238415,,https://www.loft2rent.ru/loft/167230/169762
Ресторан Модная среда 1823,Ресторан Модная среда 1823,79164400130,,https://www.loft2rent.ru/loft/177908
Ресторан на берегу,Ресторан на берегу,79932492527,,https://www.loft2rent.ru/loft/188321
Ресторан Незагорами,Ресторан Незагорами,79164400130,,https://www.loft2rent.ru/loft/177908
Ресторан ПЕРГАМЕНТ,Ресторан ПЕРГАМЕНТ,79031018262,,https://www.loft2rent.ru/loft/14803/26619
Ресторан Ред,Ресторан Ред,79995049639,,https://www.loft2rent.ru/loft/153219/153229
Ресторан Серый,Ресторан Серый,79164400130,,https://www.loft2rent.ru/loft/177908
Ресторан Ухват,Ресторан Ухват,79032143774,,https://www.loft2rent.ru/loft/208085
"Ресторан-корабль ""Магадан"" с 3 банкетными залами и караокеРесторан-корабль ""Магадан"" с 5 банкетными залами и караоке","Ресторан-корабль ""Магадан"" с 3 банкетными залами и караокеРесторан-корабль ""Магадан"" с 5 банкетными залами и караоке",78124096685,,https://www.loft2rent.ru/loft/88736/88752
Ресторан-особняк UnicaUnica,Ресторан-особняк UnicaUnica,79099495085,,https://www.loft2rent.ru/loft/118472/118474
Ретровейв,Ретровейв,78126067020,,https://www.loft2rent.ru/loft/169051
РЖД АренаБанкетный зал на стадионе,РЖД АренаБанкетный зал на стадионе,74955003020,,https://www.loft2rent.ru/loft/140492/140499
РЖД АренаЗал хореографии,РЖД АренаЗал хореографии,74955003020,,https://www.loft2rent.ru/loft/140492/140542
РЖД АренаЛожа с видом на стадион,РЖД АренаЛожа с видом на стадион,74955003020,,https://www.loft2rent.ru/loft/140492/140514
РЖД АренаПанорамная ложа,РЖД АренаПанорамная ложа,74955003020,,https://www.loft2rent.ru/loft/140492/140516
РЖД АренаПанорамный лаундж на стадионе,РЖД АренаПанорамный лаундж на стадионе,74955003020,,https://www.loft2rent.ru/loft/140492/140526
РЖД АренаПанорамный ресторан на стадионе,РЖД АренаПанорамный ресторан на стадионе,74955003020,,https://www.loft2rent.ru/loft/140492/140505
РЖД АренаПресс-центр с панорамными окнами,РЖД АренаПресс-центр с панорамными окнами,74955003020,,https://www.loft2rent.ru/loft/140492/140539
РИА Новости,РИА Новости,,internet-group@ria.ru,https://ria.ru
Рихард,Рихард,79689739030,,https://www.loft2rent.ru/loft/2518
РК-19,РК-19,79264661718,,https://www.loft2rent.ru/loft/77474
РКК «Энергия»,РКК «Энергия»,,post@rsce.ru,https://www.energia.ru
РНКБ,РНКБ,74957855305,,https://rncb.ru
Роден - Трехуровневый лофт в стиле Industrial,Роден - Трехуровневый лофт в стиле Industrial,74950327390,,https://www.loft2rent.ru/loft/5581
Романи,Романи,,,https://ostrovok.ru/hotel/russia/moscow/mid8568856/_0x60fd4
Романс,Романс,74954780638,,https://www.loft2rent.ru/loft/109926
Романтический лофт на 55 этаже Москва-Сити Neva Towers (Moscow city Neva Towers),Романтический лофт на 55 этаже Москва-Сити Neva Towers (Moscow city Neva Towers),79111023333,,https://www.loft2rent.ru/loft/107530
Росагролизинг,Росагролизинг,74952801333,aafanaseva@rosagroleasing.ru,https://www.rosagroleasing.ru
Росбанк,Росбанк,78007707500,,https://rosbank.ru
РосДорБанк,РосДорБанк,74952760022,,https://rdb.ru
Роскошный апартамент в Москва сити,Роскошный апартамент в Москва сити,79111023333,,https://www.loft2rent.ru/loft/107530
Роскошный лофт в особняке Рокфеллер,Роскошный лофт в особняке Рокфеллер,79585410041,,https://www.loft2rent.ru/loft/97591
Россельхозбанк,Россельхозбанк,74957877787,office@rshb.ru,https://rshb.ru
Россети,Россети,74956648494,info@fsk-ees.ru,https://www.rosseti.ru
Россети Московский регион,Россети Московский регион,78002200220,,https://rossetimr.ru
Ростех,Ростех,74952872525,info@rostec.ru,https://www.rostec.ru
Русал,Русал,74952213372,documents@rusal.com,https://www.rusal.ru
Русская Медиагруппа,Русская Медиагруппа,74995797709,adv@rr.ru,https://rmg.ru
Русский Стандарт,Русский Стандарт,74957480748,,https://rsb.ru
"Руссо - Камерный «Бали», большой и светлый лофт с настроением лета","Руссо - Камерный «Бали», большой и светлый лофт с настроением лета",74950327390,,https://www.loft2rent.ru/loft/5581
Рыбторг,Рыбторг,79651769777,,https://rybtorg.moscow/
Рыцарский замок в Лисьем носу,Рыцарский замок в Лисьем носу,78126420723,,https://www.loft2rent.ru/loft/144429/144523
РЯБОВ ЛОФТ,РЯБОВ ЛОФТ,74957985181,,https://www.loft2rent.ru/loft/28030
Сад,Сад,74954780638,,https://www.loft2rent.ru/loft/109926
Саджива дрим,Саджива дрим,79319930030,,https://www.loft2rent.ru/loft/160136/160155
Сакура PlaceSakura Place,Сакура PlaceSakura Place,79685254090,,https://www.loft2rent.ru/loft/62922/202296
Сакура PlaceДракон Сити,Сакура PlaceДракон Сити,79685254090,,https://www.loft2rent.ru/loft/62922/63154
Салем,Салем,78126067020,,https://www.loft2rent.ru/loft/169051
"Салон Усачева ""Система Ценностей""","Салон Усачева ""Система Ценностей""",79039615585,,https://www.loft2rent.ru/loft/171228/171230
Самобранка ЛофтЛофт Самобранка,Самобранка ЛофтЛофт Самобранка,79035281880,,https://www.loft2rent.ru/loft/174602/174605
Сафмар Аврора Люкс (бывший Марриотт Ройал Аврора),Сафмар Аврора Люкс (бывший Марриотт Ройал Аврора),,,https://ostrovok.ru/hotel/russia/moscow/mid7597450/gostinitsa_marriott_roiial_avrora
Сафмар Грандъ Москва (бывший Марриотт Гранд),Сафмар Грандъ Москва (бывший Марриотт Гранд),,,https://ostrovok.ru/hotel/russia/moscow/mid11231733/safmar_grand_moscow_exmarriott_grand
Сахалин,Сахалин,74956476479,,https://sakhalin-moscow.ru/
Сахли,Сахли,74956994503,,http://sahli.ru/
Свадебный Белый Лофт,Свадебный Белый Лофт,79296303019,,https://www.loft2rent.ru/loft/5676
Свети Прима,Свети Прима,79111207195,,https://www.loft2rent.ru/loft/156268
Светлая фотостудия для ваших мероприятий,Светлая фотостудия для ваших мероприятий,79910172113,,https://www.reveltime.ru/venue/5684782?eventtype=vecherinka
Светлый Loft Москва-сити,Светлый Loft Москва-сити,79111023333,,https://www.loft2rent.ru/loft/107530
Светлый зал 33 м² на Чистых прудах для любых мероприятий,Светлый зал 33 м² на Чистых прудах для любых мероприятий,79175091916,,https://www.loft2rent.ru/loft/74665
Светлый и просторный лофт в Москва-Сити,Светлый и просторный лофт в Москва-Сити,79111023333,,https://www.loft2rent.ru/loft/107530
Светлый Лофт,Светлый Лофт,79852921122,,https://www.loft2rent.ru/loft/192292/192301
Светлый Лофт Грейс в особняке на автозаводской,Светлый Лофт Грейс в особняке на автозаводской,79585410041,,https://www.loft2rent.ru/loft/97591
Светлый лофт для мероприятий Gallery,Светлый лофт для мероприятий Gallery,79031959349,,https://www.loft2rent.ru/loft/151727
Светлый лофт-кондитерская MYSS на Ходынском поле,Светлый лофт-кондитерская MYSS на Ходынском поле,79296319718,,https://www.loft2rent.ru/loft/32748/32763
СВОБОДА,СВОБОДА,79263427655,,https://www.loft2rent.ru/loft/189037/189198
Своё Поле,Своё Поле,79150243868,,https://www.loft2rent.ru/loft/99752/99755
Север,Север,79631422682,,https://www.loft2rent.ru/loft/188668/188670
Северяне,Северяне,79771919116,,https://severyane.moscow/
Севилья. Уютный лофт с мебелью и светомузыкой.,Севилья. Уютный лофт с мебелью и светомузыкой.,74951914157,,https://www.loft2rent.ru/loft/142644
Севкабель Порт,Севкабель Порт,78122133202,hey@sevcableport.ru,https://sevcableport.ru
Селфи Галерея,Селфи Галерея,79299094028,,https://www.loft2rent.ru/loft/109523/115794
Семейный клуб РумикиСемейный лофт в Новых Химках,Семейный клуб РумикиСемейный лофт в Новых Химках,79262776136,,https://www.loft2rent.ru/loft/16185/34899
Семейный клуб РумикиСемейный лофт-клуб в Химках,Семейный клуб РумикиСемейный лофт-клуб в Химках,79262776136,,https://www.loft2rent.ru/loft/16185/24251
"Семейный лофт ""Праздник с тобой"" Семейный лофт ""Праздник с тобой""","Семейный лофт ""Праздник с тобой"" Семейный лофт ""Праздник с тобой""",79933458806,,https://www.loft2rent.ru/loft/137315/137319
Семейный лофт Вместе,Семейный лофт Вместе,79852832090,,https://www.loft2rent.ru/loft/130651/130665
Семейный лофт ВместеЛофт для бизнеса,Семейный лофт ВместеЛофт для бизнеса,79852832090,,https://www.loft2rent.ru/loft/130651/133530
Семейный лофт на Афонской 25,Семейный лофт на Афонской 25,50960131,,https://www.loft2rent.ru/loft/80503
Семейный лофт Сказочный Домик,Семейный лофт Сказочный Домик,79932815458,,https://www.loft2rent.ru/loft/177124/177126
Середниково,Середниково,79251629053,,https://serednikovo.su
СЕРЫЙ,СЕРЫЙ,79035558942,,https://www.loft2rent.ru/loft/15054
Серый минималистичный лофт с кухней (лофт РАЛЬФ),Серый минималистичный лофт с кухней (лофт РАЛЬФ),79398880008,,https://www.loft2rent.ru/loft/1564
"Сеть офисных центров ""Деловой""Переговорная комната в Омега плаза (Автозаводская)","Сеть офисных центров ""Деловой""Переговорная комната в Омега плаза (Автозаводская)",74959880732,,https://www.loft2rent.ru/loft/46436/46759
"Сеть офисных центров ""Деловой""Переговорная комната в Омега плаза (Автозаводская)","Сеть офисных центров ""Деловой""Переговорная комната в Омега плаза (Автозаводская)",74959880732,,https://www.loft2rent.ru/loft/46436/46764
"Сеть офисных центров ""Деловой""Переговорная комната на Курской (БЦ ""Арма"")","Сеть офисных центров ""Деловой""Переговорная комната на Курской (БЦ ""Арма"")",74959880736,,https://www.loft2rent.ru/loft/46436/46750
"Сеть офисных центров ""Деловой""Переговорная комната на Курской (БЦ ""Арма"")","Сеть офисных центров ""Деловой""Переговорная комната на Курской (БЦ ""Арма"")",74959880736,,https://www.loft2rent.ru/loft/46436/46753
"Сеть офисных центров ""Деловой""Переговорная комната на Курской (БЦ ""Арма"")","Сеть офисных центров ""Деловой""Переговорная комната на Курской (БЦ ""Арма"")",74959880736,,https://www.loft2rent.ru/loft/46436/46756
"Сеть офисных центров ""Деловой""Помещение для тренингов, мастер-классов и презентаций.","Сеть офисных центров ""Деловой""Помещение для тренингов, мастер-классов и презентаций.",74959880731,,https://www.loft2rent.ru/loft/46436/46438
"Сеть офисных центров ""Деловой""Помещение для тренингов, мастер-классов и презентаций.","Сеть офисных центров ""Деловой""Помещение для тренингов, мастер-классов и презентаций.",74959880731,,https://www.loft2rent.ru/loft/46436/46547
Сеул,Сеул,78126067020,,https://www.loft2rent.ru/loft/169051
Сибирячка и снегирьEvent-space «Mrs. Shrimps»,Сибирячка и снегирьEvent-space «Mrs. Shrimps»,74993500510,,https://www.loft2rent.ru/loft/168549/168551
СИБУР Холдинг,СИБУР Холдинг,74313708000,for_info@sibur.ru,https://www.sibur.ru
Символ,Символ,79776811850,,https://www.loft2rent.ru/loft/174146/174164
Синара Банк,Синара Банк,,a@61.ru,https://sinarabank.ru
СИНОБИ лофт,СИНОБИ лофт,79035895300,,https://www.loft2rent.ru/loft/186117/186129
Синяя Цапля,Синяя Цапля,79831288783,,https://www.loft2rent.ru/loft/114491/114494
Системный оператор ЕЭС,Системный оператор ЕЭС,,,https://so-ups.ru
Сити Отель 1905,Сити Отель 1905,,,https://ostrovok.ru/hotel/russia/moscow/mid8869200/city_hotel_1905
Сицилия,Сицилия,78124435702,,https://www.loft2rent.ru/loft/83744
Сказка,Сказка,74954780638,,https://www.loft2rent.ru/loft/109926
Сказка,Сказка,78126067020,,https://www.loft2rent.ru/loft/169051
Сказка,Сказка,79854551033,,https://www.loft2rent.ru/loft/18038
Сказочный лес,Сказочный лес,78122007818,,https://www.loft2rent.ru/loft/75982
Скандинавское,Скандинавское,79936053121,,https://www.loft2rent.ru/loft/30979
Скарфейс. Светлый лофт,Скарфейс. Светлый лофт,79911714217,,https://www.reveltime.ru/venue/9034989?eventtype=vecherinka
Скиния Спейс,Скиния Спейс,79165151110,,https://www.loft2rent.ru/loft/201426/201447
Склад №3,Склад №3,79100879032,,https://www.loft2rent.ru/loft/165296/165298
Славия,Славия,74957873333,,https://slaviabank.ru
Снежинский,Снежинский,,infocenter@snbank.ru,https://snbank.ru
СобытИКо,СобытИКо,79253413314,,https://www.loft2rent.ru/loft/183995/183997
Современное дизайнерское пространство,Современное дизайнерское пространство,79952220259,,https://www.reveltime.ru/venue/5178304?eventtype=vecherinka
Современный Loft Москва-сити,Современный Loft Москва-сити,79111023333,,https://www.loft2rent.ru/loft/107530
СОГЛАСИЕ HALL,СОГЛАСИЕ HALL,74951504591,,https://www.loft2rent.ru/loft/74542/74547
Соколиная Нора. Антикафе,Соколиная Нора. Антикафе,79386989873,,https://www.reveltime.ru/venue/5997203?eventtype=vecherinka
Соколиная Нора. Большая комната,Соколиная Нора. Большая комната,79386989873,,https://www.reveltime.ru/venue/5998037?eventtype=vecherinka
Соколиная Нора. Мягкая комната,Соколиная Нора. Мягкая комната,79386989873,,https://www.reveltime.ru/venue/5997624?eventtype=vecherinka
Сол х Магнето,Сол х Магнето,79264277701,,https://www.loft2rent.ru/loft/20616/26722
Солид Банк,Солид Банк,74952323723,bank@solidbank.ru,https://solidbank.ru
Соллерс,Соллерс,74952283045,info@sollers-auto.com,https://sollers-auto.com
Солнце Севера,Солнце Севера,79119805145,,https://www.loft2rent.ru/loft/181998/182000
СОЛТ (SOLT),СОЛТ (SOLT),79258582494,,https://www.loft2rent.ru/loft/138720
Соул лофт - уютный домик со своим двором в парке Малютин сад - метро Бауманская,Соул лофт - уютный домик со своим двором в парке Малютин сад - метро Бауманская,79311118102,,https://www.loft2rent.ru/loft/42016
СОЮЗ ХОЛЛ БОЛЬШОЙ ЗАЛ,СОЮЗ ХОЛЛ БОЛЬШОЙ ЗАЛ,74950040477,,https://www.loft2rent.ru/loft/196155
СОЮЗ ХОЛЛ МАЛЫЙ ЗАЛ,СОЮЗ ХОЛЛ МАЛЫЙ ЗАЛ,74950040477,,https://www.loft2rent.ru/loft/196155
Спецборт,Спецборт,79218888879,,https://www.loft2rent.ru/loft/76631
Спорт-холл Лужники,Спорт-холл Лужники,74959092663,,https://www.loft2rent.ru/loft/164090
Спортивный зал Эви,Спортивный зал Эви,79160876137,,https://www.loft2rent.ru/loft/155206
Спэйс,Спэйс,74954780638,,https://www.loft2rent.ru/loft/109926
Средний зал,Средний зал,78122407880,,https://www.loft2rent.ru/loft/142338
Средний Лофт,Средний Лофт,78124435702,,https://www.loft2rent.ru/loft/83744
СССР,СССР,78122007818,,https://www.loft2rent.ru/loft/75982
ССТ-Центр,ССТ-Центр,79990087848,,https://www.loft2rent.ru/loft/168241/175248
Старая корова,Старая корова,79037473445,,https://t.me/cooperativemeat
Старт ХабАудитория № 2 на Красном Октябре,Старт ХабАудитория № 2 на Красном Октябре,74994552403,,https://www.loft2rent.ru/loft/45041/103969
Старт ХабАудитория № 5 на Красном Октябре,Старт ХабАудитория № 5 на Красном Октябре,74994552403,,https://www.loft2rent.ru/loft/45041/165387
"Старт ХабБар ""Депо. Три вокзала""","Старт ХабБар ""Депо. Три вокзала""",74994552403,,https://www.loft2rent.ru/loft/45041/173082
"Старт ХабКрыша ""Депо. Три вокзала""","Старт ХабКрыша ""Депо. Три вокзала""",74994552403,,https://www.loft2rent.ru/loft/45041/173072
"Старт ХабЛаунж ""Депо. Три вокзала""","Старт ХабЛаунж ""Депо. Три вокзала""",74994552403,,https://www.loft2rent.ru/loft/45041/173076
Старт ХабПресс-центр на Красном Октябре,Старт ХабПресс-центр на Красном Октябре,74994552403,,https://www.loft2rent.ru/loft/45041/68303
Старт ХабСферическая площадка на Красном Октябре,Старт ХабСферическая площадка на Красном Октябре,74994552403,,https://www.loft2rent.ru/loft/45041/45054
Старт ХабУчебная аудитория №1 на Красном Октябре,Старт ХабУчебная аудитория №1 на Красном Октябре,74994552403,,https://www.loft2rent.ru/loft/45041/45052
Старт ХабУчебная аудитория №3 на Красном Октябре,Старт ХабУчебная аудитория №3 на Красном Октябре,74994552403,,https://www.loft2rent.ru/loft/45041/68295
Старт ХабУчебная аудитория №4 на Красном Октябре,Старт ХабУчебная аудитория №4 на Красном Октябре,74994552403,,https://www.loft2rent.ru/loft/45041/68299
Статусный лофт МАВИ на Ордынке,Статусный лофт МАВИ на Ордынке,79994050699,,https://www.loft2rent.ru/loft/151019
"Стеклянный лофт ""ВОЗДУХ"" под мероприятия","Стеклянный лофт ""ВОЗДУХ"" под мероприятия",79585410041,,https://www.loft2rent.ru/loft/97591
Стилизованный лофт с отдельным входом,Стилизованный лофт с отдельным входом,79259575977,,https://www.reveltime.ru/venue/3021620?eventtype=vecherinka
Стильная игровая комната в центре Мск!,Стильная игровая комната в центре Мск!,79099256100,,https://www.loft2rent.ru/loft/53089
Стильное пространство Soft loft со сценой и отдельным входом,Стильное пространство Soft loft со сценой и отдельным входом,79852198400,,https://www.loft2rent.ru/loft/97467
Стильные апартаменты в Москва-Сити с современными удобствами,Стильные апартаменты в Москва-Сити с современными удобствами,79649056209,,https://www.loft2rent.ru/loft/170302/170320
Стильный бар Бард Укулеле для вашего мероприятия!,Стильный бар Бард Укулеле для вашего мероприятия!,79959196886,,https://www.loft2rent.ru/loft/140271
Стильный большой зал ДЮНА и Персид с стеклянным баром,Стильный большой зал ДЮНА и Персид с стеклянным баром,79777816590,,https://www.loft2rent.ru/loft/108186
Стильный зонированый зал ДЖАВАНДИ,Стильный зонированый зал ДЖАВАНДИ,79777816590,,https://www.loft2rent.ru/loft/108186
"Стильный лофт ""Венеция"" / Эстетика и уют / 3 мин. от метро Семеновская","Стильный лофт ""Венеция"" / Эстетика и уют / 3 мин. от метро Семеновская",74998881633,,https://www.loft2rent.ru/loft/126908
"Стильный лофт ""Гринвуд"" с неоном и караоке / 3 мин. от метро Семеновская","Стильный лофт ""Гринвуд"" с неоном и караоке / 3 мин. от метро Семеновская",74998881633,,https://www.loft2rent.ru/loft/126908
Стильный лофт ГЛАМУР,Стильный лофт ГЛАМУР,79777816590,,https://www.loft2rent.ru/loft/108186
Стильный лофт Джаванди,Стильный лофт Джаванди,79813347290,,https://www.reveltime.ru/venue/5444819?eventtype=vecherinka
Стильный лофт для уютных вечеринок,Стильный лофт для уютных вечеринок,79584974139,,https://www.reveltime.ru/venue/6427968?eventtype=vecherinka
Стильный лофт на Западе Москвы,Стильный лофт на Западе Москвы,79653004704,,https://www.loft2rent.ru/loft/48012/48045
Стильный лофт с верандой,Стильный лофт с верандой,79259575977,,https://www.reveltime.ru/venue/398987?eventtype=vecherinka
Стильный лофт с панорамным окном и барной стойкой (лофт БРЭДЛИ),Стильный лофт с панорамным окном и барной стойкой (лофт БРЭДЛИ),79398880008,,https://www.loft2rent.ru/loft/1564
Стильный лофт с потрясающим видом в Москва-Сити,Стильный лофт с потрясающим видом в Москва-Сити,79111023333,,https://www.loft2rent.ru/loft/107530
Стильный лофт-зал на Бауманской,Стильный лофт-зал на Бауманской,79019317663,,https://www.reveltime.ru/venue/6778427?eventtype=vecherinka
Стильный многофункциональный лофт,Стильный многофункциональный лофт,79584973975,,https://www.reveltime.ru/venue/7558312?eventtype=vecherinka
Стильный уютный зал для вашего события рядом с метро Дмитровская,Стильный уютный зал для вашего события рядом с метро Дмитровская,79160876137,,https://www.loft2rent.ru/loft/155206
Столица,Столица,79538581551,,https://www.loft2rent.ru/loft/176325/176327
СТОУН (STONE),СТОУН (STONE),79258582494,,https://www.loft2rent.ru/loft/138720
Стрит-Арт,Стрит-Арт,78126067020,,https://www.loft2rent.ru/loft/169051
СТС Медиа,СТС Медиа,,info@ctcmedia.ru,https://ctcmedia.ru
СТС Медиа Production,СТС Медиа Production,,info@ctcmedia.ru,https://ctcmedia.ru
"Студия ""Замес""Замес.Гастро-пространство","Студия ""Замес""Замес.Гастро-пространство",79165783942,,https://www.loft2rent.ru/loft/176487/176665
"Студия ""Соло""","Студия ""Соло""",79850527854,,https://www.loft2rent.ru/loft/177447/177486
"Студия ""Электрод""","Студия ""Электрод""",79263586569,,https://www.loft2rent.ru/loft/182967/182979
Студия 42,Студия 42,78122133202,,https://twitter.com/sevcableport
Студия PROSPECT,Студия PROSPECT,79120829050,,https://www.loft2rent.ru/loft/83754
Студия Б-33 \,Студия Б-33 \,,,лофт
Студия для проведения мастер-классовСтудия для проведения мастер-классов,Студия для проведения мастер-классовСтудия для проведения мастер-классов,79852319920,,https://www.loft2rent.ru/loft/135492/135718
Студия для танцев и вокалаАренда студии 50м2,Студия для танцев и вокалаАренда студии 50м2,79150593678,,https://www.loft2rent.ru/loft/175546/175557
Студия достижений ТУДАЗал для тренингов и семинаров,Студия достижений ТУДАЗал для тренингов и семинаров,79663164223,,https://www.loft2rent.ru/loft/192425/192428
Студия йоги и женских практик Храм Женщин,Студия йоги и женских практик Храм Женщин,77991186986,,https://www.loft2rent.ru/loft/169857/169861
Студия Парус. Музыкальный лаунж лофт,Студия Парус. Музыкальный лаунж лофт,79346657019,,https://www.reveltime.ru/venue/3017747?eventtype=vecherinka
Студия Том Сойер,Студия Том Сойер,79122932755,,https://www.loft2rent.ru/loft/70039/70047
СтудияСтудия НАТ,СтудияСтудия НАТ,79817464074,,https://www.loft2rent.ru/loft/197636/197642
Супер скидки до 15 июня.Камерная площадка. Все под ключ.,Супер скидки до 15 июня.Камерная площадка. Все под ключ.,79850345330,,https://www.loft2rent.ru/loft/128345
Сургутнефтегазбанк,Сургутнефтегазбанк,,,https://sngb.ru
Сфера,Сфера,74954780638,,https://www.loft2rent.ru/loft/109926
сфера,сфера,79269540354,,https://www.loft2rent.ru/loft/172102/172109
СФЕРА,СФЕРА,79166399660,,https://www.loft2rent.ru/loft/174187/174190
Счастливые моменты,Счастливые моменты,79505502099,,https://www.loft2rent.ru/loft/123787/123789
Счастливые моменты Dark,Счастливые моменты Dark,79505502099,,https://www.loft2rent.ru/loft/123787
Счастливые моменты Loft,Счастливые моменты Loft,79505502099,,https://www.loft2rent.ru/loft/123787
Сёрф лофт,Сёрф лофт,79311118102,,https://www.loft2rent.ru/loft/42016
Т Плюс,Т Плюс,,admin@ms1.ru,https://tplusgroup.ru
Т-Банк,Т-Банк,78003333333,ivan@domain.ru,https://tbank.ru
Таверна «Гарцующий Пони»,Таверна «Гарцующий Пони»,78122007818,,https://www.loft2rent.ru/loft/75982
Таверна Белого Волка,Таверна Белого Волка,78122007818,,https://www.loft2rent.ru/loft/75982
"Таганка лофт с верандой, караоке, Playstation 5 на Таганской","Таганка лофт с верандой, караоке, Playstation 5 на Таганской",74992905896,,https://www.loft2rent.ru/loft/66644
Таити,Таити,78126067020,,https://www.loft2rent.ru/loft/169051
Тайная комната в Столешниковом переулке,Тайная комната в Столешниковом переулке,74998773459,,https://www.loft2rent.ru/loft/aviator
"Танец ШивыЗал для телесных практик, йоги","Танец ШивыЗал для телесных практик, йоги",79015428118,,https://www.loft2rent.ru/loft/129205/129391
"Танцевальный зал ""Англия""","Танцевальный зал ""Англия""",79262727220,,https://www.loft2rent.ru/loft/55683
"Танцевальный зал ""Греция""","Танцевальный зал ""Греция""",79262727220,,https://www.loft2rent.ru/loft/55683
"Танцевальный зал ""Испания""","Танцевальный зал ""Испания""",79262727220,,https://www.loft2rent.ru/loft/55683
"Танцевальный зал ""Калифорния""","Танцевальный зал ""Калифорния""",79262727220,,https://www.loft2rent.ru/loft/55683
Творческая мастерская/лекторий/лофт,Творческая мастерская/лекторий/лофт,79774621901,,https://www.loft2rent.ru/loft/117140/117157
творческий центр Букацудо,творческий центр Букацудо,79006336371,,https://www.loft2rent.ru/loft/144394/144396
"Творческое пространство ""Берёза""","Творческое пространство ""Берёза""",79017042727,,https://www.loft2rent.ru/loft/203648/203692
Твоя вина - лофт в старинном особняке в современном дизайне,Твоя вина - лофт в старинном особняке в современном дизайне,74950080403,,https://www.loft2rent.ru/loft/30985
ТВЭЛ,ТВЭЛ,74959888282,adm@ugcmp.ru,https://www.tvel.ru
ТГК-1 (московские активы),ТГК-1 (московские активы),,office@tgc1.ru,https://tgc1.ru
Театр,Театр,78122007818,,https://www.loft2rent.ru/loft/75982
Театр 21,Театр 21,79175992121,,https://www.loft2rent.ru/loft/160040/160042
Театр don't playЗал для конференций,Театр don't playЗал для конференций,79917245348,,https://www.loft2rent.ru/loft/163426/163428
Театр «Легенда»концертный зал,Театр «Легенда»концертный зал,79112390417,,https://www.loft2rent.ru/loft/78035/78734
Театр «Легенда»концертный зал,Театр «Легенда»концертный зал,79112390417,,https://www.loft2rent.ru/loft/78035/78747
Театральная компания ТрикстерTrickster Loft,Театральная компания ТрикстерTrickster Loft,79265497729,,https://www.loft2rent.ru/loft/197198/197206
Театральная мастерская [CAMERA],Театральная мастерская [CAMERA],79169193602,,https://www.loft2rent.ru/loft/167963/192026
"Театральный центр Комната 528 / Театральный центр Комната 528Зал со сценой для мастер-классов, семинаров, тренингов, конференций и выступлений в центре Москвы","Театральный центр Комната 528 / Театральный центр Комната 528Зал со сценой для мастер-классов, семинаров, тренингов, конференций и выступлений в центре Москвы",79161947274,,https://www.loft2rent.ru/loft/174792/174804
Телеграф,Телеграф,79770897608,,https://www.loft2rent.ru/loft/208767
ТЕПЛО,ТЕПЛО,79602358586,,https://www.loft2rent.ru/loft/153056/153058
"Терра. Лофт для тренингов и мероприятийЗал ""АРИЗОНА""","Терра. Лофт для тренингов и мероприятийЗал ""АРИЗОНА""",79132070014,,https://www.loft2rent.ru/loft/108340/108386
"Терра. Лофт для тренингов и мероприятийЗал ""НЕВАДА""","Терра. Лофт для тренингов и мероприятийЗал ""НЕВАДА""",79132070014,,https://www.loft2rent.ru/loft/108340/108364
"Терра. Лофт для тренингов и мероприятийЗал ""ОГАЙО""","Терра. Лофт для тренингов и мероприятийЗал ""ОГАЙО""",79132070014,,https://www.loft2rent.ru/loft/108340/108424
Терра. Стилизованный двухэтажный лофт,Терра. Стилизованный двухэтажный лофт,79346691548,,https://www.reveltime.ru/venue/4189506?eventtype=vecherinka
Терраса Cépage,Терраса Cépage,79999917444,,https://www.loft2rent.ru/loft/199380
Территория Вквадрате,Территория Вквадрате,79963046961,,https://www.loft2rent.ru/loft/200197/202099
Тесла,Тесла,79689739030,,https://www.loft2rent.ru/loft/2518
ТЕСЛА,ТЕСЛА,74952924217,,https://www.loft2rent.ru/loft/53255
Техснабэкспорт (TENEX),Техснабэкспорт (TENEX),,ignatova.e.v@tenex.ru,https://www.tenex.ru
Тинькофф Инвестиции,Тинькофф Инвестиции,78003333333,ivan@domain.ru,https://tinkoff.ru
Титан,Титан,79689739030,,https://www.loft2rent.ru/loft/2518
Тиффани,Тиффани,78126067020,,https://www.loft2rent.ru/loft/169051
"Тиффани - изысканный лофт с мебелью, светомузыкой, караоке и диско-шаром!","Тиффани - изысканный лофт с мебелью, светомузыкой, караоке и диско-шаром!",74951914157,,https://www.loft2rent.ru/loft/142644
Тиффани. Лофт с авторской мебелью,Тиффани. Лофт с авторской мебелью,79584973975,,https://www.reveltime.ru/venue/3316656?eventtype=vecherinka
ТНТ-Premier Production,ТНТ-Premier Production,74957378666,crp@gpm-rtv.ru,https://tnt-online.ru
Токио,Токио,78124435702,,https://www.loft2rent.ru/loft/83744
"Токио - лофт в японском стиле с модным дизайном, современным световым и звуковым оборудованием!","Токио - лофт в японском стиле с модным дизайном, современным световым и звуковым оборудованием!",74951914157,,https://www.loft2rent.ru/loft/142644
ТОМ1,ТОМ1,79677786877,,https://www.loft2rent.ru/loft/125883/125885
ТрансКапиталБанк,ТрансКапиталБанк,74957774150,bank_about_new@2x.png,https://tkbbank.ru
тренинг центр,тренинг центр,74957456789,,https://www.loft2rent.ru/loft/182399/184157
"Тренинг-центр на Пресне, малый зал 35 м2","Тренинг-центр на Пресне, малый зал 35 м2",74951301127,,https://www.loft2rent.ru/loft/207105
Третье место,Третье место,79346657019,,https://www.reveltime.ru/venue/4437874?eventtype=vecherinka
Тринити,Тринити,79935905884,,https://www.loft2rent.ru/loft/92780
Трудмос,Трудмос,79150401164,,https://www.loft2rent.ru/loft/198917/198919
Тёплая купольная беседка с панорамной верандой,Тёплая купольная беседка с панорамной верандой,79300368207,,https://www.loft2rent.ru/loft/43392
УБРиР,УБРиР,78001000200,,https://ubrr.ru
уГОСТимЗИЛзал,уГОСТимЗИЛзал,79161804698,,https://www.loft2rent.ru/loft/178764/202368
Удобные помещения для тренингов и мастер-классовПомещение для тренингов и детских мероприятий 30 м2 в 7 минутах от метро Щукинскаяо,Удобные помещения для тренингов и мастер-классовПомещение для тренингов и детских мероприятий 30 м2 в 7 минутах от метро Щукинскаяо,79859313464,,https://www.loft2rent.ru/loft/132768/132776
Удобные помещения для тренингов и мастер-классовУдобный учебный класс для тренингов 22 м2 в 6 минутах от метро Щукинская,Удобные помещения для тренингов и мастер-классовУдобный учебный класс для тренингов 22 м2 в 6 минутах от метро Щукинская,79859313464,,https://www.loft2rent.ru/loft/132768/132773
Уединенный VIP-зал караоке №3,Уединенный VIP-зал караоке №3,74991163697,,https://www.loft2rent.ru/loft/103317
Узбекистан,Узбекистан,74956230585,,https://uzbek-rest.ru/
УК Альфа-Капитал,УК Альфа-Капитал,74957973151,claim@alfacapital.ru,https://alfacapital.ru
УК ВТБ,УК ВТБ,74957397799,,https://vtb.ru
УКТ (Участок Кабельной Тары),УКТ (Участок Кабельной Тары),78122133202,,https://twitter.com/sevcableport
"Уличная площадка ""Кристалл Плейс"" Лужники","Уличная площадка ""Кристалл Плейс"" Лужники",74959092663,,https://www.loft2rent.ru/loft/164090
"Уличная площадка ""ПОДМОСТОМ"" Лужники","Уличная площадка ""ПОДМОСТОМ"" Лужники",74959092663,,https://www.loft2rent.ru/loft/164090
Универсальный зал,Универсальный зал,79637687698,,https://www.loft2rent.ru/loft/65867
Универсальный спортивный зал Дружба в Лужниках,Универсальный спортивный зал Дружба в Лужниках,74959092663,,https://www.loft2rent.ru/loft/164090
Уникальный Loft Москва-сити,Уникальный Loft Москва-сити,79111023333,,https://www.loft2rent.ru/loft/107530
Унца УнцаУнца Унца Курская,Унца УнцаУнца Унца Курская,79852695016,,https://www.loft2rent.ru/loft/40373/147337
Унца УнцаУнца Унца Пушкинская,Унца УнцаУнца Унца Пушкинская,79852695016,,https://www.loft2rent.ru/loft/40373/47173
Уралсиб,Уралсиб,78002005520,,https://uralsib.ru
Урбан на Флаконе,Урбан на Флаконе,79263427655,,https://www.loft2rent.ru/loft/74404/74406
Усадьба 19 века Шувалова,Усадьба 19 века Шувалова,79250639949,,https://www.loft2rent.ru/loft/84230/84261
Усадьба 19 века ШуваловаТеатральный зал,Усадьба 19 века ШуваловаТеатральный зал,79250639949,,https://www.loft2rent.ru/loft/84230/174886
Усадьба Васильчиковых на Б.НикитскойКолонный зал,Усадьба Васильчиковых на Б.НикитскойКолонный зал,79037232220,,https://www.loft2rent.ru/loft/29542/29545
Усадьба Остафьево,Усадьба Остафьево,74950210004,,https://www.loft2rent.ru/loft/97591
Усадьба Остров для свадьбы,Усадьба Остров для свадьбы,79585410041,,https://www.loft2rent.ru/loft/97591
Усадьба ШервудовУсадьба Шервудов - исторический особняк со своей территорией и современным пространством,Усадьба ШервудовУсадьба Шервудов - исторический особняк со своей территорией и современным пространством,79631061670,,https://www.loft2rent.ru/loft/142268/142270
УсачеваПлощадка для мероприятий,УсачеваПлощадка для мероприятий,79138515023,,https://www.loft2rent.ru/loft/171238/171240
УтренникВалетта,УтренникВалетта,79165827700,,https://www.loft2rent.ru/loft/177770/177776
Уютная Летняя терраса,Уютная Летняя терраса,79032143720,,https://www.loft2rent.ru/loft/208153
Уютная переговорная № 11 с круглым столом,Уютная переговорная № 11 с круглым столом,79647264515,,https://www.loft2rent.ru/loft/118815
Уютное и камерное пространство для мероприятий,Уютное и камерное пространство для мероприятий,79584974208,,https://www.reveltime.ru/venue/3829933?eventtype=vecherinka
Уютный Loft Москва-сити,Уютный Loft Москва-сити,79111023333,,https://www.loft2rent.ru/loft/107530
Уютный бар Лето,Уютный бар Лето,79164400130,,https://www.loft2rent.ru/loft/177908
Уютный бар лофт рядом с Кремлем,Уютный бар лофт рядом с Кремлем,79152683831,,https://www.loft2rent.ru/loft/11791/26548
УЮТНЫЙ ВИП-ЛОФТ С НЕОНОВЫМ СВЕТОМ И МЯГКОЙ МЕБЕЛЬЮ,УЮТНЫЙ ВИП-ЛОФТ С НЕОНОВЫМ СВЕТОМ И МЯГКОЙ МЕБЕЛЬЮ,79120829050,,https://www.loft2rent.ru/loft/83754
УЮТНЫЙ ДВУХЭТАЖНЫЙ ЛОФТ С КАРАОКЕ И МЯГКОЙ МЕБЕЛЬЮ,УЮТНЫЙ ДВУХЭТАЖНЫЙ ЛОФТ С КАРАОКЕ И МЯГКОЙ МЕБЕЛЬЮ,79120829050,,https://www.loft2rent.ru/loft/83754
"Уютный и просторный лофт ""Кинозвезда"" / 3 мин. от метро Семеновская","Уютный и просторный лофт ""Кинозвезда"" / 3 мин. от метро Семеновская",74998881633,,https://www.loft2rent.ru/loft/126908
Уютный лофт в Москва-Сити,Уютный лофт в Москва-Сити,79111023333,,https://www.loft2rent.ru/loft/107530
Уютный лофт в центре города,Уютный лофт в центре города,74957489338,,https://www.reveltime.ru/venue/2363053?eventtype=vecherinka
Уютный лофт для детских событий,Уютный лофт для детских событий,79645120698,,https://www.reveltime.ru/venue/5383466?eventtype=vecherinka
"Уютный лофт КомоД с верандой, мангалом и сценой","Уютный лофт КомоД с верандой, мангалом и сценой",79672393603,,https://www.loft2rent.ru/loft/1665
УЮТНЫЙ ЛОФТ ПЕРСИД,УЮТНЫЙ ЛОФТ ПЕРСИД,79777816590,,https://www.loft2rent.ru/loft/108186
уютный лофт с верандой в парке ВДНХ,уютный лофт с верандой в парке ВДНХ,78005001523,,https://www.loft2rent.ru/loft/47660
Уютный лофт с отдельным входом и внутренним двором,Уютный лофт с отдельным входом и внутренним двором,79584974039,,https://www.reveltime.ru/venue/4556601?eventtype=vecherinka
Уютный лофт с яркими акцентами LuckyDucky,Уютный лофт с яркими акцентами LuckyDucky,74954320136,,https://www.loft2rent.ru/loft/22257
Уютный лофт с яркими акцентами с летней верандой,Уютный лофт с яркими акцентами с летней верандой,79584974331,,https://www.reveltime.ru/venue/3539723?eventtype=vecherinka
Уютный песочный лофт Персид,Уютный песочный лофт Персид,79584974089,,https://www.reveltime.ru/venue/8410119?eventtype=vecherinka
Уютный премиальный ресторан с панорамным видом на озеро и Останкинскую башню,Уютный премиальный ресторан с панорамным видом на озеро и Останкинскую башню,79164400130,,https://www.loft2rent.ru/loft/101001
Уютный ресторан на ВДНХ,Уютный ресторан на ВДНХ,79164400130,,https://www.loft2rent.ru/loft/101001
Уютный ретро лофт у метро с мощным звуком и караоке,Уютный ретро лофт у метро с мощным звуком и караоке,79955046069,,https://www.loft2rent.ru/loft/207724
Уютный тропический лофт,Уютный тропический лофт,79584974160,,https://www.reveltime.ru/venue/4145213?eventtype=vecherinka
фазенда,фазенда,79854311004,,https://www.loft2rent.ru/loft/27053
Фактура,Фактура,74951271339,,https://www.loft2rent.ru/loft/126016/126018
Фактурный лофт с барной стойкой и кухней (лофт ДУГЛАС),Фактурный лофт с барной стойкой и кухней (лофт ДУГЛАС),79398880008,,https://www.loft2rent.ru/loft/1564
ФГУП «Росморпорт»,ФГУП «Росморпорт»,,card_1@2x.png,https://www.rusprofile.ru/id/315414
Фламинго АртБелый кабинет,Фламинго АртБелый кабинет,79990399477,,https://www.loft2rent.ru/loft/99143/99963
Фламинго АртКабинет с Драконом,Фламинго АртКабинет с Драконом,79990399477,,https://www.loft2rent.ru/loft/99143/99967
"Фонд ММККонференц-пространство ""МЕДИКОР"" в Сколково","Фонд ММККонференц-пространство ""МЕДИКОР"" в Сколково",79266981015,,https://www.loft2rent.ru/loft/199429/199500
ФосАгро,ФосАгро,78002342900,centralasia@phosagro.ru,https://www.phosagro.ru
Фото карета. Зал Зефирка,Фото карета. Зал Зефирка,79019317685,,https://www.reveltime.ru/venue/6992918?eventtype=vecherinka
Фото карета. Зал Лаборатория,Фото карета. Зал Лаборатория,79019317685,,https://www.reveltime.ru/venue/7018070?eventtype=vecherinka
Фото карета. Лофт Лось,Фото карета. Лофт Лось,79019317685,,https://www.reveltime.ru/venue/7012563?eventtype=vecherinka
Фото карета. Неоновый зал Юность,Фото карета. Неоновый зал Юность,79019397046,,https://www.reveltime.ru/venue/2416835?eventtype=vecherinka
Фото карета. Сказка. Двухуровневый лофт,Фото карета. Сказка. Двухуровневый лофт,79019397046,,https://www.reveltime.ru/venue/6982364?eventtype=vecherinka
"Фотостудия ""Кухня""Студия ""Кухня""","Фотостудия ""Кухня""Студия ""Кухня""",79167033377,,https://www.loft2rent.ru/loft/74035/78056
Фотостудия Lounge (Лаунж),Фотостудия Lounge (Лаунж),79019397046,,https://www.reveltime.ru/venue/1332218?eventtype=vecherinka
Фотостудия Lounge. LovelyLOFT (Лаунж. ЛовлиЛОФТ). Лофт из трех изолированных помещений,Фотостудия Lounge. LovelyLOFT (Лаунж. ЛовлиЛОФТ). Лофт из трех изолированных помещений,79019397046,,https://www.reveltime.ru/venue/1332224?eventtype=vecherinka
Фотостудия Panda Зал с различными локациями,Фотостудия Panda Зал с различными локациями,79259261415,,https://www.reveltime.ru/venue/2838375?eventtype=vecherinka
Фотостудия RS StudioКомфортный конференц зал,Фотостудия RS StudioКомфортный конференц зал,79122942009,,https://www.loft2rent.ru/loft/134321/134325
Фотостудия RS StudioПлощадка под мероприятия фотостудия Rosso,Фотостудия RS StudioПлощадка под мероприятия фотостудия Rosso,79122942009,,https://www.loft2rent.ru/loft/134321/134324
Фотостудия StatusФото и Видео,Фотостудия StatusФото и Видео,79816817834,,https://www.loft2rent.ru/loft/176316/176318
Фотостудия WhitePlace. Лофт-кальянная,Фотостудия WhitePlace. Лофт-кальянная,74952222360,,https://www.reveltime.ru/venue/489473?eventtype=vecherinka
фотостудия Пространство зал Филикуди,фотостудия Пространство зал Филикуди,74992887790,,https://www.loft2rent.ru/loft/31821
Фрактал Бенуа: уютный лофт для мероприятий с караоке и PlayStation,Фрактал Бенуа: уютный лофт для мероприятий с караоке и PlayStation,79779620844,,https://www.loft2rent.ru/loft/15086/26624
Фряново,Фряново,74965664630,shel_muzeyshikm@mosreg.ru,https://museum-schel.ru
Фьюжн,Фьюжн,74954780638,,https://www.loft2rent.ru/loft/109926
ХА-ХА ШОУ Loft,ХА-ХА ШОУ Loft,79602835563,,https://www.loft2rent.ru/loft/103242
ХА-ХА ШОУ Москва,ХА-ХА ШОУ Москва,79602835563,,https://www.loft2rent.ru/loft/103242
Харизма Лофт,Харизма Лофт,79665061615,,https://www.loft2rent.ru/loft/165127/165129
Хвоя Lounge,Хвоя Lounge,79197629748,,https://www.loft2rent.ru/loft/103884/104698
Хлынов,Хлынов,74957719100,callcenter@bank-hlynov.ru,https://bank-hlynov.ru
Хобби клуб Берлога,Хобби клуб Берлога,79067563194,,https://www.loft2rent.ru/loft/134500/134522
"Холидей- бордовый лофт с диско-шаром,фотозоной и караоке!","Холидей- бордовый лофт с диско-шаром,фотозоной и караоке!",74991113716,,https://www.loft2rent.ru/loft/131919
Холодное Сердце,Холодное Сердце,78126067020,,https://www.loft2rent.ru/loft/169051
Хорошее место,Хорошее место,74942057161,,https://www.loft2rent.ru/loft/165396/165862
Хорошее место на Трифоновской«Хорошее место» на Трифоновской,Хорошее место на Трифоновской«Хорошее место» на Трифоновской,79256665151,,https://www.loft2rent.ru/loft/40232/40236
Хромакей циклорама на Варшавском шоссеЦиклорама на Вашавском шоссе,Хромакей циклорама на Варшавском шоссеЦиклорама на Вашавском шоссе,79636243226,,https://www.loft2rent.ru/loft/184864/184904
ХромХРОМ,ХромХРОМ,79150052662,,https://www.loft2rent.ru/loft/159256/159958
Хронос«Баланс»,Хронос«Баланс»,79260841151,,https://www.loft2rent.ru/loft/28230/84889
ХроносВосход,ХроносВосход,74951043151,,https://www.loft2rent.ru/loft/28230/28578
ХроносГармония,ХроносГармония,74951043151,,https://www.loft2rent.ru/loft/28230/28240
ХроносИнтеграция,ХроносИнтеграция,74951043151,,https://www.loft2rent.ru/loft/28230/28575
ХроносЛотос,ХроносЛотос,74951043151,,https://www.loft2rent.ru/loft/28230/28579
ХроносЛунный,ХроносЛунный,74951043151,,https://www.loft2rent.ru/loft/28230/28580
ХроносРАВНОВЕСИЕ,ХроносРАВНОВЕСИЕ,79260841151,,https://www.loft2rent.ru/loft/28230/84885
ХроносСинтез,ХроносСинтез,74951043151,,https://www.loft2rent.ru/loft/28230/28574
ХроносСозвездие,ХроносСозвездие,74951043151,,https://www.loft2rent.ru/loft/28230/28581
ХроносСозидание,ХроносСозидание,74951043151,,https://www.loft2rent.ru/loft/28230/28582
ХроносСолнечный,ХроносСолнечный,74951043151,,https://www.loft2rent.ru/loft/28230/28584
ХроносСпектр,ХроносСпектр,74951043151,,https://www.loft2rent.ru/loft/28230/28585
"Хэппи - светлый лофт с уютной фотозоной, мягкими креслами, стильным неоном и караоке!","Хэппи - светлый лофт с уютной фотозоной, мягкими креслами, стильным неоном и караоке!",74951914157,,https://www.loft2rent.ru/loft/142644
ЦАО Лофт,ЦАО Лофт,79259575977,,https://www.loft2rent.ru/loft/51002/51007
ЦАО ЛофтЦАО ЛОФТ 2,ЦАО ЛофтЦАО ЛОФТ 2,79259575977,,https://www.loft2rent.ru/loft/51002/51013
Царицыно,Царицыно,74953218609,buro_ts@culture.mos.ru,https://tsaritsyno-museum.ru
Центр архитектуры и дизайна ARTPLAYБалкон ARTPLAY,Центр архитектуры и дизайна ARTPLAYБалкон ARTPLAY,79031668833,,https://www.loft2rent.ru/loft/164386/164626
"Центр архитектуры и дизайна ARTPLAYЛекторий ""Галерея""","Центр архитектуры и дизайна ARTPLAYЛекторий ""Галерея""",79031668833,,https://www.loft2rent.ru/loft/164386/164601
Центр архитектуры и дизайна ARTPLAYМалый выставочный зал,Центр архитектуры и дизайна ARTPLAYМалый выставочный зал,79031668833,,https://www.loft2rent.ru/loft/164386/164401
Центр истории современной музыки,Центр истории современной музыки,79151245829,,https://www.loft2rent.ru/loft/40995
Центр МАРС,Центр МАРС,74956236690,,https://www.loft2rent.ru/loft/5178/26835
"Центр психологии ""Форсайт""Зал ""Штиль""","Центр психологии ""Форсайт""Зал ""Штиль""",79533712003,,https://www.loft2rent.ru/loft/129892/129912
"Центр психологии ""Форсайт""Зал ""Шторм""","Центр психологии ""Форсайт""Зал ""Шторм""",79533712003,,https://www.loft2rent.ru/loft/129892/129909
Центр РипаВангтанг,Центр РипаВангтанг,79919359993,,https://www.loft2rent.ru/loft/184918/184932
Центр РипаВерма,Центр РипаВерма,79919359993,,https://www.loft2rent.ru/loft/184918/185133
Центр РипаЛунгта,Центр РипаЛунгта,79919359993,,https://www.loft2rent.ru/loft/184918/184923
Центр РипаПаво,Центр РипаПаво,79919359993,,https://www.loft2rent.ru/loft/184918/184944
Центр РипаСиджи,Центр РипаСиджи,79919359993,,https://www.loft2rent.ru/loft/184918/185037
Центр современного искусства ВИНЗАВОД,Центр современного искусства ВИНЗАВОД,74959174646,,https://www.reveltime.ru/venue/206461?eventtype=vecherinka
Центр цифрового искусства Внутри,Центр цифрового искусства Внутри,79165837656,,https://www.loft2rent.ru/loft/177814/177817
Центр ШамбалаБалетный зал,Центр ШамбалаБалетный зал,79166703353,,https://www.loft2rent.ru/loft/58461/114147
Центр ШамбалаШамбала,Центр ШамбалаШамбала,79166703353,,https://www.loft2rent.ru/loft/58461/58490
Центр-инвест,Центр-инвест,74957253141,welcome@centrinvest.ru,https://centrinvest.ru
Центральный детский музей,Центральный детский музей,,d3@7.js,https://cdm-moscow.ru
Центрум. Уютное светлое пространство круглой формы,Центрум. Уютное светлое пространство круглой формы,79584974160,,https://www.reveltime.ru/venue/6315341?eventtype=vecherinka
ЦЕХ (1 ЭТАЖ),ЦЕХ (1 ЭТАЖ),78122133202,,https://twitter.com/sevcableport
ЦЕХ (2 ЭТАЖ),ЦЕХ (2 ЭТАЖ),78122133202,,https://twitter.com/sevcableport
ЦЕХ 42Малый зал,ЦЕХ 42Малый зал,79932814376,,https://www.loft2rent.ru/loft/162410/200975
Циферблат на Кузнецком МостуБИБЛИОТЕКА (ЦИФЕРБЛАТ НА КУЗНЕЦКОМ МОСТУ),Циферблат на Кузнецком МостуБИБЛИОТЕКА (ЦИФЕРБЛАТ НА КУЗНЕЦКОМ МОСТУ),79629646786,,https://www.loft2rent.ru/loft/45838/45845
Циферблат на Кузнецком МостуБОЛЬШАЯ ГОСТИНАЯ (ЦИФЕРБЛАТ НА КУЗНЕЦКОМ МОСТУ),Циферблат на Кузнецком МостуБОЛЬШАЯ ГОСТИНАЯ (ЦИФЕРБЛАТ НА КУЗНЕЦКОМ МОСТУ),79629646786,,https://www.loft2rent.ru/loft/45838/45859
Циферблат на Кузнецком МостуМАЛАЯ ГОСТИНАЯ (ЦИФЕРБЛАТ НА КУЗНЕЦКОМ МОСТУ),Циферблат на Кузнецком МостуМАЛАЯ ГОСТИНАЯ (ЦИФЕРБЛАТ НА КУЗНЕЦКОМ МОСТУ),79629646786,,https://www.loft2rent.ru/loft/45838/45840
Циферблат на Кузнецком МостуЦиферблат на Кузнецком Мосту (Полностью),Циферблат на Кузнецком МостуЦиферблат на Кузнецком Мосту (Полностью),79629646786,,https://www.loft2rent.ru/loft/45838/45863
Цунами,Цунами,74954780638,,https://www.loft2rent.ru/loft/109926
ЧАЙКА,ЧАЙКА,74957651101,,https://www.loft2rent.ru/loft/90945
Чайнатаун,Чайнатаун,78124435702,,https://www.loft2rent.ru/loft/83744
ЧАСТЬ ТВОЕЙ ДУШИ (ex ВЛАСОВ ХОЛЛ),ЧАСТЬ ТВОЕЙ ДУШИ (ex ВЛАСОВ ХОЛЛ),74957985181,,https://www.loft2rent.ru/loft/28030
Человек И ЕдаКухня-студия Человек и Еда,Человек И ЕдаКухня-студия Человек и Еда,79771245188,,https://www.loft2rent.ru/loft/38655/38712
Черкизово,Черкизово,74742908000,bg-2-mob@2x.png,https://cherkizovo.com
Черника лофт,Черника лофт,79537802832,,https://www.loft2rent.ru/loft/151581/151585
Честер. Зал с яркими диванами и камином,Честер. Зал с яркими диванами и камином,79346699837,,https://www.reveltime.ru/venue/3316674?eventtype=vecherinka
Четыре зала Фотостудии BASE с отдельным входом в БЦ на Преображенке,Четыре зала Фотостудии BASE с отдельным входом в БЦ на Преображенке,79254214746,,https://www.loft2rent.ru/loft/53804
ЧеховЪ Лофт,ЧеховЪ Лофт,79957807068,,https://www.loft2rent.ru/loft/126157/126539
Чехофф Отель Москва Кьюрио Коллекшен Хилтон,Чехофф Отель Москва Кьюрио Коллекшен Хилтон,,,https://ostrovok.ru/hotel/russia/moscow/mid9023595/chekhoff_hotel_moscow_curio_collection_by_hilton
Чечевица Лофт,Чечевица Лофт,79052556556,,https://www.loft2rent.ru/loft/83446/83448
Чикаго,Чикаго,78126067020,,https://www.loft2rent.ru/loft/169051
Чил лофт. Яркий лофт-зал для девичников,Чил лофт. Яркий лофт-зал для девичников,79346695974,,https://www.reveltime.ru/venue/5920735?eventtype=vecherinka
Чудеса,Чудеса,79296769998,,https://www.loft2rent.ru/loft/40150
Шале,Шале,78126067020,,https://www.loft2rent.ru/loft/169051
Шале,Шале,74993703816,,https://www.loft2rent.ru/loft/29857
Шали лофт,Шали лофт,79166177525,,https://www.loft2rent.ru/loft/93962/93971
Шатер у воды для праздников и мероприятий,Шатер у воды для праздников и мероприятий,79255165332,,https://www.loft2rent.ru/loft/172081
Шатер Хвойный,Шатер Хвойный,79309441660,,https://www.loft2rent.ru/loft/140702/150486
ШЕЛЛ (SHELL),ШЕЛЛ (SHELL),79258582494,,https://www.loft2rent.ru/loft/138720
Шервуд Лофт,Шервуд Лофт,79588053905,,https://www.loft2rent.ru/loft/104632/104634
Шикарный Баум Холл в греческом стиле,Шикарный Баум Холл в греческом стиле,79510858112,,https://www.loft2rent.ru/loft/151019
Шикарный люкс лофт Москва-Сити,Шикарный люкс лофт Москва-Сити,79111023333,,https://www.loft2rent.ru/loft/107530
Шиле - Просторный светлый лофт с настроением лета и большим арочным окном,Шиле - Просторный светлый лофт с настроением лета и большим арочным окном,74950327390,,https://www.loft2rent.ru/loft/5581
Школа музыки Марс,Школа музыки Марс,74997098459,,https://www.loft2rent.ru/loft/201848/201862
Школа музыки Марс,Школа музыки Марс,74997098459,,https://www.loft2rent.ru/loft/201848/201920
Шоколадница,Шоколадница,,a.starkova@shoko.ru,https://shoko.ru
Шоурум,Шоурум,79150127722,,https://www.loft2rent.ru/loft/116807
ШП Образовательное Пространство,ШП Образовательное Пространство,79916403577,,https://www.loft2rent.ru/loft/179435/179440
ШтудияШтудия. Проспект мира,ШтудияШтудия. Проспект мира,74957612323,,https://www.loft2rent.ru/loft/110445/110449
Ъ (Знак),Ъ (Знак),,,https://ostrovok.ru/hotel/russia/moscow/mid11227231/hotel_znak
Эдисон,Эдисон,79689739030,,https://www.loft2rent.ru/loft/2518
ЭДИСОН,ЭДИСОН,74952924217,,https://www.loft2rent.ru/loft/53255
"Эко-парк ""Земляничный""Event-hall (Эко-парк ""Земляничный"")","Эко-парк ""Земляничный""Event-hall (Эко-парк ""Земляничный"")",79506067877,,https://www.loft2rent.ru/loft/145745/145749
Эксклюзивный Loft Москва-сити,Эксклюзивный Loft Москва-сити,79111023333,,https://www.loft2rent.ru/loft/107530
Экспериментаниум,Экспериментаниум,74951200520,cafe@experimentanium.ru,https://experimentanium.ru
Экспо - для вашего мероприятия,Экспо - для вашего мероприятия,74951207719,,https://www.loft2rent.ru/loft/187684
Экспобанк,Экспобанк,74952131991,info@expobank.ru,https://expobank.ru
Элегантный зал ГОТЭМ,Элегантный зал ГОТЭМ,79777816590,,https://www.loft2rent.ru/loft/108186
Элегантный лофт Готэм,Элегантный лофт Готэм,79584974039,,https://www.reveltime.ru/venue/8504465?eventtype=vecherinka
Элегантный лофт с хорошим звуком и балконом,Элегантный лофт с хорошим звуком и балконом,79910173255,,https://www.reveltime.ru/venue/9168851?eventtype=vecherinka
Элефантия,Элефантия,73432381550,,https://www.loft2rent.ru/loft/176750/176752
Элит,Элит,,,https://ostrovok.ru/hotel/russia/moscow/mid6811604/elit_hotel_5
Эль Плейс,Эль Плейс,79600300400,,https://www.loft2rent.ru/loft/73458/73460
Энгейдж ВДНХ,Энгейдж ВДНХ,78005001523,,https://www.loft2rent.ru/loft/47660
Энджой комьюнитиЗал 1,Энджой комьюнитиЗал 1,74994951781,,https://www.loft2rent.ru/loft/99646/99655
Энджой комьюнитиЗал 2,Энджой комьюнитиЗал 2,74994951781,,https://www.loft2rent.ru/loft/99646/99659
Энджой комьюнитиЗал 3,Энджой комьюнитиЗал 3,74994951781,,https://www.loft2rent.ru/loft/99646/99664
Энджой комьюнитиЗал 4,Энджой комьюнитиЗал 4,74994951781,,https://www.loft2rent.ru/loft/99646/99677
Энджой комьюнитиЗал 5,Энджой комьюнитиЗал 5,74994951781,,https://www.loft2rent.ru/loft/99646/99681
Энджой комьюнитиЗал №6,Энджой комьюнитиЗал №6,74994951781,,https://www.loft2rent.ru/loft/99646/114166
Энерготрансбанк,Энерготрансбанк,74956600401,,https://energotransbank.com
Эрмитаж на Трубной,Эрмитаж на Трубной,79833040878,,https://www.loft2rent.ru/loft/67493
ЭФКО,ЭФКО,78002007080,a.chamara@efko.ru,https://efko.ru
Эффектный Loft Москва-сити,Эффектный Loft Москва-сити,79111023333,,https://www.loft2rent.ru/loft/107530
Юность,Юность,79854551033,,https://www.loft2rent.ru/loft/18038
Юность,Юность,79689739030,,https://www.loft2rent.ru/loft/2518
ЮТВ Холдинг,ЮТВ Холдинг,73472465454,rating@mail.ru,https://utv.ru
Я в моментеЯ в моменте,Я в моментеЯ в моменте,79237327077,,https://www.loft2rent.ru/loft/175905/175907
Якитория,Якитория,,foodservice_1@yakitoriya.ru,https://yakitoriya.ru
Якудза,Якудза,78126067020,,https://www.loft2rent.ru/loft/169051
Ямайка,Ямайка,78124435702,,https://www.loft2rent.ru/loft/83744
Ямайка. Уютный лофт в гавайском стиле,Ямайка. Уютный лофт в гавайском стиле,79586097164,,https://www.reveltime.ru/venue/5223286?eventtype=vecherinka
Яндекс Банк,Яндекс Банк,,connect@bank.yandex.ru,https://bank.yandex.ru
Яндекс Маркет,Яндекс Маркет,,,https://market.yandex.ru
Яркий двухуровневый лофт,Яркий двухуровневый лофт,79386989873,,https://www.reveltime.ru/venue/5828600?eventtype=vecherinka
"Яркий лофт ""Диско"" с розовым неоном / 3 мин. от метро Семеновская","Яркий лофт ""Диско"" с розовым неоном / 3 мин. от метро Семеновская",74998881633,,https://www.loft2rent.ru/loft/126908
Яровит ХоллКонгресс центр Яровит Холл,Яровит ХоллКонгресс центр Яровит Холл,79952608808,,https://www.loft2rent.ru/loft/115873/115891
Яровит ХоллЯровит Лофт,Яровит ХоллЯровит Лофт,79952608808,,https://www.loft2rent.ru/loft/115873/177053
Яхт Клуб Галс,Яхт Клуб Галс,79585410041,,https://www.loft2rent.ru/loft/97591
"Яхт-клуб «ПОРТОФИНО» аренда шатра под свадьбу, день рождения","Яхт-клуб «ПОРТОФИНО» аренда шатра под свадьбу, день рождения",79585410041,,https://www.loft2rent.ru/loft/97591
"Яхт-клуб Березы (шатры, бассейн) аренда","Яхт-клуб Березы (шатры, бассейн) аренда",79585410041,,https://www.loft2rent.ru/loft/97591
Яхт-клуб Нептун,Яхт-клуб Нептун,79585410041,,https://www.loft2rent.ru/loft/97591
"Яхт-клуб под мероприятия аренда шатров, бассейна","Яхт-клуб под мероприятия аренда шатров, бассейна",79585410041,,https://www.loft2rent.ru/loft/97591
Яхт-клуб “БУРЕВЕСТНИК” шатер под мероприятия,Яхт-клуб “БУРЕВЕСТНИК” шатер под мероприятия,79585410041,,https://www.loft2rent.ru/loft/97591
