Название компании,Название сделки,Телефон,Email,Сайт
"""Комната"". Бильярд, Музыка, Еда.","""Комната"". Бильярд, Музыка, Еда.",79812917202,,https://www.loft2rent.ru/loft/162190/162193
"""Культурный зал""","""Культурный зал""",79213544851,,https://www.loft2rent.ru/loft/110170
"""ЛОФТ-БАР"" с караоке","""ЛОФТ-БАР"" с караоке",79626992144,,https://www.loft2rent.ru/loft/80548
"""Не верь никому"" - Караоке лофт Секретные Материалы","""Не верь никому"" - Караоке лофт Секретные Материалы",73433630042,,https://www.loft2rent.ru/loft/115047
"""Ничто не вечно"" - Караоке лофт Секретные Материалы","""Ничто не вечно"" - Караоке лофт Секретные Материалы",73433630042,,https://www.loft2rent.ru/loft/115047
"""Подземелье Слизерин""","""Подземелье Слизерин""",79013337731,,https://www.loft2rent.ru/loft/39148
#СибирьСибирь,#СибирьСибирь,74996525161,,https://moscow.sibirsibir.ru/
+39 Trattoria&Pizzeria,+39 Trattoria&Pizzeria,79671267160,,https://39trattoriapizzeria.ru/
0.75 Please,0.75 Please,73912152913,075pls@bk.ru,https://075please.ru
0.75 please,0.75 please,79850750750,,https://075please.moscow/
1 Арт Отель,1 Арт Отель,74953239994,sl@1arthotel.ru,https://1arthotel.ru
1 Арт Отель,1 Арт Отель,,,https://ostrovok.ru/hotel/russia/moscow/mid9764903/1_art_hotel
1 зал Караоке Лофт-студии,1 зал Караоке Лофт-студии,79689924484,,https://www.loft2rent.ru/loft/12511
1 Зал Шайн 45 м2,1 Зал Шайн 45 м2,79612267251,,https://www.loft2rent.ru/loft/125716
16 Тонн Арбат,16 Тонн Арбат,79264331399,,https://www.loft2rent.ru/loft/197584/201762
"1839Винтажный зал в центре Москвы, зал Винтаж","1839Винтажный зал в центре Москвы, зал Винтаж",79299081101,,https://www.loft2rent.ru/loft/210279/210337
1930 Moscow,1930 Moscow,79257471930,hello@1930.moscow,https://1930.moscow
1930 Moscow,1930 Moscow,79257471930,,https://www.loft2rent.ru/loft/81295/81299
2 Зал Караоке Лофт-студии,2 Зал Караоке Лофт-студии,79689924484,,https://www.loft2rent.ru/loft/12511
2-х уровневое пространство с террасой,2-х уровневое пространство с террасой,79031888081,,https://www.loft2rent.ru/loft/49928
207,207,79689739030,,https://www.loft2rent.ru/loft/2518
"21.KultСтаринные залы в особняке 18 века ""21.KULT""","21.KultСтаринные залы в особняке 18 века ""21.KULT""",79895952121,,https://www.loft2rent.ru/loft/82207/82209
2x2 TV,2x2 TV,74957255400,abuse@2x2tv.ru,https://2x2tv.ru
3 Зал Бруклин 100 м2,3 Зал Бруклин 100 м2,79612267251,,https://www.loft2rent.ru/loft/125716
3 зал Караоке Лофт-студии,3 зал Караоке Лофт-студии,79689924484,,https://www.loft2rent.ru/loft/12511
3-е место - лофт на Тульской,3-е место - лофт на Тульской,79166683000,,https://www.loft2rent.ru/loft/75181
300м²Апартамент в башне Москва - Сити Око на 70 этаже за МИЛЛИАРД,300м²Апартамент в башне Москва - Сити Око на 70 этаже за МИЛЛИАРД,79111023333,,https://www.loft2rent.ru/loft/107530
314 LoftЛофт на Кленовом бульваре \,314 LoftЛофт на Кленовом бульваре \,,,лофт
3DNews,3DNews,74959882090,admin@3dnews.ru,https://3dnews.ru
4 зал Караоке Лофт-студии,4 зал Караоке Лофт-студии,79689924484,,https://www.loft2rent.ru/loft/12511
44 Sky Daimond Aparment,44 Sky Daimond Aparment,79958998202,,https://www.loft2rent.ru/loft/171815
45 floor Big Apartments Москва Сити,45 floor Big Apartments Москва Сити,79958998202,,https://www.loft2rent.ru/loft/171815
46 Black Apartments Москва Сити,46 Black Apartments Москва Сити,79958998202,,https://www.loft2rent.ru/loft/171815
4Brewers pub,4Brewers pub,79364444815,,https://www.loft2rent.ru/loft/196740/197421
5 Зал Лондон 90 м2,5 Зал Лондон 90 м2,79612267251,,https://www.loft2rent.ru/loft/125716
54 floor Rise Global Угловой большой апартамент с заворажевающим видом на башни и Столицу!,54 floor Rise Global Угловой большой апартамент с заворажевающим видом на башни и Столицу!,79958998202,,https://www.loft2rent.ru/loft/171815
55 floor Atlanta Apartments Москва Сити,55 floor Atlanta Apartments Москва Сити,79958998202,,https://www.loft2rent.ru/loft/171815
6 Зал Мани 55 м2,6 Зал Мани 55 м2,79612267251,,https://www.loft2rent.ru/loft/125716
61 floor Sky Апартмент в Москва Сити,61 floor Sky Апартмент в Москва Сити,79958998202,,https://www.loft2rent.ru/loft/171815
66 floor Magic Апартаменты в Москва Сити,66 floor Magic Апартаменты в Москва Сити,79958998202,,https://www.loft2rent.ru/loft/171815
66 floor Rise Apartments EXСLUSIVE Угловой апартамент с замораживающим видом и ванной у окна!,66 floor Rise Apartments EXСLUSIVE Угловой апартамент с замораживающим видом и ванной у окна!,79958998202,,https://www.loft2rent.ru/loft/171815
"71,2 м² Апартамент на 65 этаже Москва Сити с видом на комплекс башен Neva Towers (Moscow city Neva Towers)","71,2 м² Апартамент на 65 этаже Москва Сити с видом на комплекс башен Neva Towers (Moscow city Neva Towers)",79111023333,,https://www.loft2rent.ru/loft/107530
76 floor Rise Apartments Шикарный апартамент с видом на Москву!,76 floor Rise Apartments Шикарный апартамент с видом на Москву!,79958998202,,https://www.loft2rent.ru/loft/171815
"80 этаж! Самый высокий апартамент! Вид на МГУ, Лужники, Парк Победы, башни и город!","80 этаж! Самый высокий апартамент! Вид на МГУ, Лужники, Парк Победы, башни и город!",79958998202,,https://www.loft2rent.ru/loft/171815
800 Contemporary,800 Contemporary,74997693333,,https://800degreesmoscow.ru/
90FloorMYTH \,90FloorMYTH \,,,лофт
90FloorSKY \,90FloorSKY \,,,лофт
90FloorПанорамный ресторан китайской кухни MUME,90FloorПанорамный ресторан китайской кухни MUME,74954899090,,https://www.loft2rent.ru/loft/63709/123926
[KU:] Рамен Изакая,[KU:] Рамен Изакая,74996090069,,https://kuramen.ru/
A-More Loft / А'Море,A-More Loft / А'Море,79772959526,,https://www.loft2rent.ru/loft/104772
A101 Development,A101 Development,74991101873,,https://a101.ru
Aaark,Aaark,,,https://alfa.me/db1OAY
AB InBev Efes,AB InBev Efes,,info@napitkivmeste.ru,https://abinbevefes.ru
Academia Antikino / Академия АнтикиноБор,Academia Antikino / Академия АнтикиноБор,79197251716,,https://www.loft2rent.ru/loft/124262/124576
Academia Antikino / Академия АнтикиноКлассический лофт Академии,Academia Antikino / Академия АнтикиноКлассический лофт Академии,79197251716,,https://www.loft2rent.ru/loft/124262/124649
Academia Antikino / Академия АнтикиноСаванна,Academia Antikino / Академия АнтикиноСаванна,79197251716,,https://www.loft2rent.ru/loft/124262/124578
Academia Antikino / Академия АнтикиноТропики,Academia Antikino / Академия АнтикиноТропики,79197251716,,https://www.loft2rent.ru/loft/124262/124567
Accademia del GustoКулинарная студия Accademia del Gusto,Accademia del GustoКулинарная студия Accademia del Gusto,74993254167,,https://www.loft2rent.ru/loft/34892/35122
Accademia del GustoКулинарная студия Accademia del Gusto (зал 2),Accademia del GustoКулинарная студия Accademia del Gusto (зал 2),74993254167,,https://www.loft2rent.ru/loft/34892/42748
Adagio Kievskaya,Adagio Kievskaya,74956605353,h8225-re@accor.ru,https://adagiokievskaya.ru
Adagio Moscow Sheremetyevo,Adagio Moscow Sheremetyevo,74957205303,h8223@accor.ru,https://accor.ru/moscow/adagio-moscow-paveletskaya
AdIndex,AdIndex,74957894749,help@adindex.ru,https://adindex.ru
AdMe,AdMe,,,https://adme.media
Adornos Center,Adornos Center,79850787134,,https://www.loft2rent.ru/loft/207664/207805
Aerostar,Aerostar,375172152263,baltaerostar@yandex.ru,https://aerogrupp.ru
Aerostar Hotel,Aerostar Hotel,73432268606,abakan@azimuthotels.com,https://azimuthotels.com/ru/moscow/azimut-hotel-aerostar
Affect,Affect,,hello@affect.ru,https://affect.ru
AFI Development,AFI Development,74952812777,eponomareva@afid.ru,https://afi-development.com
Afisha Daily,Afisha Daily,,a.baklykov@afisha.ru,https://daily.afisha.ru
Afisha Daily Events,Afisha Daily Events,,a.baklykov@afisha.ru,https://daily.afisha.ru
Afisha Media,Afisha Media,,adb@afisha.ru,https://www.afisha.ru
AG LOFTCHALET / ШАЛЕ,AG LOFTCHALET / ШАЛЕ,74950323635,,https://www.loft2rent.ru/loft/1926/44130
Agnostic Loft. Лофт с верандой,Agnostic Loft. Лофт с верандой,79263579391,,https://www.reveltime.ru/venue/2407981?eventtype=vecherinka
"AGNOSTIC Лофт ( 130 м.кв) с Тёплой Верандой(45 кв.м) , Грилем и лучшим звуком ( с середины июня будет выход на крышу 350 м.кв)","AGNOSTIC Лофт ( 130 м.кв) с Тёплой Верандой(45 кв.м) , Грилем и лучшим звуком ( с середины июня будет выход на крышу 350 м.кв)",79263579391,,https://www.loft2rent.ru/loft/13771
AirExpress Hotel,AirExpress Hotel,74997030120,939@putevka.com,https://www.putevka.com/hotels/russia/khimki/vozdushnyi_ekspress_terminal_e
Aitarget One,Aitarget One,19406251628,support@evido.me,https://aitarget.com
AJNA LOFT-BOUTIQUE,AJNA LOFT-BOUTIQUE,79817600001,,https://www.loft2rent.ru/loft/112573
Alfa Capital,Alfa Capital,74957973151,claim@alfacapital.ru,https://www.alfacapital.ru
Alibi LoftALIBI loft,Alibi LoftALIBI loft,79150528083,,https://www.loft2rent.ru/loft/39664/39667
Alle Hall уютное пространство для ваших мероприятий,Alle Hall уютное пространство для ваших мероприятий,74998881829,,https://www.loft2rent.ru/loft/121787
AllShapes Loft,AllShapes Loft,79154653461,,https://www.loft2rent.ru/loft/106044/127341
AllShapes LoftМосковский Императорский Яхт клуб,AllShapes LoftМосковский Императорский Яхт клуб,79154653461,,https://www.loft2rent.ru/loft/106044/113862
Aloha loft,Aloha loft,74950080403,,https://www.loft2rent.ru/loft/30985
American Chamber of Commerce Russia,American Chamber of Commerce Russia,,amcham@amcham.ru,https://amcham.ru
Anchovy's Club,Anchovy's Club,79368884555,folk@folkteam.ru,https://anchovys.club/?utm_source=greatlist.com&utm_medium=partner
Anchovy's Club,Anchovy's Club,79368884555,,https://anchovys.club/
ANDY HALL,ANDY HALL,74951201905,,https://www.loft2rent.ru/loft/5338
ANGELBLESS,ANGELBLESS,79620358888,,https://www.loft2rent.ru/loft/182805/182807
Angle 30 floor Apartments Москва Сити,Angle 30 floor Apartments Москва Сити,79958998202,,https://www.loft2rent.ru/loft/171815
Anvil Club,Anvil Club,74995515111,anvilfit@anvilclub.ru,https://anvilclub.ru
Apple Russia,Apple Russia,18006927753,,https://www.apple.com
Apriori Photo Коричневый лофт с верандой,Apriori Photo Коричневый лофт с верандой,74950034525,,https://www.reveltime.ru/venue/455631?eventtype=vecherinka
Aquamarine,Aquamarine,,,https://ostrovok.ru/hotel/russia/moscow/mid9291722/crowne_plaza_moscow_tretyakovskaya
Aquarel Hall,Aquarel Hall,78124674730,,https://www.loft2rent.ru/loft/74440
Ararat Park Hyatt,Ararat Park Hyatt,74957831234,moscow.park@araratph.ru,https://araratparkhotel.ru
Arbat House,Arbat House,74956970853,reservation@arbat-house.com,https://www.arbat-house.com
Arbat Secret Loft,Arbat Secret Loft,74991133775,,https://www.loft2rent.ru/loft/132813/132815
Arch  loft,Arch  loft,79277772200,,https://www.loft2rent.ru/loft/119864/119893
ARCHILOFT,ARCHILOFT,74951855699,,https://www.loft2rent.ru/loft/21863/21864
ARCHILOFT(АРХИЛОФТ). Два смежных пространства Acryl Space (Акрил Спэйс) и Steel Space (Стил Спэйс),ARCHILOFT(АРХИЛОФТ). Два смежных пространства Acryl Space (Акрил Спэйс) и Steel Space (Стил Спэйс),79676932714,,https://www.reveltime.ru/venue/2989016?eventtype=vecherinka
ARCOBALENO LOFT / АРКОБАЛЕНО ЛОФТ,ARCOBALENO LOFT / АРКОБАЛЕНО ЛОФТ,79530505020,,https://www.loft2rent.ru/loft/107118/123108
Areal Congress Hotel,Areal Congress Hotel,74956602424,bron@areal-hotel.ru,https://www.areal-hotel.ru
Arendalofta_nnMisterio (Мистерио),Arendalofta_nnMisterio (Мистерио),79290551805,,https://www.loft2rent.ru/loft/76195/178884
"Arendalofta_nnЛофт ""Стеклянный Дом""","Arendalofta_nnЛофт ""Стеклянный Дом""",79290551805,,https://www.loft2rent.ru/loft/76195/161570
Arendalofta_nnПогружение Loft,Arendalofta_nnПогружение Loft,79290551805,,https://www.loft2rent.ru/loft/76195/76220
Arma17 legacy team,Arma17 legacy team,,,https://arma17.ru
ARMALOFT,ARMALOFT,79250545290,,https://www.loft2rent.ru/loft/122172
Aroundbrand,Aroundbrand,74952223747,info@aroundbrand.ru,https://aroundbrand.ru
Art Loft,Art Loft,79854469081,,https://www.loft2rent.ru/loft/89066/89068
Art Moscow,Art Moscow,74953694700,managers@expopark.ru,https://art-moscow.ru
ART Moscow Voyage Hotel,ART Moscow Voyage Hotel,74953577757,conf@artmoscowhotel.ru,https://artmoscowhotel.ru
Art Union Двухуровневый арт-лофт,Art Union Двухуровневый арт-лофт,79959013745,,https://www.reveltime.ru/venue/4370594?eventtype=vecherinka
Art9.2Blue sky,Art9.2Blue sky,79911772529,,https://www.loft2rent.ru/loft/132452/132931
Art9.2Color,Art9.2Color,79911772529,,https://www.loft2rent.ru/loft/132452/132562
Art9.2scene,Art9.2scene,79911772529,,https://www.loft2rent.ru/loft/132452/132924
Art9.2Soul,Art9.2Soul,79911772529,,https://www.loft2rent.ru/loft/132452/132932
Art9.2Twin,Art9.2Twin,79911772529,,https://www.loft2rent.ru/loft/132452/132920
Art9.2Зал 2 Classic 75m,Art9.2Зал 2 Classic 75m,79911772529,,https://www.loft2rent.ru/loft/132452/133739
Art9.2Зал 3  Neoni,Art9.2Зал 3  Neoni,79911772529,,https://www.loft2rent.ru/loft/132452/133745
Art9.2Зал 4 Black 75м,Art9.2Зал 4 Black 75м,79911772529,,https://www.loft2rent.ru/loft/132452/133750
Art9.2Зал 5 Loft 80м,Art9.2Зал 5 Loft 80м,79911772529,,https://www.loft2rent.ru/loft/132452/133766
Arthurs Village & SPA,Arthurs Village & SPA,74951504121,hb922-fo1@accor.ru,https://arthurs-hotels.ru
"Articon MegapolisЛофт ""Мегаполис Холл""","Articon MegapolisЛофт ""Мегаполис Холл""",79685819272,,https://www.loft2rent.ru/loft/105749/105758
"Articon MegapolisУчебный класс ""Артикон""","Articon MegapolisУчебный класс ""Артикон""",79685819272,,https://www.loft2rent.ru/loft/105749/137170
ArtLoft Брусницын,ArtLoft Брусницын,79936406842,,https://www.loft2rent.ru/loft/84117
ARTLOFT на Красного Текстильщика,ARTLOFT на Красного Текстильщика,79936406842,,https://www.loft2rent.ru/loft/84117
ArtLoft Севкабель,ArtLoft Севкабель,79936406842,,https://www.loft2rent.ru/loft/84117
ArtMaisonГалерея,ArtMaisonГалерея,79774740833,,https://www.loft2rent.ru/loft/10542/38811
Artmona LoftArtMona Conference and Study Hall,Artmona LoftArtMona Conference and Study Hall,79777174500,,https://www.loft2rent.ru/loft/79154/92515
Artmona LoftArtmona Loft CASTLE,Artmona LoftArtmona Loft CASTLE,79777174500,,https://www.loft2rent.ru/loft/79154/79159
Artmona LoftArtmona Oriental,Artmona LoftArtmona Oriental,79777174500,,https://www.loft2rent.ru/loft/79154/88954
Artmona LoftArtmona Studio,Artmona LoftArtmona Studio,79777174500,,https://www.loft2rent.ru/loft/79154/88945
Artplay,Artplay,74956200882,arenda@artplay.ru,https://artplay.ru
Artplay Design Center,Artplay Design Center,74956200882,arenda@artplay.ru,https://artplay.ru
"ARTАрт-пространство ""ART""","ARTАрт-пространство ""ART""",79869465206,,https://www.loft2rent.ru/loft/172192/172195
Arus party LoftArus Kino Loft / Арус Кино Лофт,Arus party LoftArus Kino Loft / Арус Кино Лофт,79191042113,,https://www.loft2rent.ru/loft/22657/115188
ASnova Hall,ASnova Hall,79636448104,,https://www.loft2rent.ru/loft/209971/210016
Astik Loft,Astik Loft,79776409250,,https://www.loft2rent.ru/loft/196388/196390
ATELIE,ATELIE,74950323635,,https://www.loft2rent.ru/loft/1926
ATLAtlantic,ATLAtlantic,79939187561,,https://www.loft2rent.ru/loft/95559/143599
"ATMOS - Лофт с караоке, верандой и грилем","ATMOS - Лофт с караоке, верандой и грилем",79511915838,,https://www.loft2rent.ru/loft/5546
Atmos Loft (Атмос Лофт). Стильная площадка с яркими акцентами,Atmos Loft (Атмос Лофт). Стильная площадка с яркими акцентами,79584610759,,https://www.reveltime.ru/venue/4922038?eventtype=vecherinka
Atmosferno_studioЗал Minimal,Atmosferno_studioЗал Minimal,79771211238,,https://www.loft2rent.ru/loft/99628/119378
auratower апартаменты москва сити 33 floor oko tower,auratower апартаменты москва сити 33 floor oko tower,79021444676,,https://skyrent24.ru
auratower апартаменты москва сити Premium sky apartments,auratower апартаменты москва сити Premium sky apartments,79021444676,,https://www.loft2rent.ru/loft/19512
auratower апартаменты москва сити Апартаменты Москва Сити 42 этаж Sky Apex,auratower апартаменты москва сити Апартаменты Москва Сити 42 этаж Sky Apex,79021444676,,https://www.loft2rent.ru/loft/19512
auratower Апартаменты Москва Сити с панорамной ванной 47 этаж,auratower Апартаменты Москва Сити с панорамной ванной 47 этаж,79021444676,,https://www.loft2rent.ru/loft/19512
auratowerru Mars apartment Moscow City,auratowerru Mars apartment Moscow City,79021444676,,https://skyrent24.ru
Auto Radio (EMG),Auto Radio (EMG),,copyright@gpmradio.ru,https://avtoradio.ru
Av lounge fmLounge fm,Av lounge fmLounge fm,79175744700,,https://www.loft2rent.ru/loft/192825/192827
AVELA Media,AVELA Media,74957809900,,https://avela.ru
"AVIATOR — Неоновый лофт с зоной барбекю, 5 минут от Бауманской","AVIATOR — Неоновый лофт с зоной барбекю, 5 минут от Бауманской",79585782362,,https://twitter.com/AviatorLoft
AZIMUT Hotel Olympic Moscow,AZIMUT Hotel Olympic Moscow,,iwaf@icewood.net,https://azimuthotels.com/ru/moscow/azimut-hotel-olympic
AZIMUT Hotel Smolenskaya,AZIMUT Hotel Smolenskaya,,iwaf@icewood.net,https://azimuthotels.com/ru/moscow/azimut-hotel-smolenskaya
AZIMUT Hotel Tulskaya,AZIMUT Hotel Tulskaya,,iwaf@icewood.net,https://azimuthotels.com/ru/moscow/azimut-hotel-tulskaya
Azimut Hotels,Azimut Hotels,,iwaf@icewood.net,https://azimuthotels.com/ru
AZIMUT Отель Аэростар Москва,AZIMUT Отель Аэростар Москва,,,https://ostrovok.ru/hotel/russia/moscow/mid7598118/aerostar_hotel
AZIMUT Сити Отель Комсити,AZIMUT Сити Отель Комсити,,iwaf@icewood.net,https://azimuthotels.com/ru/moscow/azimut-hotel-comcity
AZIMUT Сити Отель Комсити Москва,AZIMUT Сити Отель Комсити Москва,,,https://ostrovok.ru/hotel/russia/moscow/mid10292782/hotel_azimut_siti_hotel_komsiti_moskva
AZIMUT Сити Отель Олимпик Москва,AZIMUT Сити Отель Олимпик Москва,,,https://ostrovok.ru/hotel/russia/moscow/mid7597419/azimut_moscow_olympic_hotel
AZIMUT Сити Отель Смоленская Москва,AZIMUT Сити Отель Смоленская Москва,,,https://ostrovok.ru/hotel/russia/moscow/mid8744391/azimut_hotel_smolenskaya_moscow
AZIMUT Сити Отель Тульская Москва,AZIMUT Сити Отель Тульская Москва,,,https://ostrovok.ru/hotel/russia/moscow/mid7768573/azimut_moscow_tulskaya_hotel
Azur Loft / Азур Лофт,Azur Loft / Азур Лофт,79939587396,,https://www.loft2rent.ru/loft/182119
AРМА КОВОРКИНГБольшая переговорная в ARMA COWORKING,AРМА КОВОРКИНГБольшая переговорная в ARMA COWORKING,74957554224,,https://www.loft2rent.ru/loft/191350/191352
BackgroundЗАЛ КОНФЕРЕНЦ,BackgroundЗАЛ КОНФЕРЕНЦ,74994554504,,https://www.loft2rent.ru/loft/42217/42376
BackgroundЗал Кухня,BackgroundЗал Кухня,74994554504,,https://www.loft2rent.ru/loft/42217/205466
BackgroundЧерный съемочный павильон,BackgroundЧерный съемочный павильон,74994554504,,https://www.loft2rent.ru/loft/42217/205473
BackstageBackstage  / Бэкстейдж,BackstageBackstage  / Бэкстейдж,79253980686,,https://www.loft2rent.ru/loft/210956/210961
BACKYARD,BACKYARD,74951201905,,https://www.loft2rent.ru/loft/5338
Bad Girl (пилон-loft) на Бауманской с караоке и PS 4 !,Bad Girl (пилон-loft) на Бауманской с караоке и PS 4 !,74993025372,,https://www.loft2rent.ru/loft/66644
Bagebi,Bagebi,79037991934,,http://bagebi.ru/
Baklazhan,Baklazhan,78126401616,media@ginzaproject.com,https://ginza.ru/baklazhan
Balandin Bar,Balandin Bar,79856409376,,https://www.loft2rent.ru/loft/104955/104960
Ballesta SpaceЗал «Красный шатёр» в Ballesta Space,Ballesta SpaceЗал «Красный шатёр» в Ballesta Space,79262488448,,https://www.loft2rent.ru/loft/186577/186647
Baltschug Annex,Baltschug Annex,,,https://www.alean.ru/hotels/rossiya/moskva/baltschug_kempinski_moscow_otel
Baltschug Grill,Baltschug Grill,,contact@discoveryloyalty.com,https://kempinski.com
Baltschug Kempinski,Baltschug Kempinski,74952872000,concierge.baltschug@kempinski.com,https://baltschughotel.ru
BANKSY HALL,BANKSY HALL,74951201905,,https://www.loft2rent.ru/loft/5338
Bar Fly,Bar Fly,79164400130,,https://www.loft2rent.ru/loft/101001
BARCELONA INKBARCELONA,BARCELONA INKBARCELONA,79999875886,,https://www.loft2rent.ru/loft/199928/199932
Barin Residence Centre,Barin Residence Centre,74954927971,77barinresidence@gmail.com,https://www.barinresidence.com
Barkas - двухуровневый лофт с верандой,Barkas - двухуровневый лофт с верандой,79779161315,,https://www.loft2rent.ru/loft/81832
Barri,Barri,79775693959,,https://www.loft2rent.ru/loft/198721
Barvikha Hotel & Spa,Barvikha Hotel & Spa,74952258384,bh_spa_reception@barvikhahotel.com,https://www.barvikhahotel.com
Barvikha Luxury Village,Barvikha Luxury Village,74959333399,arodina@mercury.ru,https://barvikhaconcerthall.ru
BAUHAUS,BAUHAUS,79219254594,,https://www.loft2rent.ru/loft/79646
Bauman Space (Бауман Спейс).  Лофт Санрайз,Bauman Space (Бауман Спейс).  Лофт Санрайз,79585782362,,https://www.reveltime.ru/venue/7736441?eventtype=vecherinka
Bauman Space (Бауман Спейс). Лофт Blackberry (Блэкберри),Bauman Space (Бауман Спейс). Лофт Blackberry (Блэкберри),79585782362,,https://www.reveltime.ru/venue/989651?eventtype=vecherinka
Bauman Space (Бауман Спейс). Лофт Авиатор,Bauman Space (Бауман Спейс). Лофт Авиатор,79585782362,,https://www.reveltime.ru/venue/726900?eventtype=vecherinka
Bauman Space (Бауман Спейс). Лофт Альфа,Bauman Space (Бауман Спейс). Лофт Альфа,79585782362,,https://www.reveltime.ru/venue/3234608?eventtype=vecherinka
Bauman Space (Бауман Спейс). Лофт Бета,Bauman Space (Бауман Спейс). Лофт Бета,79585782362,,https://www.reveltime.ru/venue/7082759?eventtype=vecherinka
Bauman Space (Бауман Спейс). Лофт Брутал,Bauman Space (Бауман Спейс). Лофт Брутал,79585782362,,https://www.reveltime.ru/venue/4464543?eventtype=vecherinka
Bauman Space (Бауман Спейс). Лофт Металлик,Bauman Space (Бауман Спейс). Лофт Металлик,79585782362,,https://www.reveltime.ru/venue/4464623?eventtype=vecherinka
Bauman Space (Бауман Спейс). Лофт Облака,Bauman Space (Бауман Спейс). Лофт Облака,79585782362,,https://www.reveltime.ru/venue/4704050?eventtype=vecherinka
Bauman Space (Бауман Спейс). Лофт Олимп,Bauman Space (Бауман Спейс). Лофт Олимп,79585782362,,https://www.reveltime.ru/venue/3234612?eventtype=vecherinka
Bauman Space (Бауман Спейс). Лофт Роквуд,Bauman Space (Бауман Спейс). Лофт Роквуд,79585782362,,https://www.reveltime.ru/venue/4464612?eventtype=vecherinka
Bauman Space (Бауман Спейс). Лофт Сапфир,Bauman Space (Бауман Спейс). Лофт Сапфир,79585782362,,https://www.reveltime.ru/venue/4703967?eventtype=vecherinka
Bauman Space (Бауман Спейс). Лофт Ураниум,Bauman Space (Бауман Спейс). Лофт Ураниум,79585782362,,https://www.reveltime.ru/venue/4464634?eventtype=vecherinka
Bauman Space (Бауман Спейс). Лофт Феникс,Bauman Space (Бауман Спейс). Лофт Феникс,79585782362,,https://www.reveltime.ru/venue/3234611?eventtype=vecherinka
Bauman Space (Бауман Спейс). Лофт Флау,Bauman Space (Бауман Спейс). Лофт Флау,79585782362,,https://www.reveltime.ru/venue/7948815?eventtype=vecherinka
Bauman Space (Бауман Спейс). Лофт Флаффи,Bauman Space (Бауман Спейс). Лофт Флаффи,79585782362,,https://www.reveltime.ru/venue/4464587?eventtype=vecherinka
Bauman Space. Лофт Хайдаут,Bauman Space. Лофт Хайдаут,79585782362,,https://www.reveltime.ru/venue/7819995?eventtype=vecherinka
"BAUMAN SPACEALFA — лофт со сценой и большими панорамными окнами, 2 минуты от метро / Альфа","BAUMAN SPACEALFA — лофт со сценой и большими панорамными окнами, 2 минуты от метро / Альфа",79585782362,,https://www.loft2rent.ru/loft/14642/126987
BAUMAN SPACEARBAT - лофт на Арбате в 3 минутах от метро / Арбат,BAUMAN SPACEARBAT - лофт на Арбате в 3 минутах от метро / Арбат,79585782362,,https://www.loft2rent.ru/loft/64193/64195
"BAUMAN SPACEBETA - Двухуровневый Лофт с панормаными окнами, 2 мин. от метро / Бета","BAUMAN SPACEBETA - Двухуровневый Лофт с панормаными окнами, 2 мин. от метро / Бета",79585782362,,https://www.loft2rent.ru/loft/14642/41101
"BAUMAN SPACEEUPHORIA — Стильный лофт на Таганской, 3 мин. от метро  / Эйфория","BAUMAN SPACEEUPHORIA — Стильный лофт на Таганской, 3 мин. от метро  / Эйфория",79585782362,,https://www.loft2rent.ru/loft/41462/41471
BAUMAN SPACEHideOUT — просторный лофт с личной верандой и грилем / Хайдаут,BAUMAN SPACEHideOUT — просторный лофт с личной верандой и грилем / Хайдаут,79585782362,,https://www.loft2rent.ru/loft/89228/89237
"BAUMAN SPACEPHOENIX — Стильный лофт на Арбате, 3 минуты от метро  / Феникс","BAUMAN SPACEPHOENIX — Стильный лофт на Арбате, 3 минуты от метро  / Феникс",79585782362,,https://www.loft2rent.ru/loft/95559/74332
"BAUMAN SPACERockWood - кирпичный лофт, веранда, гриль, в ЦАО, 5 минут от метро  / Роквуд","BAUMAN SPACERockWood - кирпичный лофт, веранда, гриль, в ЦАО, 5 минут от метро  / Роквуд",79585782362,,https://twitter.com/AviatorLoft
Bazaar foodhall&market,Bazaar foodhall&market,74951015757,,https://www.loft2rent.ru/loft/182619/182621
BAZE LOFTLOFT BAZE,BAZE LOFTLOFT BAZE,79777112828,,https://www.loft2rent.ru/loft/168356/168359
BB LoftsLoftLounge - стильный лофт с караоке и PS5 в 5 минутах от метро,BB LoftsLoftLounge - стильный лофт с караоке и PS5 в 5 минутах от метро,79301703019,,https://www.loft2rent.ru/loft/58868/206927
Beat Film Festival,Beat Film Festival,,chugrinova@beatfilms.ru,https://beatfilmfestival.ru
Beeline (Veon),Beeline (Veon),,otvet@beeline.ru,https://beeline.ru
BenbouBenbou cafe,BenbouBenbou cafe,79687337114,,https://www.loft2rent.ru/loft/88942/88963
BergaMot,BergaMot,74993703816,,https://www.loft2rent.ru/loft/29857
Berlin - лофт с караоке и верандой в центре,Berlin - лофт с караоке и верандой в центре,79301703019,,https://www.loft2rent.ru/loft/58868
BETON - стилизованный лофт с караоке в 7 минутах от метро,BETON - стилизованный лофт с караоке в 7 минутах от метро,79585782362,,https://www.loft2rent.ru/loft/loftaviator
BIBLIOTEKA,BIBLIOTEKA,74950323635,,https://www.loft2rent.ru/loft/1926
Big Jack,Big Jack,79857600801,sales@bigjack24.ru,https://bigjack24.ru
Big LoftBig Loft лофт на Соколе,Big LoftBig Loft лофт на Соколе,79060684888,,https://www.loft2rent.ru/loft/153471/153474
Big Wine Freaks,Big Wine Freaks,74959683060,,https://bigwinefreaks.ru/msk/
Biwon,Biwon,74955001060,,https://foliogroup.ru/restaurants/biwon
Bizone Hookah Лофт c VIP залом на ВДНХ,Bizone Hookah Лофт c VIP залом на ВДНХ,79688444922,,https://www.reveltime.ru/venue/3292235?eventtype=vecherinka
Bizone Lounge Лофт-кальянная на Войковской,Bizone Lounge Лофт-кальянная на Войковской,79777137848,,https://www.reveltime.ru/venue/3292221?eventtype=vecherinka
Björn,Björn,74959539059,,https://bjorn.rest
Björn,Björn,74959539059,,http://bjorn.rest/
BLACK,BLACK,79219254594,,https://www.loft2rent.ru/loft/79646
Black and White Loft,Black and White Loft,79883888050,,https://www.loft2rent.ru/loft/22069/26746
Black and White LoftWhite Loft,Black and White LoftWhite Loft,79883888050,,https://www.loft2rent.ru/loft/22069/34046
BLACK NEON LOFT,BLACK NEON LOFT,79959885656,,https://www.loft2rent.ru/loft/85459/85463
BLACK OUT,BLACK OUT,79251539733,,https://www.loft2rent.ru/loft/132167
BLACK OUT (Блэк аут). Стильный черный лофт,BLACK OUT (Блэк аут). Стильный черный лофт,79346608162,,https://www.reveltime.ru/venue/8458180?eventtype=vecherinka
Black Room,Black Room,74954780638,,https://www.loft2rent.ru/loft/109926
BlackBerry — просторный лофт с банкетной зоной рядом с метро,BlackBerry — просторный лофт с банкетной зоной рядом с метро,79585782362,,https://www.loft2rent.ru/loft/loftaviator
BLADE,BLADE,74951201905,,https://www.loft2rent.ru/loft/5338
Blanc,Blanc,74991163431,,https://www.loft2rent.ru/loft/spaceandplace
blanche.place,blanche.place,79995374173,,https://www.loft2rent.ru/loft/120937
Blank (Бланк). Светлый лофт с верандой,Blank (Бланк). Светлый лофт с верандой,79676932714,,https://www.reveltime.ru/venue/8931873?eventtype=vecherinka
Blisski,Blisski,79804321043,,https://www.loft2rent.ru/loft/126555/149070
Bluefin Event Hall Жуковка,Bluefin Event Hall Жуковка,79251015036,,https://www.loft2rent.ru/loft/204424/204426
BOAR studio,BOAR studio,79162311010,,https://www.loft2rent.ru/loft/176377/176379
Bogasthetic,Bogasthetic,79533786763,,https://www.loft2rent.ru/loft/144391/144531
Bogema (Богема). Зал Баланс,Bogema (Богема). Зал Баланс,79584974208,,https://www.reveltime.ru/venue/9011819?eventtype=vecherinka
BOGEMA (БОГЕМА). Какао. ЭЙФОРИЯ,BOGEMA (БОГЕМА). Какао. ЭЙФОРИЯ,79893636021,,https://www.reveltime.ru/venue/3393175?eventtype=vecherinka
Bogema (Богема). Лофт Фрейм,Bogema (Богема). Лофт Фрейм,79584974206,,https://www.reveltime.ru/venue/9009571?eventtype=vecherinka
BOGEMA. BALANCE (БОГЕМА. БАЛАНС). Универсальный лофт,BOGEMA. BALANCE (БОГЕМА. БАЛАНС). Универсальный лофт,79584974139,,https://www.reveltime.ru/venue/4062896?eventtype=vecherinka
Boho loft,Boho loft,74950080403,,https://www.loft2rent.ru/loft/30985
Bolshevik Loft (Black Loft),Bolshevik Loft (Black Loft),74952276780,info@bolshevikloft.ru,https://blackloft.bolshevikloft.ru
Book&GameИнтеллектуальное пространство,Book&GameИнтеллектуальное пространство,79033056148,,https://www.loft2rent.ru/loft/107767/107769
Boom Box лофт клубЛофт Boom Box (big hall),Boom Box лофт клубЛофт Boom Box (big hall),79293034884,,https://www.loft2rent.ru/loft/171910/171938
Boom Box лофт клубЛофт Boom Box (small hall),Boom Box лофт клубЛофт Boom Box (small hall),79137084884,,https://www.loft2rent.ru/loft/171910/172209
Borodino Hotel,Borodino Hotel,,retail@pegast.ru,https://pegast.ru/hotel/russia/moscow/moscow/alliance-borodino-hotel-795949843
Bosch Russia,Bosch Russia,74955609560,,https://www.bosch.ru
Boston Seafood & Bar,Boston Seafood & Bar,79636299558,,https://boston-restaurant.ru/
Bounce,Bounce,74958433175,,https://www.loft2rent.ru/loft/108466
Boutique Hotel Tanya Moscow,Boutique Hotel Tanya Moscow,,85d71a895e71448591e0e0b21fa9e7af@stacks.vk,https://vk.com/club35702035
Boutique Hotel Помещение с большими окнами,Boutique Hotel Помещение с большими окнами,79945064895,,https://www.reveltime.ru/venue/3655970?eventtype=vecherinka
Boxberry,Boxberry,,corpndd@dostavka.yandex.ru,https://boxberry.ru
British American Tobacco,British American Tobacco,,,https://www.bat.com
Brix,Brix,79999111370,,https://brixbar.ru
BRODNIKI LOFT,BRODNIKI LOFT,79967161994,,https://www.loft2rent.ru/loft/115308
Brodniki Loft (Бродники Лофт. )Лофт из белого кирпича,Brodniki Loft (Бродники Лофт. )Лофт из белого кирпича,79676928564,,https://www.reveltime.ru/venue/6587746?eventtype=vecherinka
Brodo Bar & Kitchen,Brodo Bar & Kitchen,79264100180,brodobarmoscow@gmail.com,https://brodo.moscow
Bronze,Bronze,73433630042,,https://www.loft2rent.ru/loft/115047
Brooklyn Hookah,Brooklyn Hookah,79647117635,,https://www.loft2rent.ru/loft/159066/159280
Brosko Loft,Brosko Loft,79500219153,,https://www.loft2rent.ru/loft/126318
BRULLOV HALL,BRULLOV HALL,78123171220,,https://www.loft2rent.ru/loft/5338
Bruno,Bruno,74958189888,,https://bruno.lucky-group.rest/ru/
"BRUTAL - лофт со своим выходом во двор, 8 минут от метро Бауманская","BRUTAL - лофт со своим выходом во двор, 8 минут от метро Бауманская",79585782362,,https://www.loft2rent.ru/loft/loftaviator
Budda loft с уютной верандой и грилем,Budda loft с уютной верандой и грилем,74950080403,,https://www.loft2rent.ru/loft/30985
Bull Loft,Bull Loft,79965667788,,https://www.loft2rent.ru/loft/130572
Bunker 42,Bunker 42,74997034455,zakaz@bunker42.com,https://bunker42.com
BunkerELYZIUM LOFT,BunkerELYZIUM LOFT,79853489466,,https://www.loft2rent.ru/loft/147456/149189
Burda Media Russia,Burda Media Russia,,,https://burda.ru
Burnova,Burnova,79812161717,,https://www.loft2rent.ru/loft/117455/117462
Buro TSUM,Buro TSUM,74952767678,,http://www.burotsum.com/
Business FM,Business FM,,,https://bfm.ru
Business lounge hotel (Бизнес Лаундж Отель),Business lounge hotel (Бизнес Лаундж Отель),74952223775,busness.hotel@bk.ru,https://business-lounge-hotel.ru
Business lounge hotel (Бизнес Лаундж Отель),Business lounge hotel (Бизнес Лаундж Отель),,,https://ostrovok.ru/hotel/russia/moscow/mid9988118/business_lounge_hotel
Butler,Butler,74951504586,,https://butler.rest
Bvlgari Hotel Moscow,Bvlgari Hotel Moscow,74952525555,reservations@stelladimosca.ru,https://stelladimoscahotel.com
Cactus loft,Cactus loft,74950080403,,https://www.loft2rent.ru/loft/30985
Cafe Pushkin,Cafe Pushkin,74957390033,,https://cafe-pushkin.ru
Calma SpaceCalma Space \,Calma SpaceCalma Space \,,,лофт
Campus,Campus,79261003263,,https://www.loft2rent.ru/loft/59771/59786
Campus loft (Кампус лофт). Просторный лофт,Campus loft (Кампус лофт). Просторный лофт,79261003263,,https://www.reveltime.ru/venue/3877537?eventtype=vecherinka
Campus loft (Кампус лофт). Просторный лофт,Campus loft (Кампус лофт). Просторный лофт,79261003263,,https://www.reveltime.ru/venue/1769333?eventtype=vecherinka
Candy Loft,Candy Loft,74950080403,,https://www.loft2rent.ru/loft/30985
Cantinetta Antinori,Cantinetta Antinori,74992413325,,http://cantinettaantinori.ru/
CAPELLA,CAPELLA,78123171220,,https://www.loft2rent.ru/loft/5338
Capital Group,Capital Group,74957717777,info@capitalgroup.ru,https://capitalgroup.ru
Carat Loft,Carat Loft,79956266565,,https://www.loft2rent.ru/loft/134148
Carnicería vino,Carnicería vino,74951331451,,https://carniceriavino.ru/
Casa Picassa. Лофт Климт (Каса Пикасса),Casa Picassa. Лофт Климт (Каса Пикасса),79586097164,,https://www.reveltime.ru/venue/2764553?eventtype=vecherinka
Cascad (Каскад). Лофт в центре Москвы с высоким потолком,Cascad (Каскад). Лофт в центре Москвы с высоким потолком,79584974160,,https://www.reveltime.ru/venue/318101?eventtype=vecherinka
Cassia Loft,Cassia Loft,78122407727,,https://www.loft2rent.ru/loft/74440
CASTLE CONCERT HALL,CASTLE CONCERT HALL,79152576238,,https://www.loft2rent.ru/loft/209661/209663
CASTLE CONCERT HALL- Ночной Клуб,CASTLE CONCERT HALL- Ночной Клуб,79255165332,,https://www.loft2rent.ru/loft/172081
Cat Factory,Cat Factory,79263890166,,https://www.loft2rent.ru/loft/178861/178863
Cat Factory (Фабрика кэт). Лофт-пространство с дизайнерскими окнами,Cat Factory (Фабрика кэт). Лофт-пространство с дизайнерскими окнами,79584974150,,https://www.reveltime.ru/venue/7777267?eventtype=vecherinka
Cats PubАниме,Cats PubАниме,79134628525,,https://www.loft2rent.ru/loft/173987/173991
Centrale Bistro by Evgeny Vikentev,Centrale Bistro by Evgeny Vikentev,79252159521,,https://alfa.me/db1OAY
Chainaya. Tea & Cocktails,Chainaya. Tea & Cocktails,74959673052,,https://www.instagram.com/chainayateandcocktails/
CHALET + ROOF,CHALET + ROOF,74950323635,,https://www.loft2rent.ru/loft/1926
Chalet StudioГончарная мастерская Chalet Китай-город,Chalet StudioГончарная мастерская Chalet Китай-город,74999951280,,https://www.loft2rent.ru/loft/187831/190134
Chalet StudioГончарная мастерская Chalet Кропоткинская,Chalet StudioГончарная мастерская Chalet Кропоткинская,74999951280,,https://www.loft2rent.ru/loft/187831/190136
Chalet StudioГончарная мастерская Poetrie Киевская,Chalet StudioГончарная мастерская Poetrie Киевская,74999951280,,https://www.loft2rent.ru/loft/187831/190132
Chalet StudioМастерская Poetrie Баррикадная,Chalet StudioМастерская Poetrie Баррикадная,74999951280,,https://www.loft2rent.ru/loft/187831/189568
Chalet StudioСтудия Chalet на Белорусской,Chalet StudioСтудия Chalet на Белорусской,74999951280,,https://www.loft2rent.ru/loft/187831/189307
Chalet StudioСтудия Chalet Тверская,Chalet StudioСтудия Chalet Тверская,74999951280,,https://www.loft2rent.ru/loft/187831/189306
Chalfei Catering Лофт Manolo,Chalfei Catering Лофт Manolo,73433439080,,https://www.loft2rent.ru/loft/130734/130764
Chalfei CateringЛофт LOUIS,Chalfei CateringЛофт LOUIS,73433439080,,https://www.loft2rent.ru/loft/130734/130916
Champagne Hall,Champagne Hall,79999917444,,https://www.loft2rent.ru/loft/199380
Championat,Championat,,a.aleynikov@championat.com,https://www.championat.com
Channel One Russia,Channel One Russia,,,https://www.1tv.ru
Chef’s Table,Chef’s Table,79067569599,,https://www.chefs-table.ru/
Chekhoff Hotel Moscow,Chekhoff Hotel Moscow,74959807000,reservations@chekhoffhotel.com,https://chekhoffhotel.com
Cherdachok loftЛофт Чердачок с Верандой,Cherdachok loftЛофт Чердачок с Верандой,79151232614,,https://www.loft2rent.ru/loft/136212/136216
Cherkizovo Group,Cherkizovo Group,74742908000,bg-2-mob@2x.png,https://cherkizovo.com
Chess & Jazz,Chess & Jazz,,info@chessandjazz.com,https://chessandjazz.com
Chill Out Loft Молодежная 26,Chill Out Loft Молодежная 26,79039328089,,https://www.loft2rent.ru/loft/86655
CHILLING Moscow,CHILLING Moscow,74953084062,,https://chillingmoscow.com
CHINA-LOFT,CHINA-LOFT,79689206172,,https://www.loft2rent.ru/loft/120074/120180
Chorse Lounge 1905 / Чорс,Chorse Lounge 1905 / Чорс,79680494444,,https://www.loft2rent.ru/loft/72107
Chorse Lounge Лихаборы,Chorse Lounge Лихаборы,79266764076,,https://www.loft2rent.ru/loft/72107
Christian,Christian,79859992569,christian4friends@gmail.com,https://christianforfriends.ru
Christian,Christian,74992432569,,http://christianforfriends.ru/
CINDY,CINDY,74951201905,,https://www.loft2rent.ru/loft/5338
CinemarentCinemarenx,CinemarentCinemarenx,74994902325,,https://www.loft2rent.ru/loft/198355/198364
Citilink,Citilink,74957802002,,https://www.citilink.ru
Citrus Hall (Цитрус Зал). Бергамот,Citrus Hall (Цитрус Зал). Бергамот,79910172413,,https://www.reveltime.ru/venue/5738655?eventtype=vecherinka
City History Festival,City History Festival,,u003eum.info@mos.ru,https://um.mos.ru
City Space Bar,City Space Bar,74952215357,ha5b4-fb5@accor.ru,https://cityspacebar.com
City View Hotel,City View Hotel,,cityview@mail.ru,https://cva.city
CityRentAmour - Апартаменты с ванной у панорамы,CityRentAmour - Апартаменты с ванной у панорамы,79206100062,,https://www.loft2rent.ru/loft/204785/204788
CityRentBrio - Апртаменты в Москва сити с видом на башни,CityRentBrio - Апртаменты в Москва сити с видом на башни,79206100062,,https://www.loft2rent.ru/loft/204785/204833
CityRentHorizon - Апартаменты в Москва сити,CityRentHorizon - Апартаменты в Москва сити,79206100062,,https://www.loft2rent.ru/loft/204785/204817
CityRentLux - новые апартаменты в Москва сити,CityRentLux - новые апартаменты в Москва сити,79206100062,,https://www.loft2rent.ru/loft/204785/204823
CityRentMirage - Апртаменты в сити с видом на башни,CityRentMirage - Апртаменты в сити с видом на башни,79206100062,,https://www.loft2rent.ru/loft/204785/204815
CityRentPanorama - Апртаменты в Москва сити,CityRentPanorama - Апртаменты в Москва сити,79206100062,,https://www.loft2rent.ru/loft/204785/204811
CityRentSkyWord - уютные апартаменты в Москва сити,CityRentSkyWord - уютные апартаменты в Москва сити,79206100062,,https://www.loft2rent.ru/loft/204785/204825
CityRentSummit - Двухкомнатный апартамент в Москва сити,CityRentSummit - Двухкомнатный апартамент в Москва сити,79206100062,,https://www.loft2rent.ru/loft/204785/204827
CityRentVertex - уют в Москва сити,CityRentVertex - уют в Москва сити,79206100062,,https://www.loft2rent.ru/loft/204785/204831
CityRentVertigo - Апартаменты с 5-ти метровыми потолками,CityRentVertigo - Апартаменты с 5-ти метровыми потолками,79206100062,,https://www.loft2rent.ru/loft/204785/204821
Clever Loft (Клевер лофт). Лофт в эко-стиле с большими окнами и выходом на веранду,Clever Loft (Клевер лофт). Лофт в эко-стиле с большими окнами и выходом на веранду,79584055346,,https://www.reveltime.ru/venue/6258683?eventtype=vecherinka
Clever Loft (Клевер лофт). Светлый лофт с большими окнами и выходом на веранду,Clever Loft (Клевер лофт). Светлый лофт с большими окнами и выходом на веранду,79584610759,,https://www.reveltime.ru/venue/6258696?eventtype=vecherinka
CleverLoft - Веранда в лофт-квартале на Тульской,CleverLoft - Веранда в лофт-квартале на Тульской,74952780230,,https://www.loft2rent.ru/loft/70621
CleverLoft CLASSIC - Светлый лофт с верандой на Тульской,CleverLoft CLASSIC - Светлый лофт с верандой на Тульской,74952780230,,https://www.loft2rent.ru/loft/70621
CleverLoft ECO - Уютный лофт с верандой на Тульской,CleverLoft ECO - Уютный лофт с верандой на Тульской,74952780230,,https://www.loft2rent.ru/loft/70621
CLIOЛофт для камерных мероприятий,CLIOЛофт для камерных мероприятий,79801202955,,https://www.loft2rent.ru/loft/208250/208252
Cloud Nine,Cloud Nine,79151824417,,https://www.loft2rent.ru/loft/9938
Cloud Nine (Девятое Облако). Лофт с террасой,Cloud Nine (Девятое Облако). Лофт с террасой,79584974084,,https://www.reveltime.ru/venue/2717712?eventtype=vecherinka
Cloud Nine (Девятое Облако). Пространство на мансардном этаже,Cloud Nine (Девятое Облако). Пространство на мансардном этаже,79346608162,,https://www.reveltime.ru/venue/599286?eventtype=vecherinka
"Cloud — светлый лофт с караоке и подвесным креслом, 8 минут от метро","Cloud — светлый лофт с караоке и подвесным креслом, 8 минут от метро",79585782362,,https://www.loft2rent.ru/loft/loftaviator
Club First,Club First,74951180981,marketing@clubfirst.ru,https://clubfirst.ru
CNews,CNews,74955000036,law-it@cnews.ru,https://www.cnews.ru
Cocoon,Cocoon,79262286999,,https://www.loft2rent.ru/loft/191812/191814
"CODE08 - Двухуровневый лофт с панорамными окнами, высокими потолками и мангальной зоной","CODE08 - Двухуровневый лофт с панорамными окнами, высокими потолками и мангальной зоной",79253166501,,https://www.loft2rent.ru/loft/184817
COiN EVENT HALL,COiN EVENT HALL,79265297099,,https://www.loft2rent.ru/loft/28562/28566
COM.NATA на Петроградской,COM.NATA на Петроградской,78122408585,,https://www.loft2rent.ru/loft/144088
Community,Community,74998110811,,https://communitymoscow.ru/
Community (library club format),Community (library club format),74998110811,communitymoscow@gmail.com,https://communitymoscow.ru
Community Yauza,Community Yauza,79993485066,,https://yauza-place.ru
Compressor / КомпрессорКомпрессор лофт,Compressor / КомпрессорКомпрессор лофт,79262851941,,https://www.loft2rent.ru/loft/10172/102526
Compressor Loft (Компрессор Лофт),Compressor Loft (Компрессор Лофт),79584974167,,https://www.reveltime.ru/venue/2240764?eventtype=vecherinka
Condé Nast Russia (legacy),Condé Nast Russia (legacy),,accountsreceivable@condenast.com,https://condenast.com
Connect,Connect,74991113733,,https://www.loft2rent.ru/loft/193410/193412
CONTRABANDA,CONTRABANDA,74951201905,,https://www.loft2rent.ru/loft/5338
Cool'n'Art,Cool'n'Art,79217780046,,https://www.loft2rent.ru/loft/174472
Cooper Residence,Cooper Residence,79856981800,,https://www.loft2rent.ru/loft/113410
Cooper Space MINI,Cooper Space MINI,79856981800,,https://www.loft2rent.ru/loft/113410
Cooрer space 17,Cooрer space 17,79853489939,,https://www.loft2rent.ru/loft/111136/111142
Copen 57,Copen 57,79997155757,,https://copen57.ru/
Cosa Nostra GroupВип-комната на ст.м Нарвская,Cosa Nostra GroupВип-комната на ст.м Нарвская,79119266010,,https://www.loft2rent.ru/loft/98210/98278
Cosa Nostra GroupЛофт на ст.м Кировский завод,Cosa Nostra GroupЛофт на ст.м Кировский завод,79119266010,,https://www.loft2rent.ru/loft/98210/98212
Cosa Nostra GroupЛофт на ст.м Нарвская,Cosa Nostra GroupЛофт на ст.м Нарвская,79119266010,,https://www.loft2rent.ru/loft/98210/122037
Cosmopolitan Russia,Cosmopolitan Russia,74952520999,a.astakhova@imedia.ru,https://www.cosmo.ru
Cosmos Hotel,Cosmos Hotel,78007077764,arenda@cosmosgroup.ru,https://cosmosgroup.ru
Cosmos Hotel Moscow,Cosmos Hotel Moscow,78007077764,event.vdnh@cosmoshotels.ru,https://www.hotelcosmos.ru
Cosmos Москва Шереметьево Аэропорт Отель,Cosmos Москва Шереметьево Аэропорт Отель,74952803410,development@cosmosgroup.ru,https://selectionsheremetyevo.cosmosgroup.ru
Cosmos Москва Шереметьево Аэропорт Отель,Cosmos Москва Шереметьево Аэропорт Отель,,,https://ostrovok.ru/hotel/russia/moscow/mid7597228/park_inn_by_radisson_sheremetyevo_airport_moscow
Cosmoscow,Cosmoscow,,3306b12ddf0b4e76bb90f9e8bd155510@gt.cosmoscow.com,https://cosmoscow.com
Couchsurfing Moscow community,Couchsurfing Moscow community,,support@couchsurfing.com,https://couchsurfing.com
Country Resort Peresvet,Country Resort Peresvet,74956486970,corporate@country-resort.com,https://country-resort.com
Courtyard by Marriott Moscow Paveletskaya,Courtyard by Marriott Moscow Paveletskaya,74952877281,development@cosmosgroup.ru,https://paveletskaya.cosmosgroup.ru
"Coworking Moscow BigWig""Room 1""","Coworking Moscow BigWig""Room 1""",79775187266,,https://www.loft2rent.ru/loft/61416/61434
"Coworking Moscow BigWig""Room 2""","Coworking Moscow BigWig""Room 2""",79775187266,,https://www.loft2rent.ru/loft/61416/61442
"Coworking Moscow BigWig""Room 3""","Coworking Moscow BigWig""Room 3""",79775187266,,https://www.loft2rent.ru/loft/61416/61446
"Coworking Moscow BigWig""Room 4""","Coworking Moscow BigWig""Room 4""",79775187266,,https://www.loft2rent.ru/loft/61416/61450
"Coworking Moscow BigWig""Room 5""","Coworking Moscow BigWig""Room 5""",79775187266,,https://www.loft2rent.ru/loft/61416/61454
"Coworking Moscow BigWig""Room 6""","Coworking Moscow BigWig""Room 6""",79775187266,,https://www.loft2rent.ru/loft/61416/61458
"Coworking Moscow BigWig""Room 7""","Coworking Moscow BigWig""Room 7""",79775187266,,https://www.loft2rent.ru/loft/61416/61467
"Coworking Moscow BigWig""Room 8""","Coworking Moscow BigWig""Room 8""",79775187266,,https://www.loft2rent.ru/loft/61416/61463
Coworking Moscow BigWigRoom 10,Coworking Moscow BigWigRoom 10,79775187266,,https://www.loft2rent.ru/loft/61416/128042
Coworking Moscow BigWigRoom 9,Coworking Moscow BigWigRoom 9,79775187266,,https://www.loft2rent.ru/loft/61416/128039
Coworking Moscow BigWigАвстралия,Coworking Moscow BigWigАвстралия,79775187266,,https://www.loft2rent.ru/loft/61416/61491
Coworking Moscow BigWigАргентина,Coworking Moscow BigWigАргентина,79775187266,,https://www.loft2rent.ru/loft/61416/61495
Coworking Moscow BigWigКанада,Coworking Moscow BigWigКанада,79775187266,,https://www.loft2rent.ru/loft/61416/61499
Coworking Moscow BigWigКитай,Coworking Moscow BigWigКитай,79775187266,,https://www.loft2rent.ru/loft/61416/61503
Coworking Moscow BigWigМадагаскар,Coworking Moscow BigWigМадагаскар,79775187266,,https://www.loft2rent.ru/loft/61416/61507
Coworking Moscow BigWigМексика,Coworking Moscow BigWigМексика,79775187266,,https://www.loft2rent.ru/loft/61416/61511
Coworking Moscow BigWigПеру,Coworking Moscow BigWigПеру,79775187266,,https://www.loft2rent.ru/loft/61416/61515
Coworking Moscow BigWigШотландия,Coworking Moscow BigWigШотландия,79775187266,,https://www.loft2rent.ru/loft/61416/61519
Crazy Loft,Crazy Loft,79164400130,,https://www.loft2rent.ru/loft/177908
Creative Art Space,Creative Art Space,79857897745,,https://www.loft2rent.ru/loft/163499/163501
Creative Market,Creative Market,74957873436,info@creativemarket.ru,https://creativemarket.ru
Crocus Fitness,Crocus Fitness,,info@crocusfitness.com,https://crocusfitness.com
Crowne Plaza Moscow Tretyakovskaya,Crowne Plaza Moscow Tretyakovskaya,74952582122,plazareservations@plazagarden.ru,https://plazagarden.ru
CTB Film Company,CTB Film Company,,,https://ctb.ru
Cube.Moscow,Cube.Moscow,,coordinator@cube.moscow,https://cube.moscow
Cucinarium,Cucinarium,79629480842,,https://www.loft2rent.ru/loft/180775/180777
Culinary style лофт,Culinary style лофт,79163797300,,https://www.reveltime.ru/venue/1372200?eventtype=vecherinka
Culture Projects Moscow Office,Culture Projects Moscow Office,,,https://culture.mos.ru
Custom Loft,Custom Loft,79936053121,,https://www.loft2rent.ru/loft/30979
Cyber Antique. Лофт в современной античности,Cyber Antique. Лофт в современной античности,79584974226,,https://www.reveltime.ru/venue/4505240?eventtype=vecherinka
"Cyberpunk loft с ПИЛОНОМ , караоке и PS 5 ! на Бауманской","Cyberpunk loft с ПИЛОНОМ , караоке и PS 5 ! на Бауманской",74993025372,,https://www.loft2rent.ru/loft/66644
Cycling Moscow,Cycling Moscow,,info@cyclingrace.ru,https://cyclingrace.ru
CтарБарПлощадка с караоке и кальяном,CтарБарПлощадка с караоке и кальяном,79804637054,,https://www.loft2rent.ru/loft/185887/186031
D13 Boutique & Restaurant,D13 Boutique & Restaurant,79771789349,,https://www.loft2rent.ru/loft/195075/195109
Dacha restaurant,Dacha restaurant,74951912888,,https://www.loft2rent.ru/loft/188924/189002
Dakota Loft,Dakota Loft,79956266565,,https://www.loft2rent.ru/loft/134148
Dark,Dark,74951084290,,https://www.loft2rent.ru/loft/153561
Davidoff Club Moscow,Davidoff Club Moscow,74956264444,,https://bronnaya.club
Deep - Клуб для праздников и мероприятий,Deep - Клуб для праздников и мероприятий,79255165332,,https://www.loft2rent.ru/loft/172081
Deep Loft - лофт с подвалом для взрослых и верандой,Deep Loft - лофт с подвалом для взрослых и верандой,74950080403,,https://www.loft2rent.ru/loft/30985
Delicatessen,Delicatessen,74956993952,,http://delicatessen.bar/
Delovaya Rossiya,Delovaya Rossiya,74956491826,info@deloros.ru,https://deloros.ru
Dentsu (legacy Russia),Dentsu (legacy Russia),,,https://www.dentsu.com
Depo-Loft,Depo-Loft,79667566254,,https://www.loft2rent.ru/loft/88534
Depot branding,Depot branding,74953632288,hello@depotwpf.ru,https://depotwpf.ru
Derzay Event & Loft,Derzay Event & Loft,79112236646,,https://www.loft2rent.ru/loft/184079/184081
Design Hotel RING City,Design Hotel RING City,78442923232,hotelring@yandex.ru,https://hotel-ring.ru/about
DFM,DFM,,,https://dfm.ru
Di Nulla,Di Nulla,79261961212,,https://dinulla.ru
Diamond Loft - лофт с большими окнами и потрясающим дизайном,Diamond Loft - лофт с большими окнами и потрясающим дизайном,74950080403,,https://www.loft2rent.ru/loft/30985
Digital Cinema Moscow,Digital Cinema Moscow,74957252622,info@moscowfilmfestival.ru,https://moscowfilmfestival.ru
Digital Leaders community,Digital Leaders community,74957264166,info@digitalleaders.ru,https://digitalleaders.ru
Digital TV Russia,Digital TV Russia,74957378666,aurusova@digitalrussia.tv,https://digitalrussia.tv
Disco,Disco,78124435702,,https://www.loft2rent.ru/loft/83744
DIY cafe,DIY cafe,79035105445,,https://www.loft2rent.ru/loft/55515/55517
DIYcafe (Ди-Ай-Уай Кафе). Лофт,DIYcafe (Ди-Ай-Уай Кафе). Лофт,79346644195,,https://www.reveltime.ru/venue/4299884?eventtype=vecherinka
Dizzy loft (Диззи лофт). Яркий лофт,Dizzy loft (Диззи лофт). Яркий лофт,79019317663,,https://www.reveltime.ru/venue/6712256?eventtype=vecherinka
Dizzy Loft в центре,Dizzy Loft в центре,79933450544,,https://www.loft2rent.ru/loft/136868
Dj cafeParadise лофт с терассой и караоке,Dj cafeParadise лофт с терассой и караоке,79213531717,,https://www.loft2rent.ru/loft/132298/163408
Do.Bro coffee (До.Бро кофе). Уютный лофт-зал при кофейне,Do.Bro coffee (До.Бро кофе). Уютный лофт-зал при кофейне,79584974160,,https://www.reveltime.ru/venue/6852686?eventtype=vecherinka
Doc Moscow Fest,Doc Moscow Fest,,,https://mdfest.ru
Dom,Dom,79254224470,,https://www.loft2rent.ru/loft/170544/170548
DOM AVDEEVA,DOM AVDEEVA,79266992956,,https://www.loft2rent.ru/loft/129251/129259
Dom Siyai,Dom Siyai,79150022842,,https://www.loft2rent.ru/loft/143676/143698
Domashniy,Domashniy,,advert@ctcmedia.ru,https://domashniy.ru
Domodedovo City Hotel,Domodedovo City Hotel,79151978130,,https://hotel-city.net/hotels/domodedovo/otel-domodedovo
Domodedovo Park Hotel,Domodedovo Park Hotel,74994993433,domodedovo_ph@mail.ru,https://xn-----6kckjaaed8bnovebdbbu7b4o.xn--p1ai
Don't Sleep Loft Молодежная 26,Don't Sleep Loft Молодежная 26,79039328089,,https://www.loft2rent.ru/loft/86655
DoubleTree by Hilton,DoubleTree by Hilton,74901103594,info@doubletreemoscow.ru,https://doubletreemoscow.ru
Doubletree by Hilton Moscow - Marina,Doubletree by Hilton Moscow - Marina,,,https://ostrovok.ru/hotel/russia/moscow/mid8313259/doubletree_by_hilton_hotel_moscow__marina
DoubleTree by Hilton Moscow — Vnukovo Airport,DoubleTree by Hilton Moscow — Vnukovo Airport,,,https://ostrovok.ru/hotel/russia/moscow/mid8848335/doubletree_by_hilton_moscow_vnukovo_airport
DoubleTree by Hilton Skolkovo,DoubleTree by Hilton Skolkovo,18004466677,,https://www.hilton.com/ru/locations/russian-federation/doubletree-by-hilton
Dr. Zhivago,Dr. Zhivago,74953638977,,https://drzhivago.ru
Dr. Живаго,Dr. Живаго,74999220100,,https://drzhivago.ru/
DRUNK PUNK BAR,DRUNK PUNK BAR,79166374659,,https://www.loft2rent.ru/loft/176808/176811
DTF,DTF,,editors@dtf.ru,https://dtf.ru
Due Forni,Due Forni,74954143104,,https://dueforni.ru/
Duty Free loft,Duty Free loft,79585212715,,https://www.loft2rent.ru/loft/144719
East Loft / Ист Лофт,East Loft / Ист Лофт,79817789824,,https://www.loft2rent.ru/loft/88115/88418
Echo LoftТропики,Echo LoftТропики,79017487578,,https://www.loft2rent.ru/loft/153404/155866
Eclipse,Eclipse,79250608713,,https://www.loft2rent.ru/loft/208007
EcoLoft,EcoLoft,74957763701,,https://www.loft2rent.ru/loft/54080/54085
En+ Group,En+ Group,442077474900,726_546_1_development-img@2x.jpg,https://www.enplusgroup.com
Encanto Studio,Encanto Studio,79223949614,,https://www.loft2rent.ru/loft/181208/181210
Encore,Encore,73433439044,admin@encorefitness.ru,https://encorefitness.ru
Encore City (Oko Tower),Encore City (Oko Tower),73433439044,admin@encorefitness.ru,https://www.encorefitness.ru
"EnjoyMe_studio (Арт пространство, мастерская)","EnjoyMe_studio (Арт пространство, мастерская)",79124518733,,https://www.loft2rent.ru/loft/142043
"EnjoyMe_studio (Лофт рояль, бильярд)","EnjoyMe_studio (Лофт рояль, бильярд)",79124518733,,https://www.loft2rent.ru/loft/142043
ENZO Hotel Moscow by ZONT Hotel Group,ENZO Hotel Moscow by ZONT Hotel Group,,,https://ostrovok.ru/hotel/russia/moscow/mid13725634/enzo_hotel_moscow_by_zont_hotel_group
Espada. Brosco (Эспада. Броско). Дизайнерский неоновый лофт,Espada. Brosco (Эспада. Броско). Дизайнерский неоновый лофт,79813347290,,https://www.reveltime.ru/venue/5445072?eventtype=vecherinka
EsterumEsterum,EsterumEsterum,79691301312,,https://www.loft2rent.ru/loft/187739/187741
"ESTETIKA - уютный лофт с окнами. Включено - караоке, светомузыка, мебель.  Подарок при бронировании","ESTETIKA - уютный лофт с окнами. Включено - караоке, светомузыка, мебель.  Подарок при бронировании",79099060421,,https://www.loft2rent.ru/loft/41462
Estetto (Эстетто). Студия-лофт из белого кирпича,Estetto (Эстетто). Студия-лофт из белого кирпича,79346692796,,https://www.reveltime.ru/venue/4177239?eventtype=vecherinka
Etalon Group,Etalon Group,78124398000,etalon@em-comms.com,https://www.etalongroup.com
Europa Plus,Europa Plus,,emgregion@emg.fm,https://europaplus.ru
Eva,Eva,74951911888,,http://www.eva.lucky-group.ru/
Event Marketing Group (EMG),Event Marketing Group (EMG),,hr@emg.ru,https://emg.ru
Event Space,Event Space,79274190718,,https://www.loft2rent.ru/loft/148024/148275
Event-port Южный,Event-port Южный,79773257850,,https://www.loft2rent.ru/loft/169356/169479
Event-парк «Берег Желаний»Камерный зал с панорамными окнами на берегу Истры,Event-парк «Берег Желаний»Камерный зал с панорамными окнами на берегу Истры,74996538233,,https://www.loft2rent.ru/loft/192952/192954
Event-парк «Берег Желаний»Летний зал с открытой кухней и баром,Event-парк «Берег Желаний»Летний зал с открытой кухней и баром,74996538233,,https://www.loft2rent.ru/loft/192952/192999
Event-парк «Берег Желаний»Летняя веранда на воде,Event-парк «Берег Желаний»Летняя веранда на воде,74996538233,,https://www.loft2rent.ru/loft/192952/192966
Event-парк «Берег Желаний»Панорамный зал с террасой,Event-парк «Берег Желаний»Панорамный зал с террасой,74996538233,,https://www.loft2rent.ru/loft/192952/192959
"Event-пространство ""Пандора""Блэк рум","Event-пространство ""Пандора""Блэк рум",78126025181,,https://www.loft2rent.ru/loft/134722/134731
"Event-пространство ""Пандора""Бордо","Event-пространство ""Пандора""Бордо",78126025181,,https://www.loft2rent.ru/loft/134722/134738
"Event-пространство ""Пандора""Восток","Event-пространство ""Пандора""Восток",78126025181,,https://www.loft2rent.ru/loft/134722/134740
"Event-пространство ""Пандора""Космос","Event-пространство ""Пандора""Космос",78126025181,,https://www.loft2rent.ru/loft/134722/134725
"Event-пространство ""Пандора""Морская симфония","Event-пространство ""Пандора""Морская симфония",78126025181,,https://www.loft2rent.ru/loft/134722/134727
"Event-пространство ""Пандора""Небесный","Event-пространство ""Пандора""Небесный",78126025181,,https://www.loft2rent.ru/loft/134722/134734
"Event-пространство ""Пандора""Сказка","Event-пространство ""Пандора""Сказка",78126025181,,https://www.loft2rent.ru/loft/134722/134736
"Event-пространство ""Пандора""Этно","Event-пространство ""Пандора""Этно",78126025181,,https://www.loft2rent.ru/loft/134722/134729
"Eventner""Сад"" Горки-10","Eventner""Сад"" Горки-10",74993023693,,https://www.loft2rent.ru/loft/169837/170436
EventnerLoft,EventnerLoft,74991101369,,https://www.loft2rent.ru/loft/169837/172882
EventnerPlay Room,EventnerPlay Room,74991101369,,https://www.loft2rent.ru/loft/169837/172850
EventnerWhite Hall,EventnerWhite Hall,74993023693,,https://www.loft2rent.ru/loft/169837/169954
EventnerВремена года,EventnerВремена года,74991101369,,https://www.loft2rent.ru/loft/169837/172839
EventnerГалерея,EventnerГалерея,74993023693,,https://www.loft2rent.ru/loft/169837/169848
EventnerЗеркальный,EventnerЗеркальный,74993023693,,https://www.loft2rent.ru/loft/169837/169859
EventnerИмператор,EventnerИмператор,74993023693,,https://www.loft2rent.ru/loft/169837/169975
EventnerИмперия,EventnerИмперия,74993023693,,https://www.loft2rent.ru/loft/169837/170454
"EventnerКонференц-Зал ""Аудитория""","EventnerКонференц-Зал ""Аудитория""",74993023693,,https://www.loft2rent.ru/loft/169837/169901
"EventnerЛетняя веранда ""Нани""","EventnerЛетняя веранда ""Нани""",74993023693,,https://www.loft2rent.ru/loft/169837/169993
EventnerМанки,EventnerМанки,74991101369,,https://www.loft2rent.ru/loft/169837/172826
EventnerНаполеон,EventnerНаполеон,74991101369,,https://www.loft2rent.ru/loft/169837/172832
EventnerНебо,EventnerНебо,74993023693,,https://www.loft2rent.ru/loft/169837/170456
EventnerРотонда для выездной регистрации,EventnerРотонда для выездной регистрации,74993023693,,https://www.loft2rent.ru/loft/169837/169969
EventnerСуриков Холл,EventnerСуриков Холл,74993023693,,https://www.loft2rent.ru/loft/169837/169910
EventnerФлоренция,EventnerФлоренция,74993023693,,https://www.loft2rent.ru/loft/169837/169892
EventnerФорум,EventnerФорум,74991101369,,https://www.loft2rent.ru/loft/169837/172836
"EventnerШатёр ""Картмазовские пруды""","EventnerШатёр ""Картмазовские пруды""",74993023693,,https://www.loft2rent.ru/loft/169837/169984
EventnerЭлеон,EventnerЭлеон,74993023693,,https://www.loft2rent.ru/loft/169837/170461
EventyOn / Лофт в сердце столицыЛофт / 1 этаж,EventyOn / Лофт в сердце столицыЛофт / 1 этаж,74952152052,,https://www.loft2rent.ru/loft/87017/87038
EventyOn / Лофт в сердце столицыЛофт / 2 этаж,EventyOn / Лофт в сердце столицыЛофт / 2 этаж,74952152052,,https://www.loft2rent.ru/loft/87017/87039
Everest Siberia,Everest Siberia,79032143774,,https://www.loft2rent.ru/loft/208085
EveryBody FitnessEveryBody Малый зал,EveryBody FitnessEveryBody Малый зал,79661742445,,https://www.loft2rent.ru/loft/28916/28945
EveryBody FitnessEveybody Большой зал,EveryBody FitnessEveybody Большой зал,79661742445,,https://www.loft2rent.ru/loft/28916/28952
EVGPark Baku,EVGPark Baku,79657474123,,https://www.loft2rent.ru/loft/32734/69327
Exit Loft - лофт в центре Москвы с верандой на крыше,Exit Loft - лофт в центре Москвы с верандой на крыше,74998881829,,https://www.loft2rent.ru/loft/1821
Extatic loftТематический дизайнерский двухуровневый бар лофт в стиле Стимпанк!,Extatic loftТематический дизайнерский двухуровневый бар лофт в стиле Стимпанк!,79099422325,,https://www.loft2rent.ru/loft/114826/114828
Eyes ( Айз) лофт,Eyes ( Айз) лофт,79296448663,,https://www.loft2rent.ru/loft/57063
Faces&Laces,Faces&Laces,,agency@faceslaces.com,https://faceslaces.com
Family Garden,Family Garden,79189083127,ak@familygarden.su,https://familygarden.su
Family LOFT,Family LOFT,79013551562,,https://babyspace.loft
Family Loft (Семейный лофт). Семейный лофт в стиле БОХО,Family Loft (Семейный лофт). Семейный лофт в стиле БОХО,79910172113,,https://www.reveltime.ru/venue/8262356?eventtype=vecherinka
"Family LoftКубовая,86/1","Family LoftКубовая,86/1",79137569672,,https://www.loft2rent.ru/loft/83369/83375
Fara Loft,Fara Loft,79684200044,,https://www.loft2rent.ru/loft/4607/26826
Fara Place,Fara Place,79684200044,,https://www.loft2rent.ru/loft/4607
FaraLoft (ФараЛофт). Лофт-апартаменты,FaraLoft (ФараЛофт). Лофт-апартаменты,79676928564,,https://www.reveltime.ru/venue/1019464?eventtype=vecherinka
FaraLoft (ФараЛофт). Стильный лофт,FaraLoft (ФараЛофт). Стильный лофт,79813347290,,https://www.reveltime.ru/venue/3160824?eventtype=vecherinka
Federal Cultural Projects Office Russia,Federal Cultural Projects Office Russia,,mail@culture.gov.ru,https://culture.gov.ru
Felicitatime Комната с мягкими диванами,Felicitatime Комната с мягкими диванами,79771972070,,https://www.reveltime.ru/venue/3090616?eventtype=vecherinka
Felicitatime. Пространство для праздников,Felicitatime. Пространство для праздников,79771972070,,https://www.reveltime.ru/venue/2049939?eventtype=vecherinka
"femine space, Алексеевская","femine space, Алексеевская",79267321372,,https://www.loft2rent.ru/loft/185659
FerdinandGroupBasement Hall,FerdinandGroupBasement Hall,79117508085,,https://www.loft2rent.ru/loft/87910/87915
FerdinandGroupFerdinand Prime,FerdinandGroupFerdinand Prime,79117508085,,https://www.loft2rent.ru/loft/87910/88227
Fermento,Fermento,79152814808,,https://www.loft2rent.ru/loft/189156/189158
Ferra Media,Ferra Media,74957851700,e.golozubova@rambler-co.ru,https://www.ferra.ru
Finch Coffee. Лофт-кафе под закрытие,Finch Coffee. Лофт-кафе под закрытие,79945035025,,https://www.reveltime.ru/venue/3294506?eventtype=vecherinka
FinTech Association Russia,FinTech Association Russia,74957856401,info@fintechru.org,https://fintechru.org
First & Only Club,First & Only Club,74952340000,avoloshenko@firstandonly.ru,https://firstandonly.ru
Flacon,Flacon,,info@flacon.ru,https://flacon.ru
Flame&GoFamous,Flame&GoFamous,79699008135,,https://www.loft2rent.ru/loft/89494/89515
Flame&GoFoto-Music,Flame&GoFoto-Music,79699008135,,https://www.loft2rent.ru/loft/89494/89524
Flame&GoFriends,Flame&GoFriends,79699008135,,https://www.loft2rent.ru/loft/89494/89520
Flava Event Dom,Flava Event Dom,74952557060,,https://www.loft2rent.ru/loft/85397/85399
Flava Event Sochi,Flava Event Sochi,74952557050,,https://www.loft2rent.ru/loft/184145/184259
"FLOW — светлый лофт с фотозоной в ЦАО, 8 минут от метро","FLOW — светлый лофт с фотозоной в ЦАО, 8 минут от метро",79585782362,,https://www.loft2rent.ru/loft/loftaviator
Flower_art_bar,Flower_art_bar,79037264442,,https://www.loft2rent.ru/loft/68829/68832
"FLUFFY — мягкий лофт с караоке в ЦАО, 7 минут от метро","FLUFFY — мягкий лофт с караоке в ЦАО, 7 минут от метро",79585782362,,https://www.loft2rent.ru/loft/loftaviator
FLØR,FLØR,79152775344,,https://florgroup.ru/flor
FM Logistic Russia,FM Logistic Russia,74951470775,20massmedia-ru@fmlogistic.com,https://www.fmlogistic.ru
Folk,Folk,74951898888,,https://folk-rest.ru/
Forbes Russia,Forbes Russia,74955653206,press-release@forbes.ru,https://www.forbes.ru
Foresta FestivalЗал «Emerald Hall»,Foresta FestivalЗал «Emerald Hall»,74951839744,,https://www.loft2rent.ru/loft/206526/207142
Foresta FestivalЗал «Мансарда»,Foresta FestivalЗал «Мансарда»,74951839744,,https://www.loft2rent.ru/loft/206526/208310
Foresta FestivalЗал «Прага»,Foresta FestivalЗал «Прага»,74951839744,,https://www.loft2rent.ru/loft/206526/207148
Foresta FestivalРесторан «Марко Поло»,Foresta FestivalРесторан «Марко Поло»,74951839744,,https://www.loft2rent.ru/loft/206526/208478
"Foresta FestivalШатер ""Парус""","Foresta FestivalШатер ""Парус""",74951839744,,https://www.loft2rent.ru/loft/206526/208323
"Foresta FestivalШатер ""Фестиваль""","Foresta FestivalШатер ""Фестиваль""",74951839744,,https://www.loft2rent.ru/loft/206526/208324
Forma,Forma,,forma@forma.ru,https://forma.ru
Format Loft,Format Loft,74959993979,f@f-loft.ru,https://f-loft.ru
Format loftФОРМАТ ЛОФТ,Format loftФОРМАТ ЛОФТ,79859993979,,https://www.loft2rent.ru/loft/77263/77280
FotoFaktura (ФотоФактура). Зал с большими окнами,FotoFaktura (ФотоФактура). Зал с большими окнами,74952210170,,https://www.reveltime.ru/venue/278940?eventtype=vecherinka
Fox Rest,Fox Rest,79268244318,,https://www.loft2rent.ru/loft/179457
FRAME - стильная просторная площадка  со сценой  на Красном Октябре,FRAME - стильная просторная площадка  со сценой  на Красном Октябре,79099060421,,https://www.loft2rent.ru/loft/41462
French Business Club Moscow,French Business Club Moscow,,hotline@ccifr.ru,https://ccifr.ru
Friday! (Pyatnitsa),Friday! (Pyatnitsa),74957255400,ddanilova@friday.ru,https://friday.ru
Friends,Friends,78126067020,,https://www.loft2rent.ru/loft/169051
"Friends Hall ""ХАРИЗМА"" FHB №1","Friends Hall ""ХАРИЗМА"" FHB №1",74952910543,,https://www.loft2rent.ru/loft/42514
"Friends Hall ""ХАРИЗМА"" FHB №10","Friends Hall ""ХАРИЗМА"" FHB №10",74952910543,,https://www.loft2rent.ru/loft/42514
"Friends Hall ""ХАРИЗМА"" FHB №11 #по-братски","Friends Hall ""ХАРИЗМА"" FHB №11 #по-братски",74952910543,,https://www.loft2rent.ru/loft/42514
"Friends Hall ""ХАРИЗМА"" FHB №2","Friends Hall ""ХАРИЗМА"" FHB №2",74952910543,,https://www.loft2rent.ru/loft/42514
"Friends Hall ""ХАРИЗМА"" FHB №3","Friends Hall ""ХАРИЗМА"" FHB №3",74952910543,,https://www.loft2rent.ru/loft/42514
"Friends Hall ""ХАРИЗМА"" FHB №4","Friends Hall ""ХАРИЗМА"" FHB №4",74952910543,,https://www.loft2rent.ru/loft/42514
"Friends Hall ""ХАРИЗМА"" FHB №5 VIP","Friends Hall ""ХАРИЗМА"" FHB №5 VIP",74952910543,,https://www.loft2rent.ru/loft/42514
"Friends Hall ""ХАРИЗМА"" FHB №6","Friends Hall ""ХАРИЗМА"" FHB №6",74952910543,,https://www.loft2rent.ru/loft/42514
"Friends Hall ""ХАРИЗМА"" FHB №7","Friends Hall ""ХАРИЗМА"" FHB №7",74952910543,,https://www.loft2rent.ru/loft/42514
"Friends Hall ""ХАРИЗМА"" FHB №8","Friends Hall ""ХАРИЗМА"" FHB №8",74952910543,,https://www.loft2rent.ru/loft/42514
"Friends Hall ""ХАРИЗМА"" FHB №9 #по-братски","Friends Hall ""ХАРИЗМА"" FHB №9 #по-братски",74952910543,,https://www.loft2rent.ru/loft/42514
"Friends Hall ""ХАРИЗМА"" FHK №10","Friends Hall ""ХАРИЗМА"" FHK №10",74952910543,,https://www.loft2rent.ru/loft/42514
"Friends Hall ""ХАРИЗМА"" FHK №2","Friends Hall ""ХАРИЗМА"" FHK №2",74952910543,,https://www.loft2rent.ru/loft/42514
"Friends Hall ""ХАРИЗМА"" FHK №3","Friends Hall ""ХАРИЗМА"" FHK №3",74952910543,,https://www.loft2rent.ru/loft/42514
"Friends Hall ""ХАРИЗМА"" FHK №4","Friends Hall ""ХАРИЗМА"" FHK №4",74952910543,,https://www.loft2rent.ru/loft/42514
"Friends Hall ""ХАРИЗМА"" FHK №5","Friends Hall ""ХАРИЗМА"" FHK №5",74952910543,,https://www.loft2rent.ru/loft/42514
"Friends Hall ""ХАРИЗМА"" FHK №6","Friends Hall ""ХАРИЗМА"" FHK №6",74952910543,,https://www.loft2rent.ru/loft/42514
"Friends Hall ""ХАРИЗМА"" FHK №7","Friends Hall ""ХАРИЗМА"" FHK №7",74952910543,,https://www.loft2rent.ru/loft/42514
"Friends Hall ""ХАРИЗМА"" FHK №8","Friends Hall ""ХАРИЗМА"" FHK №8",74952910543,,https://www.loft2rent.ru/loft/42514
"Friends Hall ""ХАРИЗМА"" FHK №9","Friends Hall ""ХАРИЗМА"" FHK №9",74952910543,,https://www.loft2rent.ru/loft/42514
"Friends Hall ""ХАРИЗМА"" FHL №1","Friends Hall ""ХАРИЗМА"" FHL №1",74952910543,,https://www.loft2rent.ru/loft/42514
"Friends Hall ""ХАРИЗМА"" FHL №1 VIP","Friends Hall ""ХАРИЗМА"" FHL №1 VIP",74952910543,,https://www.loft2rent.ru/loft/42514
"Friends Hall ""ХАРИЗМА"" FHL №2","Friends Hall ""ХАРИЗМА"" FHL №2",74952910543,,https://www.loft2rent.ru/loft/42514
"Friends Hall ""ХАРИЗМА"" FHL №3","Friends Hall ""ХАРИЗМА"" FHL №3",74952910543,,https://www.loft2rent.ru/loft/42514
"Friends Hall ""ХАРИЗМА"" FHL №4","Friends Hall ""ХАРИЗМА"" FHL №4",74952910543,,https://www.loft2rent.ru/loft/42514
"Friends Hall ""ХАРИЗМА"" FHL №5","Friends Hall ""ХАРИЗМА"" FHL №5",74952910543,,https://www.loft2rent.ru/loft/42514
"Friends Hall ""ХАРИЗМА"" FHL №6","Friends Hall ""ХАРИЗМА"" FHL №6",74952910543,,https://www.loft2rent.ru/loft/42514
"Friends Hall ""ХАРИЗМА"" FHN №1","Friends Hall ""ХАРИЗМА"" FHN №1",74952910543,,https://www.loft2rent.ru/loft/42514
"Friends Hall ""ХАРИЗМА"" FHN №2","Friends Hall ""ХАРИЗМА"" FHN №2",74952910543,,https://www.loft2rent.ru/loft/42514
"Friends Hall ""ХАРИЗМА"" FHN №3","Friends Hall ""ХАРИЗМА"" FHN №3",74952910543,,https://www.loft2rent.ru/loft/42514
"Friends Hall ""ХАРИЗМА"" FHN №4","Friends Hall ""ХАРИЗМА"" FHN №4",74952910543,,https://www.loft2rent.ru/loft/42514
"Friends Hall ""ХАРИЗМА"" FHN №5","Friends Hall ""ХАРИЗМА"" FHN №5",74952910543,,https://www.loft2rent.ru/loft/42514
"Friends Hall ""ХАРИЗМА"" FHN №6","Friends Hall ""ХАРИЗМА"" FHN №6",74952910543,,https://www.loft2rent.ru/loft/42514
"Friends Hall ""ХАРИЗМА"" FHN №7","Friends Hall ""ХАРИЗМА"" FHN №7",74952910543,,https://www.loft2rent.ru/loft/42514
"Friends Hall ""ХАРИЗМА"" FHN №8","Friends Hall ""ХАРИЗМА"" FHN №8",74952910543,,https://www.loft2rent.ru/loft/42514
"Friends Hall ""ХАРИЗМА"" FHS №1 VIP","Friends Hall ""ХАРИЗМА"" FHS №1 VIP",74952910543,,https://www.loft2rent.ru/loft/42514
"Friends Hall ""ХАРИЗМА"" FHS №2 VIP","Friends Hall ""ХАРИЗМА"" FHS №2 VIP",74952910543,,https://www.loft2rent.ru/loft/42514
"Friends Hall ""ХАРИЗМА"" FHS №3 VIP","Friends Hall ""ХАРИЗМА"" FHS №3 VIP",74952910543,,https://www.loft2rent.ru/loft/42514
"Friends Hall ""ХАРИЗМА"" FHS №4","Friends Hall ""ХАРИЗМА"" FHS №4",74952910543,,https://www.loft2rent.ru/loft/42514
"Friends Hall ""ХАРИЗМА"" FHS №5 VIP","Friends Hall ""ХАРИЗМА"" FHS №5 VIP",74952910543,,https://www.loft2rent.ru/loft/42514
"Friends Hall ""ХАРИЗМА"" FHS №6 VIP","Friends Hall ""ХАРИЗМА"" FHS №6 VIP",74952910543,,https://www.loft2rent.ru/loft/42514
"Friends Hall ""ХАРИЗМА"" FHS №7 VIP","Friends Hall ""ХАРИЗМА"" FHS №7 VIP",74952910543,,https://www.loft2rent.ru/loft/42514
"Friends Hall ""ХАРИЗМА"" FHS №8 #по-братски","Friends Hall ""ХАРИЗМА"" FHS №8 #по-братски",74952910543,,https://www.loft2rent.ru/loft/42514
"Friends Hall ""ХАРИЗМА"" FHS №9","Friends Hall ""ХАРИЗМА"" FHS №9",74952910543,,https://www.loft2rent.ru/loft/42514
Frontend Moscow,Frontend Moscow,74956460768,marketing@ontico.team,https://frontendconf.ru
Fumisawa,Fumisawa,74957751969,,https://novikovgroup.ru/restaurants/Fumisawa/
Fun Loft,Fun Loft,79265109120,,https://www.loft2rent.ru/loft/114875/114937
G Gallery,G Gallery,79033039996,,https://www.loft2rent.ru/loft/107726/107728
GALLERY LOFT: ДВУХЭТАЖНЫЙ ЛОФТ КАРАОКЕ И PS 4 !,GALLERY LOFT: ДВУХЭТАЖНЫЙ ЛОФТ КАРАОКЕ И PS 4 !,74951839432,,https://www.loft2rent.ru/loft/66644
Gamma More,Gamma More,79030127713,,https://www.loft2rent.ru/loft/186077/186409
Garage loftGarage,Garage loftGarage,79367779677,,https://www.loft2rent.ru/loft/129442/130392
Garage Lounge (Гараж Зал). Стильный лофт,Garage Lounge (Гараж Зал). Стильный лофт,79019397046,,https://www.reveltime.ru/venue/7176216?eventtype=vecherinka
Garage lounge / Гараж лаундж,Garage lounge / Гараж лаундж,79032829709,,https://www.loft2rent.ru/loft/162329/162335
Garage Museum event spaces,Garage Museum event spaces,74956450520,members@garagemca.org,https://garagemca.org
Garden loft. Стильное лофт-пространство,Garden loft. Стильное лофт-пространство,74959882111,,https://www.reveltime.ru/venue/1659182?eventtype=vecherinka
Gatsby Loft &amp; Photo. Стильное лофт-пространство,Gatsby Loft &amp; Photo. Стильное лофт-пространство,74959793332,,https://www.reveltime.ru/venue/335196?eventtype=vecherinka
Gazgolder,Gazgolder,,,https://gazgolderclub.ru
Gazgolder Booking,Gazgolder Booking,79153915836,butina@gazgolder.com,https://gazgolder.com
GazLoft,GazLoft,79956266565,,https://www.loft2rent.ru/loft/134148
Gazprom Neft,Gazprom Neft,74956429969,aero@gazprom-neft.ru,https://www.gazprom-neft.ru
Gazprom-Media Digital,Gazprom-Media Digital,78126096959,7days@7days.ru,https://www.gazprom-media.com
Gazprombank Invest,Gazprombank Invest,74957191900,mailbox@gazprombank.ru,https://www.gazprombank.ru
Geo loft (Гео Лофт). Кирпичный лофт с большими окнами,Geo loft (Гео Лофт). Кирпичный лофт с большими окнами,79019317663,,https://www.reveltime.ru/venue/735215?eventtype=vecherinka
Geraldine,Geraldine,74956951202,,https://geraldine.ru
GES-2 House of Culture,GES-2 House of Culture,,access@ges-2.org,https://ges-2.org
GESTALT CLUB (Клуб Гештальт),GESTALT CLUB (Клуб Гештальт),79346695974,,https://gestaltclubmoscow.ru/rent
Get Loft (Гет Лофт). Золотой зал,Get Loft (Гет Лофт). Золотой зал,79584055346,,https://www.reveltime.ru/venue/6839089?eventtype=vecherinka
Get LoftКухня,Get LoftКухня,79164961191,,https://www.loft2rent.ru/loft/44815/63581
GG Loft,GG Loft,79773124327,,https://www.loft2rent.ru/loft/176572/176589
GG LoftGG loft,GG LoftGG loft,74956779354,,https://www.loft2rent.ru/loft/206364/206371
Ginza Project,Ginza Project,78126401616,media@ginzaproject.com,https://www.ginza.ru
GIVprostranstvoGIVprostranstvo,GIVprostranstvoGIVprostranstvo,79039570630,,https://www.loft2rent.ru/loft/178781/178783
Glastonberry,Glastonberry,79851623891,1623891@mail.ru,https://glastonberry.ru
GloraX,GloraX,78005116926,info@glorax.com,https://glorax.com
Go Golf,Go Golf,79110003606,,https://www.loft2rent.ru/loft/171553/171555
GOLD,GOLD,74954780638,,https://www.loft2rent.ru/loft/109926
Gold&HallGold&Hall BLACKOUT,Gold&HallGold&Hall BLACKOUT,79255293977,,https://www.loft2rent.ru/loft/111283/111293
Gold&HallGold&Hall KutuZovsky,Gold&HallGold&Hall KutuZovsky,79255293977,,https://www.loft2rent.ru/loft/111283/111285
Gold&HallGold&Hall VOGUE,Gold&HallGold&Hall VOGUE,79255293977,,https://www.loft2rent.ru/loft/111283/111303
Gold&HallPROMENADE HALL,Gold&HallPROMENADE HALL,79255293977,,https://www.loft2rent.ru/loft/111283/128514
Golden Garden,Golden Garden,79020481818,,https://www.loft2rent.ru/loft/140612/190907
Golden GardenCalumbusrusotel,Golden GardenCalumbusrusotel,79020481818,,https://www.loft2rent.ru/loft/140612/140615
Golden GardenIstra garden,Golden GardenIstra garden,79020481818,,https://www.loft2rent.ru/loft/140612/200174
Golden GardenСветлый,Golden GardenСветлый,79020481818,,https://www.loft2rent.ru/loft/140612/192117
Golden Mile Fitness,Golden Mile Fitness,74959692930,info@goldenmileclub.ru,https://goldenmileclub.ru
GOLDY Ролевой ЛофтАниме-пространство,GOLDY Ролевой ЛофтАниме-пространство,79137773750,,https://www.loft2rent.ru/loft/140289/140344
GOLDY Ролевой ЛофтБизнес-Джет,GOLDY Ролевой ЛофтБизнес-Джет,79137773750,,https://www.loft2rent.ru/loft/140289/140338
GOLDY Ролевой ЛофтКинотеатр,GOLDY Ролевой ЛофтКинотеатр,79137773750,,https://www.loft2rent.ru/loft/140289/140342
GOLDY Ролевой ЛофтПримерочная,GOLDY Ролевой ЛофтПримерочная,79137773750,,https://www.loft2rent.ru/loft/140289/140346
GOLDY Ролевой ЛофтСеновал,GOLDY Ролевой ЛофтСеновал,79137773750,,https://www.loft2rent.ru/loft/140289/140340
Golfostrov,Golfostrov,79267364524,,https://golfostrov.ru
"Good girl : лофт с барной стойкой из розового меха, с караоке и PS 4 !!","Good girl : лофт с барной стойкой из розового меха, с караоке и PS 4 !!",74993021619,,https://www.loft2rent.ru/loft/66644
GOPARK Hotel,GOPARK Hotel,,,https://ostrovok.ru/hotel/russia/moscow/mid9250776/gopark_hotel
Gorilla Gym Moscow,Gorilla Gym Moscow,79789958093,,https://gorillagym.ru
Gorky Film Studio,Gorky Film Studio,,r@ascetic.team,https://gorkyfilm.ru
Gorynych,Gorynych,74959373811,info@gorynich.com,https://gorynich.com
GPStudioБелый зал GPStudio на Бауманской / Белый зал. ГПСстудия на Бауманской,GPStudioБелый зал GPStudio на Бауманской / Белый зал. ГПСстудия на Бауманской,74957920004,,https://www.loft2rent.ru/loft/35190/35200
GPStudioБольшой зал GPStudio на Бауманской / Большой зал. ГПСстудия на Бауманской,GPStudioБольшой зал GPStudio на Бауманской / Большой зал. ГПСстудия на Бауманской,74957920004,,https://www.loft2rent.ru/loft/35190/35223
GPStudioБордо зал GPStudio на Бауманской / Бордовый зал. ГПСстудия на Бауманской,GPStudioБордо зал GPStudio на Бауманской / Бордовый зал. ГПСстудия на Бауманской,74957920004,,https://www.loft2rent.ru/loft/35190/196574
GPStudioРыжий зал GPStudio на Бауманской / Рыжий зал. ГПСстудия на Бауманской,GPStudioРыжий зал GPStudio на Бауманской / Рыжий зал. ГПСстудия на Бауманской,74957920004,,https://www.loft2rent.ru/loft/35190/35218
GPStudioЧерный зал GPStudio на Бауманской / Черный зал. ГПСстудия на Бауманской,GPStudioЧерный зал GPStudio на Бауманской / Черный зал. ГПСстудия на Бауманской,74957920004,,https://www.loft2rent.ru/loft/35190/35209
GRACE,GRACE,74951201905,,https://www.loft2rent.ru/loft/5338
Grace Bistro,Grace Bistro,74959001061,,https://gracebistro.ru
Graf-Studio (Граф-Студио). Зал Замок,Graf-Studio (Граф-Студио). Зал Замок,79586097164,,https://www.reveltime.ru/venue/2798781?eventtype=vecherinka
Graf-Studio. Зал Кардинал (Граф-Студио),Graf-Studio. Зал Кардинал (Граф-Студио),79676932714,,https://www.reveltime.ru/venue/3032736?eventtype=vecherinka
Graf-Studio. Зал Прованс (Граф-Студио),Graf-Studio. Зал Прованс (Граф-Студио),79584055346,,https://www.reveltime.ru/venue/2411839?eventtype=vecherinka
Graf-Studio. Зал Ренессанс (Граф-Студио),Graf-Studio. Зал Ренессанс (Граф-Студио),79584610759,,https://www.reveltime.ru/venue/2415611?eventtype=vecherinka
Graf-Studio. Зал Сцена (Граф-Студио),Graf-Studio. Зал Сцена (Граф-Студио),79584055346,,https://www.reveltime.ru/venue/2410104?eventtype=vecherinka
Graf-Studio. Зал Чердак (Граф-Студио),Graf-Studio. Зал Чердак (Граф-Студио),79584630738,,https://www.reveltime.ru/venue/2674303?eventtype=vecherinka
Grand Cru,Grand Cru,79250583926,aryahovskiy@simplewine.ru,https://grandcru.ru
Grand Cru,Grand Cru,74955106567,,http://www.grandcru.ru/
GRAND HALL,GRAND HALL,74950323635,,https://www.loft2rent.ru/loft/1926
Grand Sky 2Grand Sky 1,Grand Sky 2Grand Sky 1,79258691580,,https://www.loft2rent.ru/loft/175214/175226
Grand Sky 2High Point Residence 1,Grand Sky 2High Point Residence 1,79258691580,,https://www.loft2rent.ru/loft/175214/175228
Grand Sky 2The Eagle's Nest 1,Grand Sky 2The Eagle's Nest 1,79258691580,,https://www.loft2rent.ru/loft/175214/175234
Grape,Grape,,hr@grape.ru,https://grape.ru
GRAPE LOFT,GRAPE LOFT,79939054093,,https://www.loft2rent.ru/loft/41186/41190
Graphite (Графит). Футуристический двухуровневый лофт,Graphite (Графит). Футуристический двухуровневый лофт,79939054093,,https://www.reveltime.ru/venue/5941268?eventtype=vecherinka
Graphite \,Graphite \,,,лофт
Grechka Media,Grechka Media,74956656200,,https://grechkamedia.ru
Green House,Green House,79164400130,,https://www.loft2rent.ru/loft/177908
Green Loft,Green Loft,79150883390,,https://www.loft2rent.ru/loft/48959
Green Loft,Green Loft,79691188222,,https://www.loft2rent.ru/loft/85691/85704
Green&amp;White Loft (Зелёно-Белый Лофт),Green&amp;White Loft (Зелёно-Белый Лофт),79164400130,,https://www.reveltime.ru/venue/5308281?eventtype=vecherinka
Green&White - Стильный лофт на Арбате с отдельной игровой комнатой,Green&White - Стильный лофт на Арбате с отдельной игровой комнатой,79031292578,,https://www.loft2rent.ru/loft/167313
Green&White Loft,Green&White Loft,79152876213,,https://www.loft2rent.ru/loft/121243
GreenHouse площадка для свадьбы,GreenHouse площадка для свадьбы,79585410041,,https://www.loft2rent.ru/loft/97591
Grey Green by Space &amp; Place (Грэй Грин бай Спейс&amp;Плэйс). Светлое пространство в современном стиле,Grey Green by Space &amp; Place (Грэй Грин бай Спейс&amp;Плэйс). Светлое пространство в современном стиле,79584974089,,https://www.reveltime.ru/venue/7465927?eventtype=vecherinka
Grey Loft,Grey Loft,79150883390,,https://www.loft2rent.ru/loft/48959
GreyGreen Event Space,GreyGreen Event Space,74991163431,,https://www.loft2rent.ru/loft/spaceandplace
Grill GradБанкетные домики,Grill GradБанкетные домики,79850088000,,https://www.loft2rent.ru/loft/89500/89504
GrillvetStudio,GrillvetStudio,79264959922,,https://www.loft2rent.ru/loft/209150/209166
GrotteGrotte,GrotteGrotte,79636224791,,https://www.loft2rent.ru/loft/162534/163118
GS Racing,GS Racing,79256566767,,https://www.loft2rent.ru/loft/95467/95532
H4U - Аренда залов и кабинетовЗал на Тверской / Пушкинской (П-602),H4U - Аренда залов и кабинетовЗал на Тверской / Пушкинской (П-602),79150624544,,https://www.loft2rent.ru/loft/69466/117328
Habr Media,Habr Media,,,https://habr.com
Hall 14. Атмосферный лофт с верандой,Hall 14. Атмосферный лофт с верандой,79031888081,,https://www.reveltime.ru/venue/5499756?eventtype=vecherinka
Hall of senses,Hall of senses,79269932100,,https://www.loft2rent.ru/loft/154114/154116
HANDБольшой зал,HANDБольшой зал,79267777108,,https://www.loft2rent.ru/loft/108735/108739
HANDВип зал,HANDВип зал,79267777108,,https://www.loft2rent.ru/loft/108735/168408
HANDВсе пространство,HANDВсе пространство,79267777108,,https://www.loft2rent.ru/loft/108735/168434
HANDКоворкинг,HANDКоворкинг,79267777108,,https://www.loft2rent.ru/loft/108735/168411
HANDСредний зал,HANDСредний зал,79267777108,,https://www.loft2rent.ru/loft/108735/168406
Harper’s Bazaar Russia,Harper’s Bazaar Russia,,d.khalfina@imedia.ru,https://bazaar.ru
HARRISON HALL,HARRISON HALL,78123171220,,https://www.loft2rent.ru/loft/5338
Hawaii House (Гавайи). Двухуровневый лофт в гавайском стиле,Hawaii House (Гавайи). Двухуровневый лофт в гавайском стиле,79584974084,,https://www.reveltime.ru/venue/4116659?eventtype=vecherinka
HeadHunter,HeadHunter,,opp@zarplata.ru,https://hh.ru
HeadHunter Group,HeadHunter Group,,opp@zarplata.ru,https://hh.ru
HeadHunter Tech,HeadHunter Tech,,opp@zarplata.ru,https://hh.ru
Hearst Shkulev Media,Hearst Shkulev Media,74956335757,info@shkulev.ru,https://shkulevholding.ru
HEARTSIDE HALL,HEARTSIDE HALL,78123171220,,https://www.loft2rent.ru/loft/5338
Helios,Helios,79281575247,,https://www.loft2rent.ru/loft/174101/174130
HeliosХелиус,HeliosХелиус,79281761202,,https://www.loft2rent.ru/loft/174101/175561
Hide,Hide,79200744958,,https://www.loft2rent.ru/loft/105797/105801
High Ground (Возвышенность). Вип-зал,High Ground (Возвышенность). Вип-зал,79676928564,,https://www.reveltime.ru/venue/5282071?eventtype=vecherinka
High Ground (Возвышенность). ВИП-кабинка для небольшой компании,High Ground (Возвышенность). ВИП-кабинка для небольшой компании,79893636021,,https://www.reveltime.ru/venue/4682067?eventtype=vecherinka
High Ground (Возвышенность). Зал Нью-Йорк,High Ground (Возвышенность). Зал Нью-Йорк,79386989873,,https://www.reveltime.ru/venue/4135370?eventtype=vecherinka
High Ground (Возвышенность). Просторный зал,High Ground (Возвышенность). Просторный зал,79676928564,,https://www.reveltime.ru/venue/5282130?eventtype=vecherinka
High Ground (Возвышенность). Просторный стильный лофт,High Ground (Возвышенность). Просторный стильный лофт,79584974160,,https://www.reveltime.ru/venue/4412936?eventtype=vecherinka
High Ground Основной Зал,High Ground Основной Зал,79773332218,,https://www.loft2rent.ru/loft/62564
HistoriaHistoria Event,HistoriaHistoria Event,79013898898,,https://www.loft2rent.ru/loft/198444/198451
"Hit MeetHIT & MEET, event loft","Hit MeetHIT & MEET, event loft",79130083858,,https://www.loft2rent.ru/loft/143726/143736
hobbit's house / Хоббит хаус,hobbit's house / Хоббит хаус,79993492320,,https://www.loft2rent.ru/loft/39383
Home Alone Loft Новосибирск Галущака 4,Home Alone Loft Новосибирск Галущака 4,79039328089,,https://www.loft2rent.ru/loft/86655
Honey,Honey,79055733733,,https://www.loft2rent.ru/loft/97743
HOOKAH - камерный лофт на Арбате,HOOKAH - камерный лофт на Арбате,79585782362,,https://www.loft2rent.ru/loft/loftaviator
"HOOKAH ARBAT - лофт на Арбате с грилем, верандой и комнатой для караоке и PS","HOOKAH ARBAT - лофт на Арбате с грилем, верандой и комнатой для караоке и PS",79184751299,,https://www.loft2rent.ru/loft/loftaviator
HookahPlace LagoЛаунж-бар HookahPlace Lago,HookahPlace LagoЛаунж-бар HookahPlace Lago,79255645675,,https://www.loft2rent.ru/loft/163918/167405
HOOKS,HOOKS,74951201905,,https://www.loft2rent.ru/loft/5338
Horror UniverseRAGE,Horror UniverseRAGE,74993222880,,https://www.loft2rent.ru/loft/74654/193602
Horror UniverseАлькатрас,Horror UniverseАлькатрас,74993222880,,https://www.loft2rent.ru/loft/74654/74934
Horror UniverseПриют,Horror UniverseПриют,74993222880,,https://www.loft2rent.ru/loft/74654/195105
Horse HouseESTATE LOFT,Horse HouseESTATE LOFT,79299069090,,https://www.loft2rent.ru/loft/123075/157694
Horse HouseЛофт пространство,Horse HouseЛофт пространство,79299069090,,https://www.loft2rent.ru/loft/123075/124286
HSE (Higher School of Economics),HSE (Higher School of Economics),,abitur@hse.ru,https://hse.ru
HSE Art & Design community,HSE Art & Design community,74956218711,abtrifonova@hse.ru,https://design.hse.ru
Hutton Development,Hutton Development,74956629480,hr@hutton.ru,https://hutton.ru
I need you space. Уютный лофт,I need you space. Уютный лофт,79099511234,,https://www.reveltime.ru/venue/3836995?eventtype=vecherinka
Ibis kitchen,Ibis kitchen,74956605353,,https://www.loft2rent.ru/loft/200502
IBS Group,IBS Group,74957950751,ibs@ibs.ru,https://ibs.ru
ICE караоке & club,ICE караоке & club,74999646911,,https://www.loft2rent.ru/loft/125492/125496
ICE караоке & clubКараоке Pesnya Арбат,ICE караоке & clubКараоке Pesnya Арбат,79151573439,,https://www.loft2rent.ru/loft/125492/149100
iConText Group,iConText Group,74999298595,hr@icontext.ru,https://icontextgroup.ru
Igloo Bar LoftAIR FLEX,Igloo Bar LoftAIR FLEX,79673771883,,https://www.loft2rent.ru/loft/197322/198857
Igloo Bar LoftLETS GO,Igloo Bar LoftLETS GO,79673771883,,https://www.loft2rent.ru/loft/197322/198862
Igloo Bar LoftNEO,Igloo Bar LoftNEO,79673771883,,https://www.loft2rent.ru/loft/197322/206747
Igloo Bar LoftTRX,Igloo Bar LoftTRX,79673771883,,https://www.loft2rent.ru/loft/197322/200045
Igloo Bar LoftЛофт со сценой,Igloo Bar LoftЛофт со сценой,79673771883,,https://www.loft2rent.ru/loft/197322/198880
Igloo Bar LoftСорель,Igloo Bar LoftСорель,79536380947,,https://www.loft2rent.ru/loft/202864/202866
Igloobar (Иглубар). Лофт с панорамным видом,Igloobar (Иглубар). Лофт с панорамным видом,74996488457,,https://www.reveltime.ru/venue/2962665?eventtype=vecherinka
Igloobar (Иглубар). Уникальный лофт-кинозал,Igloobar (Иглубар). Уникальный лофт-кинозал,74996488457,,https://www.reveltime.ru/venue/2793076?eventtype=vecherinka
Igloobar VIP беседка,Igloobar VIP беседка,74996819127,,https://www.loft2rent.ru/loft/79750
Igloobar Бауманская,Igloobar Бауманская,74996819127,,https://www.loft2rent.ru/loft/79750
Igloobar для компании,Igloobar для компании,74996819127,,https://www.loft2rent.ru/loft/79750
IIDF (FRII) ecosystem,IIDF (FRII) ecosystem,74952588877,accelerator@iidf.ru,https://iidf.ru
Ikra,Ikra,74996732255,,https://ikra.wrf.su/moscow
Ikura,Ikura,74951985858,,https://ikura.rest/
IL Патио,IL Патио,74996660400,info@ilpatio.ru,https://ilpatio.ru
Illuminator,Illuminator,79168125563,,https://www.loft2rent.ru/loft/178355/178357
IMA,IMA,74994440903,,https://ima.rest/
Imperia Sky Loft,Imperia Sky Loft,74999385501,info@imperiasky.ru,https://imperiasky.ru
Imperia Sky Loft - Лофт с шикарным видом на Москву с 43 этажа,Imperia Sky Loft - Лофт с шикарным видом на Москву с 43 этажа,74999385501,,https://www.loft2rent.ru/loft/70621
Imperial. Праздничный лофт-зал с большим столом,Imperial. Праздничный лофт-зал с большим столом,74994600028,,https://www.reveltime.ru/venue/4706073?eventtype=vecherinka
Impulse Space,Impulse Space,77264420150,,https://www.loft2rent.ru/loft/132331/132545
Independent Media,Independent Media,,pr@imedia.ru,https://imedia.ru
Independent Media brands,Independent Media brands,,pr@imedia.ru,https://imedia.ru
"Inflow PlaceЛофт Inflow, площадка для мастер-классов","Inflow PlaceЛофт Inflow, площадка для мастер-классов",79169866307,,https://www.loft2rent.ru/loft/180904/180911
INFLOWАренда залов INFLOW,INFLOWАренда залов INFLOW,79082080845,,https://www.loft2rent.ru/loft/169935/169945
INFOLOFTMSK (ИНФОЛОФТМСК). Лофт с уникальным дизайном,INFOLOFTMSK (ИНФОЛОФТМСК). Лофт с уникальным дизайном,79019397046,,https://www.reveltime.ru/venue/6549792?eventtype=vecherinka
Infowatch,Infowatch,74952290022,info@infowatch.ru,https://infowatch.ru
Ingosstrakh,Ingosstrakh,74959565555,chs@ingos.ru,https://www.ingos.ru
Ingrad,Ingrad,74959895121,broker@sminex.com,https://ingrad.ru
InOut,InOut,74991139976,,https://www.loft2rent.ru/loft/208551/208560
Insider Bar,Insider Bar,74953637744,,https://insiderbar.ru
Interactive,Interactive,73517794625,,https://www.loft2rent.ru/loft/102618/102639
InterMedia,InterMedia,,,https://www.intermedia.ru
IQBABYCLUBДетский лофт IQBABYCLUB,IQBABYCLUBДетский лофт IQBABYCLUB,79258986594,,https://www.loft2rent.ru/loft/130280/130287
IRRI-LOFTEvent-project,IRRI-LOFTEvent-project,79264037887,,https://www.loft2rent.ru/loft/51150/51161
IRRI-LOFTБизнес-gallery,IRRI-LOFTБизнес-gallery,79264037887,,https://www.loft2rent.ru/loft/51150/51157
Island Dance&AerialIsland Loft,Island Dance&AerialIsland Loft,74957788988,,https://www.loft2rent.ru/loft/87302/87439
Island loft,Island loft,78122497575,,https://www.loft2rent.ru/loft/74440
ITTEN HALL,ITTEN HALL,74951201905,,https://www.loft2rent.ru/loft/5338
IVI,IVI,,ksfv@e3rji.ibt,https://www.ivi.ru
IVI Originals,IVI Originals,,ksfv@e3rji.ibt,https://ivi.ru
IZI PLAYКиберклуб для турниров с экраном 5м,IZI PLAYКиберклуб для турниров с экраном 5м,79653805500,,https://www.loft2rent.ru/loft/181310/181312
Izmailov Loft (Измайлов Лофт). Дримзон,Izmailov Loft (Измайлов Лофт). Дримзон,79346692796,,https://www.reveltime.ru/venue/6012001?eventtype=vecherinka
Izmailov Loft (Измайлов Лофт). Лофт Венеция,Izmailov Loft (Измайлов Лофт). Лофт Венеция,79346657019,,https://www.reveltime.ru/venue/8004436?eventtype=vecherinka
Izmailov Loft (Измайлов Лофт). Лофт Гринвуд,Izmailov Loft (Измайлов Лофт). Лофт Гринвуд,79346692796,,https://www.reveltime.ru/venue/6017908?eventtype=vecherinka
Izmailov Loft (Измайлов Лофт). Лофт Диско,Izmailov Loft (Измайлов Лофт). Лофт Диско,79346692796,,https://www.reveltime.ru/venue/6017878?eventtype=vecherinka
Izmailov Loft (Измайлов Лофт). Лофт Кинозвезда,Izmailov Loft (Измайлов Лофт). Лофт Кинозвезда,79346692796,,https://www.reveltime.ru/venue/6011450?eventtype=vecherinka
Izmailov Loft (Измайлов Лофт). Лофт-зал в классическом стиле,Izmailov Loft (Измайлов Лофт). Лофт-зал в классическом стиле,79346692796,,https://www.reveltime.ru/venue/6017789?eventtype=vecherinka
Jazz Summer Nights Moscow,Jazz Summer Nights Moscow,74012956677,kaliningradcityjazz@mail.ru,https://jazzfestival.ru
Jenavi Club,Jenavi Club,79939872530,,https://www.loft2rent.ru/loft/151762/151764
JM LOFTАрт-Салон Теляковских (J&M LOFT),JM LOFTАрт-Салон Теляковских (J&M LOFT),78123094060,,https://www.loft2rent.ru/loft/101339/101342
JM LOFTЗал Звуки Музыки,JM LOFTЗал Звуки Музыки,78123094060,,https://www.loft2rent.ru/loft/101339/142705
JM LOFTЗал Мулен Руж,JM LOFTЗал Мулен Руж,78123094060,,https://www.loft2rent.ru/loft/101339/142716
JM LOFTЗал Скрипач на крыше,JM LOFTЗал Скрипач на крыше,78123094060,,https://www.loft2rent.ru/loft/101339/142711
JM LOFTЗал Чикаго,JM LOFTЗал Чикаго,78123094060,,https://www.loft2rent.ru/loft/101339/141974
Jordan lounge,Jordan lounge,79969402201,,https://www.loft2rent.ru/loft/176564/176566
Jun,Jun,74951898988,,https://jun.lucky-group.rest/
JUNGLE — атмосферный зал с природным стилем и большой зоной для танцев,JUNGLE — атмосферный зал с природным стилем и большой зоной для танцев,79031959349,,https://www.loft2rent.ru/loft/151727
JustLoft. Дизайнерское пространство,JustLoft. Дизайнерское пространство,79163797300,,https://www.reveltime.ru/venue/469715?eventtype=vecherinka
K - Club,K - Club,79060310683,,https://www.loft2rent.ru/loft/167261/167266
Kahovka loft,Kahovka loft,79296448663,,https://www.loft2rent.ru/loft/57063
Kahovka loft (Каховка Лофт). Неоновый лофт-зал,Kahovka loft (Каховка Лофт). Неоновый лофт-зал,79019317663,,https://www.reveltime.ru/venue/6921455?eventtype=vecherinka
Kaifuso,Kaifuso,74957302277,,https://kaifuso.rest/
Kalkutta Lounge BarКалькутта Лаундж Бар,Kalkutta Lounge BarКалькутта Лаундж Бар,79030136009,,https://www.loft2rent.ru/loft/186025/186027
Kamaz (МСК представительство),Kamaz (МСК представительство),,callcentre@kamaz.org,https://kamaz.ru
Kapital Bar,Kapital Bar,79111010009,,https://www.loft2rent.ru/loft/97173/97247
KapustaKapusta лофт,KapustaKapusta лофт,79660077731,,https://www.loft2rent.ru/loft/105669/105673
Kap’s StudiosСтудия 31 (Круглый),Kap’s StudiosСтудия 31 (Круглый),79689646312,,https://www.loft2rent.ru/loft/76891/107342
Karma Loft - в стиле суперметалл,Karma Loft - в стиле суперметалл,74950080403,,https://www.loft2rent.ru/loft/30985
KARTEL LOFT на Бауманской с караоке и PS 4 !,KARTEL LOFT на Бауманской с караоке и PS 4 !,74993021619,,https://www.loft2rent.ru/loft/66644
Kaspersky Lab,Kaspersky Lab,,enquiry.sea@kaspersky.com,https://www.kaspersky.ru
Kassir.ru,Kassir.ru,,partner@kassir.ru,https://www.kassir.ru
KELIA Business Club,KELIA Business Club,74957750720,club@kelia.me,https://kelia.me
Khlebozavod 9,Khlebozavod 9,,,https://hlebozavod9.ru
KiKi Event Dom,KiKi Event Dom,74952557080,,https://www.loft2rent.ru/loft/196138/196140
Kinoroom Loft,Kinoroom Loft,79651635011,,https://www.loft2rent.ru/loft/109019
KION,KION,,app@kion.ru,https://kion.ru
KIT Film Studio,KIT Film Studio,,begunov.andrey@gpm-kit.ru,https://kitstudio.ru
KM20,KM20,74959872220,,https://km20food.ru/
KODspaceKOD Space,KODspaceKOD Space,79006478722,,https://www.loft2rent.ru/loft/99475/99484
Koji,Koji,74958187788,,http://www.koji.lucky-group.ru/
Kommersant Publishing House,Kommersant Publishing House,74956463046,club@kommersant.ru,https://www.kommersant.ru
Korting Sky Room,Korting Sky Room,79160393574,,https://www.loft2rent.ru/loft/20188/26709
Krasota,Krasota,74957874787,,https://krasota.wrf.su/
Krisha loft (Крыша Лофт),Krisha loft (Крыша Лофт),79584974228,,https://www.reveltime.ru/venue/6498928?eventtype=vecherinka
Kristall loft,Kristall loft,74950080403,,https://www.loft2rent.ru/loft/30985
"KROV на КРИСТАЛЕ с Теплой верандой, Мощным звуком грилем в Готическом стиле","KROV на КРИСТАЛЕ с Теплой верандой, Мощным звуком грилем в Готическом стиле",79055448835,,https://www.loft2rent.ru/loft/13771
KSK “Agalarov Polo Division”,KSK “Agalarov Polo Division”,74959830603,hotel@crocusgroup.ru,https://agalarovestate.com
KSK “Moscow Equestrian Federation”,KSK “Moscow Equestrian Federation”,,info@fksr.ru,https://fksr.ru
KSK “Russian Polo Federation Base”,KSK “Russian Polo Federation Base”,74993808713,,https://polo-russia.ru
KSK “Torpin Gold”,KSK “Torpin Gold”,79629532244,,https://torpingold.ru
KSK “Zavidovo Golf & Polo”,KSK “Zavidovo Golf & Polo”,74992489999,booking.zavidovo@updk.ru,https://zavidovo.ru
KULT.GARAGE,KULT.GARAGE,79895952121,,https://www.loft2rent.ru/loft/190255/190257
KutuzovKytuzov VIP / Кутузов ВИП,KutuzovKytuzov VIP / Кутузов ВИП,79651011115,,https://www.loft2rent.ru/loft/51342/51345
La Bottega Siciliana,La Bottega Siciliana,74956600383,,https://bottega-siciliana.com/
La Marée,La Marée,74956940930,,https://la-maree.ru/
LAB16,LAB16,74952041617,,https://www.loft2rent.ru/loft/29454/29463
Lana Studio - Большой зал White,Lana Studio - Большой зал White,79055599860,,https://www.loft2rent.ru/loft/42478/46518
LANIT,LANIT,74959676650,compliance@lanit.ru,https://lanit.ru
LapTime Racing,LapTime Racing,78129065552,,https://www.loft2rent.ru/loft/72296
LargoCabinet Largo,LargoCabinet Largo,74952223848,,https://www.loft2rent.ru/loft/42437/42825
LargoБанкетный лофт на Ленинском,LargoБанкетный лофт на Ленинском,74952223848,,https://www.loft2rent.ru/loft/42437/42470
LargoУютный итальянский Ресторан,LargoУютный итальянский Ресторан,74952223848,,https://www.loft2rent.ru/loft/42437/42842
LargoУютный Лофт на Юго-Западе,LargoУютный Лофт на Юго-Западе,74952223848,,https://www.loft2rent.ru/loft/42437/42817
LAVANDA Loft,LAVANDA Loft,79772959526,,https://www.loft2rent.ru/loft/104772
Lavanda loft. Уютный лофт для различных событий,Lavanda loft. Уютный лофт для различных событий,79772959526,,https://www.reveltime.ru/venue/5908581?eventtype=vecherinka
Legacy Loft,Legacy Loft,79993492320,,https://www.loft2rent.ru/loft/39383
LEMagenta,LEMagenta,79852196657,,https://www.loft2rent.ru/loft/117722/131251
LEMagenta 115,LEMagenta 115,79852196657,,https://www.loft2rent.ru/loft/117722/131230
LEMagenta 81,LEMagenta 81,79852196657,,https://www.loft2rent.ru/loft/117722/131240
LEMagenta 85,LEMagenta 85,79852196657,,https://www.loft2rent.ru/loft/117722/131243
Lenfilm Production,Lenfilm Production,,info@lenfilm.ru,https://lenfilm.ru
Lenfilm Studios,Lenfilm Studios,,info@lenfilm.ru,https://lenfilm.ru
Lenny,Lenny,79910998158,,https://www.loft2rent.ru/loft/79932/79952
Lenta.ru,Lenta.ru,74957851700,info@lenta-co.ru,https://lenta.ru
LeonastageLight 100,LeonastageLight 100,79112600202,,https://www.loft2rent.ru/loft/152246/152723
Les Art Resort,Les Art Resort,74957729720,,https://lesartresort.ru
LeTO,LeTO,79853052200,,https://www.loft2rent.ru/loft/177699
Level 19 Лофт для закрытых вечеринок,Level 19 Лофт для закрытых вечеринок,79261003263,,https://www.reveltime.ru/venue/238467?eventtype=vecherinka
Level Group,Level Group,74950651678,commercial@levelgroup.ru,https://level.ru
Leveldva,Leveldva,79099590137,,https://leveldva.ru
Leveldva,Leveldva,79099590137,,https://ugolek.moscow/leveldva
LeView,LeView,79110991259,,https://www.loft2rent.ru/loft/145854/145859
LEАнгар,LEАнгар,79852196657,,https://www.loft2rent.ru/loft/117722/142720
LEАтом,LEАтом,79852196657,,https://www.loft2rent.ru/loft/117722/141694
LEДетский лофт Зайка,LEДетский лофт Зайка,79179287749,,https://www.loft2rent.ru/loft/117722/176043
LEИнфопространство,LEИнфопространство,79852196657,,https://www.loft2rent.ru/loft/117722/142714
LEКонцертный зал,LEКонцертный зал,79852196657,,https://www.loft2rent.ru/loft/117722/141701
LEЛекториум - Зал 1,LEЛекториум - Зал 1,79852196657,,https://www.loft2rent.ru/loft/117722/124127
LEЛекториум - Зал 2,LEЛекториум - Зал 2,79852196657,,https://www.loft2rent.ru/loft/117722/124161
LEЛекториум - Зал 3,LEЛекториум - Зал 3,79852196657,,https://www.loft2rent.ru/loft/117722/124173
LEЛекториум - зал 4,LEЛекториум - зал 4,79852196657,,https://www.loft2rent.ru/loft/117722/124179
LEЛекториум - Зал 5,LEЛекториум - Зал 5,79852196657,,https://www.loft2rent.ru/loft/117722/124184
LEЛекториум - Зал 6,LEЛекториум - Зал 6,79852196657,,https://www.loft2rent.ru/loft/117722/124192
LEЛекториум - Зал 7,LEЛекториум - Зал 7,79852196657,,https://www.loft2rent.ru/loft/117722/124229
LEЛекториум - Зал 8,LEЛекториум - Зал 8,79852196657,,https://www.loft2rent.ru/loft/117722/124238
LEМолекула,LEМолекула,79852196657,,https://www.loft2rent.ru/loft/117722/141662
Life / News Media Holding,Life / News Media Holding,,info@life.ru,https://life.ru
LimeLoft,LimeLoft,79957207249,,https://www.loft2rent.ru/loft/156511/157795
Linda de La. Арт-центр,Linda de La. Арт-центр,79859447970,,https://www.loft2rent.ru/loft/202713/202812
LisospaceLisoSpace,LisospaceLisoSpace,79259920483,,https://www.loft2rent.ru/loft/56856/56859
Live Stars (Лайв Старс). Лофт-ночной клуб,Live Stars (Лайв Старс). Лофт-ночной клуб,79584974228,,https://www.reveltime.ru/venue/2708141?eventtype=vecherinka
LiveStudio.moscow - студия записи подкастов Loft на Бауманской / Лофт на Бауманской,LiveStudio.moscow - студия записи подкастов Loft на Бауманской / Лофт на Бауманской,79253912007,,https://www.loft2rent.ru/loft/147438/147444
Lo/st Pravda (Ло/ст Правда). Светлый лофт,Lo/st Pravda (Ло/ст Правда). Светлый лофт,79584974331,,https://www.reveltime.ru/venue/3452070?eventtype=vecherinka
"LO/ST PravdaLO/ST Pravda. Зал ""s3 curry""","LO/ST PravdaLO/ST Pravda. Зал ""s3 curry""",74957890737,,https://www.loft2rent.ru/loft/42981/139387
"LO/ST PravdaLO/ST Pravda. Зал ""s7 beige""","LO/ST PravdaLO/ST Pravda. Зал ""s7 beige""",79771743777,,https://www.loft2rent.ru/loft/42981/42983
LOFT 15Белый лофт,LOFT 15Белый лофт,79852102473,,https://www.loft2rent.ru/loft/106466/106900
LOFT 15Синий лофт,LOFT 15Синий лофт,79852102473,,https://www.loft2rent.ru/loft/106466/106523
Loft 2&#039;25. Лофт со своей территорией,Loft 2&#039;25. Лофт со своей территорией,79263872518,,https://www.reveltime.ru/venue/317903?eventtype=vecherinka
Loft 519,Loft 519,79254329202,,https://www.loft2rent.ru/loft/161798/162046
Loft 519B.I.G,Loft 519B.I.G,79254329202,,https://www.loft2rent.ru/loft/161798/187169
LOFT AlibiLOFT ALIBI,LOFT AlibiLOFT ALIBI,79684417545,,https://www.loft2rent.ru/loft/39611/39613
Loft Berlin (Лофт Берлин). Стильный бар под закрытие,Loft Berlin (Лофт Берлин). Стильный бар под закрытие,79584630738,,https://www.reveltime.ru/venue/5138490?eventtype=vecherinka
Loft Bombay,Loft Bombay,79213552297,,https://www.loft2rent.ru/loft/176456/176462
Loft Cafe TipografiaВеранда с мягкими окнами,Loft Cafe TipografiaВеранда с мягкими окнами,79645240975,,https://www.loft2rent.ru/loft/56363/56404
Loft Cafe TipografiaВеранда с проектором и выходом на задний двор,Loft Cafe TipografiaВеранда с проектором и выходом на задний двор,79645240975,,https://www.loft2rent.ru/loft/56363/62006
Loft Cafe TipografiaВторой этаж,Loft Cafe TipografiaВторой этаж,79645240975,,https://www.loft2rent.ru/loft/56363/56416
"Loft Cafe TipografiaПервый этаж ""Бар""","Loft Cafe TipografiaПервый этаж ""Бар""",79645240975,,https://www.loft2rent.ru/loft/56363/56412
Loft COM.NATACOM.NATA Brick на пл.Восстания,Loft COM.NATACOM.NATA Brick на пл.Восстания,78122408585,,https://www.loft2rent.ru/loft/144088/144197
Loft COM.NATACOM.NATA Mini на пл.Восстания,Loft COM.NATACOM.NATA Mini на пл.Восстания,78122408585,,https://www.loft2rent.ru/loft/144088/144210
Loft COM.NATACOM.NATA Rock на пл.Восстания,Loft COM.NATACOM.NATA Rock на пл.Восстания,78122408585,,https://www.loft2rent.ru/loft/144088/144188
Loft COM.NATACOM.NATA UNO на пл. Восстания,Loft COM.NATACOM.NATA UNO на пл. Восстания,78122408585,,https://www.loft2rent.ru/loft/144088/144157
Loft D,Loft D,79112600202,,https://www.loft2rent.ru/loft/152246
Loft DoZari - лофт в центре Санкт-ПетербургаLoft DoZari / Лофт ДоЗари,Loft DoZari - лофт в центре Санкт-ПетербургаLoft DoZari / Лофт ДоЗари,79313114850,,https://www.loft2rent.ru/loft/142947/142949
"Loft Far4, Лофт Фарфор (Лофт Фар4)","Loft Far4, Лофт Фарфор (Лофт Фар4)",79346642952,,https://www.reveltime.ru/venue/3111224?eventtype=vecherinka
"Loft Far4, Лофт Фарфор (Лофт Фар4). Лофт80кв.м","Loft Far4, Лофт Фарфор (Лофт Фар4). Лофт80кв.м",79584973975,,https://www.reveltime.ru/venue/3111447?eventtype=vecherinka
Loft Franclin,Loft Franclin,79691553535,,https://www.loft2rent.ru/loft/178858
Loft Friends Пролетарская 114а,Loft Friends Пролетарская 114а,79039328089,,https://www.loft2rent.ru/loft/86655
loft GNEZDO (Лофт Гнездо),loft GNEZDO (Лофт Гнездо),79386989873,,https://www.reveltime.ru/venue/7325477?eventtype=vecherinka
loft GNEZDO (Лофт Гнездо). Двухуровневый лофт,loft GNEZDO (Лофт Гнездо). Двухуровневый лофт,79019397046,,https://www.reveltime.ru/venue/7623813?eventtype=vecherinka
Loft Gora Country ClubLoft Особняк,Loft Gora Country ClubLoft Особняк,79690615305,,https://www.loft2rent.ru/loft/202302/202354
LOFT HOUSE,LOFT HOUSE,79222004333,,https://www.loft2rent.ru/loft/68633/68635
Loft house,Loft house,79130696699,,https://www.loft2rent.ru/loft/79466/79469
Loft House - свадебный лофт с верандой на берегу реки,Loft House - свадебный лофт с верандой на берегу реки,74998881829,,https://www.loft2rent.ru/loft/1821
LOFT IDEALISTA - большая площадка в центре Москвы с верандой,LOFT IDEALISTA - большая площадка в центре Москвы с верандой,79099060421,,https://www.loft2rent.ru/loft/41462
Loft Lodge (Лофт Лодж) 1. Хорошо оборудованный лофт,Loft Lodge (Лофт Лодж) 1. Хорошо оборудованный лофт,79584974039,,https://www.reveltime.ru/venue/201724?eventtype=vecherinka
Loft Lodge (Лофт Лодж) 10. Дизайнерская площадка,Loft Lodge (Лофт Лодж) 10. Дизайнерская площадка,79910173255,,https://www.reveltime.ru/venue/6734234?eventtype=vecherinka
Loft Lodge (Лофт Лодж) 11,Loft Lodge (Лофт Лодж) 11,79019317685,,https://www.reveltime.ru/venue/7698450?eventtype=vecherinka
Loft Lodge (Лофт Лодж) 2. Лофт,Loft Lodge (Лофт Лодж) 2. Лофт,79584974039,,https://www.reveltime.ru/venue/4522925?eventtype=vecherinka
Loft Lodge (Лофт Лодж) 3. Двухуровневый лофт с двориком,Loft Lodge (Лофт Лодж) 3. Двухуровневый лофт с двориком,79386989873,,https://www.reveltime.ru/venue/4522931?eventtype=vecherinka
Loft Lodge (Лофт Лодж) 4. Двухэтажный лофт,Loft Lodge (Лофт Лодж) 4. Двухэтажный лофт,79584974084,,https://www.reveltime.ru/venue/2822352?eventtype=vecherinka
Loft Lodge (Лофт Лодж) 5. Стильное пространство,Loft Lodge (Лофт Лодж) 5. Стильное пространство,79584974064,,https://www.reveltime.ru/venue/2241775?eventtype=vecherinka
Loft Lodge (Лофт Лодж) 6,Loft Lodge (Лофт Лодж) 6,79346691548,,https://www.reveltime.ru/venue/4231354?eventtype=vecherinka
Loft Lodge (Лофт Лодж) 7. Просторный уютный лофт,Loft Lodge (Лофт Лодж) 7. Просторный уютный лофт,79584974150,,https://www.reveltime.ru/venue/4755850?eventtype=vecherinka
Loft Lodge (Лофт Лодж) 8. Яркий зал,Loft Lodge (Лофт Лодж) 8. Яркий зал,79584630738,,https://www.reveltime.ru/venue/5127214?eventtype=vecherinka
Loft Lodge (Лофт Лодж) 9,Loft Lodge (Лофт Лодж) 9,79584611054,,https://www.reveltime.ru/venue/6579635?eventtype=vecherinka
Loft MoscowРесторан Tutto Bene,Loft MoscowРесторан Tutto Bene,79164400130,,https://www.loft2rent.ru/loft/177908/208158
Loft OblakaKids Loft Oblaka,Loft OblakaKids Loft Oblaka,79918623858,,https://www.loft2rent.ru/loft/70738/70750
Loft OblakaЛофт Prazdnik Box САФАРИ,Loft OblakaЛофт Prazdnik Box САФАРИ,79918623858,,https://www.loft2rent.ru/loft/70738/171596
Loft OVERTONE,Loft OVERTONE,79936053121,,https://www.loft2rent.ru/loft/30979
LOFT PORT 365,LOFT PORT 365,79309855966,,https://www.loft2rent.ru/loft/68341
Loft Premier,Loft Premier,79153800600,,https://www.loft2rent.ru/loft/102797
Loft Premier (Лофт Премьер),Loft Premier (Лофт Премьер),79586097164,,https://www.reveltime.ru/venue/5265368?eventtype=vecherinka
Loft Prostranstvo Huge,Loft Prostranstvo Huge,79936053121,,https://www.loft2rent.ru/loft/30979
Loft Provans. Авиньон,Loft Provans. Авиньон,79652298948,,https://www.reveltime.ru/venue/2297471?eventtype=vecherinka
Loft Provans. Эвено. Стильный лофт,Loft Provans. Эвено. Стильный лофт,79099682403,,https://www.reveltime.ru/venue/2433004?eventtype=vecherinka
Loft Quattro Space,Loft Quattro Space,79692842264,,https://loft-rating.ru/loft-quattro-space
Loft Red Star Двухэтажный лофт в светлых тонах,Loft Red Star Двухэтажный лофт в светлых тонах,74951464485,,https://www.reveltime.ru/venue/2782564?eventtype=vecherinka
Loft Republic со сценой и VIP-комнатой,Loft Republic со сценой и VIP-комнатой,79852198400,,https://www.loft2rent.ru/loft/4688
LOFT SOVA с верандой в Измайловском Кремле,LOFT SOVA с верандой в Измайловском Кремле,79852198400,,https://www.loft2rent.ru/loft/4688
LOFT SPA Апарт Отель в Центре Москвы / Лофт Спа Апарт Отель в Центре Москвы,LOFT SPA Апарт Отель в Центре Москвы / Лофт Спа Апарт Отель в Центре Москвы,79667707737,,https://www.loft2rent.ru/loft/91369/91637
Loft storyLoft Story,Loft storyLoft Story,79650476088,,https://www.loft2rent.ru/loft/172722/173704
LOFT THE PLACE,LOFT THE PLACE,79265526582,,https://www.loft2rent.ru/loft/23279/24414
Loft The Place (Лофт Зе Плейс). Авторский лофт,Loft The Place (Лофт Зе Плейс). Авторский лофт,79584974089,,https://www.reveltime.ru/venue/2806962?eventtype=vecherinka
LOFT THREE,LOFT THREE,79023395999,,https://www.loft2rent.ru/loft/147458
LOFT TWO,LOFT TWO,79023395999,,https://www.loft2rent.ru/loft/147458
Loft YesNot (Лофт ЙесНот). Двухэтажный лофт для различных мероприятий,Loft YesNot (Лофт ЙесНот). Двухэтажный лофт для различных мероприятий,79584974208,,https://www.reveltime.ru/venue/5435975?eventtype=vecherinka
Loft YesNot (Лофт ЙесНот). Пространство с кирпичной стеной,Loft YesNot (Лофт ЙесНот). Пространство с кирпичной стеной,79813347290,,https://www.reveltime.ru/venue/5438012?eventtype=vecherinka
Loft Зазеркалье. Веранда. Лофт в теплых тонах,Loft Зазеркалье. Веранда. Лофт в теплых тонах,79584974206,,https://www.reveltime.ru/venue/4872287?eventtype=vecherinka
Loft ФарфорLoft300,Loft ФарфорLoft300,79778814724,,https://www.loft2rent.ru/loft/828/43753
Loft ФарфорСовременный двухкомнатный лофт,Loft ФарфорСовременный двухкомнатный лофт,79778814724,,https://www.loft2rent.ru/loft/828/80942
Loft “Квартирка»Loft «Квартирка»,Loft “Квартирка»Loft «Квартирка»,79267267638,,https://www.loft2rent.ru/loft/84776/84778
Loft-61,Loft-61,79160816161,,https://www.loft2rent.ru/loft/124385/124391
Loft-starHome Alone,Loft-starHome Alone,79039328089,,https://www.loft2rent.ru/loft/79373/79437
Loft-starParty Hall,Loft-starParty Hall,79039328089,,https://www.loft2rent.ru/loft/79373/79434
Loft-starPrivate Party,Loft-starPrivate Party,79039328089,,https://www.loft2rent.ru/loft/79373/79440
Loft-starSecret Room,Loft-starSecret Room,79039328089,,https://www.loft2rent.ru/loft/79373/79443
Loft.wdg,Loft.wdg,79647799952,,https://www.loft2rent.ru/loft/159014/159021
Loft66,Loft66,79031955043,,https://www.loft2rent.ru/loft/170167/170171
LoftBar22LoftBAR22 Двухэтажный лофт с баром и караоке!,LoftBar22LoftBAR22 Двухэтажный лофт с баром и караоке!,79152876213,,https://www.loft2rent.ru/loft/121243/121245
loftblackout (Лофт Блэкаут). Медный премиальный лофт,loftblackout (Лофт Блэкаут). Медный премиальный лофт,79346644195,,https://www.reveltime.ru/venue/3975661?eventtype=vecherinka
LoftCherdak BarybinoLife у пруда 190 м2 семейный коттедж,LoftCherdak BarybinoLife у пруда 190 м2 семейный коттедж,79857603538,,https://www.loft2rent.ru/loft/101976/102105
"LoftCherdak BarybinoParty коттедж ""LoftCherdak"" 330 м2 + пена +баня +бассейны","LoftCherdak BarybinoParty коттедж ""LoftCherdak"" 330 м2 + пена +баня +бассейны",79857603538,,https://www.loft2rent.ru/loft/101976/101979
LoftCherdak BarybinoКоттедж Party Stolby 290 м2 + баня 90 м2,LoftCherdak BarybinoКоттедж Party Stolby 290 м2 + баня 90 м2,79857603538,,https://www.loft2rent.ru/loft/101976/102079
LoftCity LoungeЛофт «Crave» с верандой на крыше,LoftCity LoungeЛофт «Crave» с верандой на крыше,79322105457,,https://www.loft2rent.ru/loft/145926/146768
LoftForParty (Лофт фор пати). Bad Girl (Плохая девочка),LoftForParty (Лофт фор пати). Bad Girl (Плохая девочка),79346642952,,https://www.reveltime.ru/venue/4233319?eventtype=vecherinka
LoftForParty (Лофт фор пати). Cyberpunk (Киберпанк),LoftForParty (Лофт фор пати). Cyberpunk (Киберпанк),79584974215,,https://www.reveltime.ru/venue/6540083?eventtype=vecherinka
LoftForParty (Лофт фор пати). Gallery (Галерея),LoftForParty (Лофт фор пати). Gallery (Галерея),79584974039,,https://www.reveltime.ru/venue/6542801?eventtype=vecherinka
LoftForParty (Лофт фор пати). Moon (Луна),LoftForParty (Лофт фор пати). Moon (Луна),79584973975,,https://www.reveltime.ru/venue/6542974?eventtype=vecherinka
LoftForParty (Лофт фор пати). SPACE HALL (Космический зал),LoftForParty (Лофт фор пати). SPACE HALL (Космический зал),79584974039,,https://www.reveltime.ru/venue/6542838?eventtype=vecherinka
LoftForParty (Лофт фор пати). Sun Loft (Лофт Солнце),LoftForParty (Лофт фор пати). Sun Loft (Лофт Солнце),79584973975,,https://www.reveltime.ru/venue/6542885?eventtype=vecherinka
LoftForParty (Лофт фор пати). West Side (Западная сторона),LoftForParty (Лофт фор пати). West Side (Западная сторона),79019317643,,https://www.reveltime.ru/venue/4227962?eventtype=vecherinka
LoftForParty (Лофт фор пати). West Side Vip (Запад Вип),LoftForParty (Лофт фор пати). West Side Vip (Запад Вип),79346691548,,https://www.reveltime.ru/venue/4227901?eventtype=vecherinka
"LoftgreenВеранда ""Водник""","LoftgreenВеранда ""Водник""",79268244318,,https://www.loft2rent.ru/loft/150118/167657
LoftgreenНЕБО LOUNGE,LoftgreenНЕБО LOUNGE,79268244318,,https://www.loft2rent.ru/loft/150118/167454
"LoftgreenШатер ""ЭльГунна""","LoftgreenШатер ""ЭльГунна""",79268244318,,https://www.loft2rent.ru/loft/150118/167638
LoftgreenШатер “На Абордаж”,LoftgreenШатер “На Абордаж”,79268244318,,https://www.loft2rent.ru/loft/150118/167510
Loftik kidsЛофт Дом для проведения детских праздников,Loftik kidsЛофт Дом для проведения детских праздников,79645120698,,https://Loftik.kids
Loftik.kidsЛофт Кот для проведения детских праздников,Loftik.kidsЛофт Кот для проведения детских праздников,79775815040,,https://www.loft2rent.ru/loft/128695/128700
LOFTMSK \,LOFTMSK \,,,ФЛОРА \
LOFTMSK \,LOFTMSK \,,,ИЗУМРУД \
LOFTMSK \,LOFTMSK \,,,МЕКСИКА \
LOFTMSK \,LOFTMSK \,,,ОКЕАН \
LOFTMSK \,LOFTMSK \,,,ТРОПИКАНА \
LOFTMSK \,LOFTMSK \,,,КИБЕРПАНК \
LOFTMSK \,LOFTMSK \,,,ДИКИЙ ЗАПАД \
LOFTMSK \,LOFTMSK \,,,Двухуровневый Лофт со сценой \
LoftTaboo,LoftTaboo,74953084959,,https://www.loft2rent.ru/loft/189235
LONG HALL,LONG HALL,74951201905,,https://www.loft2rent.ru/loft/5338
Look up Cafe&Shop,Look up Cafe&Shop,79037901898,,https://lookupcafe.ru/
Loona,Loona,74951509100,info@pinskiy-concept.ru,https://loona.rest
Loona,Loona,74951509100,,http://loona.rest/
Loro,Loro,74958189818,,https://www.loro.lucky-group.ru/
LOST GARDEN,LOST GARDEN,74951201905,,https://www.loft2rent.ru/loft/5338
LOTOS CONGRESS,LOTOS CONGRESS,79853365056,,https://www.loft2rent.ru/loft/47660
Lounge,Lounge,74952080038,,https://www.loft2rent.ru/loft/3318
Lounge зоны,Lounge зоны,74952042861,,https://www.loft2rent.ru/loft/86306
Lounge Лофт Молодежная 26,Lounge Лофт Молодежная 26,79039328089,,https://www.loft2rent.ru/loft/86655
Lounge-лофт,Lounge-лофт,74991107697,,https://www.reveltime.ru/venue/3128153?eventtype=vecherinka
Lovely KitchenТворческая кухня,Lovely KitchenТворческая кухня,79166150389,,https://www.loft2rent.ru/loft/66088/66751
Lucky Izakaya Bar,Lucky Izakaya Bar,74951897888,,https://www.luckyizakaya.lucky-group.ru/
Lucky Space (Lucky Loft)Lucky Loft на Флаконе / Лаки Лофт,Lucky Space (Lucky Loft)Lucky Loft на Флаконе / Лаки Лофт,79653090047,,https://www.loft2rent.ru/loft/32704/83388
Lui,Lui,74957998794,,https://alfa.me/db1OAY
Luis LoftБернулли,Luis LoftБернулли,79857736533,,https://www.loft2rent.ru/loft/6753/6759
Luis LoftБозе,Luis LoftБозе,79857736533,,https://www.loft2rent.ru/loft/6753/6754
Luis LoftГаусс,Luis LoftГаусс,79857736533,,https://www.loft2rent.ru/loft/6753/6758
Luis LoftПереговорная,Luis LoftПереговорная,79857736533,,https://www.loft2rent.ru/loft/6753/15530
Luis LoftРэлей,Luis LoftРэлей,79857736533,,https://www.loft2rent.ru/loft/6753/6757
Luis LoftТейлор,Luis LoftТейлор,79857736533,,https://www.loft2rent.ru/loft/6753/6756
Luis LoftШредингер,Luis LoftШредингер,79857736533,,https://www.loft2rent.ru/loft/6753/6755
Lukoil Trading,Lukoil Trading,,,https://www.lukoil.ru
Lumen Fashion StudioLumen Moscow,Lumen Fashion StudioLumen Moscow,79857332203,,https://www.loft2rent.ru/loft/143994/143996
Luna Loft - с вип балконом в арт пространстве и грилем,Luna Loft - с вип балконом в арт пространстве и грилем,74950080403,,https://www.loft2rent.ru/loft/30985
Luxury air wooden apartments,Luxury air wooden apartments,79021444676,,https://www.loft2rent.ru/loft/19512
Madame RocheCABARET MUTANT,Madame RocheCABARET MUTANT,74950190111,,https://www.loft2rent.ru/loft/185309/185346
Madame RocheLABORATORY,Madame RocheLABORATORY,74950190111,,https://www.loft2rent.ru/loft/185309/185358
Madame RocheВЕРАНДА,Madame RocheВЕРАНДА,74950190111,,https://www.loft2rent.ru/loft/185309/185366
Maddittoni,Maddittoni,79067824660,,https://www.loft2rent.ru/loft/201729/201936
Madstream Open Air,Madstream Open Air,,,https://madstreambooking.com
Mady Restaurant & Terrace,Mady Restaurant & Terrace,79260120468,,https://www.loft2rent.ru/loft/79893
Magic Time Loft,Magic Time Loft,79230000750,,https://www.loft2rent.ru/loft/85740/85748
Magma лофт на Менделеевской с караоке и PS 5 !,Magma лофт на Менделеевской с караоке и PS 5 !,74993222413,,https://www.loft2rent.ru/loft/66644
Magnum Wine Bar,Magnum Wine Bar,74957758805,,https://magnumwine.ru/
Mail.ru Group (VK Tech),Mail.ru Group (VK Tech),,events@vk.company,https://vk.company
Main&Dizzy двухкомнатный лофт в центре,Main&Dizzy двухкомнатный лофт в центре,79933450544,,https://www.loft2rent.ru/loft/136868
Major Auto,Major Auto,74950250236,,https://www.major-auto.ru
Major Cargo Service,Major Cargo Service,,mzljiasheng1993@163.com,https://www.mjcargo.ru
MaldivesInMoscowКриминальное чтиво. Pulp Fiction,MaldivesInMoscowКриминальное чтиво. Pulp Fiction,79251073762,,https://www.loft2rent.ru/loft/152747/200473
MaldivesInMoscowМексика. Лос-Кабос,MaldivesInMoscowМексика. Лос-Кабос,79251073762,,https://www.loft2rent.ru/loft/152747/200803
"MaldivesInMoscowОстров ""Бияду""","MaldivesInMoscowОстров ""Бияду""",79251073762,,https://www.loft2rent.ru/loft/152747/200310
"MaldivesInMoscowОстров ""Камаду""","MaldivesInMoscowОстров ""Камаду""",79251073762,,https://www.loft2rent.ru/loft/152747/200294
"MaldivesInMoscowОстров ""Лавиани""","MaldivesInMoscowОстров ""Лавиани""",79251073762,,https://www.loft2rent.ru/loft/152747/200250
"MaldivesInMoscowОстров ""Маалхос""","MaldivesInMoscowОстров ""Маалхос""",79251073762,,https://www.loft2rent.ru/loft/152747/200325
Mama Tuta,Mama Tuta,74993994090,,https://www.probka.org/restaurants/mama-tuta-patriatch
Mamie,Mamie,74951897878,,https://mamie.lucky-group.rest/
Mansarda на Сретенке,Mansarda на Сретенке,79257951550,,https://www.loft2rent.ru/loft/117522
MANUL,MANUL,79031281317,,https://www.loft2rent.ru/loft/167727
Maritozzo,Maritozzo,74993995090,,https://probka.org/restaurants/maritozzo/
Markofken Art Gallery,Markofken Art Gallery,79657648282,,https://www.loft2rent.ru/loft/95622/96173
Marmo,Marmo,79250605015,,https://marmorest.ru/
Mars Media Entertainment,Mars Media Entertainment,,mail@marsme.ru,https://marsme.ru
Mars Russia,Mars Russia,,,https://www.mars.com
Masa Madre,Masa Madre,74956362981,,https://masamadre.ru
Mason ST.ONE,Mason ST.ONE,79253830802,,https://www.loft2rent.ru/loft/200295/200346
Maxim Russia,Maxim Russia,,editors@maximonline.ru,https://maximonline.ru
Maxima Park Equestrian Center,Maxima Park Equestrian Center,74959951630,a.shevaldina@maximapark.ru,https://maximapark.ru
Maximum Radio,Maximum Radio,,,https://maximum.ru
Max’s Beef for Money,Max’s Beef for Money,79857660578,,https://www.facebook.com/maxsrestmoscow
Media Direction Group (OMD),Media Direction Group (OMD),74952344397,buying@group-omd.com,https://omd.ru
MEDIAPORT,MEDIAPORT,79872087380,,https://www.loft2rent.ru/loft/121847/122273
MeettroomЗал «Лондон»,MeettroomЗал «Лондон»,74957257987,,https://www.loft2rent.ru/loft/51193/51220
MeettroomЗал «Лос Анджелес»,MeettroomЗал «Лос Анджелес»,74957257987,,https://www.loft2rent.ru/loft/51193/51216
MeettroomЗал «Нью Йорк»,MeettroomЗал «Нью Йорк»,74957257987,,https://www.loft2rent.ru/loft/51193/51212
MeettroomЗал «Париж»,MeettroomЗал «Париж»,74957257987,,https://www.loft2rent.ru/loft/51193/51230
MeettroomЗал «Рим»,MeettroomЗал «Рим»,74957257987,,https://www.loft2rent.ru/loft/51193/51224
MEMPHIS,MEMPHIS,79219254594,,https://www.loft2rent.ru/loft/79646
Men Today,Men Today,74952520999,a.ivanov@imedia.ru,https://mentoday.ru
Mendeleev,Mendeleev,74952233850,,https://mendeleev.bar/
Mendeleev Bar,Mendeleev Bar,74952233850,,https://mendeleev.bar
Mercury Space,Mercury Space,74956516510,events@mercury-space.ru,https://mercury-space.ru
"METALLIC - металлический лофт с яркими акцентами, 8 минут от метро","METALLIC - металлический лофт с яркими акцентами, 8 минут от метро",79585782362,,https://www.loft2rent.ru/loft/loftaviator
Metrafilms,Metrafilms,74956498329,production@metrafilms.ru,https://metrafilms.ru
Metro,Metro,74955021009,acquisition.store10@metro.com.ru,https://metro-cc.ru
Metro Cash & Carry,Metro Cash & Carry,74955021009,acquisition.store10@metro.com.ru,https://www.metro-cc.ru
Metropol Restaurant,Metropol Restaurant,74952660164,burger-menu-img@2x.webp,https://metropol-moscow.ru
MGCom,MGCom,,mgcom@mgcom.ru,https://mgcom.ru
Microsoft Russia,Microsoft Russia,,,https://www.microsoft.com
Midnight Cocktail Club Midnight Cocktail Club,Midnight Cocktail Club Midnight Cocktail Club,79312377218,,https://www.loft2rent.ru/loft/157541/157544
Mina,Mina,74993905090,,https://probka.org/restaurants/mina-msk/
MIR EVENTANIMA Event / Анима Лофт,MIR EVENTANIMA Event / Анима Лофт,79857381815,,https://www.loft2rent.ru/loft/41580/89646
MIR EVENTBIZI Event / Бизи Лофт,MIR EVENTBIZI Event / Бизи Лофт,79857381815,,https://www.loft2rent.ru/loft/41580/43553
MIR EVENTIZI Event / Изи Лофт,MIR EVENTIZI Event / Изи Лофт,79857381815,,https://www.loft2rent.ru/loft/41580/41582
MIR EVENTPIPL Event / Пипл Лофт,MIR EVENTPIPL Event / Пипл Лофт,79857381815,,https://www.loft2rent.ru/loft/41580/85410
MIR EVENTPUSH / Пуш Лофт,MIR EVENTPUSH / Пуш Лофт,79168840690,,https://www.loft2rent.ru/loft/41580/210196
MIR EVENTVIBE Event / Вайб Лофт,MIR EVENTVIBE Event / Вайб Лофт,79857381815,,https://www.loft2rent.ru/loft/41580/147635
Miratorg,Miratorg,74956519252,a.s.anciferov@agrohold.ru,https://www.miratorg.ru
Misty Kids Club,Misty Kids Club,79254169904,,https://www.loft2rent.ru/loft/186700/186706
Modus,Modus,74952211023,artpromomodus@gmail.com,https://modus.moscow
Molecule loft (Молекула лофт),Molecule loft (Молекула лофт),79584974064,,https://www.reveltime.ru/venue/7108886?eventtype=vecherinka
Molecule loft (Молекула лофт). Современный лофт-зал для различных событий,Molecule loft (Молекула лофт). Современный лофт-зал для различных событий,79584974206,,https://www.reveltime.ru/venue/7341371?eventtype=vecherinka
"MOMENT — большой зал для масштабных праздников, банкетов и событий","MOMENT — большой зал для масштабных праздников, банкетов и событий",79031959349,,https://www.loft2rent.ru/loft/151727
MONDRIAN,MONDRIAN,74951201905,,https://www.loft2rent.ru/loft/5338
MONTBLANC HALL,MONTBLANC HALL,74951201905,,https://www.loft2rent.ru/loft/5338
Moon Loft на Бауманской с караоке и PS 4 !,Moon Loft на Бауманской с караоке и PS 4 !,74993025372,,https://www.loft2rent.ru/loft/66644
Moonlight Lounge,Moonlight Lounge,79999385663,,https://www.loft2rent.ru/loft/106129/106135
More Loft,More Loft,79956228279,,https://www.loft2rent.ru/loft/74440
MORRISON,MORRISON,74951201905,,https://www.loft2rent.ru/loft/5338
Moscow Business Club,Moscow Business Club,,info@mbclub.ru,https://mbclub.ru
Moscow Business School community,Moscow Business School community,74956467517,education@mbschool.ru,https://mbschool.ru
Moscow Capital Club,Moscow Capital Club,74959224030,info@moscowcapitalclub.com,https://moscowcapitalclub.com
Moscow City apartment 48 floor,Moscow City apartment 48 floor,79021444676,,https://skyrent24.ru
Moscow City Hall Cultural Office,Moscow City Hall Cultural Office,74956202717,press-service@mos.ru,https://www.mos.ru
Moscow CityHeavy Style Apartment,Moscow CityHeavy Style Apartment,79030135818,,https://www.loft2rent.ru/loft/174365/174372
Moscow CityQICity,Moscow CityQICity,79030135818,,https://www.loft2rent.ru/loft/174365/174367
Moscow CityАпартаменты в Москва-Сити,Moscow CityАпартаменты в Москва-Сити,79030135818,,https://www.loft2rent.ru/loft/174365/175174
Moscow Country Club,Moscow Country Club,74956265910,golfreception@mcc.updk.ru,https://www.mccgolf.ru
Moscow Innovation Cluster,Moscow Innovation Cluster,74958704555,imoscow@cluster.mos.ru,https://i.moscow
Moscow School of Management Skolkovo,Moscow School of Management Skolkovo,74955393003,alexey_ulanovsky@skolkovo.ru,https://skolkovo.ru
Moscow Urban Forum Org,Moscow Urban Forum Org,,,https://mosurbanforum.ru
Mosfilm,Mosfilm,,,https://mosfilm.ru
Mosfilm Studio,Mosfilm Studio,,,https://mosfilm.ru
Mousse Loft - с верандой на крыше в центре Москвы,Mousse Loft - с верандой на крыше в центре Москвы,74998881829,,https://www.loft2rent.ru/loft/1821
MPSELLERSКонференц зал MPS,MPSELLERSКонференц зал MPS,79856265900,,https://www.loft2rent.ru/loft/176710/176713
MPSELLERSПереговорная комната,MPSELLERSПереговорная комната,79856265900,,https://www.loft2rent.ru/loft/176710/176723
MPSELLERSПереговорная комната,MPSELLERSПереговорная комната,79856265900,,https://www.loft2rent.ru/loft/176710/176724
Mr. Lee,Mr. Lee,74957306663,info@mrlee.ru,https://mrlee.ru
MTS Live,MTS Live,78002502086,support@ticketland.ru,https://live.mts.ru
Multiloft на Люсиновской,Multiloft на Люсиновской,79958867517,,https://www.loft2rent.ru/loft/135091
Multiroom. Лофт-студия,Multiroom. Лофт-студия,79584974039,,https://www.reveltime.ru/venue/746367?eventtype=vecherinka
Muse,Muse,79672709372,,https://alfa.me/db1OAY
Mushrooms,Mushrooms,74957252578,,https://mushroomsmoscow.ru/ru/
Music Loft,Music Loft,79959001274,,https://www.loft2rent.ru/loft/45889
MusicStudio LoftLoft MusicStudio,MusicStudio LoftLoft MusicStudio,79162836111,,https://www.loft2rent.ru/loft/37300/37302
Mutabor / ARMA events ecosystem,Mutabor / ARMA events ecosystem,,,https://mutabor.club
"My Hygge Place ЛофтMy Hygge Place, Элитный Лофт на Тульской","My Hygge Place ЛофтMy Hygge Place, Элитный Лофт на Тульской",79585780117,,https://www.loft2rent.ru/loft/173968/173970
My loft,My loft,79160206344,,https://www.loft2rent.ru/loft/155584/155586
MY STORY,MY STORY,79015204077,,https://www.loft2rent.ru/loft/91500/91504
Myata Platinum Менделеевская,Myata Platinum Менделеевская,79165900222,,https://www.loft2rent.ru/loft/197737/197746
Na Palm (Напалм) . Тропический лофт с играми,Na Palm (Напалм) . Тропический лофт с играми,79346644195,,https://www.reveltime.ru/venue/8860096?eventtype=vecherinka
Nashe Radio,Nashe Radio,,copyright@multimediaholding.ru,https://nashe.ru
National Media Group assets,National Media Group assets,,designstudio@ctcmedia.ru,https://www.nmg.ru
Navigator Records,Navigator Records,,info@navigatorrecords.ru,https://navigatorrecords.ru
Nebo Records,Nebo Records,78005504019,concert@neborecords.ru,https://neborecords.ru
Neon space loft,Neon space loft,79651468019,,https://www.loft2rent.ru/loft/122092
NeonLoft,NeonLoft,79268244318,,https://www.loft2rent.ru/loft/179457
Nestlé Russia,Nestlé Russia,,,https://www.nestle.ru
Neva Towers Event,Neva Towers Event,74950851746,neva.desk@desnadev.com,https://nevatowers.ru
New Holland Loft,New Holland Loft,79956266565,,https://www.loft2rent.ru/loft/134148
New York,New York,79990071109,,https://www.loft2rent.ru/loft/125195
Nice LoftNice Loft площадка для любых мероприятий,Nice LoftNice Loft площадка для любых мероприятий,79166753770,,https://www.loft2rent.ru/loft/2576/3747
Nice LoftNiceLoft Коворкинг/ Переговорная/ Консультационная,Nice LoftNiceLoft Коворкинг/ Переговорная/ Консультационная,79166753770,,https://www.loft2rent.ru/loft/2576/18687
Night LiveBalzi Rossi,Night LiveBalzi Rossi,79099160625,,https://www.loft2rent.ru/loft/172993/184298
Night LiveКлуб Cub Msk,Night LiveКлуб Cub Msk,79099160625,,https://www.loft2rent.ru/loft/172993/173247
Night LiveКлуб Jungle Mockow,Night LiveКлуб Jungle Mockow,79099160625,,https://www.loft2rent.ru/loft/172993/173246
Night LiveКлуб Ravers,Night LiveКлуб Ravers,79099160625,,https://www.loft2rent.ru/loft/172993/178004
Night LiveЛофт Vintage Измайлово,Night LiveЛофт Vintage Измайлово,79099160625,,https://www.loft2rent.ru/loft/172993/177883
Niki,Niki,74951898838,,https://niki.lucky-group.ru/
No Limits Event LoftMafia No Limits,No Limits Event LoftMafia No Limits,79626818282,,https://www.loft2rent.ru/loft/140724/140734
No Limits Event LoftNo Limits Event Loft,No Limits Event LoftNo Limits Event Loft,79110960808,,https://www.loft2rent.ru/loft/140724/140727
Noor,Noor,79031367686,,https://www.noorbar.com/
Noor Bar,Noor Bar,79031367686,booking@noorbar.com,https://noorbar.com
Noor Bar Community,Noor Bar Community,79031367686,booking@noorbar.com,https://noorbar.com
Noor Bar community,Noor Bar community,79031367686,booking@noorbar.com,https://noorbar.com
Noor Electro / Noor bar ecosystem,Noor Electro / Noor bar ecosystem,79031367686,booking@noorbar.com,https://noorbar.com
Nora Loft,Nora Loft,79219899516,,https://www.loft2rent.ru/loft/156687
Nord Loft,Nord Loft,79217659992,,https://www.loft2rent.ru/loft/88534
Norrlandloft (Норрланд Лофт) в скандинавском стиле,Norrlandloft (Норрланд Лофт) в скандинавском стиле,79346695974,,https://www.reveltime.ru/venue/292882?eventtype=vecherinka
Not Bad Loft / Нот Бэд ЛофтNot Bad Loft Грибоедова 1,Not Bad Loft / Нот Бэд ЛофтNot Bad Loft Грибоедова 1,78122452545,,https://www.loft2rent.ru/loft/87948/95935
Not Bad Loft / Нот Бэд ЛофтNot Bad Loft Грибоедова 2,Not Bad Loft / Нот Бэд ЛофтNot Bad Loft Грибоедова 2,78122452545,,https://www.loft2rent.ru/loft/87948/95943
Not Bad Loft / Нот Бэд ЛофтNot Bad Loft Грибоедова 3,Not Bad Loft / Нот Бэд ЛофтNot Bad Loft Грибоедова 3,78122452545,,https://www.loft2rent.ru/loft/87948/95947
Not Bad Loft / Нот Бэд ЛофтNot Bad Loft Курляндская / Нот Бэд Лофт,Not Bad Loft / Нот Бэд ЛофтNot Bad Loft Курляндская / Нот Бэд Лофт,78122452545,,https://www.loft2rent.ru/loft/87948/87962
Not Bad Loft / Нот Бэд ЛофтСтепана Разина,Not Bad Loft / Нот Бэд ЛофтСтепана Разина,78122452545,,https://www.loft2rent.ru/loft/87948/171111
NoTime Loft,NoTime Loft,79956266565,,https://www.loft2rent.ru/loft/134148
Novikov Group,Novikov Group,74957395765,alpiniya.card@yandex.ru,https://www.novikovgroup.ru
Novikov Group,Novikov Group,74957395765,alpiniya.card@yandex.ru,https://www.novikovgroup.ru/contacts
Noôdome,Noôdome,79637216534,customers@nd.club,https://noodome.club
Noôdome (EN),Noôdome (EN),79637216534,customers@nd.club,https://noodome.club/en
Noôdome7 этаж с террасой Тимирязев,Noôdome7 этаж с террасой Тимирязев,79637216534,,https://www.loft2rent.ru/loft/86136/86138
NTV,NTV,,www@ntv.ru,https://ntv.ru
NUANCE LOFT,NUANCE LOFT,79956266565,,https://www.loft2rent.ru/loft/134148
OBLAKA,OBLAKA,79169605001,,https://www.loft2rent.ru/loft/204567/204569
Oblako 53,Oblako 53,,oblakolounge@yandex.ru,https://oblako53.ru
"Oblivion - Лофт в центре с дизайнерским ремонтом, караоке и отдельным входом","Oblivion - Лофт в центре с дизайнерским ремонтом, караоке и отдельным входом",79301703019,,https://www.loft2rent.ru/loft/58868
ODMOODMO Space,ODMOODMO Space,79651434140,,https://odmo.space
Okovoice Event Hall,Okovoice Event Hall,79859222919,,https://www.loft2rent.ru/loft/180116/180119
OLIVE — стильный универсальный зал для любых форматов праздников,OLIVE — стильный универсальный зал для любых форматов праздников,79031959349,,https://www.loft2rent.ru/loft/151727
Olivka LoftМногофункциональная площадка у м.Нагатинская,Olivka LoftМногофункциональная площадка у м.Нагатинская,79104694927,,https://www.loft2rent.ru/loft/134481/134698
Olluco,Olluco,74951098763,,http://olluco.ru/
Oltremare,Oltremare,74951898913,,https://oltremare.lucky-group.rest
"OLYMP — лофт, уютная веранда и гриль, в центре Москвы, 5 мин от метро","OLYMP — лофт, уютная веранда и гриль, в центре Москвы, 5 мин от метро",79585782362,,https://twitter.com/AviatorLoft
OMD Optimum Media,OMD Optimum Media,74952344397,buying@group-omd.com,https://omd.ru
Omega Loft,Omega Loft,74958433175,,https://www.loft2rent.ru/loft/108466
OMEGA LOFT (Омега лофт),OMEGA LOFT (Омега лофт),79346695974,,https://omegaloft.ru
Omega Rooftop,Omega Rooftop,74951084040,event@omegaevents.ru,https://omegarooftop.ru
OMG VR - Лофты с виртуальной реальностьюБольшой лофт с виртуальной реальностью OMG VR на Каширке,OMG VR - Лофты с виртуальной реальностьюБольшой лофт с виртуальной реальностью OMG VR на Каширке,74993481369,,https://www.loft2rent.ru/loft/203323/203740
OMG VR - Лофты с виртуальной реальностьюЛофт с антикафе и виртуальной реальностью OMG VR в Прокшино,OMG VR - Лофты с виртуальной реальностьюЛофт с антикафе и виртуальной реальностью OMG VR в Прокшино,74993481369,,https://www.loft2rent.ru/loft/203323/203749
OMG VR - Лофты с виртуальной реальностьюЛофт с виртуальной реальностью OMG VR Ленинский,OMG VR - Лофты с виртуальной реальностьюЛофт с виртуальной реальностью OMG VR Ленинский,74993481369,,https://www.loft2rent.ru/loft/203323/203325
OMG VR - Лофты с виртуальной реальностьюЛофт с плойкой и виртуальной реальностью на Дмитровской OMG VR,OMG VR - Лофты с виртуальной реальностьюЛофт с плойкой и виртуальной реальностью на Дмитровской OMG VR,74993481369,,https://www.loft2rent.ru/loft/203323/203761
OMG VR - Лофты с виртуальной реальностьюПросторный лофт с виртуальной реальностью OMG VR в ТЦ Мариэль,OMG VR - Лофты с виртуальной реальностьюПросторный лофт с виртуальной реальностью OMG VR в ТЦ Мариэль,74993481369,,https://www.loft2rent.ru/loft/203323/203480
ONA,ONA,79193444000,,https://www.loft2rent.ru/loft/152461/152482
One love Крыша в центре МосквыИглу на крыше на Смоленской,One love Крыша в центре МосквыИглу на крыше на Смоленской,74991130708,,https://www.loft2rent.ru/loft/38596/38598
One love Крыша в центре МосквыКрыша в центре Москвы с потрясающим видом (м. Маяковская),One love Крыша в центре МосквыКрыша в центре Москвы с потрясающим видом (м. Маяковская),74993488195,,https://www.loft2rent.ru/loft/38596/108891
One love Крыша в центре МосквыСветлый стильный лофт в небоскребе на 62 этаже с топовым видом на Москву,One love Крыша в центре МосквыСветлый стильный лофт в небоскребе на 62 этаже с топовым видом на Москву,74991131244,,https://www.loft2rent.ru/loft/38596/103902
Onest,Onest,79854707030,,https://onestrest.ru
ONLY STARS,ONLY STARS,79778011521,,https://www.loft2rent.ru/loft/161255/161259
Only You (Только Ты). Белый лофт,Only You (Только Ты). Белый лофт,79584974208,,https://www.reveltime.ru/venue/277459?eventtype=vecherinka
Open loft,Open loft,79150883390,,https://www.loft2rent.ru/loft/48959
Opora Russia,Opora Russia,,id@opora.ru,https://opora.ru
Orlov.eventMain Stage,Orlov.eventMain Stage,79255165332,,https://www.loft2rent.ru/loft/172081/200400
Otkritie Broker,Otkritie Broker,,investing-main@2x.png,https://open-broker.ru
Otrada LoftОтрада лофт,Otrada LoftОтрада лофт,79959183325,,https://www.loft2rent.ru/loft/177610/177612
Outline Festival,Outline Festival,,info@outlinefestival.org,https://outlinefestival.org
OUTLOFT,OUTLOFT,74951201905,,https://www.loft2rent.ru/loft/5338
O’KEY,O’KEY,,mail@webadresa.ru,https://okeygroup.ru
O’Key Group,O’Key Group,,mail@webadresa.ru,https://okeygroup.ru
P17 Place (Плэйс). Стилизованный лофт в сине-розовых оттенках,P17 Place (Плэйс). Стилизованный лофт в сине-розовых оттенках,79386982643,,https://www.reveltime.ru/venue/3902495?eventtype=vecherinka
Padel Club “Premium Padel Moscow”,Padel Club “Premium Padel Moscow”,79162726637,info@premiumpadel.ru,https://premiumpadel.ru
Padel Club “Rocket Padel Moscow”,Padel Club “Rocket Padel Moscow”,79234715478,info@rocketpadel.ru,https://rocketpadel.ru
Padron,Padron,74951898088,,https://padron-rest.ru/
PALMA - красивый просторный лофт с шикарным звуком и интерьером возле метро,PALMA - красивый просторный лофт с шикарным звуком и интерьером возле метро,79099060421,,https://www.loft2rent.ru/loft/41462
Panorama 360,Panorama 360,74951519494,welcome@pnr360.ru,https://panorama360.ru
Panorama by Cooper Space,Panorama by Cooper Space,79853489939,,https://www.loft2rent.ru/loft/113410
PANORAMA360,PANORAMA360,74951519494,welcome@pnr360.ru,https://panorama360.ru
PAPAYA loft,PAPAYA loft,79999695345,,https://www.loft2rent.ru/loft/90962/91043
Party Hall loft,Party Hall loft,79103969188,,https://www.loft2rent.ru/loft/97847/97849
Party Hall Лофт для вечеринок,Party Hall Лофт для вечеринок,79039328089,,https://www.loft2rent.ru/loft/86655
Party Hard,Party Hard,78122007818,,https://www.loft2rent.ru/loft/75982
Party Hard (Пати Хард). Лофт-зал в стиле рок-н-ролл,Party Hard (Пати Хард). Лофт-зал в стиле рок-н-ролл,74952781824,,https://www.reveltime.ru/venue/4436169?eventtype=vecherinka
Party HardNasa,Party HardNasa,79264844002,,https://www.loft2rent.ru/loft/88400/88523
Party HardАлладин,Party HardАлладин,79264844002,,https://www.loft2rent.ru/loft/88400/88549
Party HardБохо,Party HardБохо,79264844002,,https://www.loft2rent.ru/loft/88400/88470
Party HardБратство кольца,Party HardБратство кольца,79264844002,,https://www.loft2rent.ru/loft/88400/88555
Party HardГотэм сити,Party HardГотэм сити,79264844002,,https://www.loft2rent.ru/loft/88400/88551
Party HardДжокер,Party HardДжокер,79264844002,,https://www.loft2rent.ru/loft/88400/88506
Party HardДиско,Party HardДиско,79264844002,,https://www.loft2rent.ru/loft/88400/138848
Party HardИндиана Джонс,Party HardИндиана Джонс,79264844002,,https://www.loft2rent.ru/loft/88400/88553
Party HardКарибы,Party HardКарибы,79264844002,,https://www.loft2rent.ru/loft/88400/98438
Party HardКиото,Party HardКиото,79264844002,,https://www.loft2rent.ru/loft/88400/88541
Party HardЛофт Алиса в стране чудес на Белорусской,Party HardЛофт Алиса в стране чудес на Белорусской,79035598471,,https://www.loft2rent.ru/loft/136741/143469
Party HardЛофт Атлантида на Белорусской,Party HardЛофт Атлантида на Белорусской,79035598471,,https://www.loft2rent.ru/loft/136741/143468
Party HardЛофт Афины на Киевской,Party HardЛофт Афины на Киевской,79035598471,,https://www.loft2rent.ru/loft/136741/136781
Party HardЛофт Ацтеки на Киевской,Party HardЛофт Ацтеки на Киевской,79035598471,,https://www.loft2rent.ru/loft/136741/136783
Party HardЛофт Бали на Белорусской,Party HardЛофт Бали на Белорусской,79035598471,,https://www.loft2rent.ru/loft/136741/143466
Party HardЛофт Бегущий по Лезвию на Киевской,Party HardЛофт Бегущий по Лезвию на Киевской,79035598471,,https://www.loft2rent.ru/loft/136741/136779
Party HardЛофт Вегас на Киевской,Party HardЛофт Вегас на Киевской,79035598471,,https://www.loft2rent.ru/loft/136741/136792
Party HardЛофт Великий Гэтсби на Белорусской,Party HardЛофт Великий Гэтсби на Белорусской,79035598471,,https://www.loft2rent.ru/loft/136741/143462
Party HardЛофт Джентельмены на Киевской,Party HardЛофт Джентельмены на Киевской,79035598471,,https://www.loft2rent.ru/loft/136741/136756
Party HardЛофт Друзья на Киевской,Party HardЛофт Друзья на Киевской,79035598471,,https://www.loft2rent.ru/loft/136741/136743
Party HardЛофт Дубаи на Киевской,Party HardЛофт Дубаи на Киевской,79035598471,,https://www.loft2rent.ru/loft/136741/136752
Party HardЛофт Египет на Киевской,Party HardЛофт Египет на Киевской,79035598471,,https://www.loft2rent.ru/loft/136741/136794
Party HardЛофт Китай на Киевской,Party HardЛофт Китай на Киевской,79035598471,,https://www.loft2rent.ru/loft/136741/136788
Party HardЛофт Космо на Киевской,Party HardЛофт Космо на Киевской,79035598471,,https://www.loft2rent.ru/loft/136741/136790
Party HardЛофт Малибу на Белорусской,Party HardЛофт Малибу на Белорусской,79035598471,,https://www.loft2rent.ru/loft/136741/143461
Party HardЛофт Манхеттен на Киевской,Party HardЛофт Манхеттен на Киевской,79035598471,,https://www.loft2rent.ru/loft/136741/136749
Party HardЛофт Масонская ложа на Белорусской,Party HardЛофт Масонская ложа на Белорусской,79035598471,,https://www.loft2rent.ru/loft/136741/143465
Party HardЛофт Мехико на Киевской,Party HardЛофт Мехико на Киевской,79035598471,,https://www.loft2rent.ru/loft/136741/136773
Party HardЛофт Мэд Макс на Белорусской,Party HardЛофт Мэд Макс на Белорусской,79035598471,,https://www.loft2rent.ru/loft/136741/143471
Party HardЛофт Новый Орлеан на Киевской,Party HardЛофт Новый Орлеан на Киевской,79035598471,,https://www.loft2rent.ru/loft/136741/136777
Party HardЛофт РетроВейв на Киевской,Party HardЛофт РетроВейв на Киевской,79035598471,,https://www.loft2rent.ru/loft/136741/136764
Party HardЛофт Салем на Киевской,Party HardЛофт Салем на Киевской,79035598471,,https://www.loft2rent.ru/loft/136741/136766
Party HardЛофт Сеул на Белорусской,Party HardЛофт Сеул на Белорусской,79035598471,,https://www.loft2rent.ru/loft/136741/143463
Party HardЛофт Сканди на Киевской,Party HardЛофт Сканди на Киевской,79035598471,,https://www.loft2rent.ru/loft/136741/136775
Party HardЛофт Стамбул на Белорусской,Party HardЛофт Стамбул на Белорусской,79035598471,,https://www.loft2rent.ru/loft/136741/143470
Party HardЛофт Таити на Киевской,Party HardЛофт Таити на Киевской,79035598471,,https://www.loft2rent.ru/loft/136741/136745
Party HardЛофт Тиффани на Киевской,Party HardЛофт Тиффани на Киевской,79035598471,,https://www.loft2rent.ru/loft/136741/136786
Party HardЛофт Токио на Киевской,Party HardЛофт Токио на Киевской,79035598471,,https://www.loft2rent.ru/loft/136741/136759
Party HardЛофт Чикаго на Киевской,Party HardЛофт Чикаго на Киевской,79035598471,,https://www.loft2rent.ru/loft/136741/136747
Party HardЛофт Шале на Белорусской,Party HardЛофт Шале на Белорусской,79035598471,,https://www.loft2rent.ru/loft/136741/143464
Party HardЛофт Шанти на Белорусской,Party HardЛофт Шанти на Белорусской,79035598471,,https://www.loft2rent.ru/loft/136741/143467
Party HardЛофт Эйфория на Киевской,Party HardЛофт Эйфория на Киевской,79035598471,,https://www.loft2rent.ru/loft/136741/136754
Party HardОлимп,Party HardОлимп,79264844002,,https://www.loft2rent.ru/loft/88400/88546
Party HardОскар лофт,Party HardОскар лофт,79670301871,,https://www.loft2rent.ru/loft/116084/132589
Party HardТуманный лес,Party HardТуманный лес,79264844002,,https://www.loft2rent.ru/loft/88400/88543
Party HardХард Рок,Party HardХард Рок,79670301871,,https://www.loft2rent.ru/loft/116084/116086
Party HardХогвартс,Party HardХогвартс,79264844002,,https://www.loft2rent.ru/loft/88400/88552
"PAVILION EVENT / Мероприятия, аренда лофт!Sweet Home","PAVILION EVENT / Мероприятия, аренда лофт!Sweet Home",79214495938,,https://www.loft2rent.ru/loft/148807/174222
"PAVILION EVENT / Мероприятия, аренда лофт!Зал ""Edison""","PAVILION EVENT / Мероприятия, аренда лофт!Зал ""Edison""",79214495938,,https://www.loft2rent.ru/loft/148807/149187
"PAVILION EVENT / Мероприятия, аренда лофт!Зал ""Lumier""","PAVILION EVENT / Мероприятия, аренда лофт!Зал ""Lumier""",79214495938,,https://www.loft2rent.ru/loft/148807/149086
"PAVILION EVENT / Мероприятия, аренда лофт!Зал Craft Room","PAVILION EVENT / Мероприятия, аренда лофт!Зал Craft Room",79214495938,,https://www.loft2rent.ru/loft/148807/148876
"PAVILION EVENT / Мероприятия, аренда лофт!Зал Industry Hall","PAVILION EVENT / Мероприятия, аренда лофт!Зал Industry Hall",79214495938,,https://www.loft2rent.ru/loft/148807/148840
"PAVILION EVENT / Мероприятия, аренда лофт!Зал Old House","PAVILION EVENT / Мероприятия, аренда лофт!Зал Old House",79214495938,,https://www.loft2rent.ru/loft/148807/148852
"PAVILION EVENT / Мероприятия, аренда лофт!Зал White room(циклорама)","PAVILION EVENT / Мероприятия, аренда лофт!Зал White room(циклорама)",79214495938,,https://www.loft2rent.ru/loft/148807/174265
"PAVILION EVENT / Мероприятия, аренда лофт!Зал Вriхtоn","PAVILION EVENT / Мероприятия, аренда лофт!Зал Вriхtоn",79214495938,,https://www.loft2rent.ru/loft/148807/148851
PDVL SPOT,PDVL SPOT,79169829305,,https://www.loft2rent.ru/loft/200292/200302
"Pentahotel Москва, Арбат / Отель Пента Москва, АрбатPentaloft / Пенталофт","Pentahotel Москва, Арбат / Отель Пента Москва, АрбатPentaloft / Пенталофт",79199700679,,https://www.loft2rent.ru/loft/198993/199023
Penthouse59Пентхаус в стиле high tech Москва Сити Башня Империя,Penthouse59Пентхаус в стиле high tech Москва Сити Башня Империя,79993597584,,https://www.loft2rent.ru/loft/109421/109498
people_loft people_loft,people_loft people_loft,79771127069,,https://www.loft2rent.ru/loft/81919/81921
Pepe Space / Пространство Пепе,Pepe Space / Пространство Пепе,79095796460,,https://www.loft2rent.ru/loft/113960/113991
PepsiCo Russia,PepsiCo Russia,,,https://www.pepsico.ru
Petrof Loft,Petrof Loft,79213705762,,https://www.loft2rent.ru/loft/100002/100004
PetroffLoft,PetroffLoft,79262125229,,https://www.loft2rent.ru/loft/209121
PetrushkagroupЛофт под мероприятия,PetrushkagroupЛофт под мероприятия,79629115141,,https://www.loft2rent.ru/loft/196459/196470
Piano Loft,Piano Loft,79215901294,,https://www.loft2rent.ru/loft/162657
Picnic Afisha Team,Picnic Afisha Team,,adb@afisha.ru,https://www.afisha.ru
Pikabu Media,Pikabu Media,,sales@pikabu.ru,https://pikabu.ru
Pilates PMP Studio,Pilates PMP Studio,,mail@pmpstudio.ru,https://pmpstudio.ru
Pink Loft,Pink Loft,79150883390,,https://www.loft2rent.ru/loft/48959
Pino,Pino,79011879040,,http://pinorestaurantbar.ru/
Pinskiy & Co,Pinskiy & Co,,info@pinskiy-concept.ru,https://pinskiy.co
Pipes Studio,Pipes Studio,79998882069,,https://www.loft2rent.ru/loft/195377/195406
Place,Place,79995105599,,https://www.loft2rent.ru/loft/81681
Planeta Kino,Planeta Kino,,mail@webadresa.ru,https://planeta-kino.ru
PLARTКонференц-зал для бизнес-ивентов в 1 км от Кремля,PLARTКонференц-зал для бизнес-ивентов в 1 км от Кремля,79858599162,,https://www.loft2rent.ru/loft/28751/28754
Platimum Ap с Джакузи у окна в Москва Сити,Platimum Ap с Джакузи у окна в Москва Сити,79958998202,,https://www.loft2rent.ru/loft/171815
Platinum Orange Ванна у окна Москва Сити!,Platinum Orange Ванна у окна Москва Сити!,79958998202,,https://www.loft2rent.ru/loft/171815
"platon_studioзал ""Diana""","platon_studioзал ""Diana""",79136886868,,https://www.loft2rent.ru/loft/27889/36384
"platon_studioЗал ""Platon""","platon_studioЗал ""Platon""",79136886868,,https://www.loft2rent.ru/loft/27889/27894
platon_studioСтудия 166,platon_studioСтудия 166,79136886868,,https://www.loft2rent.ru/loft/27889/88026
"PLAV BANYAPLAV BANYA, баня на яхте в центре Москвы","PLAV BANYAPLAV BANYA, баня на яхте в центре Москвы",79099695025,,https://www.loft2rent.ru/loft/168328/170248
PlaykortПомещение под съемки,PlaykortПомещение под съемки,79060544499,,https://www.loft2rent.ru/loft/137226/180772
PlaykortСпортивно-развлекательная арена PLAYKORT в Мытищах,PlaykortСпортивно-развлекательная арена PLAYKORT в Мытищах,79060544499,,https://www.loft2rent.ru/loft/137226/143781
Plaza Garden Moscow WTC Hotel,Plaza Garden Moscow WTC Hotel,,,https://ostrovok.ru/hotel/russia/moscow/mid8075994/crowne_plaza_moscow_world_trade_centre
POBEDA,POBEDA,78095058777,hr@flypobeda.ru,https://pobeda.aero
Pobeda,Pobeda,78095058777,hr@flypobeda.ru,https://pobeda.aero
POD (Под) гаражом. Дизайнерский лофт,POD (Под) гаражом. Дизайнерский лофт,79584974160,,https://www.reveltime.ru/venue/8776992?eventtype=vecherinka
PopcorpHorror house,PopcorpHorror house,79771493894,,https://www.loft2rent.ru/loft/123794/123824
PopcorpSilent hill,PopcorpSilent hill,79771493894,,https://www.loft2rent.ru/loft/123794/123819
PopcorpПсихиатрическая больница,PopcorpПсихиатрическая больница,79771493894,,https://www.loft2rent.ru/loft/123794/123800
Portal Hall. Двухэтажный стилизованный лофт,Portal Hall. Двухэтажный стилизованный лофт,74951570268,,https://www.reveltime.ru/venue/3327149?eventtype=vecherinka
Portal loft,Portal loft,79952367709,,https://www.loft2rent.ru/loft/104813
posh_bar / пош бар,posh_bar / пош бар,79689523333,,https://www.loft2rent.ru/loft/65926/65928
Positive Technologies,Positive Technologies,,u003exspider@ptsecurity.com,https://www.ptsecurity.com
Posterscope Russia,Posterscope Russia,,,https://posterscope.com
PRAVDA,PRAVDA,79263427655,,https://www.loft2rent.ru/loft/81145/81149
Premier,Premier,,b2b@premier.one,https://premier.one
Premier Апартаменты Москва-СитиCity Escape 1,Premier Апартаменты Москва-СитиCity Escape 1,79258690840,,https://www.loft2rent.ru/loft/175169/175182
Premier Апартаменты Москва-СитиEasy Living 1,Premier Апартаменты Москва-СитиEasy Living 1,79258690840,,https://www.loft2rent.ru/loft/175169/175178
Premier Апартаменты Москва-СитиSerene Retreat 1,Premier Апартаменты Москва-СитиSerene Retreat 1,79258690840,,https://www.loft2rent.ru/loft/175169/175177
Premium air apartments,Premium air apartments,79021444676,,https://skyrent24.ru
Premium Air Apartments 2,Premium Air Apartments 2,79021444676,,https://skyrent24.ru
Premium Apartments in Moscow City,Premium Apartments in Moscow City,79958998202,,https://www.loft2rent.ru/loft/171815
Pride Lounge Тверская,Pride Lounge Тверская,79309992233,,https://www.loft2rent.ru/loft/87842/87848
Pride Wellness Club,Pride Wellness Club,74957800852,info@clpride.com,https://pridewellness.ru
Prime Show,Prime Show,79956075773,,https://www.loft2rent.ru/loft/182297
Prisma Loft с уютной верандой и уличным камином,Prisma Loft с уютной верандой и уличным камином,74950080403,,https://www.loft2rent.ru/loft/30985
Private 25 / 25 ПриватЛофт с террасой на крыше 25 эт.,Private 25 / 25 ПриватЛофт с террасой на крыше 25 эт.,79252676534,,https://www.loft2rent.ru/loft/95893/95895
PrivateZone (ПриватнаяЗона). Пространство для мероприятий с кухней,PrivateZone (ПриватнаяЗона). Пространство для мероприятий с кухней,79584055346,,https://www.reveltime.ru/venue/2363608?eventtype=vecherinka
Probka,Probka,,,https://probka.org
Probka,Probka,74959959045,,https://www.probka.org/restaurants/msk/probka-na-tsvetnom/
"ProDelki / ПроделкиProDelki (Ленинский пр. д.111, к. 2)","ProDelki / ПроделкиProDelki (Ленинский пр. д.111, к. 2)",79313234252,,https://www.loft2rent.ru/loft/163646/180804
"ProDelki / ПроделкиProDelki (ул. Адмирала Черокова, 18 к 2)","ProDelki / ПроделкиProDelki (ул. Адмирала Черокова, 18 к 2)",79313234252,,https://www.loft2rent.ru/loft/163646/168278
ProDelki / ПроделкиProDelki (ул. Малая Митрофаньевская д. 5 к. 1),ProDelki / ПроделкиProDelki (ул. Малая Митрофаньевская д. 5 к. 1),79313234252,,https://www.loft2rent.ru/loft/163646/163719
Product Sense Community,Product Sense Community,,account@productsense.io,https://productsense.io
Production8,Production8,79774062208,,https://www.loft2rent.ru/loft/187873/187875
Proloft,Proloft,79251539733,,https://www.loft2rent.ru/loft/132167/132184
Proloft (Пролофт),Proloft (Пролофт),79346608162,,https://www.reveltime.ru/venue/6209514?eventtype=vecherinka
Prostranstvo (Пространство). Большой лофт,Prostranstvo (Пространство). Большой лофт,79346695974,,https://www.reveltime.ru/venue/4119721?eventtype=vecherinka
Prostranstvo (Пространство). Зал Квартира,Prostranstvo (Пространство). Зал Квартира,79584974226,,https://www.reveltime.ru/venue/4112008?eventtype=vecherinka
Prostranstvo (Пространство). Лофт с высокими потолками,Prostranstvo (Пространство). Лофт с высокими потолками,79584974064,,https://www.reveltime.ru/venue/4119598?eventtype=vecherinka
Prostranstvo (Пространство). Светлая фотостудия,Prostranstvo (Пространство). Светлая фотостудия,79584974331,,https://www.reveltime.ru/venue/4465437?eventtype=vecherinka
Prostranstvo (Пространство). Фотостудия,Prostranstvo (Пространство). Фотостудия,79910173255,,https://www.reveltime.ru/venue/3768105?eventtype=vecherinka
Prosvet Hall,Prosvet Hall,79776615700,,https://www.loft2rent.ru/loft/74776/74778
Prosvet Hall ( малый зал ),Prosvet Hall ( малый зал ),79776615700,,https://www.loft2rent.ru/loft/74776
PROстранствоЛофт PROстранство для мероприятий и дней рождений с караоке в Казани,PROстранствоЛофт PROстранство для мероприятий и дней рождений с караоке в Казани,79270346624,,https://www.loft2rent.ru/loft/95670/95672
Psy game &amp; lounge (Псай игры и лаундж). Отдельная комната,Psy game &amp; lounge (Псай игры и лаундж). Отдельная комната,79676932714,,https://www.reveltime.ru/venue/5414206?eventtype=vecherinka
Psychologies Russia,Psychologies Russia,,info@psychologies.ru,https://www.psychologies.ru
Pulsar,Pulsar,74958433175,,https://www.loft2rent.ru/loft/108466
Pushkin Museum Friends,Pushkin Museum Friends,74956099520,aleksey.popov@pushkinmuseum.art,https://pushkinmuseum.art
Python Moscow Community,Python Moscow Community,,,https://python.ru
Queen Loft,Queen Loft,74950080403,,https://www.loft2rent.ru/loft/30985
QUERCUS CLUB,QUERCUS CLUB,79852111331,,https://www.loft2rent.ru/loft/203532/203556
R414 studioТерраса на Плющихе,R414 studioТерраса на Плющихе,79654143322,,https://www.loft2rent.ru/loft/182467/182469
Radiant Loft,Radiant Loft,79956266565,,https://www.loft2rent.ru/loft/134148
Radio Greenhouse,Radio Greenhouse,79916471170,,https://alfa.me/db1OAY
Radio Record,Radio Record,74997005050,muzred@radiorecord.ru,https://radiorecord.ru
Radio Record Events,Radio Record Events,74997005050,muzred@radiorecord.ru,https://www.radiorecord.ru
Radiola Loft,Radiola Loft,74950080403,,https://www.loft2rent.ru/loft/30985
Rambler Group,Rambler Group,,,https://rambler.ru
RANCHO LOFTRancho lof,RANCHO LOFTRancho lof,79150056825,,https://www.loft2rent.ru/loft/165571/165831
RANEPA Alumni Network,RANEPA Alumni Network,74999569879,anticorruption@ranepa.ru,https://ranepa.ru
RATUSHA HALL,RATUSHA HALL,74951201905,,https://www.loft2rent.ru/loft/5338
Razgruzka,Razgruzka,79262268857,,https://www.loft2rent.ru/loft/208022/208032
RBC Sport,RBC Sport,,sportnews@rbc.ru,https://sportrbc.ru
RBC Style,RBC Style,74953631111,akamenskaya@rbc.ru,https://style.rbc.ru
RDI Group,RDI Group,74955852222,agent@rdi.ru,https://rdi.ru
Realweb,Realweb,74952290161,hello@realweb.ru,https://realweb.ru
Reboot LoftReboot Loft,Reboot LoftReboot Loft,79663000200,,https://www.loft2rent.ru/loft/162392/162397
Reboot LoftВеранда с шатрами Flamingo,Reboot LoftВеранда с шатрами Flamingo,79663000200,,https://www.loft2rent.ru/loft/162392/184810
RED BOATLoft boat,RED BOATLoft boat,74996478964,,https://www.loft2rent.ru/loft/35892/36501
RED BOATТеплоход Артурс,RED BOATТеплоход Артурс,74996478964,,https://www.loft2rent.ru/loft/35892/38931
RED BOATТеплоход Барс,RED BOATТеплоход Барс,74996478964,,https://www.loft2rent.ru/loft/35892/66955
RED BOATТеплоход Благодать,RED BOATТеплоход Благодать,74996478964,,https://www.loft2rent.ru/loft/35892/66914
RED BOATТеплоход Богема,RED BOATТеплоход Богема,74996478964,,https://www.loft2rent.ru/loft/35892/66908
RED BOATТеплоход Дельфин,RED BOATТеплоход Дельфин,74996478964,,https://www.loft2rent.ru/loft/35892/38928
RED BOATТеплоход Держава,RED BOATТеплоход Держава,74996478964,,https://www.loft2rent.ru/loft/35892/66939
RED BOATТеплоход Жемчужина,RED BOATТеплоход Жемчужина,74996478964,,https://www.loft2rent.ru/loft/35892/66919
RED BOATТеплоход Крокус,RED BOATТеплоход Крокус,74996478964,,https://www.loft2rent.ru/loft/35892/66949
RED BOATТеплоход Лагуна,RED BOATТеплоход Лагуна,74996478964,,https://www.loft2rent.ru/loft/35892/66903
RED BOATТеплоход Маэстро,RED BOATТеплоход Маэстро,74996478964,,https://www.loft2rent.ru/loft/35892/47797
RED BOATТеплоход Маэстро,RED BOATТеплоход Маэстро,74996478964,,https://www.loft2rent.ru/loft/35892/47802
RED BOATТеплоход Ривер Лаундж,RED BOATТеплоход Ривер Лаундж,74996478964,,https://www.loft2rent.ru/loft/35892/47789
RED BOATТеплоход Ривер Палас,RED BOATТеплоход Ривер Палас,74996478964,,https://www.loft2rent.ru/loft/35892/47785
RED BOATТеплоход Ривьера,RED BOATТеплоход Ривьера,74996478964,,https://www.loft2rent.ru/loft/35892/47807
RED BOATТеплоход Светоч,RED BOATТеплоход Светоч,74996478964,,https://www.loft2rent.ru/loft/35892/66924
RED BOATТеплоход Соларис,RED BOATТеплоход Соларис,74996478964,,https://www.loft2rent.ru/loft/35892/66896
RED BOATТеплоход Уникум,RED BOATТеплоход Уникум,74996478964,,https://www.loft2rent.ru/loft/35892/66870
RED BOATТеплоход Царица Елена,RED BOATТеплоход Царица Елена,74996478964,,https://www.loft2rent.ru/loft/35892/47792
RED BOATЯхта Azimut 55,RED BOATЯхта Azimut 55,74996478964,,https://www.loft2rent.ru/loft/35892/66963
RED BOATЯхта BAYLINER,RED BOATЯхта BAYLINER,74996478964,,https://www.loft2rent.ru/loft/35892/66978
RED BOATЯхта BLUE MARINA,RED BOATЯхта BLUE MARINA,74996478964,,https://www.loft2rent.ru/loft/35892/66983
RED BOATЯхта Виктория,RED BOATЯхта Виктория,74996478964,,https://www.loft2rent.ru/loft/35892/66974
RED BOATЯхта Легрина,RED BOATЯхта Легрина,74996478964,,https://www.loft2rent.ru/loft/35892/66969
Red Media,Red Media,,rating@mail.ru,https://red-media.ru
RedBrick.loft,RedBrick.loft,79818314981,,https://www.loft2rent.ru/loft/204932
Regent,Regent,79264355554,,https://regent.rest
Regent,Regent,79264355554,,https://pinski.rest/restaurants/regent/
Remy Kitchen Bakery,Remy Kitchen Bakery,79851829600,,http://remykitchenbakery.ru/
REN Media Group,REN Media Group,,item-1@2x.cd,https://www.ren.tv
REN TV,REN TV,,item-1@2x.cd,https://ren.tv
REN TV Production,REN TV Production,,item-1@2x.cd,https://ren.tv
Renaissance Insurance,Renaissance Insurance,78003338800,akochetkova@renins.com,https://www.renins.ru
Replace LOFTPINTEREST,Replace LOFTPINTEREST,79250684897,,https://www.loft2rent.ru/loft/118453/118455
Republica,Republica,74951801111,contact@republica.ru,https://republica.ru
RESO-Garantia,RESO-Garantia,74957303000,,https://www.reso.ru
Rhythm & Blues Café,Rhythm & Blues Café,74957659313,,https://rhythm-blues-cafe.ru
RibambelleRibambelle Green,RibambelleRibambelle Green,79670912800,,https://www.loft2rent.ru/loft/172437/172476
RibambelleRibambelle Vremena Goda,RibambelleRibambelle Vremena Goda,79670912800,,https://www.loft2rent.ru/loft/172437/172439
RibambelleRibambelle Сердце столицы,RibambelleRibambelle Сердце столицы,79670912800,,https://www.loft2rent.ru/loft/172437/172505
RibambelleRibambelle Хамовники,RibambelleRibambelle Хамовники,79670912800,,https://www.loft2rent.ru/loft/172437/172500
Rich Loft,Rich Loft,74950080403,,https://www.loft2rent.ru/loft/30985
Rise Apartments Blonde Апартаменты Москва Сити,Rise Apartments Blonde Апартаменты Москва Сити,79958998202,,https://www.loft2rent.ru/loft/171815
Rise Apartments Pretty студия в Москва Сити,Rise Apartments Pretty студия в Москва Сити,79958998202,,https://www.loft2rent.ru/loft/171815
Rise Apartments Неоновый апартамент на 62 этаже под мероприятия в Москва Сити!,Rise Apartments Неоновый апартамент на 62 этаже под мероприятия в Москва Сити!,79958998202,,https://www.loft2rent.ru/loft/171815
Rise Diamond Апартаменты в Москва Сити,Rise Diamond Апартаменты в Москва Сити,79958998202,,https://www.loft2rent.ru/loft/171815
Rise-Apartments 43 floor Moscow City,Rise-Apartments 43 floor Moscow City,79958998202,,https://www.loft2rent.ru/loft/171815
River Loft (Река Лофт). Просторный лофт,River Loft (Река Лофт). Просторный лофт,79584630738,,https://www.reveltime.ru/venue/5090158?eventtype=vecherinka
"RiverOneRiverOne, Hi-Tech lounge бар с панорамными окнами","RiverOneRiverOne, Hi-Tech lounge бар с панорамными окнами",79165588810,,https://www.loft2rent.ru/loft/45360/45391
RIZZПАРАДАЙС / ПАРАДАЙС банкетный зал,RIZZПАРАДАЙС / ПАРАДАЙС банкетный зал,79254200006,,https://www.loft2rent.ru/loft/180043/180051
RL Loft,RL Loft,79788760354,,https://www.loft2rent.ru/loft/160550/160552
Rock & Roll,Rock & Roll,79990071109,,https://www.loft2rent.ru/loft/125195
Rock Bar,Rock Bar,,,https://rockbar.ru
Rock'n'Roll,Rock'n'Roll,78122007818,,https://www.loft2rent.ru/loft/75982
ROCKEFELLER’S HALL,ROCKEFELLER’S HALL,74951201905,,https://www.loft2rent.ru/loft/5338
Rocket Space,Rocket Space,79995105599,,https://www.loft2rent.ru/loft/81681
Rockets.concept store,Rockets.concept store,79365550645,,https://rockets.coffee/coffee-shops
ROLF Group,ROLF Group,74951269415,reception@rolf.ru,https://www.rolf.ru
Roof LoungeЗАЛ ВАЙБ,Roof LoungeЗАЛ ВАЙБ,79951205999,,https://www.loft2rent.ru/loft/189162/195671
ROOM,ROOM,74950323635,,https://www.loft2rent.ru/loft/1926
Room 404 -двухэтажный лофт с панорамными окнами,Room 404 -двухэтажный лофт с панорамными окнами,74998881829,,https://www.loft2rent.ru/loft/1821
Rosgosstrakh,Rosgosstrakh,74959269977,career@rgs.ru,https://www.rgs.ru
Rosinter Restaurants Holding,Rosinter Restaurants Holding,74957884488,enistratova@rosinter.ru,https://www.rosinter.ru
Rossa Loft,Rossa Loft,79654170597,,https://www.loft2rent.ru/loft/124023/145170
Rotary Club Moscow International,Rotary Club Moscow International,,secretary@rcmi.ru,https://rcmi.ru
ROTHSCHILD’S HALL,ROTHSCHILD’S HALL,74951201905,,https://www.loft2rent.ru/loft/5338
ROYAL,ROYAL,74950323635,,https://www.loft2rent.ru/loft/1926
RubiconКонференц-зал до 12 человек в центре СПБ,RubiconКонференц-зал до 12 человек в центре СПБ,79110008819,,https://www.loft2rent.ru/loft/170656/170666
RubiconКонференц-зал до 25 человек в центре СПБ,RubiconКонференц-зал до 25 человек в центре СПБ,79110008819,,https://www.loft2rent.ru/loft/170656/170658
RubiconКонференц-зал до 60 человек в центре СПБ,RubiconКонференц-зал до 60 человек в центре СПБ,79110008819,,https://www.loft2rent.ru/loft/170656/170663
Russian Post,Russian Post,,,https://www.pochta.ru
Russian Railways,Russian Railways,,ticket@rzd.ru,https://rzd.ru
Russkoe Radio,Russkoe Radio,,adv@rr.ru,https://rusradio.ru
RuTube,RuTube,,04c118fab6a345f7b4009aafe33d8b52@test.rutube.ru,https://rutube.ru
Rutube,Rutube,,04c118fab6a345f7b4009aafe33d8b52@test.rutube.ru,https://rutube.ru
RuTube Studio,RuTube Studio,,04c118fab6a345f7b4009aafe33d8b52@test.rutube.ru,https://rutube.ru
RuVDS,RuVDS,,info@ruvds.com,https://ruvds.com
Sabor de la VidaРесторан Sabor de la Vida,Sabor de la VidaРесторан Sabor de la Vida,79262227122,,https://www.loft2rent.ru/loft/209177/209999
Safisa,Safisa,79164400130,,https://www.loft2rent.ru/loft/101001
Sakhalin,Sakhalin,74956476479,welcome@sakhalin-moscow.ru,https://sakhalin-moscow.ru
Salone Pasta & Bar,Salone Pasta & Bar,79299261199,,https://atelierfamily.ru/salone-moscow
Sangre Fresca,Sangre Fresca,74956468060,,https://sangre-fresca.com/
Sansara LoftBreeze - новый лофт для праздников под ключ,Sansara LoftBreeze - новый лофт для праздников под ключ,79151989966,,https://www.loft2rent.ru/loft/203791/203838
"Sansara LoftGlam - лофт с караоке, диско-шаром и приставкой для ваших мероприятий","Sansara LoftGlam - лофт с караоке, диско-шаром и приставкой для ваших мероприятий",79151989966,,https://www.loft2rent.ru/loft/203791/203834
Sansara LoftGrand - яркий лофт с караоке для праздников!,Sansara LoftGrand - яркий лофт с караоке для праздников!,79151989966,,https://www.loft2rent.ru/loft/203791/203930
Sansara LoftGray - стильный лофт с караоке для ваших праздников,Sansara LoftGray - стильный лофт с караоке для ваших праздников,79151989966,,https://www.loft2rent.ru/loft/203791/203824
Sansara LoftHappy - лофт для счастливых моментов!,Sansara LoftHappy - лофт для счастливых моментов!,79151989966,,https://www.loft2rent.ru/loft/203791/203842
"Sansara LoftLoft - лофт с караоке, фотозоной и приставкой!","Sansara LoftLoft - лофт с караоке, фотозоной и приставкой!",79151989966,,https://www.loft2rent.ru/loft/203791/204943
Santa лофт,Santa лофт,79585212715,,https://www.loft2rent.ru/loft/144719
Sante Loft,Sante Loft,79522600333,,https://www.loft2rent.ru/loft/173242/181199
SAP Russia,SAP Russia,,,https://www.sap.com
"Sapphire — яркий, классический лофт с караоке, 8 минут от метро","Sapphire — яркий, классический лофт с караоке, 8 минут от метро",79585782362,,https://www.loft2rent.ru/loft/loftaviator
Saray,Saray,74951898819,,http://saray.lucky-group.rest/
Sartoria Lamberti,Sartoria Lamberti,74957950025,,https://www.sartorialamberti.com/
SAV Entertainment,SAV Entertainment,74952290171,daria@saventertainment.ru,https://savshow.ru
Sava loft с уютной верандой и грилем,Sava loft с уютной верандой и грилем,74950080403,,https://www.loft2rent.ru/loft/30985
SAVANNAH LOFT,SAVANNAH LOFT,79259700202,,https://www.loft2rent.ru/loft/140407/140409
SAVANNAH LOFTSPACE LOFT,SAVANNAH LOFTSPACE LOFT,79259700202,,https://www.loft2rent.ru/loft/140407/177594
Savva,Savva,73952717177,director@savvarest.ru,https://savvarest.ru
Savva,Savva,74997959999,,https://www.savvarest.ru/
SB Lounge BarКальянная SB Lounge Bar,SB Lounge BarКальянная SB Lounge Bar,79251013238,,https://www.loft2rent.ru/loft/209098/209104
SberCloud,SberCloud,74952601082,hr@cloud.ru,https://cloud.ru
ScandyLoft / СкандиЛофт,ScandyLoft / СкандиЛофт,79152223001,,https://www.loft2rent.ru/loft/108903/108906
Sculpt Moscow,Sculpt Moscow,79250760710,info@sculptstudio.ru,https://sculptstudio.ru
SD_loungeSD_lounge Самый большой лаунж-бар в России!,SD_loungeSD_lounge Самый большой лаунж-бар в России!,79254200006,,https://www.loft2rent.ru/loft/118930/118944
SD_loungeSD_lounge_space,SD_loungeSD_lounge_space,79254200006,,https://www.loft2rent.ru/loft/118930/119081
Sea Grill банкетный зал с панорамным видом на Неву,Sea Grill банкетный зал с панорамным видом на Неву,79112601333,,https://www.loft2rent.ru/loft/169659
Secret lounge,Secret lounge,79930053167,,https://www.loft2rent.ru/loft/163923/164276
Segreto,Segreto,79099495085,,https://www.loft2rent.ru/loft/129937/129940
Select Hotel Paveletskaya,Select Hotel Paveletskaya,74957887700,,https://select-hotel.ru
Selectel,Selectel,74956477980,ir@selectel.ru,https://selectel.ru
Self Edge Japanese,Self Edge Japanese,79365553666,,https://dreamteam.fm/selfedgejapanese_msk
Selfie,Selfie,74959958503,info@selfiemoscow.ru,https://selfiemoscow.ru
Semifreddo,Semifreddo,74951815555,,https://semifreddo-restaurant.com/
Sent Loft,Sent Loft,79150883390,,https://www.loft2rent.ru/loft/48959
Setl Group (МСК представительство),Setl Group (МСК представительство),78123355111,dvk@pn.ru,https://setlgroup.ru
"Setl Комьюнити / Сэтл КомьюнитиSetl Комьюнити ЖК ""Солнечный город. Резиденции""","Setl Комьюнити / Сэтл КомьюнитиSetl Комьюнити ЖК ""Солнечный город. Резиденции""",79319905580,,https://www.loft2rent.ru/loft/182811/182826
Severyane,Severyane,,,https://severyane.com
Shaker GroupBunin Bar,Shaker GroupBunin Bar,79222272628,,https://clck.ru/pPfur
Shaker GroupCoyote Ugly,Shaker GroupCoyote Ugly,79222272628,,https://www.loft2rent.ru/loft/54661/54690
Shaker GroupStar Bar,Shaker GroupStar Bar,79222272628,,https://www.loft2rent.ru/loft/54661/54685
Shantaramshantaram loft 19,Shantaramshantaram loft 19,79810082702,,https://www.loft2rent.ru/loft/169278/169318
ShantiPlaceShantiPlace зал Библиотека,ShantiPlaceShantiPlace зал Библиотека,79163083838,,https://www.loft2rent.ru/loft/94258/94416
ShantiPlaceShantiPlace зал Комодо,ShantiPlaceShantiPlace зал Комодо,79163083838,,https://www.loft2rent.ru/loft/94258/94418
ShantiPlaceShantiPlace Зал Лекторий,ShantiPlaceShantiPlace Зал Лекторий,79163083838,,https://www.loft2rent.ru/loft/94258/94295
ShantiPlaceShantiPlace Зал Музей,ShantiPlaceShantiPlace Зал Музей,79163083838,,https://www.loft2rent.ru/loft/94258/94288
ShantiPlaceShantiPlace Каминный зал,ShantiPlaceShantiPlace Каминный зал,79163083838,,https://www.loft2rent.ru/loft/94258/94329
ShantiPlaceShantiPlace Музыкальный зал,ShantiPlaceShantiPlace Музыкальный зал,79163083838,,https://www.loft2rent.ru/loft/94258/94326
Sheraton Skypoint Luxe,Sheraton Skypoint Luxe,,,https://ostrovok.ru/hotel/russia/moscow/mid8022376/sheraton_moscow_sheremetyevo_airport_hotel
Shisha lounge room (Кальянная комната) № 257,Shisha lounge room (Кальянная комната) № 257,79584974089,,https://www.reveltime.ru/venue/6435477?eventtype=vecherinka
Shkulev Media Holding,Shkulev Media Holding,74956335757,info@shkulev.ru,https://shkulevholding.ru
Show TodayЛофт в стиле ТВ ШОУ,Show TodayЛофт в стиле ТВ ШОУ,79998280732,,https://www.loft2rent.ru/loft/126644/126646
Signal Festival,Signal Festival,,art@signal.live,https://signal.live
Silencio,Silencio,74951458858,,https://alfa.me/db1OAY
Silverpool  площадка с баней-бассейном-джакузиSilverpool площадка с баней-бассейном-джакузи,Silverpool  площадка с баней-бассейном-джакузиSilverpool площадка с баней-бассейном-джакузи,79150638860,,https://www.loft2rent.ru/loft/127753/127758
Simple loft с уютной верандой и грилем,Simple loft с уютной верандой и грилем,74950080403,,https://www.loft2rent.ru/loft/30985
SIMPLE. VIP 1 (СИМПЛ. ВИП 1). Лофт на мансардном этаже с покерным столом,SIMPLE. VIP 1 (СИМПЛ. ВИП 1). Лофт на мансардном этаже с покерным столом,79676928564,,https://www.reveltime.ru/venue/5292784?eventtype=vecherinka
SIMPLE. VIP 1 (СИМПЛ. ВИП 1). Неоновый лофт на мансардном этаже,SIMPLE. VIP 1 (СИМПЛ. ВИП 1). Неоновый лофт на мансардном этаже,79676928674,,https://www.reveltime.ru/venue/5292838?eventtype=vecherinka
SIMPLE. VIP 4 (СИМПЛ. ВИП 4). Неоновый лофт с покерным столом,SIMPLE. VIP 4 (СИМПЛ. ВИП 4). Неоновый лофт с покерным столом,79584974167,,https://www.reveltime.ru/venue/6318106?eventtype=vecherinka
Sixty,Sixty,79672886993,,https://sixtyrestaurant.ru
Skolkovo Golf Club,Skolkovo Golf Club,74952803761,hr@skolkovogolf.com,https://skolkovogolf.com
SKY,SKY,74951201905,,https://www.loft2rent.ru/loft/5338
Sky Apartments,Sky Apartments,74952553934,,https://www.loft2rent.ru/loft/47177/196147
Sky City MoscowCity View,Sky City MoscowCity View,79264450404,,https://www.loft2rent.ru/loft/165490/190017
Sky City MoscowPlatinum Orange,Sky City MoscowPlatinum Orange,79264450404,,https://www.loft2rent.ru/loft/165490/190008
Sky City MoscowPremium Black,Sky City MoscowPremium Black,79913290088,,https://www.loft2rent.ru/loft/165490/190018
Sky City Moscowsky 61,Sky City Moscowsky 61,79264450404,,https://www.loft2rent.ru/loft/165490/172935
Sky City MoscowSky Space,Sky City MoscowSky Space,79264450404,,https://www.loft2rent.ru/loft/165490/190023
Sky City MoscowSkyline,Sky City MoscowSkyline,79264450404,,https://www.loft2rent.ru/loft/165490/190060
Sky Cozy Апартаменты в Москва Сити,Sky Cozy Апартаменты в Москва Сити,79958998202,,https://www.loft2rent.ru/loft/171815
Sky Elite 54 floor Moscow City,Sky Elite 54 floor Moscow City,79021444676,,https://skyrent24.ru
Sky Individual Апартаменты в Москва Сити,Sky Individual Апартаменты в Москва Сити,79958998202,,https://www.loft2rent.ru/loft/171815
Sky Lounge Апартаменты в Москва Сити,Sky Lounge Апартаменты в Москва Сити,79958998202,,https://www.loft2rent.ru/loft/171815
Sky Terrasse,Sky Terrasse,78129592686,,https://www.loft2rent.ru/loft/78928/78932
SkyLine 59 Уютный Апартмент в Москва Сити,SkyLine 59 Уютный Апартмент в Москва Сити,79958998202,,https://www.loft2rent.ru/loft/171815
SKYNIA HALL / Скиния Холл,SKYNIA HALL / Скиния Холл,74954141491,,https://www.loft2rent.ru/loft/131578/131583
SKYPOINT STUDIOБольшая гостиная,SKYPOINT STUDIOБольшая гостиная,79522224599,,https://www.loft2rent.ru/loft/118092/118094
SKYPOINT STUDIOВЕРХНИЙ,SKYPOINT STUDIOВЕРХНИЙ,79500233331,,https://www.loft2rent.ru/loft/118092/118140
SKYPOINT STUDIOЗал 24,SKYPOINT STUDIOЗал 24,79522224599,,https://www.loft2rent.ru/loft/118092/118123
SKYPOINT STUDIOКабинет,SKYPOINT STUDIOКабинет,79522224599,,https://www.loft2rent.ru/loft/118092/118128
SKYPOINT STUDIOЛОФТ 100,SKYPOINT STUDIOЛОФТ 100,79111280012,,https://www.loft2rent.ru/loft/118092/118151
SKYPOINT STUDIOМАНСАРДА,SKYPOINT STUDIOМАНСАРДА,79315933082,,https://www.loft2rent.ru/loft/118092/118160
SKYPOINT STUDIOНИЖНИЙ,SKYPOINT STUDIOНИЖНИЙ,79500233331,,https://www.loft2rent.ru/loft/118092/118132
SKYPOINT STUDIOПавильон 7НЕБО,SKYPOINT STUDIOПавильон 7НЕБО,79111077710,,https://www.loft2rent.ru/loft/118092/157033
SKYPOINT STUDIOСРЕДНИЙ ЛОФТ 50,SKYPOINT STUDIOСРЕДНИЙ ЛОФТ 50,79111280012,,https://www.loft2rent.ru/loft/118092/118149
SKYPOINT STUDIOУЮТ,SKYPOINT STUDIOУЮТ,79315933082,,https://www.loft2rent.ru/loft/118092/118155
SKYPOINT STUDIOХОЛЛ,SKYPOINT STUDIOХОЛЛ,79522224599,,https://www.loft2rent.ru/loft/118092/118119
Smoke BBQ,Smoke BBQ,74993995372,,https://smokebbq.ru/msk
Smoky rooms,Smoky rooms,79099256100,,https://www.loft2rent.ru/loft/53089
Snob,Snob,74957856288,benefit@snob.ru,https://snob.ru
Soderis Residence & Spa,Soderis Residence & Spa,,,https://ostrovok.ru/hotel/russia/moscow/mid9209124/soderis_residence_spa_hotel
SOFT,SOFT,79219254594,,https://www.loft2rent.ru/loft/79646
Softline,Softline,73412936651,edusales@softline.ru,https://softline.ru
SOGAZ,SOGAZ,74955878019,ai-desktop@2x.png,https://www.sogaz.ru
Sogaz,Sogaz,74955878019,ai-desktop@2x.png,https://www.sogaz.ru
SOK SPACE (Сок Пространство). Баум Холл,SOK SPACE (Сок Пространство). Баум Холл,79584974167,,https://www.reveltime.ru/venue/7553164?eventtype=vecherinka
SOK SPACE (Сок Пространство). Лофт Астрид,SOK SPACE (Сок Пространство). Лофт Астрид,79584610759,,https://www.reveltime.ru/venue/9067913?eventtype=vecherinka
SOK SPACE (Сок Пространство). Лофт Бурбон,SOK SPACE (Сок Пространство). Лофт Бурбон,79346692796,,https://www.reveltime.ru/venue/7636362?eventtype=vecherinka
SOK SPACE (Сок Пространство). Лофт Май,SOK SPACE (Сок Пространство). Лофт Май,79346692796,,https://www.reveltime.ru/venue/9166956?eventtype=vecherinka
SOK SPACE (Сок Пространство). Лофт Марти,SOK SPACE (Сок Пространство). Лофт Марти,79346691548,,https://www.reveltime.ru/venue/7845287?eventtype=vecherinka
SOK SPACE (Сок Пространство). Лофт МОЙ ПЕРВЫЙ,SOK SPACE (Сок Пространство). Лофт МОЙ ПЕРВЫЙ,79346695974,,https://www.reveltime.ru/venue/8966592?eventtype=vecherinka
SOK SPACE (Сок Пространство). Лофт Новый,SOK SPACE (Сок Пространство). Лофт Новый,79584974150,,https://www.reveltime.ru/venue/7551344?eventtype=vecherinka
SOK SPACE (Сок Пространство). Лофт Нуар,SOK SPACE (Сок Пространство). Лофт Нуар,79584974160,,https://www.reveltime.ru/venue/7552482?eventtype=vecherinka
SOK SPACE (Сок Пространство). Лофт Октябрь,SOK SPACE (Сок Пространство). Лофт Октябрь,79584974206,,https://www.reveltime.ru/venue/9226473?eventtype=vecherinka
SOK SPACE (Сок Пространство). Лофт Рассвет,SOK SPACE (Сок Пространство). Лофт Рассвет,79584974139,,https://www.reveltime.ru/venue/7553049?eventtype=vecherinka
SOK SPACE (Сок Пространство). Лофт Сенди,SOK SPACE (Сок Пространство). Лофт Сенди,79676928564,,https://www.reveltime.ru/venue/8673649?eventtype=vecherinka
SOK SPACE (Сок Пространство). Лофт Сладкий,SOK SPACE (Сок Пространство). Лофт Сладкий,79346642952,,https://www.reveltime.ru/venue/7947713?eventtype=vecherinka
SOK SPACE (Сок Пространство). Лофт Сочный,SOK SPACE (Сок Пространство). Лофт Сочный,79019317588,,https://www.reveltime.ru/venue/7608571?eventtype=vecherinka
SOK SPACE (Сок Пространство). Лофт Флоу,SOK SPACE (Сок Пространство). Лофт Флоу,79676928564,,https://www.reveltime.ru/venue/8665632?eventtype=vecherinka
SOK SPACE (Сок Пространство). Лофт Шекспир,SOK SPACE (Сок Пространство). Лофт Шекспир,79584055346,,https://www.reveltime.ru/venue/9140384?eventtype=vecherinka
SoldOut Loft,SoldOut Loft,79853624558,,https://www.loft2rent.ru/loft/40111/40113
SoldOut Lофт (Солдаут Лофт). Лофт с панорамными окнами,SoldOut Lофт (Солдаут Лофт). Лофт с панорамными окнами,79893636021,,https://www.reveltime.ru/venue/3372282?eventtype=vecherinka
Solist loft,Solist loft,79930752993,,https://www.loft2rent.ru/loft/101644
Solo Loft,Solo Loft,74950080403,,https://www.loft2rent.ru/loft/30985
Sostav (Ad/media industry),Sostav (Ad/media industry),74952740525,ao@sostav.ru,https://www.sostav.ru
Soulful Loft (Соулфул Лофт). Стильное лофт-пространство,Soulful Loft (Соулфул Лофт). Стильное лофт-пространство,79386982643,,https://www.reveltime.ru/venue/2146836?eventtype=vecherinka
Soulfulloft Лофт в бизнес-центре,Soulfulloft Лофт в бизнес-центре,79774984998,,https://www.reveltime.ru/venue/281170?eventtype=vecherinka
Sovcomflot,Sovcomflot,74956604000,info@scf-group.ru,https://www.sovcomflot.ru
Space & Place,Space & Place,74951202145,info@spaceandplace.ru,https://spaceandplace.moscow
Space Loft на Бауманской с караоке и PS 4 !,Space Loft на Бауманской с караоке и PS 4 !,74993025372,,https://www.loft2rent.ru/loft/66644
Spark Media,Spark Media,74951370707,adv@spark.ru,https://spark.ru
SPBFOTOфотостудия SPBFOTO,SPBFOTOфотостудия SPBFOTO,78126291315,,https://www.loft2rent.ru/loft/73666/73671
Sports.ru,Sports.ru,,abuse@sports.ru,https://www.sports.ru
SportStationEvent Hall,SportStationEvent Hall,79646442436,,https://www.loft2rent.ru/loft/77925/77931
SredaБольшой зал,SredaБольшой зал,79163304414,,https://www.loft2rent.ru/loft/163980/164920
St. Regis Moscow Astor,St. Regis Moscow Astor,,,https://stregis.com
STAR LOFT,STAR LOFT,79956266565,,https://www.loft2rent.ru/loft/134148
Star Lounge,Star Lounge,79259900335,,https://www.loft2rent.ru/loft/197170/197172
StarHit (Shkulev),StarHit (Shkulev),,contactus@starhit.ru,https://www.starhit.ru
StarHit Media,StarHit Media,,contactus@starhit.ru,https://www.starhit.ru
Start,Start,,support@start.ru,https://start.ru
Start Loft Новосибирск Галущака 9,Start Loft Новосибирск Галущака 9,79039328089,,https://www.loft2rent.ru/loft/86655
Status LoftСтатус Лофт на Кадетской,Status LoftСтатус Лофт на Кадетской,79219356035,,https://www.loft2rent.ru/loft/73553/73555
Status LoftСтатус Лофт на Лиговском,Status LoftСтатус Лофт на Лиговском,79219356035,,https://www.loft2rent.ru/loft/73553/94955
Status LoftСтатус Лофт на Площади Ленина,Status LoftСтатус Лофт на Площади Ленина,79219356035,,https://www.loft2rent.ru/loft/73553/115809
"Steklo loft - с грилем, верандой и настольным теннисом в ЦАО","Steklo loft - с грилем, верандой и настольным теннисом в ЦАО",74950080403,,https://www.loft2rent.ru/loft/30985
Stella di Mosca by BVLGARI Hotels,Stella di Mosca by BVLGARI Hotels,,,https://ostrovok.ru/hotel/russia/moscow/mid11196975/hotel_stella_di_mosca
StockOut Loft,StockOut Loft,79853624558,,https://www.loft2rent.ru/loft/40111
STONE,STONE,79219254594,,https://www.loft2rent.ru/loft/79646
Strata Concept,Strata Concept,79104505611,,https://www.loft2rent.ru/loft/162585/162587
Street Art Loft (Стрит-Арт Лофт),Street Art Loft (Стрит-Арт Лофт),79346644195,,https://www.reveltime.ru/venue/697622?eventtype=vecherinka
Street food Maniac's,Street food Maniac's,79031405972,,https://www.loft2rent.ru/loft/171949/171960
StreetArtLoft - 2х ярусный лофт с приватной верандой 60м2,StreetArtLoft - 2х ярусный лофт с приватной верандой 60м2,79166683000,,https://www.loft2rent.ru/loft/75181
STUDIOHALLЗал №10,STUDIOHALLЗал №10,79263705050,,https://www.loft2rent.ru/loft/712/164610
STUDIOHALLЗал №13 (450м2),STUDIOHALLЗал №13 (450м2),74952231071,,https://www.loft2rent.ru/loft/712/723
STUDIOHALLЗал №14 (750м2),STUDIOHALLЗал №14 (750м2),74952231071,,https://www.loft2rent.ru/loft/712/742
STUDIOHALLЗал №15 (500 м2),STUDIOHALLЗал №15 (500 м2),74952231071,,https://www.loft2rent.ru/loft/712/5918
STUDIOHALLЗал №17 (160 м2),STUDIOHALLЗал №17 (160 м2),74952231071,,https://www.loft2rent.ru/loft/712/5919
Sun Loft на Бауманской с караоке и PS 4 !,Sun Loft на Бауманской с караоке и PS 4 !,74993025372,,https://www.loft2rent.ru/loft/66644
Sunlight,Sunlight,74956686580,,https://sunlight.net
Sunny Art LoftSunny Art Loft Кутузовский,Sunny Art LoftSunny Art Loft Кутузовский,79190998571,,https://www.loft2rent.ru/loft/6643/26858
"SUNRISE — ламповый лофт на Таганке, в 3 минутах от метро","SUNRISE — ламповый лофт на Таганке, в 3 минутах от метро",79585782362,,https://www.loft2rent.ru/loft/loftaviator
Surf House (Сёрф Хаус). Лофт с территорией под открытым небом,Surf House (Сёрф Хаус). Лофт с территорией под открытым небом,79910172413,,https://www.reveltime.ru/venue/3569923?eventtype=vecherinka
Svet,Svet,74951084290,,https://www.loft2rent.ru/loft/153561
SVOY Хамовники,SVOY Хамовники,79099428822,,https://www.loft2rent.ru/loft/71700
SVOY Яуза,SVOY Яуза,79099428822,,https://www.loft2rent.ru/loft/71700
Swan loft,Swan loft,74950080403,,https://www.loft2rent.ru/loft/30985
Sаnsаra Lоft (Сансара Лофт). Зал BREEZE (Бриз),Sаnsаra Lоft (Сансара Лофт). Зал BREEZE (Бриз),79019317663,,https://www.reveltime.ru/venue/8731133?eventtype=vecherinka
Sаnsаra Lоft (Сансара Лофт). Зал Glam (Гламур),Sаnsаra Lоft (Сансара Лофт). Зал Glam (Гламур),79019317663,,https://www.reveltime.ru/venue/8733270?eventtype=vecherinka
Sаnsаra Lоft (Сансара Лофт). Зал Grand (Великий),Sаnsаra Lоft (Сансара Лофт). Зал Grand (Великий),79019317663,,https://www.reveltime.ru/venue/8730934?eventtype=vecherinka
Sаnsаra Lоft (Сансара Лофт). Зал Gray (Серый),Sаnsаra Lоft (Сансара Лофт). Зал Gray (Серый),79019317663,,https://www.reveltime.ru/venue/8731099?eventtype=vecherinka
Sаnsаra Lоft (Сансара Лофт). Зал Happy (Счастливый),Sаnsаra Lоft (Сансара Лофт). Зал Happy (Счастливый),79019317663,,https://www.reveltime.ru/venue/8730924?eventtype=vecherinka
Sаnsаra Lоft (Сансара Лофт). Зал LOFT (Лофт),Sаnsаra Lоft (Сансара Лофт). Зал LOFT (Лофт),79019317663,,https://www.reveltime.ru/venue/8769731?eventtype=vecherinka
Sтанция2025,Sтанция2025,74952152141,,https://www.loft2rent.ru/loft/41881/44655
T-Bank,T-Bank,78003333333,ivan@domain.ru,https://www.tbank.ru
TabooEvent venue,TabooEvent venue,79969799221,,https://www.loft2rent.ru/loft/195213/195258
Tagankaroof_TOPTagankaRoof,Tagankaroof_TOPTagankaRoof,79774854878,,https://www.loft2rent.ru/loft/77436/77460
TANDOOR,TANDOOR,79254200006,,https://www.loft2rent.ru/loft/190803/190805
Tangiers Lounge,Tangiers Lounge,79259859699,,https://www.loft2rent.ru/loft/194841/194860
Taste&TalkУютный бар в Замоскворечье,Taste&TalkУютный бар в Замоскворечье,79951130343,,https://www.loft2rent.ru/loft/134055/134224
TAU,TAU,74952551008,,https://www.loft2rent.ru/loft/182281/182284
TCI (Touring Concert International),TCI (Touring Concert International),,account@tci.ru,https://tci.ru
TCS Group (T-Bank),TCS Group (T-Bank),78003333333,ivan@domain.ru,https://www.tbank.ru
Teamфотостудия / помещение свободного назначения,Teamфотостудия / помещение свободного назначения,79992777978,,https://www.loft2rent.ru/loft/67998/105856
Teamфотостудия / помещение свободного назначения,Teamфотостудия / помещение свободного назначения,79992777978,,https://www.loft2rent.ru/loft/67998/105857
TechInsider,TechInsider,74952520999,a.bakanova@imedia.ru,https://techinsider.ru
TelePort360° (ТелеПорт360°). Лофт,TelePort360° (ТелеПорт360°). Лофт,79584974331,,https://www.reveltime.ru/venue/2231681?eventtype=vecherinka
TelePort360° (ТелеПорт360°). Лофт в торговом центре,TelePort360° (ТелеПорт360°). Лофт в торговом центре,79584611054,,https://www.reveltime.ru/venue/2661440?eventtype=vecherinka
TelePort360° (ТелеПорт360°). Лофт-студия в ТЦ,TelePort360° (ТелеПорт360°). Лофт-студия в ТЦ,79584974160,,https://www.reveltime.ru/venue/3101788?eventtype=vecherinka
Telesport,Telesport,,info@livesport.ru,https://telesport.ru
Tematika food&wine bar,Tematika food&wine bar,79165032327,,https://www.loft2rent.ru/loft/191486/191500
TERRA loft,TERRA loft,79099899933,,https://www.loft2rent.ru/loft/65325
The art soul,The art soul,79154831438,,https://www.loft2rent.ru/loft/199886/199888
The Bix Bar,The Bix Bar,74952521091,,https://thebix.bar/
The Corner Boxing Gym,The Corner Boxing Gym,79258400409,,https://www.loft2rent.ru/loft/67196/67208
The Event Hall,The Event Hall,78129935054,,https://www.loft2rent.ru/loft/95215/95219
The Family partyThe Family party,The Family partyThe Family party,79160851222,,https://www.loft2rent.ru/loft/113695/113697
The Gallery Loft (Лофт Галерея),The Gallery Loft (Лофт Галерея),79584974228,,https://www.reveltime.ru/venue/8733987?eventtype=vecherinka
The Gallery Mafia Room / Лофт для мафии и настольных игр,The Gallery Mafia Room / Лофт для мафии и настольных игр,79166784019,,https://www.loft2rent.ru/loft/204507
THE HOOK AREA,THE HOOK AREA,79163500044,,https://www.loft2rent.ru/loft/209225/209229
The Last BarКонцептуальный лофт/бар на Маросейке,The Last BarКонцептуальный лофт/бар на Маросейке,79627531414,,https://www.loft2rent.ru/loft/169865/170280
The Lobbiest,The Lobbiest,79999917444,,https://www.loft2rent.ru/loft/199380
The Party,The Party,79080760055,,https://www.loft2rent.ru/loft/169756/169798
THE RING OF FUNBABY LOFT с городом профессий,THE RING OF FUNBABY LOFT с городом профессий,74950216696,,https://www.loft2rent.ru/loft/57152/61351
THE RING OF FUNLOFT с ретро-автомобилем,THE RING OF FUNLOFT с ретро-автомобилем,74950216696,,https://www.loft2rent.ru/loft/57152/57208
THE RING OF FUNMINI LOFT,THE RING OF FUNMINI LOFT,74950216696,,https://www.loft2rent.ru/loft/57152/144204
THE RING OF FUNNEON c игровыми приставками,THE RING OF FUNNEON c игровыми приставками,74950216696,,https://www.loft2rent.ru/loft/57152/71264
THE RING OF FUNДиско Лофт с яркой фотозоной и светомузыкой,THE RING OF FUNДиско Лофт с яркой фотозоной и светомузыкой,74950216696,,https://www.loft2rent.ru/loft/57152/191161
The VOICE,The VOICE,74952520999,a.astakhova@imedia.ru,https://thevoicemag.ru
THON HALL,THON HALL,78123171220,,https://www.loft2rent.ru/loft/5338
Time Club (Клуб Времени) Гнездо. Зал Лаунж,Time Club (Клуб Времени) Гнездо. Зал Лаунж,79584055346,,https://www.reveltime.ru/venue/8694069?eventtype=vecherinka
Time Club (Клуб Времени) Камин. Кинозал,Time Club (Клуб Времени) Камин. Кинозал,79584055346,,https://www.reveltime.ru/venue/8694133?eventtype=vecherinka
Tinkoff,Tinkoff,78003333333,ivan@domain.ru,https://www.tinkoff.ru
Tinkoff Insurance,Tinkoff Insurance,78003333333,,https://www.tinkoff.ru/insurance
Tinkoff Investments,Tinkoff Investments,78003333333,ivan@domain.ru,https://www.tinkoff.ru
Tinkoff Tech,Tinkoff Tech,78003333333,ivan@domain.ru,https://tinkoff.ru
TNT,TNT,74957378666,crp@gpm-rtv.ru,https://tnt-online.ru
Today Loft,Today Loft,79688627255,,https://www.loft2rent.ru/loft/124701/124703
Today LoftGrafiti Loft,Today LoftGrafiti Loft,79688627255,,https://www.loft2rent.ru/loft/124701/168296
Today LoftПространство для мастер-классов,Today LoftПространство для мастер-классов,79688627255,,https://www.loft2rent.ru/loft/124701/189204
Tokyo Night Club - лофт в японском киберпанк стиле c караоке и PS 5 !,Tokyo Night Club - лофт в японском киберпанк стиле c караоке и PS 5 !,74991101614,,https://www.loft2rent.ru/loft/66644
Tokyo Sushi,Tokyo Sushi,74951815222,,http://tokyosushibar.ru/
TopView.citySky level 29,TopView.citySky level 29,79916272075,,https://www.loft2rent.ru/loft/174907/174909
TopView.citySky Level 52,TopView.citySky Level 52,79916272075,,https://www.loft2rent.ru/loft/174907/175333
TopView.citySky Level 54,TopView.citySky Level 54,79916272075,,https://www.loft2rent.ru/loft/174907/175335
toshasbarKaraoke King Voice,toshasbarKaraoke King Voice,79213217111,,https://www.loft2rent.ru/loft/172412/172414
toshasbarTosha'S Bar,toshasbarTosha'S Bar,79213217111,,https://www.loft2rent.ru/loft/172412/172938
toshasbarБар СМБ,toshasbarБар СМБ,79213217111,,https://www.loft2rent.ru/loft/172412/173099
Tottori,Tottori,74996780866,,https://tottori.ru/
Touch на Садовнической набережнойРесторан TOUCH,Touch на Садовнической набережнойРесторан TOUCH,74957827752,,https://www.loft2rent.ru/loft/53531/177780
TOWN,TOWN,74951201905,,https://www.loft2rent.ru/loft/5338
Transform.StudioContent,Transform.StudioContent,79267596269,,https://www.loft2rent.ru/loft/110107/125841
Transform.StudioDark,Transform.StudioDark,79267596269,,https://www.loft2rent.ru/loft/110107/125889
Transform.StudioTransform.Loft,Transform.StudioTransform.Loft,79267596269,,https://www.loft2rent.ru/loft/110107/125905
Transneft Trading,Transneft Trading,74957807363,info@rrost.ru,https://www.transneft.ru
TREFF8,TREFF8,79265740511,,https://www.loft2rent.ru/loft/139542
Treff8 Club (Трефф8 Клуб). Двухуровневый клуб под закрытие,Treff8 Club (Трефф8 Клуб). Двухуровневый клуб под закрытие,79584974331,,https://www.reveltime.ru/venue/6494840?eventtype=vecherinka
Trekhgorka creative district,Trekhgorka creative district,74951201133,arenda@profis-realty.ru,https://trekhgorka.ru
TRENERSKAYA,TRENERSKAYA,74950323635,,https://www.loft2rent.ru/loft/1926
Trite Studio,Trite Studio,,info@trite.ru,https://trite.ru
TRY Bar,TRY Bar,79999881945,,https://www.loft2rent.ru/loft/193928/193933
"TT Loft - Лофт с караоке, баром, детской комнатой и мангальной зоной","TT Loft - Лофт с караоке, баром, детской комнатой и мангальной зоной",79253166501,,https://www.loft2rent.ru/loft/184817
Turandot,Turandot,74957390011,welcome@turandot-palace.ru,https://turandot-palace.ru
TV3 Russia,TV3 Russia,74959374039,info@tv3.ru,https://tv3.ru
Tverskoy Boutique Hotel,Tverskoy Boutique Hotel,,,https://ostrovok.ru/hotel/russia/moscow/mid6297673/miniotel_sleepy_tom
Twede's Cafe,Twede's Cafe,78122007818,,https://www.loft2rent.ru/loft/75982
Twenty OneTwenty One Club,Twenty OneTwenty One Club,74951346121,,https://www.loft2rent.ru/loft/86185/86510
Twins Garden,Twins Garden,74954921963,pr@twinsgarden.ru,https://twinsgarden.ru
Umberto,Umberto,74956605353,,https://www.loft2rent.ru/loft/200502
Under (Под). Лаундж пространство,Under (Под). Лаундж пространство,79019397094,,https://www.reveltime.ru/venue/4854211?eventtype=vecherinka
Under (Под). Отдельный зал в лофте,Under (Под). Отдельный зал в лофте,79346657019,,https://www.reveltime.ru/venue/4626506?eventtype=vecherinka
UNDR BAR на ТаганскойБар на Таганской UNDR BAR,UNDR BAR на ТаганскойБар на Таганской UNDR BAR,79857675535,,https://www.loft2rent.ru/loft/40392/40394
Uni Space,Uni Space,79959808091,,https://www.loft2rent.ru/loft/169629/169631
UNIQULTURA,UNIQULTURA,79206288855,,http://uniqultura.ru
"URANIUM - светлый лофт с большим количеством окон, 7 минут от метро","URANIUM - светлый лофт с большим количеством окон, 7 минут от метро",79585782362,,https://www.loft2rent.ru/loft/loftaviator
URBAN,URBAN,74950323635,,https://www.loft2rent.ru/loft/1926
Vadvare,Vadvare,74959907223,,https://alfa.me/db1OAY
Valkirye.loftValkirye.lounge,Valkirye.loftValkirye.lounge,79379441488,,https://www.loft2rent.ru/loft/70359/70363
VC.ru,VC.ru,,deal@cmtt.ru,https://vc.ru
VechesVeches \,VechesVeches \,,,лофт
"Vega Loft - покерный стол, вид на арт-пространство","Vega Loft - покерный стол, вид на арт-пространство",74950080403,,https://www.loft2rent.ru/loft/30985
Veladora,Veladora,74953578548,,http://veladora.ru/
Veraloft Shodnya,Veraloft Shodnya,79169486628,,https://www.loft2rent.ru/loft/121209/121223
Verde Loft (Верде Лофт),Verde Loft (Верде Лофт),79584974084,,https://www.reveltime.ru/venue/8671627?eventtype=vecherinka
Verde Loft двухуровневый лофт в центре с небольшой верандой (chill & sit зона),Verde Loft двухуровневый лофт в центре с небольшой верандой (chill & sit зона),79933450544,,https://www.loft2rent.ru/loft/136868
VERO_LOFTVERO_LOFT&KARAOKE / ИСТИНА_ЛОФТиКАРАОКЕ,VERO_LOFTVERO_LOFT&KARAOKE / ИСТИНА_ЛОФТиКАРАОКЕ,79057373648,,https://www.loft2rent.ru/loft/205597/206697
Vesna Hall,Vesna Hall,79164424246,,https://vesna-hall.ru
VESNA Novaya Riga,VESNA Novaya Riga,74952803898,,https://www.loft2rent.ru/loft/85684/85686
VG Studios Светлый зал в скандинавском стиле,VG Studios Светлый зал в скандинавском стиле,79661277115,,https://www.reveltime.ru/venue/1368765?eventtype=vecherinka
VIBE STUDIOThe Creator,VIBE STUDIOThe Creator,79919898808,,https://www.loft2rent.ru/loft/153507/153509
VibesLoft (ВайбсЛофт),VibesLoft (ВайбсЛофт),79019397046,,https://www.reveltime.ru/venue/6557986?eventtype=vecherinka
VibesLoft (ВайбсЛофт),VibesLoft (ВайбсЛофт),79584974150,,https://www.reveltime.ru/venue/6351007?eventtype=vecherinka
VibesLoft (ВайбсЛофт). Лофт Purple (Пурпурный),VibesLoft (ВайбсЛофт). Лофт Purple (Пурпурный),79584974139,,https://www.reveltime.ru/venue/6402289?eventtype=vecherinka
VibesLoft (ВайбсЛофт). Лофт Луна,VibesLoft (ВайбсЛофт). Лофт Луна,79584974167,,https://www.reveltime.ru/venue/6350795?eventtype=vecherinka
VibesLoft (ВайбсЛофт). Розовый лофт-зал,VibesLoft (ВайбсЛофт). Розовый лофт-зал,79584974150,,https://www.reveltime.ru/venue/6350992?eventtype=vecherinka
Vida loft,Vida loft,74950080403,,https://www.loft2rent.ru/loft/30985
VILLA MR. PINKY,VILLA MR. PINKY,74951201905,,https://www.loft2rent.ru/loft/5338
VINOTEKA,VINOTEKA,74950323635,,https://www.loft2rent.ru/loft/1926
Vintage - атмосферный лофт в винтажном стиле,Vintage - атмосферный лофт в винтажном стиле,79031292578,,https://www.loft2rent.ru/loft/167313
VINYL,VINYL,74950323635,,https://www.loft2rent.ru/loft/1926
Vinylloft белый в центре Москвы,Vinylloft белый в центре Москвы,79773592477,,https://www.loft2rent.ru/loft/vinyl
Vinylloft на Арбате,Vinylloft на Арбате,79773592477,,https://www.loft2rent.ru/loft/vinyl
Vinylloft Терасса с мангалом и двориком с верандой,Vinylloft Терасса с мангалом и двориком с верандой,79773592477,,https://www.loft2rent.ru/loft/vinyl
Vinylloft- Кристалл с зоной барбекю,Vinylloft- Кристалл с зоной барбекю,79773592477,,https://www.loft2rent.ru/loft/vinyl
Viola Left (Виола Левый лофт). Уникальное пространство для мероприятий,Viola Left (Виола Левый лофт). Уникальное пространство для мероприятий,79676928674,,https://www.reveltime.ru/venue/7734623?eventtype=vecherinka
Viola Loft (Виола Лофт). Просторный и светлый лофт с панорамным видом в парк,Viola Loft (Виола Лофт). Просторный и светлый лофт с панорамным видом в парк,79586097164,,https://www.reveltime.ru/venue/7735174?eventtype=vecherinka
VIP LUX апартаменты в Москва-СитиThe Element №1,VIP LUX апартаменты в Москва-СитиThe Element №1,79801239715,,https://www.loft2rent.ru/loft/175184/175188
VIP LUX апартаменты в Москва-СитиThe Element №2,VIP LUX апартаменты в Москва-СитиThe Element №2,79801239715,,https://www.loft2rent.ru/loft/175184/175193
VIP LUX апартаменты в Москва-СитиThe Element №3,VIP LUX апартаменты в Москва-СитиThe Element №3,79801239715,,https://www.loft2rent.ru/loft/175184/175198
VIP LUX апартаменты в Москва-СитиThe Element №4,VIP LUX апартаменты в Москва-СитиThe Element №4,79801239715,,https://www.loft2rent.ru/loft/175184/175223
VIP апартаменты в башнях Москва-СитиIvory dreams №1,VIP апартаменты в башнях Москва-СитиIvory dreams №1,79252042927,,https://www.loft2rent.ru/loft/175171/175181
VIP апартаменты в башнях Москва-СитиIvory dreams №2,VIP апартаменты в башнях Москва-СитиIvory dreams №2,79252042927,,https://www.loft2rent.ru/loft/175171/175221
VIP апартаменты в башнях Москва-СитиIvory dreams №3,VIP апартаменты в башнях Москва-СитиIvory dreams №3,79252042927,,https://www.loft2rent.ru/loft/175171/175230
VIP-зал караоке №1 на Новослободской,VIP-зал караоке №1 на Новослободской,74991163697,,https://www.loft2rent.ru/loft/103317
VIVA DANCE / Вива Дэнс,VIVA DANCE / Вива Дэнс,79689489058,,https://www.loft2rent.ru/loft/133564/133571
VIVA DANCEBLACK GOLD  / Черное золото,VIVA DANCEBLACK GOLD  / Черное золото,79689489058,,https://www.loft2rent.ru/loft/133564/174901
"VIVA DANCEЗал в стиле ""КУБА""","VIVA DANCEЗал в стиле ""КУБА""",79689489058,,https://www.loft2rent.ru/loft/133564/186842
VK,VK,,85d71a895e71448591e0e0b21fa9e7af@stacks.vk,https://vk.com
VK,VK,,events@vk.company,https://vk.company
VK (ВКонтакте),VK (ВКонтакте),,events@vk.company,https://vk.company
VK Fest Moscow,VK Fest Moscow,,,https://vkfest.ru
VK Media,VK Media,,85d71a895e71448591e0e0b21fa9e7af@stacks.vk,https://vk.com
VK Music,VK Music,,85d71a895e71448591e0e0b21fa9e7af@stacks.vk,https://vk.com/music
VK Music Live,VK Music Live,,85d71a895e71448591e0e0b21fa9e7af@stacks.vk,https://vk.com
VK stadium концертный зал,VK stadium концертный зал,79585410041,,https://www.loft2rent.ru/loft/97591
VK Tech,VK Tech,,events@vk.company,https://vk.company
Vkusno i Tochka,Vkusno i Tochka,74957556600,info@qsrsystem.ru,https://vkusnoitochka.ru
Vodorod Film Company,Vodorod Film Company,,hi@vodorodfilm.com,https://vodorodfilm.ru
VOID HALL,VOID HALL,78123171220,,https://www.loft2rent.ru/loft/5338
Vokrug Sveta,Vokrug Sveta,,anastasiya.komarovskaya@shkulev.ru,https://www.vokrugsveta.ru
Volga-Volga,Volga-Volga,78007077661,career@volga-volga.com,https://volga-volga.com
Voltage,Voltage,79031292578,,https://www.loft2rent.ru/loft/167313
Voronin Loft (Воронин Лофт). Лофт-особняк,Voronin Loft (Воронин Лофт). Лофт-особняк,79346642952,,https://www.reveltime.ru/venue/3971131?eventtype=vecherinka
Voronin Loft (Воронин Лофт). Стильный лофт,Voronin Loft (Воронин Лофт). Стильный лофт,79584974331,,https://www.reveltime.ru/venue/6498017?eventtype=vecherinka
VORONIN Берег,VORONIN Берег,79939180493,,https://www.loft2rent.ru/loft/84536
Voyage - уютный лофт из красного кирпича на Бауманской,Voyage - уютный лофт из красного кирпича на Бауманской,79031292578,,https://www.loft2rent.ru/loft/167313
Vozduh StudioVozduh.Studio,Vozduh StudioVozduh.Studio,79060454789,,https://www.loft2rent.ru/loft/164642/164644
Vr Home (Вр Хоум). Лофт,Vr Home (Вр Хоум). Лофт,79852491213,,https://www.reveltime.ru/venue/3325310?eventtype=vecherinka
VR Home АвтозаводскаяLOUNGE с караоке и кальяном в VR HOME на Автозаводской,VR Home АвтозаводскаяLOUNGE с караоке и кальяном в VR HOME на Автозаводской,79852491213,,https://www.loft2rent.ru/loft/37779/39265
VR Home АвтозаводскаяУютный лофт на Автозаводской,VR Home АвтозаводскаяУютный лофт на Автозаводской,79852491213,,https://www.loft2rent.ru/loft/37779/155892
VR Home АвтозаводскаяУютный лофт с виртуальной реальностью + LOUNGE зал с караоке на Автозаводской,VR Home АвтозаводскаяУютный лофт с виртуальной реальностью + LOUNGE зал с караоке на Автозаводской,79852491213,,https://www.loft2rent.ru/loft/37779/41040
VR Home АвтозаводскаяУютный лофт с виртуальной реальностью на Автозаводской,VR Home АвтозаводскаяУютный лофт с виртуальной реальностью на Автозаводской,79852491213,,https://www.loft2rent.ru/loft/37779/37827
VR HOME АкадемическаяЛОФТ метро Ленинский проспект,VR HOME АкадемическаяЛОФТ метро Ленинский проспект,79165948757,,https://www.loft2rent.ru/loft/5884/152833
VR HOME АкадемическаяУютный лофт с виртуальной реальностью,VR HOME АкадемическаяУютный лофт с виртуальной реальностью,79165948757,,https://www.loft2rent.ru/loft/5884/7889
VR Home ТимирязевскаяLOUNGE С КАРАОКЕ И КАЛЬЯНОМ,VR Home ТимирязевскаяLOUNGE С КАРАОКЕ И КАЛЬЯНОМ,79911043146,,https://www.loft2rent.ru/loft/60976/68537
VR Home ТимирязевскаяПространство с панорамой и виртуальной реальностью,VR Home ТимирязевскаяПространство с панорамой и виртуальной реальностью,79911043146,,https://www.loft2rent.ru/loft/60976/61015
VR Home ТимирязевскаяУютный лофт с панорамой,VR Home ТимирязевскаяУютный лофт с панорамой,79911043146,,https://www.loft2rent.ru/loft/60976/155913
VR Home Эксклюзивный уютный лофт с виртуальной реальностью,VR Home Эксклюзивный уютный лофт с виртуальной реальностью,79852491213,,https://www.reveltime.ru/venue/1872981?eventtype=vecherinka
VR клуб,VR клуб,79652301835,,https://www.reveltime.ru/venue/3601962?eventtype=vecherinka
VseSvoi,VseSvoi,79137774230,,https://www.loft2rent.ru/loft/79147
VV&AКрасносельская,VV&AКрасносельская,79104284751,,https://www.loft2rent.ru/loft/196833/196838
VМЕСТЕЛофт со сценой и фотозонами Вместе,VМЕСТЕЛофт со сценой и фотозонами Вместе,79265913185,,https://www.loft2rent.ru/loft/123755/123759
WA Garden,WA Garden,79031088878,wa-garden@wrf.su,https://wa-garden.com/?utm_source=greatlist.com&utm_medium=partner
WA Garden,WA Garden,79031088878,,https://wa-garden.com/
Wave Studio( Студия Волна). Зал Гранд,Wave Studio( Студия Волна). Зал Гранд,79893636021,,https://www.reveltime.ru/venue/5655174?eventtype=vecherinka
Wave.studio / Вэйв студияКвартира,Wave.studio / Вэйв студияКвартира,79150127722,,https://www.loft2rent.ru/loft/116807/122975
West Loft (Вест лофт). Многофункциональный арт-лофт,West Loft (Вест лофт). Многофункциональный арт-лофт,79584974150,,https://www.reveltime.ru/venue/4058729?eventtype=vecherinka
WEST SIDE LOFT на Белорусской с караоке и PS 5 !,WEST SIDE LOFT на Белорусской с караоке и PS 5 !,74993025298,,https://www.loft2rent.ru/loft/66644
WEST SIDE VIP на Белорусской с караоке и PS5 !,WEST SIDE VIP на Белорусской с караоке и PS5 !,74993025298,,https://www.loft2rent.ru/loft/66644
Western loft - просторный лофт в стиле дикого запада,Western loft - просторный лофт в стиле дикого запада,79163809757,,https://www.loft2rent.ru/loft/60562
WHITE,WHITE,74950323635,,https://www.loft2rent.ru/loft/1926
WHITE HALL,WHITE HALL,78123171220,,https://www.loft2rent.ru/loft/5338
White House Лофт,White House Лофт,79774237709,,https://www.loft2rent.ru/loft/123833/123840
White Loft,White Loft,79522841397,,https://www.loft2rent.ru/loft/177148/177150
WHITE LOFT,WHITE LOFT,79215770757,,https://www.loft2rent.ru/loft/177716/177719
White Loft,White Loft,79936053121,,https://www.loft2rent.ru/loft/30979
White Lux Ap Moscow City,White Lux Ap Moscow City,79958998202,,https://www.loft2rent.ru/loft/171815
White Mare - апартаменты,White Mare - апартаменты,79218888879,,https://www.loft2rent.ru/loft/76631
White Mare - дом на воде,White Mare - дом на воде,79218888879,,https://www.loft2rent.ru/loft/76631
White Mare - лофт на воде,White Mare - лофт на воде,79218888879,,https://www.loft2rent.ru/loft/76631
White Rabbit,White Rabbit,74955105101,banquet.whiterabbit@wrf.su,https://whiterabbitmoscow.ru
White rabbit,White rabbit,74955105101,,https://whiterabbitmoscow.ru/ru/
White Rabbit Chef’s Table,White Rabbit Chef’s Table,74951618888,adv@wrf.su,https://whiterabbitfamily.ru
Whitefox на НагатинскойЗал с циклорамой / Вайт Фокс,Whitefox на НагатинскойЗал с циклорамой / Вайт Фокс,79653246648,,https://www.loft2rent.ru/loft/157199/157207
Whitefox на НагатинскойИнтерьерный зал / Вайт Фокс,Whitefox на НагатинскойИнтерьерный зал / Вайт Фокс,79653246648,,https://www.loft2rent.ru/loft/157199/157201
Wine & Crab,Wine & Crab,74951390041,info@winecrab.ru,https://winecrab.ru
Wine Loft,Wine Loft,74950080403,,https://www.loft2rent.ru/loft/30985
WINGS.club (company group)Конференц-зал на Ленинском проспекте,WINGS.club (company group)Конференц-зал на Ленинском проспекте,79264661718,,https://www.loft2rent.ru/loft/77474/181857
WINGS.club (company group)Малый Белый Зал на Ленинском Проспекте,WINGS.club (company group)Малый Белый Зал на Ленинском Проспекте,79264661718,,https://www.loft2rent.ru/loft/77474/170190
Wink,Wink,,partners@wink.ru,https://wink.ru
Wink Production,Wink Production,,partners@wink.ru,https://wink.ru
Winzavod,Winzavod,74959174646,kids@winzavod.ru,https://winzavod.ru
Woman.ru (Shkulev),Woman.ru (Shkulev),,admin@woman.ru,https://www.woman.ru
WOOD,WOOD,74951201905,,https://www.loft2rent.ru/loft/5338
Wood. Вуд. Яркий и уютный лофт,Wood. Вуд. Яркий и уютный лофт,79584974215,,https://www.reveltime.ru/venue/4951857?eventtype=vecherinka
Work Shop Loft (Воркшоп Лофт). Зал 1 с верандой,Work Shop Loft (Воркшоп Лофт). Зал 1 с верандой,79584974089,,https://www.reveltime.ru/venue/3187614?eventtype=vecherinka
Work Shop Loft (Воркшоп Лофт). Зал 10,Work Shop Loft (Воркшоп Лофт). Зал 10,79584974228,,https://www.reveltime.ru/venue/729268?eventtype=vecherinka
Work Shop Loft (Воркшоп Лофт). Зал 11,Work Shop Loft (Воркшоп Лофт). Зал 11,79346695974,,https://www.reveltime.ru/venue/540417?eventtype=vecherinka
Work Shop Loft (Воркшоп Лофт). Зал 2 с верандой,Work Shop Loft (Воркшоп Лофт). Зал 2 с верандой,79346691548,,https://www.reveltime.ru/venue/3265843?eventtype=vecherinka
Work Shop Loft (Воркшоп Лофт). Зал 9,Work Shop Loft (Воркшоп Лофт). Зал 9,79584973975,,https://www.reveltime.ru/venue/2626298?eventtype=vecherinka
WorkShop Loft 1,WorkShop Loft 1,74951203454,,https://www.loft2rent.ru/loft/workshoploft
WorkShop Loft 10,WorkShop Loft 10,74951203454,,https://www.loft2rent.ru/loft/workshoploft
WorkShop Loft 11,WorkShop Loft 11,74951203454,,https://www.loft2rent.ru/loft/workshoploft
WorkShop Loft 2,WorkShop Loft 2,74951203454,,https://www.loft2rent.ru/loft/workshoploft
WorkShop Loft 9,WorkShop Loft 9,74951203454,,https://www.loft2rent.ru/loft/workshoploft
World Class,World Class,,,https://www.worldclass.ru
WOW Land,WOW Land,79999255575,,https://www.loft2rent.ru/loft/178603
"WOW — камерный лофт с караоке в центре, 8 минут от метро","WOW — камерный лофт с караоке в центре, 8 минут от метро",79585782362,,https://www.loft2rent.ru/loft/loftaviator
X-Fit Club (сеть),X-Fit Club (сеть),74951419232,3612191@mail.ru,https://xfit.ru
X-Fit Premium,X-Fit Premium,74951419232,3612191@mail.ru,https://www.xfit.ru
X5 Group,X5 Group,74956628888,,https://www.x5.ru
Ya-cafe 1,Ya-cafe 1,79057975744,,https://www.loft2rent.ru/loft/97970
YA-cafe 2,YA-cafe 2,79057975744,,https://www.loft2rent.ru/loft/97970
YA-cafe 3,YA-cafe 3,79057975744,,https://www.loft2rent.ru/loft/97970
Ya-Loft 1,Ya-Loft 1,79057975744,,https://www.loft2rent.ru/loft/97970
Ya-Loft 2,Ya-Loft 2,79057975744,,https://www.loft2rent.ru/loft/97970
Yar Restaurant,Yar Restaurant,74959602004,banket@yar-restoran.ru,https://yar-restoran.ru
Yota,Yota,,,https://www.yota.ru
You Working,You Working,79259998499,,https://www.loft2rent.ru/loft/121029/121539
You Working Измайловский,You Working Измайловский,79259998499,,https://www.loft2rent.ru/loft/121029
Zafferano Loft,Zafferano Loft,74994902999,,https://www.loft2rent.ru/loft/108473/108495
Zavidovo,Zavidovo,78005505511,booking@zavidovo-golf.ru,https://zavidovo.com
Zetta Insurance,Zetta Insurance,74959671744,customer@zettains.ru,https://www.zettains.ru
Zvezda TV,Zvezda TV,,a.kharkov@caredstar.ru,https://tvzvezda.ru
«ДОНЖОН» - три атмосферных лофта со СПА-зонойЛофт 2,«ДОНЖОН» - три атмосферных лофта со СПА-зонойЛофт 2,79685270202,,https://www.loft2rent.ru/loft/179415/179454
«ДОНЖОН» - три атмосферных лофта со СПА-зонойЛофт 3,«ДОНЖОН» - три атмосферных лофта со СПА-зонойЛофт 3,79685270202,,https://www.loft2rent.ru/loft/179415/179465
«НеДома»,«НеДома»,79020992265,,https://www.loft2rent.ru/loft/208510
ÁMURA,ÁMURA,79851122322,amura.event@gmail.com,http://amuraevent.ru
Úность,Úность,79256020607,,https://www.loft2rent.ru/loft/162570/162604
А53: Secret Gallery (Секретная галерея),А53: Secret Gallery (Секретная галерея),79910172113,,https://www.reveltime.ru/venue/6482549?eventtype=vecherinka
Абракадабра,Абракадабра,79671853333,,https://www.loft2rent.ru/loft/129279
Авангард. Яркий зал с авторским дизайном,Авангард. Яркий зал с авторским дизайном,79346608162,,https://www.reveltime.ru/venue/3316621?eventtype=vecherinka
Авиатор,Авиатор,74998773459,,https://www.loft2rent.ru/loft/aviator
Авиатор,Авиатор,74954780638,,https://www.loft2rent.ru/loft/109926
Авито Банк,Авито Банк,79376152620,avtolombard116@inbox.ru,https://avitobank.ru
АвтоВАЗ (офисы МСК),АвтоВАЗ (офисы МСК),78007005232,,https://www.lada.ru
Автономная Некоммерческая Образовательная организация Высшего Образования «Сколковский Институт Науки и Технологий»,Автономная Некоммерческая Образовательная организация Высшего Образования «Сколковский Институт Науки и Технологий»,74952801481,admissions@skoltech.ru,https://skoltech.ru
Автономная Некоммерческая Общеобразовательная организация «Англо-Американская Школа Москвы»,Автономная Некоммерческая Общеобразовательная организация «Англо-Американская Школа Москвы»,74950098899,card_1@2x.png,https://www.rusprofile.ru/id/11962828
Автономная НО «Национальный Выставочный Оператор»,Автономная НО «Национальный Выставочный Оператор»,74959802443,info@ano-nvo.ru,https://ano-nvo.ru
Автономная НО «Центр Развития Предпринимательства +»,Автономная НО «Центр Развития Предпринимательства +»,74953634429,info@mspmo.ru,https://mspmo.ru/kontakty
Автономная НО Высшего Образования «Московский Международный Университет»,Автономная НО Высшего Образования «Московский Международный Университет»,74994905804,example@site.com,https://mi.university
Автономная НО Высшего Образования «Российский Новый Университет»,Автономная НО Высшего Образования «Российский Новый Университет»,74955444175,20inter_info@rosnou.ru,https://rosnou.ru
Авторский Отель Паррадоссо,Авторский Отель Паррадоссо,,,https://ostrovok.ru/hotel/russia/moscow/mid9716237/avtorskij_hotel_parradosso
Агава лофт,Агава лофт,79585212715,,https://www.loft2rent.ru/loft/144719
АгартаЗал 62м,АгартаЗал 62м,79269091991,,https://www.loft2rent.ru/loft/146099/146101
Агора Лофт,Агора Лофт,79252210265,,https://www.loft2rent.ru/loft/199087/199151
Агророс,Агророс,78002224419,bank@agroros.ru,https://agroros.ru
Адам - Площадка для мероприятий,Адам - Площадка для мероприятий,79939807979,,https://www.loft2rent.ru/loft/181228/181234
Адорнос Пространство премиум-класса на Улице 1905 года,Адорнос Пространство премиум-класса на Улице 1905 года,78004444491,,https://www.reveltime.ru/venue/4608778?eventtype=vecherinka
Азиатско-Тихоокеанский Банк,Азиатско-Тихоокеанский Банк,74162222333,,https://atb.su
Айна,Айна,74951031023,,https://ainarest.ru/
Академия Be ProЗал для конференций,Академия Be ProЗал для конференций,79912843123,,https://www.loft2rent.ru/loft/104965/104967
Академия Be ProЗал для лекций и семинаров,Академия Be ProЗал для лекций и семинаров,79912843123,,https://www.loft2rent.ru/loft/104965/104971
Академия ПСБ,Академия ПСБ,74951981999,,https://www.loft2rent.ru/loft/187927/188114
Аквамарин,Аквамарин,79164961191,,https://www.loft2rent.ru/loft/44815
АКИ.лаб,АКИ.лаб,79150644224,,https://www.loft2rent.ru/loft/141269/141640
Аккредитованное Образовательное Частное учреждение Высшего Образования «Московский Финансово-Юридический Университет Мфюа»,Аккредитованное Образовательное Частное учреждение Высшего Образования «Московский Финансово-Юридический Университет Мфюа»,74952211001,career@mfua.ru,https://www.mfua.ru
Алан,Алан,79150127722,,https://www.loft2rent.ru/loft/116807
Алиби Лофт,Алиби Лофт,79150528083,,https://www.reveltime.ru/venue/4488361?eventtype=vecherinka
Алмазный фонд,Алмазный фонд,,gokhran@gokhran.ru,https://www.gokhran.ru
Алмазэргиэнбанк,Алмазэргиэнбанк,74112342222,bank@albank.ru,https://albank.ru
Альма,Альма,79055733733,,https://www.loft2rent.ru/loft/97743
Альтернатива. Неоновый лофт-зал,Альтернатива. Неоновый лофт-зал,79584974215,,https://www.reveltime.ru/venue/4512046?eventtype=vecherinka
Альтернатива. Светлый игровой зал,Альтернатива. Светлый игровой зал,79584974331,,https://www.reveltime.ru/venue/5935975?eventtype=vecherinka
АМПЕР,АМПЕР,74952924217,,https://www.loft2rent.ru/loft/53255
"АНО ДПО ""ЛРКТ""Общество развития мышления","АНО ДПО ""ЛРКТ""Общество развития мышления",79255575745,,https://www.loft2rent.ru/loft/207711/208571
"Антикафе ""Code505""Erker Loft / Эркер лофт","Антикафе ""Code505""Erker Loft / Эркер лофт",79319645467,,https://www.loft2rent.ru/loft/69071/81355
"Антикафе ""Code505""Светлый лофт с панорамным видом","Антикафе ""Code505""Светлый лофт с панорамным видом",79319645467,,https://www.loft2rent.ru/loft/69071/69460
Антикафе Fun-time,Антикафе Fun-time,79607854421,,https://www.loft2rent.ru/loft/70637/70742
Антикафе «Греча» на м.АэропортКинозал на м.Аэропорт,Антикафе «Греча» на м.АэропортКинозал на м.Аэропорт,79654440309,,https://www.loft2rent.ru/loft/189041/189048
Антикафе «Греча» на м.АэропортЛофт,Антикафе «Греча» на м.АэропортЛофт,79654440309,,https://www.loft2rent.ru/loft/189041/189043
Антикафе Соколиная НораБольшая комната,Антикафе Соколиная НораБольшая комната,79959207860,,https://www.loft2rent.ru/loft/126596/126690
Антикафе Соколиная НораМягкая комната,Антикафе Соколиная НораМягкая комната,79959207860,,https://www.loft2rent.ru/loft/126596/126688
Антикафе Соколиная НораОбщий зал,Антикафе Соколиная НораОбщий зал,79959207860,,https://www.loft2rent.ru/loft/126596/126601
Антресоль,Антресоль,78122133202,,https://twitter.com/sevcableport
Антресоль фотостудии PROSTRANSTVO,Антресоль фотостудии PROSTRANSTVO,74992887790,,https://www.loft2rent.ru/loft/31821
Антуражный кирпичный лофт,Антуражный кирпичный лофт,79937772233,,https://www.loft2rent.ru/loft/27053
АО «3м Россия»,АО «3м Россия»,74957893929,alexander.ali@unitedconsulting.ru,https://3m-shop.su
АО «48 Управление Наладочных Работ»,АО «48 Управление Наладочных Работ»,,info@48unr.ru,https://48unr.ru
АО «53 Центральный Проектный Институт»,АО «53 Центральный Проектный Институт»,74952120771,info@53cpi.ru,https://53cpi.ru/o-kompanii
АО «Авиа Менеджмент Груп»,АО «Авиа Менеджмент Груп»,74957555759,content@aviaport.ru,https://www.aviaport.ru/aviafirms/675
АО «Авиазапчасть»,АО «Авиазапчасть»,74957370526,aviasp@aviazapchast.ru,https://aviazapchast.ru
АО «Авиакомпания «Меридиан»,АО «Авиакомпания «Меридиан»,74955003221,comm@meridian-avia.com,https://meridian-avia.com
АО «Авиационная Сервисная Компания»,АО «Авиационная Сервисная Компания»,,companycardsfeedback@rbc.ru,https://companies.rbc.ru/id/1206200002249-aktsionernoe-obschestvo-natsionalnaya-aviatsionno-servisnaya-kompaniya
АО «Авилон Автомобильная Группа»,АО «Авилон Автомобильная Группа»,74957304408,info@avilon.ru,https://avilon.ru
АО «Авто-Евро»,АО «Авто-Евро»,73472000923,,https://autoeuro.ru
АО «Автобау»,АО «Автобау»,74991121105,,https://autobau.ru
АО «Агроимпэкс»,АО «Агроимпэкс»,78126777700,info@agroimpex.com,https://agroimpex.com
АО «Азимут»,АО «Азимут»,78632260005,avsec@azimuth.ru,https://azimuth.ru/ru
АО «Ай-Теко»,АО «Ай-Теко»,74957771095,income@i-teco.ru,https://www.i-teco.ru
АО «Аквион»,АО «Аквион»,74957807234,,https://akvion.ru
АО «Аксиома»,АО «Аксиома»,74997130613,info@ooo-aksioma.ru,https://ooo-aksioma.ru
АО «Арвиай (Рашен Венчур Инвестментс)»,АО «Арвиай (Рашен Венчур Инвестментс)»,74997500911,info@rvc.ru,https://rvc.ru/en/contacts
АО «Астор»,АО «Астор»,78123193873,astor@astor.ru,http://astor.ru
АО «Атардо»,АО «Атардо»,74951377954,atardo@atardo.com,https://atardo.com
АО «Атомэнергосбыт»,АО «Атомэнергосбыт»,79876543210,,https://atomsbt.ru
АО «Аурат»,АО «Аурат»,74991530617,,https://www.aurat.ru
АО «Аэрокомпозит»,АО «Аэрокомпозит»,74957772101,office@yakovlev.ru,https://yakovlev.ru/structure/aerocomposit
АО «Аэрофьюэлз»,АО «Аэрофьюэлз»,,int@aerofuels.ru,https://www.aerofuels.ru
АО «Байер»,АО «Байер»,79295031150,alligator@alligator.ru,http://alligator.ru
АО «Бамтоннельстрой-Мост»,АО «Бамтоннельстрой-Мост»,74953634445,hello@btsmost.ru,https://www.btsmost.ru
АО «Бетэлтранс»,АО «Бетэлтранс»,,,http://maou33.online
АО «Бик СНГ»,АО «Бик СНГ»,79036732209,oleg.safronov@kidsoboz.ru,https://kanzoboz.ru/firms/bic
АО «Биннофарм»,АО «Биннофарм»,375298951588,adversereaction@drugsafety.ru,https://www.binnopharmgroup.ru
АО «Бриксо»,АО «Бриксо»,78002222377,,https://brixogroup.com
АО «Бурпроммаш»,АО «Бурпроммаш»,,burabakan@yandex.ru,https://burprommash.ru
АО «Вайт Медиа»,АО «Вайт Медиа»,74959811914,casting@weitmedia.com,https://weitmedia.com
АО «Ведомственная Охрана Росатома»,АО «Ведомственная Охрана Росатома»,74957984801,info@agrd.ru,https://agrd.ru
АО «Вист Групп»,АО «Вист Групп»,74956659131,14@2x.png,https://www.zyfra.com/ru/industries/mining
АО «Внешнеэкономическое Объединение «Промсырьеимпорт»,АО «Внешнеэкономическое Объединение «Промсырьеимпорт»,74956974446,,https://vopromsi.ru
АО «Внешстройимпорт»,АО «Внешстройимпорт»,,companycardsfeedback@rbc.ru,https://companies.rbc.ru/id/1117746209690-ao-vneshstrojimport
АО «ВНИИ Радиотехники»,АО «ВНИИ Радиотехники»,,card_1@2x.png,https://www.rusprofile.ru/id/3417308
АО «Во «Безопасность»,АО «Во «Безопасность»,74997695050,safety@vosafety.ru,https://vosafety.ru
АО «Военторг»,АО «Военторг»,,card_1@2x.png,https://www.rusprofile.ru/id/1618190
АО «Воздухотехника»,АО «Воздухотехника»,74959891744,zakaz@mmexpert.ru,https://mmexpert.ru/brands/vozdukhotekhnika
АО «Всероссийский Нефтегазовый НИИ Имени Академика А.П. Крылова»,АО «Всероссийский Нефтегазовый НИИ Имени Академика А.П. Крылова»,73452490595,security_hotline@nestro.ru,https://www.vniineft.ru
АО «Высокотехнологический НИИ Неорганических Материалов Имени Академика А.А. Бочвара»,АО «Высокотехнологический НИИ Неорганических Материалов Имени Академика А.А. Бочвара»,74991908297,spec.chem@rosatom.ru,https://vniinm.tvel.ru
АО «Вюрт-Русь»,АО «Вюрт-Русь»,73433565505,ay.bykov@wurth.ru,https://wurth-rus.ru
АО «Галополимер»,АО «Галополимер»,73422506180,d.verbitskiy@halopolymer.com,https://halopolymer.ru
АО «Гвардиола»,АО «Гвардиола»,73517304747,7702@ldtd.ru,https://xn--d1an.xn--p1ai/geo/sales-points/detail/0193de69-b466-7be6-a77c-2e33be7bd6cb
АО «Гелиос»,АО «Гелиос»,74162990142,,https://skgelios.ru
АО «ГК Маркет»,АО «ГК Маркет»,,companycardsfeedback@rbc.ru,https://companies.rbc.ru/id/1217700389521-aktsionernoe-obschestvo-gk-market
АО «Главкосмос»,АО «Главкосмос»,,mail@glavkosmos.ru,https://glavkosmos.com/ru
АО «Главный Научный Инновационный Внедренческий Центр»,АО «Главный Научный Инновационный Внедренческий Центр»,74959130700,umc@gnivc.ru,https://education.gnivc.ru
АО «Гольфстрим Охранные Системы»,АО «Гольфстрим Охранные Системы»,74959807777,feature-1-mob@2x.jpg,https://gulfstream.ru
АО «государственное НПП «Регион»,АО «государственное НПП «Регион»,74956496989,gnppregion@sovintel.ru,https://gnppregion.ru
АО «Государственный Специализированный Проектный Институт»,АО «Государственный Специализированный Проектный Институт»,,info-bo@rosatom.com,https://www.aogspi.ru
АО «Группа Гмс»,АО «Группа Гмс»,,dva@hms.ru,https://grouphms.ru
АО «Группа Компаний «Монолит»,АО «Группа Компаний «Монолит»,78123183388,info@ao-monolit.ru,https://gkmonolit.info
АО «Дедал-Нв»,АО «Дедал-Нв»,74955893101,info@dedalnvoptics.com,https://dedalnvoptics.com
АО «Деловой Квартал»,АО «Деловой Квартал»,73433565000,davydova@bk-kvartal.ru,https://dk-park.ru
АО «Денвью Лимитэд»,АО «Денвью Лимитэд»,74959809737,contributors@vuestorefront.io,https://maxxium.ru/our-offices
АО «Дорожно-Строительная Компания «Автобан»,АО «Дорожно-Строительная Компания «Автобан»,74956459818,recept@avtoban.ru,https://www.avtoban.ru
АО «Дсу-1»,АО «Дсу-1»,,rating@mail.ru,https://dsu-1.ru
АО «Дхл Интернешнл»,АО «Дхл Интернешнл»,74959561000,,https://express.dhl.ru
АО «Дэлмар Трейдинг»,АО «Дэлмар Трейдинг»,,card_1@2x.png,https://www.rusprofile.ru/id/1237700160081
АО «Европа Уно Трейд»,АО «Европа Уно Трейд»,74955308460,alexander@balloons.spb.ru,https://sharik.ru/company
АО «Европейские Технологии и Сервис»,АО «Европейские Технологии и Сервис»,,companycardsfeedback@rbc.ru,https://companies.rbc.ru/id/1027739444754-ao-evropejskie-tehnologii-i-servis
АО «Желдоравтоматизация»,АО «Желдоравтоматизация»,74959210224,info@zhda.ru,http://www.new.zhda.ru
АО «Железнодорожная Торговая Компания»,АО «Железнодорожная Торговая Компания»,73022500155,,https://rwtk.ru
АО «Завод «Компонент»,АО «Завод «Компонент»,,mail@zavodkomponent.ru,https://zavodkomponent.ru
АО «Завод по Ремонту Электротехнического Оборудования»,АО «Завод по Ремонту Электротехнического Оборудования»,78123465015,advert@eprussia.ru,https://www.eprussia.ru/com/company/844.htm
АО «Завод Протон»,АО «Завод Протон»,74951750022,info@aoproton.ru,https://aoproton.ru
АО «Зинзивер-2000»,АО «Зинзивер-2000»,,companycardsfeedback@rbc.ru,https://companies.rbc.ru/id/1027739890860-ao-zinziver-2000
АО «Иксди Софт»,АО «Иксди Софт»,74959898402,info@xdsoft.ru,https://www.xdsoft.ru/ru/about/contacts
АО «Инвестиционная Компания «Регион»,АО «Инвестиционная Компания «Регион»,,reception@region.ru,https://www.region.ru
АО «Инженерно-Технический Центр «Джэт»,АО «Инженерно-Технический Центр «Джэт»,74957880406,itcget@rosatom.ru,https://get-sim.ru
АО «Инжиниринговая Компания Гидротехсервис»,АО «Инжиниринговая Компания Гидротехсервис»,,gidravlika-rostov@mail.ru,https://gidro-pnevmo.ru
АО «Интерфакс — Цифровые Решения»,АО «Интерфакс — Цифровые Решения»,,,https://group.interfax.ru
АО «Интехком»,АО «Интехком»,74952312139,logo-intechcom-rus-rgb@3x.png,https://intechcom.ru
АО «Инфовотч»,АО «Инфовотч»,74952290022,info@infowatch.ru,https://www.infowatch.ru
АО «Инфолинк»,АО «Инфолинк»,,info@makaroni.ru,http://www.makaroni.ru/about/infolink
АО «Информационные Системы Джет»,АО «Информационные Системы Джет»,74954117601,about-us-bg@2x-min.png,https://jet.su
АО «Информационные Технологии и Коммуникационные Системы»,АО «Информационные Технологии и Коммуникационные Системы»,74957376192,hotline@infotecs.ru,https://infotecs.ru/about
АО «Ионообменные Технологии»,АО «Ионообменные Технологии»,74956275759,ionteh@ioteh.com,https://ioteh.ru
АО «Каширский Двор-Северянин»,АО «Каширский Двор-Северянин»,,companycardsfeedback@rbc.ru,https://companies.rbc.ru/id/1027739179775-ao-kashirskij-dvor-severyanin
АО «Кемико»,АО «Кемико»,74952152013,info@chemi-co.com,https://www.chemi-co.com
АО «Кифа»,АО «Кифа»,375173360478,expo@qifa.by,https://www.qifa.ru
АО «Кольское предприятие «Электрорадиоавтоматика»,АО «Кольское предприятие «Электрорадиоавтоматика»,78153067300,buh@kpera.ru,https://kpera.ru
АО «Компания «Продукт-Сервис»,АО «Компания «Продукт-Сервис»,74732621767,info@product-service.ru,https://product-service.ru
АО «Компэл»,АО «Компэл»,,msk@compel.ru,https://www.compel.ru
АО «Комтэк»,АО «Комтэк»,74951202699,info@comtek-llc.ru,https://comtek-llc.ru
АО «Кондитерско-Булочный Комбинат «Черёмушки»,АО «Кондитерско-Булочный Комбинат «Черёмушки»,,,https://www.slasti.ru
АО «Конструкторское Бюро «Аметист»,АО «Конструкторское Бюро «Аметист»,,info@kb-ametist.com,https://kb-ametist.ru
АО «Конструкторское Бюро «Корунд-М»,АО «Конструкторское Бюро «Корунд-М»,,info@kbkorund.ru,https://kbkorund.ru
АО «Контракт»,АО «Контракт»,74956841935,commercial@kontrakt-oils.ru,https://ao-contract.ru
АО «Концерн Радиостроения «Вега»,АО «Концерн Радиостроения «Вега»,74996008080,vega@mirea.ru,https://vega.mirea.ru/newdesign/concern
АО «Красная Звезда»,АО «Красная Звезда»,74951911551,ivanov@mail.ru,https://redstarprint.ru
АО «Кронштадт»,АО «Кронштадт»,,hr@dmzdubna.ru,https://kronshtadt.ru
АО «Лабквест»,АО «Лабквест»,74951398262,info@labquest.org,https://www.labquest.ru
АО «Лакса Трейдинг»,АО «Лакса Трейдинг»,,card_1@2x.png,https://www.rusprofile.ru/id/1207700478259
АО «Ламбумиз»,АО «Ламбумиз»,74956362736,d.kozlov@lambumiz.com,https://lambumiz.ru
АО «Лифтконнект»,АО «Лифтконнект»,74955804808,info@liftconnect.ru,https://liftconnect.ru
АО «Лп Транс»,АО «Лп Транс»,74956493476,,https://aolptrans.ru
АО «Луговое»,АО «Луговое»,,m.butsykina@taltek.net,https://www.list-org.com/company/4062124
АО «Май Проект»,АО «Май Проект»,,info@myproject.msk.ru,https://myproject.msk.ru
АО «Макомнет»,АО «Макомнет»,74957969000,info@macomnet.ru,https://www.macomnet.ru
АО «Марком»,АО «Марком»,74951377025,info@themarketgroup.ru,https://themarketgroup.ru
АО «Мгао Промжелдортранс»,АО «Мгао Промжелдортранс»,,ppgt@mgoao.ru,https://mgoao.ru
АО «Мегалайт»,АО «Мегалайт»,74953636678,email@email.ru,https://megalight.ru
АО «Медиа Велью»,АО «Медиа Велью»,78003333333,banner-reg@2x.png,https://www.tbank.ru/business/contractor/legal/1027739108484
АО «Медиа Инстинкт»,АО «Медиа Инстинкт»,74959377722,reception@mediainstinctgroup.ru,https://mediainstinctgroup.ru
АО «Медиаскоп»,АО «Медиаскоп»,,pdn-adfact@mediascope.net,https://mediascope.net
АО «Мейджерпак Рус»,АО «Мейджерпак Рус»,74956443467,office@majorpack.ru,https://www.majorpack.ru
АО «Мерседес-Бенц Рус»,АО «Мерседес-Бенц Рус»,78002000206,,https://mbrus.ru
АО «Металлокомплект-М»,АО «Металлокомплект-М»,,card_1@2x.png,https://www.rusprofile.ru/id/373802
АО «Металлсервис»,АО «Металлсервис»,73422480909,contact@mc.ru,https://mc.ru
АО «Модный Континент»,АО «Модный Континент»,,companycardsfeedback@rbc.ru,https://companies.rbc.ru/id/1087746249832-ao-modnyij-kontinent
АО «Монолит-Фундаментстрой»,АО «Монолит-Фундаментстрой»,,,https://bbnt.ru/company-requisites/67087
АО «Мосагроген»,АО «Мосагроген»,74957440645,mag@mosagrogen.ru,https://www.mosagrogen.ru
АО «Московская Инженерно-Строительная Компания»,АО «Московская Инженерно-Строительная Компания»,,info@mis-k.ru,https://www.mis-k.ru
АО «Московские Информационные Технологии»,АО «Московские Информационные Технологии»,,1@pavlov.am,http://mos-it.ru/about.html
АО «Московский Центр Новых Технологий Телекоммуникаций»,АО «Московский Центр Новых Технологий Телекоммуникаций»,74951206300,info@star-pro.ru,https://star-pro.ru/proverka-kontragenta/organization/1027739152418
АО «Московское Протезно-Ортопедическое предприятие»,АО «Московское Протезно-Ортопедическое предприятие»,74953560431,info@mprop.ru,https://mosprop.ru
АО «Мостотрест-Сервис»,АО «Мостотрест-Сервис»,,info@aomtts.ru,https://www.mostotrest-service.ru
АО «Мпс Инжиниринг»,АО «Мпс Инжиниринг»,,2u2@g.xef,https://www.ao-mps.com/website_static/website/ao-mps-presentation.pdf
АО «Мулин Вилла»,АО «Мулин Вилла»,,companycardsfeedback@rbc.ru,https://companies.rbc.ru/id/5157746128953-ao-mulin-villa
АО «Мцст»,АО «Мцст»,74953639665,mcst@mcst.ru,https://www.mcst.ru
"АО «Мясницкая, 35»","АО «Мясницкая, 35»",78003333333,counterparty_landing_crashes_prod@error-hub.tinkoff.ru,https://www.tbank.ru/business/contractor/legal/1027739326658
АО «Навис-Электроника»,АО «Навис-Электроника»,78123226715,sales@navis.spb.ru,https://navis.spb.ru
"АО «Научно-Исследовательский и Проектно-Конструкторский Институт Информатизации, Автоматизации и Связи На Железнодорожном Транспорте»","АО «Научно-Исследовательский и Проектно-Конструкторский Институт Информатизации, Автоматизации и Связи На Железнодорожном Транспорте»",74959677701,a.avtomanov@vniias.ru,https://niias.ru
АО «Научно-Исследовательский и Проектный Центр Газонефтяных Технологий»,АО «Научно-Исследовательский и Проектный Центр Газонефтяных Технологий»,,info@gasoilcenter.ru,https://gasoilcenter.ru
АО «Научно-Производственная Компания «Криптонит»,АО «Научно-Производственная Компания «Криптонит»,74994550413,office.npk@kryptonite.ru,https://kryptonite.ru
АО «Научно-Производственное Объединение «Сканер»,АО «Научно-Производственное Объединение «Сканер»,74994951420,info@medscanner.ru,https://www.medscanner.ru
АО «Научно-Производственное Объединение «Центральный НИИ Технологии Машиностроения»,АО «Научно-Производственное Объединение «Центральный НИИ Технологии Машиностроения»,,agnc@mail.ru,https://agnc.ru/gnc/6202
АО «Научно-Производственный Центр «Эльфа»,АО «Научно-Производственный Центр «Эльфа»,,rating@mail.ru,https://www.elfa.ru
АО «Национальная Сервисная Компания»,АО «Национальная Сервисная Компания»,,companycardsfeedback@rbc.ru,https://companies.rbc.ru/id/1107746687641-ao-natsionalnaya-servisnaya-kompaniya
АО «Национальный Экологический Оператор»,АО «Национальный Экологический Оператор»,375259948564,info@investprojects.info,https://investprojects.info/holding/national-ecological-operator
АО «Нацрыбпром»,АО «Нацрыбпром»,,info@fishmsk.ru,https://fishmsk.ru
АО «Нвбс»,АО «Нвбс»,74997000505,info@nvbs.ru,https://www.nvbs.ru
АО «Независимая Энергетическая Компания»,АО «Независимая Энергетическая Компания»,74955144468,nek@nekgroup.com,https://www.tek-all.ru/companies/928-nezavisimaya-energeticheskaya-kompaniya
АО «Нетрис»,АО «Нетрис»,,info@netris.ru,https://www.netris.ru
АО «Нефтяная Компания «Нефтиса»,АО «Нефтяная Компания «Нефтиса»,,card_1@2x.png,https://www.rusprofile.ru/id/2657708
АО «НИИ Технической Физики и Автоматизации»,АО «НИИ Технической Физики и Автоматизации»,74957308010,kancelaria@niitfa.ru,https://niitfa.ru
АО «Нитро Сибирь»,АО «Нитро Сибирь»,74992670385,glmaslov@nitros.ru,https://nitros.ru
АО «НПП Класс»,АО «НПП Класс»,74955140244,class@classcom.ru,https://classcom.ru
АО «Нэпт»,АО «Нэпт»,,card_1@2x.png,https://www.rusprofile.ru/id/1018466
АО «О1 Стандарт»,АО «О1 Стандарт»,74955400090,info@o1standard.bz,https://www.standard.bz/about
АО «Оборонэнерго»,АО «Оборонэнерго»,,info@cn.oen.su,https://oboronenergo.su
АО «Объединенная Вагоноремонтная Компания»,АО «Объединенная Вагоноремонтная Компания»,,info@ovrk.ru,https://ovrk.ru
АО «Объединенная Транспортно-Логистическая Компания — Евразийский Железнодорожный Альянс»,АО «Объединенная Транспортно-Логистическая Компания — Евразийский Железнодорожный Альянс»,74959959591,anticorr@utlc.com,https://www.utlc.com
АО «Олимп»,АО «Олимп»,74956907724,logo-white@2x.png,https://arbat-centr.ru/o-kompanii
АО «Омк-Сервис»,АО «Омк-Сервис»,,companycardsfeedback@rbc.ru,https://companies.rbc.ru/id/1027709010856-ao-omk-servis
АО «Оптиматехностимул»,АО «Оптиматехностимул»,375172840574,akzhan@interfax.kz,https://spark-interfax.ru/moskva-obruchevski/ao-optimatekhnostimul-inn-7709354490-ogrn-1027739409719-8a41de3cd9e947be90a0b0fa46886289
АО «Открытие Брокер»,АО «Открытие Брокер»,74952234080,media@cbr.ru,https://cbr.ru/finorg/foinfo/?ogrn=1027739704772
АО «Открытые Технологии 98»,АО «Открытые Технологии 98»,74957870888,info@ot.ru,https://www.ot.ru/about/head
АО «Первый Канал»,АО «Первый Канал»,74956175135,adv@1tv.com,https://www.1tv.com/corp/contacts
АО «Первый Московский Приборостроительный Завод Им. В.А. Казакова»,АО «Первый Московский Приборостроительный Завод Им. В.А. Казакова»,74996438585,oborud-info@mail.ru,https://www.oborudunion.ru/company/2554181
АО «Петролеум Аналистс»,АО «Петролеум Аналистс»,78005550261,info@onlineecology.com,https://onlineecology.com/org/ao-petroleum-analists
АО «Петросах»,АО «Петросах»,,market@petrosakh.ru,http://www.petrosakh.ru/contacts
АО «Поляны»,АО «Поляны»,,mail@mining-portal.ru,https://www.mining-portal.ru/companies/taltek/oao---polyanyi--
АО «Приборы»,АО «Приборы»,78005000136,,https://ikt-gik.ru/reestr/aktsionernoe-obshchestvo-pribory
АО «Прин»,АО «Прин»,73012392737,2155150@bk.ru,https://prin.ru
АО «Производственное Объединение «Спецтехника Пожаротушения»,АО «Производственное Объединение «Спецтехника Пожаротушения»,74956279895,aleksander.udalov@paffst.com,https://checko.ru/company/po-spectekhnika-pozharotusheniya-5087746134152
АО «Промстройконтракт»,АО «Промстройконтракт»,74994442480,info@psk-holding.ru,https://psk-holding.ru
АО «Промышленно-Финансовая Компания»,АО «Промышленно-Финансовая Компания»,74959010250,info@p-f-k.pro,https://p-f-k.pro/about
АО «Промышленные Инновации»,АО «Промышленные Инновации»,74997500366,anticorruption@promin.ru,https://prominn.tvel.ru/about-company
АО «Птс»,АО «Птс»,70173072000,aka_2001@mail.ru,https://xn----8sbgim8bcqi.xn--p1ai
АО «Рдтех Разумные Деловые Технологии»,АО «Рдтех Разумные Деловые Технологии»,74959950999,die@mail.ru,https://rdtex.ru
АО «РЕГИОНЫ-ЭНТЕРТЕЙНМЕНТ»,АО «РЕГИОНЫ-ЭНТЕРТЕЙНМЕНТ»,78005001644,arrow-ui-corner-out-up-right-64-regular@2x.png,https://focus.kontur.ru/site/populyarnye-kompanii-v-focuse/moskva
АО «Регионы-Энтертейнмент»,АО «Регионы-Энтертейнмент»,,companycardsfeedback@rbc.ru,https://companies.rbc.ru/id/1137746139640-ao-regionyi-entertejnment
АО «Резинекс Рус»,АО «Резинекс Рус»,,card_1@2x.png,https://www.rusprofile.ru/id/315502
АО «Ривьера»,АО «Ривьера»,74951978787,info@imperial-garden.ru,https://imperialgarden.ru
АО «Рнг»,АО «Рнг»,74952879518,office@rngoil.ru,https://rngoil.ru
АО «Росгеология»,АО «Росгеология»,,card_1@2x.png,https://www.rusprofile.ru/id/3292644
АО «Росжелдорпроект»,АО «Росжелдорпроект»,74956601520,1520@rzdp.ru,https://www.rzdp.ru
АО «Роснефтегаз»,АО «Роснефтегаз»,,card_1@2x.png,https://www.rusprofile.ru/id/901938
АО «Рособоронэкспорт»,АО «Рособоронэкспорт»,,,https://roe.ru
АО «Россети Цифра»,АО «Россети Цифра»,74959823020,a.nemoshkalov@securitycode.ru,https://www.securitycode.ru/where_to_buy/partners/rosseti-tsifra-ao
АО «Российская Электроника»,АО «Российская Электроника»,74957774282,info@ruselectronics.ru,https://www.ruselectronics.ru
АО «Росспиртпром»,АО «Росспиртпром»,,info@rosspirtprom.ru,https://www.rosspirtprom.ru
АО «Росэнерготорг»,АО «Росэнерготорг»,78005000136,,https://ikt-gik.ru/reestr/aktsionernoe-obshchestvo-rosenergotorg
АО «Рпк-2»,АО «Рпк-2»,,companycardsfeedback@rbc.ru,https://companies.rbc.ru/id/1027739674324-ao-aktsionernoe-obschestvo-rpk-2
АО «Рт-Охрана»,АО «Рт-Охрана»,74956439899,bash@rtguard.ru,https://siber.ru/contacts/filials/rtohrana
АО «Рт-Техприемка»,АО «Рт-Техприемка»,74952872587,hotline@rostec.ru,https://rttec.ru
АО «Рта Эйр Энд Си»,АО «Рта Эйр Энд Си»,,companycardsfeedback@rbc.ru,https://companies.rbc.ru/id/1027739920230-ao-dsv-ejr-end-si
АО «Ртдс Центр»,АО «Ртдс Центр»,74951720135,,https://rtds.ru/kontakty
АО «Руна»,АО «Руна»,74952607888,arzumanyan_t@runa.ru,https://www.runa.ru
АО «Рус-Авто»,АО «Рус-Авто»,79854108086,example@mail.ru,https://cargotime.ru/carriers/rus-avto
АО «Русбумторг»,АО «Русбумторг»,74953693564,secretar@rusbumtorg.ru,https://www.rusbumtorg.ru
АО «Русская Контейнерная Компания»,АО «Русская Контейнерная Компания»,74951999901,info@ruscont.com,https://boomin.ru/kompanii/birzhevyye-kompanii/russkaya-konteynernaya-kompaniya
АО «Русские Вертолетные Системы»,АО «Русские Вертолетные Системы»,74957889215,auc@helisystems.ru,https://helisystems.ru
АО «Рфк»,АО «Рфк»,74994954530,aorfk@aorfk.ru,https://aorfk.ru
АО «Саммит»,АО «Саммит»,74952814294,artbar@continental-hotel.ru,https://continental-hotel.ru/legal-information
АО «Саско-Навигатор»,АО «Саско-Навигатор»,74954878710,office@sn-navigator.ru,https://sn-navigator.ru
АО «Связьстройдеталь»,АО «Связьстройдеталь»,73433025434,ekb@ssd.ru,https://ssd.ru
АО «Север»,АО «Север»,78336146135,example@site.ru,https://aosever.ru
АО «Северный Порт»,АО «Северный Порт»,78126770000,clients@legenda-dom.ru,https://flats.legenda-dom.ru/projects/severniyport
АО «Сеть Телевизионных Станций»,АО «Сеть Телевизионных Станций»,,card_1@2x.png,https://www.rusprofile.ru/id/4038780
АО «Символмед»,АО «Символмед»,,info@symbolmed.ru,http://symbolmed.ru
АО «Сити-XXI Век»,АО «Сити-XXI Век»,74959338855,post@city21.ru,https://city21.ru
АО «Скад Тех»,АО «Скад Тех»,74953748032,info@scad.su,https://scadtech.ru
АО «Смарт Энерго Трейд»,АО «Смарт Энерго Трейд»,,employers@dreamjob.ru,https://nn.hh.ru/employer/2179465
АО «Смартлог»,АО «Смартлог»,,cs@smtlog.com,https://smtlog.com/ru
АО «Смерфит Каппа Рус»,АО «Смерфит Каппа Рус»,78002220909,info.okulovka@kapparus.ru,https://kapparus.ru
АО «Социум Трейд»,АО «Социум Трейд»,,companycardsfeedback@rbc.ru,https://companies.rbc.ru/id/1197746715704-aktsionernoe-obschestvo-sotsium-trejd
АО «Специальное Конструкторское Бюро «Истра»,АО «Специальное Конструкторское Бюро «Истра»,74959951968,,https://istra-trade.ru
АО «Спецмашмонтаж»,АО «Спецмашмонтаж»,,smm@znamenka.net,https://aosmm.ru
АО «Спортбет»,АО «Спортбет»,74957889668,info@sportbet.ru,https://legal.sportbet.ru
АО «Стик»,АО «Стик»,375172840574,akzhan@interfax.kz,https://spark-interfax.ru/moskva-arbat/ao-stik-inn-7710447491-ogrn-1027710030061-2dc4984e0e1e45de8af5d34463ae6521
АО «Стокманн»,АО «Стокманн»,,card_1@2x.png,https://www.rusprofile.ru/id/1991386
АО «Строительная Компания Флан-М»,АО «Строительная Компания Флан-М»,74991589743,info@flan.ru,https://www.flan.ru
АО «Строй-Трест»,АО «Строй-Трест»,74997554090,52sttrest@mail.ru,http://sttrest.ru
АО «Стройтехнология»,АО «Стройтехнология»,78005517317,info@str-tech.ru,https://str-tech.ru
АО «Талтэк»,АО «Талтэк»,73852386601,info@taltek.net,https://www.taltek.net
АО «Тввд»,АО «Тввд»,73812432432,info@alterplast.ru,https://www.alterplast.ru
АО «ТД-Экопродукт»,АО «ТД-Экопродукт»,,ecolife@ecoproduct.ru,https://www.ecoproduct.ru
АО «Текон-Инжиниринг»,АО «Текон-Инжиниринг»,74955144468,tinfo@tecon.ru,https://www.tek-all.ru/companies/819-tekon-inzhiniring
АО «Теконгруп»,АО «Теконгруп»,74955144468,info@tecon.ru,https://www.tek-all.ru/companies/1390-tekongrup
АО «Телеканал Рбк»,АО «Телеканал Рбк»,74953631111,letters@rbc.ru,https://tv.rbc.ru
АО «Тематика»,АО «Тематика»,,mail@orion-debt.ru,https://www.list-org.com/company/669123
АО «Технологическое Бурение»,АО «Технологическое Бурение»,74951206300,info@star-pro.ru,https://star-pro.ru/proverka-kontragenta/organization/1037729005830
АО «Торгово-Промышленная Группа «Кунцево»,АО «Торгово-Промышленная Группа «Кунцево»,74959214655,admin@kuntsevo.ru,https://kuntsevo.ru
АО «Торговый Дом «Партнер»,АО «Торговый Дом «Партнер»,,card_1@2x.png,https://www.rusprofile.ru/id/3185868
АО «Торговый Дом Ббк»,АО «Торговый Дом Ббк»,74955874082,bbk-support@bbk.ru,https://bbk.ru
АО «Трансвудсервис»,АО «Трансвудсервис»,,card_1@2x.png,https://www.rusprofile.ru/id/3240401
АО «Транскласссервис»,АО «Транскласссервис»,,card_1@2x.png,https://www.rusprofile.ru/id/3683380
АО «Транснефть-Метрология»,АО «Транснефть-Метрология»,78137862999,secretary@ptport.ru,https://ptport.ru/sites
АО «Трест Гидромонтаж»,АО «Трест Гидромонтаж»,,buxroopavino@mail.ru,https://www.list-org.com/company/2081475
АО «Тринфико»,АО «Тринфико»,74957252500,info@trinfico.com,https://trinfico.com
АО «Тэк-Торг»,АО «Тэк-Торг»,74957348118,anticorr@tektorg.ru,https://www.tektorg.ru
АО «УК «Отель Менеджмент»,АО «УК «Отель Менеджмент»,,img01@3x.jpg,https://www.gosthotels.ru
АО «УК «Первая»,АО «УК «Первая»,74952580534,gov@first-am.ru,https://first-am.ru
АО «УК «Стиф»,АО «УК «Стиф»,74951233406,1022d@mail.ru,https://saby.ru/profile/7743334380-770701001
АО «УК Диасофт»,АО «УК Диасофт»,73422582575,cheb@diasoft.ru,https://www.diasoft.ru
АО «УК Эфко»,АО «УК Эфко»,78002007080,a.chamara@efko.ru,https://www.efko.ru
"АО «УКС инженерных коммуникаций, сооружений и дорог»","АО «УКС инженерных коммуникаций, сооружений и дорог»",74951206300,info@star-pro.ru,https://star-pro.ru/proverka-kontragenta/organization/1037700055326
АО «Укс»,АО «Укс»,781213231616,uks@uks.ru,https://www.uks.ru
АО «Универсальная Лизинговая Компания»,АО «Универсальная Лизинговая Компания»,73842233220,cs@ulk.ru,https://www.ulk.ru
АО «Управление Административными Зданиями»,АО «Управление Административными Зданиями»,,it.mzio@bashkortostan.ru,https://mzio.bashkortostan.ru/about/suborg/2361
АО «Управление Транспортных Перевозок»,АО «Управление Транспортных Перевозок»,74951206300,info@star-pro.ru,https://star-pro.ru/proverka-kontragenta/organization/1027700371742
АО «Уралтранссвязь»,АО «Уралтранссвязь»,375172840574,akzhan@interfax.kz,https://spark-interfax.ru/moskva-begovoi/ao-uraltranssvyaz-inn-7714474168-ogrn-1217400025270-0a07f532ced947fb8b817bb613074d7f
АО «федеральная Корпорация по Развитию Малого и Среднего Предпринимательства»,АО «федеральная Корпорация по Развитию Малого и Среднего Предпринимательства»,78001001100,info@corpmsp.ru,https://corpmsp.ru
АО «Финстрой»,АО «Финстрой»,,info@fin-sm.ru,https://fin-sm.ru
АО «Фирма Энергозащита»,АО «Фирма Энергозащита»,,energozaschita@egz.ru,https://www.egz.ru
АО «Форт Технология»,АО «Форт Технология»,,companycardsfeedback@rbc.ru,https://companies.rbc.ru/id/1027700334419-ao-fort-tehnologiya
АО «Форт»,АО «Форт»,,info@aofort.ru,https://aofort.ru
АО «Форум Электро»,АО «Форум Электро»,74956496971,contact.cherepovets@forumgroup.ru,https://www.forumgroup.ru
АО «Х5 Синергия»,АО «Х5 Синергия»,,companycardsfeedback@rbc.ru,https://companies.rbc.ru/id/1122651017510-ao-h5-sinergiya
АО «Хлебокомбинат «Пролетарец»,АО «Хлебокомбинат «Пролетарец»,74956744740,dl_fb_ru_hlebnydom_telsale@khleb.ru,https://www.proletarets.ru
АО «Хоневелл»,АО «Хоневелл»,,order@honeywellrussia.ru,https://honeywellrussia.ru
АО «Центр Взаимодействия Компьютерных Сетей «Мск-IX»,АО «Центр Взаимодействия Компьютерных Сетей «Мск-IX»,,antipenko@2x.png,https://www.msk-ix.ru
АО «Центральный Научно-Исследовательский Радиотехнический Институт Имени Академика А.И. Берга»,АО «Центральный Научно-Исследовательский Радиотехнический Институт Имени Академика А.И. Берга»,74957555759,content@aviaport.ru,https://www.aviaport.ru/aviafirms/3265
АО «Центральный НИИ «Дельфин»,АО «Центральный НИИ «Дельфин»,74951976714,,http://niidelfin.ru
АО «Центральный Совет по Туризму и Отдыху» (Холдинг),АО «Центральный Совет по Туризму и Отдыху» (Холдинг),74959592278,,https://www.cctr.ru
АО «Центурион Альянс»,АО «Центурион Альянс»,,keshina@euro-park.ru,https://www.list-org.com/company/64827
АО «Черкизовский Мясоперерабатывающий Завод»,АО «Черкизовский Мясоперерабатывающий Завод»,78002341150,sk@cherkizovo.com,https://www.cherkizovo.ru
АО «Шенкер»,АО «Шенкер»,74957772585,example@mail.ru,https://cargotime.ru/carriers/db-schenker
АО «Экстэс-Транспорт»,АО «Экстэс-Транспорт»,,companycardsfeedback@rbc.ru,https://companies.rbc.ru/id/1027700270366-ao-ekstes-transport
АО «Электросетьстройпроект»,АО «Электросетьстройпроект»,74952347120,avers@essp.ru,https://essp.ru
АО «Элма»,АО «Элма»,2089614335558,bespalova.al@elmagroup.ru,https://elmagroup.ru
АО «Энергоремонт»,АО «Энергоремонт»,74953654329,info@energrem.ru,http://energrem.ru
АО «Энергосбытовая Компания «Восток»,АО «Энергосбытовая Компания «Восток»,78002502874,pressa@vostok-electra.ru,https://tyumen.vostok-electra.ru
АО «Юхол»,АО «Юхол»,375172840574,akzhan@interfax.kz,https://spark-interfax.ru/moskva-dorogomilovo/ao-yukhol-inn-7730251105-ogrn-1197746323202-8935d05c3090579fe0531b9aa8c0dd06
АО «Ямалдорстрой»,АО «Ямалдорстрой»,74956696742,info@yamaldorstroy.ru,https://yamaldorstroy.ru
АО Вертикаль,АО Вертикаль,,dgo@kran-vertikal.ru,https://kran-vertikal.ru
АО Владимирский Комбинат Хлебопродуктов «Мукомол»,АО Владимирский Комбинат Хлебопродуктов «Мукомол»,74922320409,194-14-28snab@mukomol.com,https://mukomol.com/contacts
АО Группа Компаний «315 Унр»,АО Группа Компаний «315 Унр»,74991769119,yev@gk315unr.ru,https://checko.ru/company/gk-315-unr-1097746691690
АО Инвестиционная Фирма «Олма»,АО Инвестиционная Фирма «Олма»,,head@olma.ru,http://www.olma.ru
АО Компания «Торговый Дом Аллерген»,АО Компания «Торговый Дом Аллерген»,,tazeev@allergen.ru,https://www.allergen.ru
АО Мтз Трансмаш,АО Мтз Трансмаш,74957803760,hr@mtz-transmash.ru,https://mtz-transmash.ru
АО Научно-Инвестиционный Центр «Кабельные Технологии»,АО Научно-Инвестиционный Центр «Кабельные Технологии»,,info@cabletech.ru,https://cabletech.ru
АО Научно-Инженерное предприятие «Информзащита»,АО Научно-Инженерное предприятие «Информзащита»,74959802345,market@infosec.ru,https://www.infosec.ru
АО Научно-Производственная Корпорация «Нк.ЛТД»,АО Научно-Производственная Корпорация «Нк.ЛТД»,,companycardsfeedback@rbc.ru,https://companies.rbc.ru/id/1027739052879-ao-nauchno-proizvodstvennaya-korporatsiya-nkltd
АО Научно-Производственный Центр «Электронные Вычислительно-Информационные Системы»,АО Научно-Производственный Центр «Электронные Вычислительно-Информационные Системы»,74959133251,secretary@elvees.com,https://elvees.ru
АО Научно-Технический Центр «Ландата»,АО Научно-Технический Центр «Ландата»,,info@landata.ru,https://www.landata.ru
АО Научно-Технический Центр «Модуль»,АО Научно-Технический Центр «Модуль»,74955313080,info@module.ru,https://www.module.ru
"АО по Наладке, Совершенствованию Эксплуатации и Организации Управления Атомных Станций «Атомтехэнерго»","АО по Наладке, Совершенствованию Эксплуатации и Организации Управления Атомных Станций «Атомтехэнерго»",74952878819,gios@atech.ru,https://atech.ru
АО по Производству Мостовых Железобетонных Конструкций «Мостожелезобетонконструкция»,АО по Производству Мостовых Железобетонных Конструкций «Мостожелезобетонконструкция»,74959939422,ivanov@company.ru,https://www.mzhbkdmitrov.ru/contacts
АО СК «Ритейл»,АО СК «Ритейл»,78115338685,admin@fishnet.ru,https://www.fishnet.ru/companies/19359
АО Торговый Дом «Галион»,АО Торговый Дом «Галион»,74959811775,centr@expocentr.ru,https://galiongroup.ru
АО Транспортная Компания «Спецнефтетранс»,АО Транспортная Компания «Спецнефтетранс»,74996162233,office@sntrans.ru,https://sntrans.ru
АО Финансовая Группа «Эверест»,АО Финансовая Группа «Эверест»,74993729505,info@fg-everest.ru,https://fg-everest.ru
АО Холдинговая Компания «Главное Всерегиональное Строительное Управление «Центр»,АО Холдинговая Компания «Главное Всерегиональное Строительное Управление «Центр»,,info@dgp.mos.ru,https://stroimprosto.mos.ru/mtsk/organizations/45574
Апарамент в Москва Сити 54 этаж,Апарамент в Москва Сити 54 этаж,79021444676,,https://www.loft2rent.ru/loft/19512
"Апарт-отель ""Анис СтайлБанкетный зал ""Амарант""","Апарт-отель ""Анис СтайлБанкетный зал ""Амарант""",74951233294,,https://www.loft2rent.ru/loft/125358/125450
"Апарт-отель ""Анис СтайлКонференц-залы ""Шафран"" и ""Мускат""","Апарт-отель ""Анис СтайлКонференц-залы ""Шафран"" и ""Мускат""",74951233294,,https://www.loft2rent.ru/loft/125358/125366
Апарт-отель Adagio Москва Павелецкая,Апарт-отель Adagio Москва Павелецкая,,,https://ostrovok.ru/hotel/russia/moscow/mid7864897/adagio_moscow_paveletskaya_4
Апарт-отель Ap-in,Апарт-отель Ap-in,,,https://ostrovok.ru/hotel/russia/moscow/mid9996446/apin_aparts
Апарт-отель Diamond Apartments,Апарт-отель Diamond Apartments,,,https://ostrovok.ru/hotel/russia/moscow/mid8869265/hotel_diamond_apartments
Апарт-отель Idera,Апарт-отель Idera,,,https://ostrovok.ru/hotel/russia/moscow/mid13106596/idera_hotel
Апарт-отель Intermark Residence,Апарт-отель Intermark Residence,,,https://ostrovok.ru/hotel/russia/moscow/mid9024447/intermark_residence_apartments
Апарт-отель Mamaison All-Suites Spa Pokrovka Moscow,Апарт-отель Mamaison All-Suites Spa Pokrovka Moscow,,,https://ostrovok.ru/hotel/russia/moscow/mid7590428/mamaison_allsuites_spa_hotel_pokrovka
Апарт-отель Norke Prime Сретенка,Апарт-отель Norke Prime Сретенка,,,https://ostrovok.ru/hotel/russia/moscow/mid10864367/apartotel_norke_prime_sretenskaya
Апарт-Отель Page 20,Апарт-Отель Page 20,,,https://ostrovok.ru/hotel/russia/moscow/mid9768720/page_20
Апарт-отель Yes Technopark,Апарт-отель Yes Technopark,,,https://ostrovok.ru/hotel/russia/moscow/mid10151494/apartotel_yes_technopark
Апарт-отель «﻿На высоте﻿»,Апарт-отель «﻿На высоте﻿»,,,https://ostrovok.ru/hotel/russia/moscow/mid9210977/panorama_aparthotel
Апарт-отель Адажио Москва Киевская,Апарт-отель Адажио Москва Киевская,,,https://ostrovok.ru/hotel/russia/moscow/mid9204547/adazhio_moskva_kievskaya_aparthotel
Апарт-отель Анис Стайл Москва Октябрьское Поле,Апарт-отель Анис Стайл Москва Октябрьское Поле,,,https://ostrovok.ru/hotel/russia/moscow/mid10437053/anisstayl_moskva_oktyabryskoye_pole_aparthotel
Апарт-Отель Веста,Апарт-Отель Веста,,,https://ostrovok.ru/hotel/russia/moscow/mid10161790/vesta_aparthotel
Апарт-отель Веста Подлипки,Апарт-отель Веста Подлипки,,,https://ostrovok.ru/hotel/russia/moscow/mid13290973/vesta_podlipki_apartment_hotel
Апарт-отель Гринстоун,Апарт-отель Гринстоун,,,https://ostrovok.ru/hotel/russia/moscow/mid10093965/greenstone_apartmens
Апарт-отель Международная,Апарт-отель Международная,,,https://ostrovok.ru/hotel/russia/moscow/mid8748311/apartment_hotel_mezhdunarodnaya
Апарт-отель Окно,Апарт-отель Окно,,,https://ostrovok.ru/hotel/russia/moscow/mid13285109/apartment_hotel_okno_butik_aparthotel
Апарт-отель Петровский парк Syncotel,Апарт-отель Петровский парк Syncotel,,,https://ostrovok.ru/hotel/russia/moscow/mid10591033/travelto_petrovskiy_park_aparthotel
Апарт-отель Тета Измайлово,Апарт-отель Тета Измайлово,,,https://ostrovok.ru/hotel/russia/moscow/mid13314245/teta_izmaylovo_hotel
Апарт-отель Ханой-Москва,Апарт-отель Ханой-Москва,,,https://ostrovok.ru/hotel/russia/moscow/mid8495398/in_mfk_hanoymoskva_aparthotel
"Апартаменты Sky City Moscow Особенный вид на Лужники, Парк Победы, башни и город!","Апартаменты Sky City Moscow Особенный вид на Лужники, Парк Победы, башни и город!",79958998202,,https://www.loft2rent.ru/loft/171815
Апартаменты в Москва Сити посуточно и почасово38 SPB Лучший вид - так называемый золотой угол.,Апартаменты в Москва Сити посуточно и почасово38 SPB Лучший вид - так называемый золотой угол.,79534678202,,https://www.loft2rent.ru/loft/27218/82702
Апартаменты в Москва Сити посуточно и почасово42 этаж иделаьная Лаундж зона в апартаментах Москва Сити,Апартаменты в Москва Сити посуточно и почасово42 этаж иделаьная Лаундж зона в апартаментах Москва Сити,79534678202,,https://www.loft2rent.ru/loft/27218/196078
Апартаменты в Москва Сити посуточно и почасово47 Room Moscow City OKO Tower,Апартаменты в Москва Сити посуточно и почасово47 Room Moscow City OKO Tower,79534678202,,https://www.loft2rent.ru/loft/27218/54261
Апартаменты в Москва Сити посуточно и почасово69 этаж 3 комнаты угловой с видом на Radison в Москва Сити,Апартаменты в Москва Сити посуточно и почасово69 этаж 3 комнаты угловой с видом на Radison в Москва Сити,79534678202,,https://www.loft2rent.ru/loft/27218/196072
Апартаменты в Москва Сити посуточно и почасово69 Этаж Москва Сити Премиальный апартамент Apartments-city.ru,Апартаменты в Москва Сити посуточно и почасово69 Этаж Москва Сити Премиальный апартамент Apartments-city.ru,79534678202,,https://www.loft2rent.ru/loft/27218/73445
Апартаменты в Москва Сити посуточно и почасово71 этаж в Москва Сити с видом на всю Столицу,Апартаменты в Москва Сити посуточно и почасово71 этаж в Москва Сити с видом на всю Столицу,79534678202,,https://www.loft2rent.ru/loft/27218/102965
Апартаменты в Москва Сити посуточно и почасовоApartments city 57 этаж 3 комнаты Угловой! Бесценный вид с больших окон в Москва Сити,Апартаменты в Москва Сити посуточно и почасовоApartments city 57 этаж 3 комнаты Угловой! Бесценный вид с больших окон в Москва Сити,79534678202,,https://www.loft2rent.ru/loft/27218/196088
Апартаменты в Москва Сити посуточно и почасовоApartments City ru 230 метров Угловой большой апартамент в Москва Сити с видом на башни и город!,Апартаменты в Москва Сити посуточно и почасовоApartments City ru 230 метров Угловой большой апартамент в Москва Сити с видом на башни и город!,79534678202,,https://www.loft2rent.ru/loft/27218/196102
Апартаменты в Москва Сити посуточно и почасовоApartments City ru Шикарный лофт на 50 этаже в Москва Сити 200 метров,Апартаменты в Москва Сити посуточно и почасовоApartments City ru Шикарный лофт на 50 этаже в Москва Сити 200 метров,79534678202,,https://www.loft2rent.ru/loft/27218/196083
Апартаменты в Москва Сити посуточно и почасовоApartments-city ru 28 Brilliant Apartment,Апартаменты в Москва Сити посуточно и почасовоApartments-city ru 28 Brilliant Apartment,79534678202,,https://www.loft2rent.ru/loft/27218/43218
Апартаменты в Москва Сити посуточно и почасовоApartments-city ru 42 Relax Apartment,Апартаменты в Москва Сити посуточно и почасовоApartments-city ru 42 Relax Apartment,79534678202,,https://www.loft2rent.ru/loft/27218/32939
Апартаменты в Москва Сити посуточно и почасовоApartments-city ru 46 Black,Апартаменты в Москва Сити посуточно и почасовоApartments-city ru 46 Black,79534678202,,https://www.loft2rent.ru/loft/27218/36607
Апартаменты в Москва Сити посуточно и почасовоApartments-city ru 48 sky apartament,Апартаменты в Москва Сити посуточно и почасовоApartments-city ru 48 sky apartament,79534678202,,https://www.loft2rent.ru/loft/27218/27230
Апартаменты в Москва Сити посуточно и почасовоApartments-city ru 54 Elite apartment,Апартаменты в Москва Сити посуточно и почасовоApartments-city ru 54 Elite apartment,79534678202,,https://www.loft2rent.ru/loft/27218/27276
Апартаменты в Москва Сити посуточно и почасовоApartments-city ru 78 floor Moscow City apartment,Апартаменты в Москва Сити посуточно и почасовоApartments-city ru 78 floor Moscow City apartment,79534678202,,https://www.loft2rent.ru/loft/27218/36599
Апартаменты в Москва Сити посуточно и почасовоApartments-city ru Luxury apartment,Апартаменты в Москва Сити посуточно и почасовоApartments-city ru Luxury apartment,79534678202,,https://www.loft2rent.ru/loft/27218/27262
Апартаменты в Москва Сити посуточно и почасовоApartments-city ru Neva Tower,Апартаменты в Москва Сити посуточно и почасовоApartments-city ru Neva Tower,79534678202,,https://www.loft2rent.ru/loft/27218/37167
Апартаменты в Москва Сити посуточно и почасовоApartments-city ru Premium Sky,Апартаменты в Москва Сити посуточно и почасовоApartments-city ru Premium Sky,79534678202,,https://www.loft2rent.ru/loft/27218/29198
Апартаменты в Москва Сити посуточно и почасовоApartments-city ru Sky Avis,Апартаменты в Москва Сити посуточно и почасовоApartments-city ru Sky Avis,79534678202,,https://www.loft2rent.ru/loft/27218/37164
Апартаменты в Москва Сити посуточно и почасовоEmerald Sky Угловой апартманент Москва Сити Apartments-city.ru,Апартаменты в Москва Сити посуточно и почасовоEmerald Sky Угловой апартманент Москва Сити Apartments-city.ru,79534678202,,https://www.loft2rent.ru/loft/27218/73427
Апартаменты в Москва Сити посуточно и почасовоSky Blue Lounge Москва Сити Премиум апартамент на 72 этаже,Апартаменты в Москва Сити посуточно и почасовоSky Blue Lounge Москва Сити Премиум апартамент на 72 этаже,79534678202,,https://www.loft2rent.ru/loft/27218/196052
Апартаменты в Москва Сити посуточно и почасовоWhite Lux apartments-city ru,Апартаменты в Москва Сити посуточно и почасовоWhite Lux apartments-city ru,79534678202,,https://www.loft2rent.ru/loft/27218/55594
Апартаменты в Москва Сити посуточно и почасовоАпартамент в Москва Сити 54 этаж 230 метров под мероприятия,Апартаменты в Москва Сити посуточно и почасовоАпартамент в Москва Сити 54 этаж 230 метров под мероприятия,79534678202,,https://www.loft2rent.ru/loft/27218/82799
Апартаменты в Москва Сити посуточно и почасовоАпартамент с ванной у окна на 44 этаже в Москва Сити,Апартаменты в Москва Сити посуточно и почасовоАпартамент с ванной у окна на 44 этаже в Москва Сити,79534678202,,https://www.loft2rent.ru/loft/27218/114611
Апартаменты Москва Сити 38 floor,Апартаменты Москва Сити 38 floor,79021444676,,https://www.loft2rent.ru/loft/19512
Апартаменты Москва СитиEmbassy Dj,Апартаменты Москва СитиEmbassy Dj,79833185888,,https://www.loft2rent.ru/loft/56632/56634
Апартаменты Москва СитиEmbassy Dj Pro,Апартаменты Москва СитиEmbassy Dj Pro,79833185888,,https://www.loft2rent.ru/loft/56632/130089
Апартаменты Москва СитиNova,Апартаменты Москва СитиNova,79833185888,,https://www.loft2rent.ru/loft/56632/96785
Апартаменты Москва СитиRoyal,Апартаменты Москва СитиRoyal,79833185888,,https://www.loft2rent.ru/loft/56632/113480
Апартаменты МоскваАпартаменты Москва-Сити: Modern Serenity,Апартаменты МоскваАпартаменты Москва-Сити: Modern Serenity,79852388407,,https://www.loft2rent.ru/loft/174341/174347
Апартаменты МоскваВеликолепные апартаменты Москва-Сити,Апартаменты МоскваВеликолепные апартаменты Москва-Сити,79852388407,,https://www.loft2rent.ru/loft/174341/175253
Апартаменты МоскваМосква-сити апартаменты с видом на башни,Апартаменты МоскваМосква-сити апартаменты с видом на башни,79852388407,,https://www.loft2rent.ru/loft/174341/175276
Апартаменты с видом на Москву,Апартаменты с видом на Москву,74954324143,,https://www.reveltime.ru/venue/4992890?eventtype=vecherinka
Арарат Парк Хаятт Москва,Арарат Парк Хаятт Москва,,,https://ostrovok.ru/hotel/russia/moscow/mid7599730/ararat_park_khaiatt
Арбат HallАрбат холл (Arbat hall),Арбат HallАрбат холл (Arbat hall),79969023450,,https://www.loft2rent.ru/loft/207597/207760
Аргентина,Аргентина,78126067020,,https://www.loft2rent.ru/loft/169051
Аренда антикафе полностью на Тверской,Аренда антикафе полностью на Тверской,79262851313,,https://www.loft2rent.ru/loft/104695
Аренда арт-пространства Фонтанта Ланта (ex. Том Сойер),Аренда арт-пространства Фонтанта Ланта (ex. Том Сойер),79623199742,,https://www.loft2rent.ru/loft/112114
Аренда беседок-иглу,Аренда беседок-иглу,79162411919,,https://www.loft2rent.ru/loft/177097
Аренда зала КОМФОРТ на Тверской,Аренда зала КОМФОРТ на Тверской,79262851313,,https://www.loft2rent.ru/loft/104695
Аренда Избы в Русском стиле для проведения детских мероприятий,Аренда Избы в Русском стиле для проведения детских мероприятий,79162411919,,https://www.loft2rent.ru/loft/177097
Аренда КИНОЗАЛА до 16 гостей на Чеховской,Аренда КИНОЗАЛА до 16 гостей на Чеховской,79262851313,,https://www.loft2rent.ru/loft/104695
аренда конференц-зала. Оборудование входит в стоимость. Высота потолка - 5 м. Работаем с юр.лицами. ЭДО.,аренда конференц-зала. Оборудование входит в стоимость. Высота потолка - 5 м. Работаем с юр.лицами. ЭДО.,74951301127,,https://www.loft2rent.ru/loft/207105
Аренда ЛОФТ до 15 гостей на Маяковской,Аренда ЛОФТ до 15 гостей на Маяковской,79262851313,,https://www.loft2rent.ru/loft/104695
Аренда лофта в Русском стиле для проведения детских мероприятий,Аренда лофта в Русском стиле для проведения детских мероприятий,79162411919,,https://www.loft2rent.ru/loft/177097
аренда лофта для мероприятий,аренда лофта для мероприятий,79630402828,,https://www.loft2rent.ru/loft/174204
Аренда лофта для проведения детских мероприятий,Аренда лофта для проведения детских мероприятий,79162411919,,https://www.loft2rent.ru/loft/177097
Аренда лофта ЗАЛ под мероприятия,Аренда лофта ЗАЛ под мероприятия,79585410041,,https://www.loft2rent.ru/loft/97591
Аренда Светлицы для проведения детских мероприятий,Аренда Светлицы для проведения детских мероприятий,79162411919,,https://www.loft2rent.ru/loft/177097
Аренда Шатра для проведения детских выпускных,Аренда Шатра для проведения детских выпускных,79162411919,,https://www.loft2rent.ru/loft/177097
Аристократ,Аристократ,79164400130,,https://www.loft2rent.ru/loft/101001
Арма Лофт. Лофт с верандой,Арма Лофт. Лофт с верандой,79584974089,,https://www.reveltime.ru/venue/6472314?eventtype=vecherinka
Арма Лофт. Светлый лофт-зал,Арма Лофт. Светлый лофт-зал,79019317643,,https://www.reveltime.ru/venue/7139447?eventtype=vecherinka
Арма Лофт. Уютный кинозал,Арма Лофт. Уютный кинозал,79584974206,,https://www.reveltime.ru/venue/6472635?eventtype=vecherinka
АРТ Буffет,АРТ Буffет,79859917766,,https://www.loft2rent.ru/loft/161079/165045
"Арт Лофт А53 на ""Красном Октябре""","Арт Лофт А53 на ""Красном Октябре""",79851098054,,https://www.loft2rent.ru/loft/115632
"Арт Пространство ""Тайная"" с камином террасой и отдельным входом","Арт Пространство ""Тайная"" с камином террасой и отдельным входом",79269995948,,https://www.loft2rent.ru/loft/85351
"Арт пространство Грин Тайм для проведения мероприятий. Студия компании ""Солнечный я"" - детские праздникиАрт пространство Грин Тайм для проведения мероприятий. Студия компании ""Солнечный я"" - детские праздники","Арт пространство Грин Тайм для проведения мероприятий. Студия компании ""Солнечный я"" - детские праздникиАрт пространство Грин Тайм для проведения мероприятий. Студия компании ""Солнечный я"" - детские праздники",79089210504,,https://www.loft2rent.ru/loft/127110/127114
Арт холл «Президент»,Арт холл «Президент»,79250106304,,https://www.loft2rent.ru/loft/37496/37517
Арт-квартира,Арт-квартира,79969805056,,https://www.loft2rent.ru/loft/40532
Арт-Клуб DUSHA,Арт-Клуб DUSHA,79812500025,,https://www.loft2rent.ru/loft/160753
"арт-оранжерея ""ЛюбаПетя""ЛюбаПетя на Лесопарковой 5к2","арт-оранжерея ""ЛюбаПетя""ЛюбаПетя на Лесопарковой 5к2",79026185600,,https://www.loft2rent.ru/loft/137096/168233
"арт-оранжерея ""ЛюбаПетя""ЛюбаПетя на Свободы 2к5","арт-оранжерея ""ЛюбаПетя""ЛюбаПетя на Свободы 2к5",79026185600,,https://www.loft2rent.ru/loft/137096/137104
Арт-пространство «Кристофер»Просторный зал на 1905г,Арт-пространство «Кристофер»Просторный зал на 1905г,79257803535,,https://www.loft2rent.ru/loft/37250/37346
Арт-пространство «Кристофер»Уютный коворкинг на 1905г(Библиотека),Арт-пространство «Кристофер»Уютный коворкинг на 1905г(Библиотека),79257803535,,https://www.loft2rent.ru/loft/37250/37343
Арт-пространство «Кристофер»Уютный Лофт на 1905г,Арт-пространство «Кристофер»Уютный Лофт на 1905г,79257803535,,https://www.loft2rent.ru/loft/37250/37267
Арт-пространство АмареАрт-пространство Амаре,Арт-пространство АмареАрт-пространство Амаре,79778488845,,https://www.loft2rent.ru/loft/208223/208236
Арт-пространство БайресАрт-пространство Байрес,Арт-пространство БайресАрт-пространство Байрес,79269026968,,https://www.loft2rent.ru/loft/194664/208135
Арт-пространство на Таганской,Арт-пространство на Таганской,79265262480,,https://www.loft2rent.ru/loft/8151/26516
Арт-пространство на ТаганскойANALOG,Арт-пространство на ТаганскойANALOG,79265262480,,https://www.loft2rent.ru/loft/8151/46148
Арт-пространство Палуба,Арт-пространство Палуба,79826752485,,https://www.loft2rent.ru/loft/71337/71346
"Арт-пространство Тайная:Променад для ваших событий, 170 кв.м, с отдельным входом,  в парке на набережной","Арт-пространство Тайная:Променад для ваших событий, 170 кв.м, с отдельным входом,  в парке на набережной",79269995948,,https://www.loft2rent.ru/loft/85351
"Арт-пространство, лофт для взрослыхМузей любви ""Точка G""","Арт-пространство, лофт для взрослыхМузей любви ""Точка G""",79999776524,,https://www.loft2rent.ru/loft/181897/181899
Арт-резиденция «Русская дача»Арт-резиденция,Арт-резиденция «Русская дача»Арт-резиденция,79255047077,,https://www.loft2rent.ru/loft/199074/199076
Арт-студия Сфера,Арт-студия Сфера,79775378600,,https://www.loft2rent.ru/loft/87373/87377
Арт-холл Лужники,Арт-холл Лужники,74959092663,,https://www.loft2rent.ru/loft/164090
Арт-центр ИЛА,Арт-центр ИЛА,79218715942,,https://www.loft2rent.ru/loft/95845/97609
Арт-центр ИСИ Арт-центр ИСИ,Арт-центр ИСИ Арт-центр ИСИ,79099639478,,https://www.loft2rent.ru/loft/185798/185800
Артико Холл,Артико Холл,79363166867,,https://www.loft2rent.ru/loft/193063/193071
Архангельское,Архангельское,74985689580,dir@arhangelskoe.su,https://arhangelskoe.su
Ассоциация Врачей Авиационной Медицины,Ассоциация Врачей Авиационной Медицины,,,https://avam-avia.ru
Ателье Благородная Гниль,Ателье Благородная Гниль,79214289491,,https://www.loft2rent.ru/loft/168932
Атлант,Атлант,79689739030,,https://www.loft2rent.ru/loft/2518
АТМОквестDrevo лофт на закрытой территории! / Древо лофт,АТМОквестDrevo лофт на закрытой территории! / Древо лофт,79160106636,,https://www.loft2rent.ru/loft/67266/47552
АТМОквестВаршава лофт,АТМОквестВаршава лофт,79160106636,,https://www.loft2rent.ru/loft/67266/177279
Атмосферное пространство,Атмосферное пространство,79813376418,,https://www.reveltime.ru/venue/5474506?eventtype=vecherinka
Атмосферный зал 60 м² на Чистых прудах для любых мероприятий,Атмосферный зал 60 м² на Чистых прудах для любых мероприятий,79175091916,,https://www.loft2rent.ru/loft/74665
"Атмосферный лофт ""Диор"" - сочетание роскоши и комфорта / 3 мин. от метро Семеновская","Атмосферный лофт ""Диор"" - сочетание роскоши и комфорта / 3 мин. от метро Семеновская",74998881633,,https://www.loft2rent.ru/loft/126908
атмосферный лофт на БаррикаднойУютный лофт на Никитской,атмосферный лофт на БаррикаднойУютный лофт на Никитской,79257405902,,https://www.loft2rent.ru/loft/172676/172688
Атомэнергопром,Атомэнергопром,74959692936,info@atomenergoprom.ru,https://www.atomenergoprom.ru
Атон,Атон,78003336677,20clients@aton.ru,https://aton.ru
Аудитория ПромРесурс на водномАудитория на водном,Аудитория ПромРесурс на водномАудитория на водном,79152070137,,https://www.loft2rent.ru/loft/33330/33332
Афиша / Rambler&Co,Афиша / Rambler&Co,,adb@afisha.ru,https://www.afisha.ru
АФК «Система»,АФК «Система»,74957300330,afknoreply@dabb.ru,https://www.sistema.ru
Африка,Африка,78126067020,,https://www.loft2rent.ru/loft/169051
Ацтеки,Ацтеки,78126067020,,https://www.loft2rent.ru/loft/169051
АэродинамикаThe Base,АэродинамикаThe Base,79164125699,,https://www.loft2rent.ru/loft/122928/122932
Бабл-гам,Бабл-гам,74954780638,,https://www.loft2rent.ru/loft/109926
База отдыха ЗаветноеАктовый зал с деревянным покрытием,База отдыха ЗаветноеАктовый зал с деревянным покрытием,781232348535,,https://www.loft2rent.ru/loft/161069/161186
База отдыха ЗаветноеУчебный класс для тренингов и семинаров,База отдыха ЗаветноеУчебный класс для тренингов и семинаров,781232348535,,https://www.loft2rent.ru/loft/161069/161203
База отдыха ЗаветноеШатер,База отдыха ЗаветноеШатер,781232348535,,https://www.loft2rent.ru/loft/161069/161179
База Отдыха Остров Рыболовная усадьба,База Отдыха Остров Рыболовная усадьба,,,https://ostrovok.ru/hotel/russia/moscow/mid10268813/rybolovnaya_usadba_ostrov_2
Базовая переговорная комната до 12 человек,Базовая переговорная комната до 12 человек,79804300888,,https://www.loft2rent.ru/loft/199576
Байкал,Байкал,79689739030,,https://www.loft2rent.ru/loft/2518
Бакарди,Бакарди,74954780638,,https://www.loft2rent.ru/loft/109926
Балдеть сюда,Балдеть сюда,79999604107,,https://www.loft2rent.ru/loft/129446
Бали,Бали,79150127722,,https://www.loft2rent.ru/loft/116807
Балтика (Carlsberg бывш.),Балтика (Carlsberg бывш.),,,https://www.baltika.ru
Банк 131,Банк 131,78001001310,album_hero@2x-2be167db7c43b35da0ec2f6853a80fb0.png,https://bank131.ru
Банк Держава,Банк Держава,78003020480,,https://derzhava.ru
Банк ДОМ.РФ,Банк ДОМ.РФ,78007001701,,https://domrfbank.ru
Банк Интеза,Банк Интеза,78002008008,appstore@2x.png,https://bancaintesa.ru
Банк Казани,Банк Казани,78007751877,,https://bankofkazan.ru
Банк Кремлевский,Банк Кремлевский,74992418814,info@kremlinbank.ru,https://kremlinbank.ru
Банк Левобережный,Банк Левобережный,73833600900,root@nskbl.ru,https://nskbl.ru
Банк Финсервис,Банк Финсервис,74957777787,ipoteka.kanikuly@finsb.ru,https://finsb.ru
"Банкетный зал ""Каретный двор""","Банкетный зал ""Каретный двор""",79250520976,,https://www.loft2rent.ru/loft/125499
"Банкетный зал ""Каспий""","Банкетный зал ""Каспий""",79911788697,,https://www.loft2rent.ru/loft/153869/153872
"Банкетный зал ""Каспий""Лотф Фабрика","Банкетный зал ""Каспий""Лотф Фабрика",79911788697,,https://www.loft2rent.ru/loft/153869/173307
"Банкетный зал ""Ретро"" Банкетный зал ""Ретро""","Банкетный зал ""Ретро"" Банкетный зал ""Ретро""",79859220752,,https://www.loft2rent.ru/loft/194215/194217
Банкетный зал Fursa,Банкетный зал Fursa,79032143774,,https://www.loft2rent.ru/loft/208085
Банкетный зал Parrots,Банкетный зал Parrots,79036147119,,https://www.loft2rent.ru/loft/198727
Банкетный зал River PalaceРесторан The River.,Банкетный зал River PalaceРесторан The River.,79990349081,,https://www.loft2rent.ru/loft/100328/100463
Банкетный зал Stroganoff,Банкетный зал Stroganoff,79036147119,,https://www.loft2rent.ru/loft/198727
Банкетный зал «Высота5642 на Якиманке»,Банкетный зал «Высота5642 на Якиманке»,74951292943,,https://www.loft2rent.ru/loft/156779/156781
Банкетный зал «Выставка» на ВДНХ,Банкетный зал «Выставка» на ВДНХ,79684559341,,https://www.loft2rent.ru/loft/208132/209372
Банкетный зал Аманд,Банкетный зал Аманд,79036147119,,https://www.loft2rent.ru/loft/198727
Банкетный зал Барский,Банкетный зал Барский,79250520976,,https://www.loft2rent.ru/loft/125499
Банкетный зал ВДНХ,Банкетный зал ВДНХ,79585410041,,https://www.loft2rent.ru/loft/97591
Банкетный Зал Верба,Банкетный Зал Верба,79959196886,,https://www.loft2rent.ru/loft/140271
Банкетный зал Мир у Озера,Банкетный зал Мир у Озера,79036147119,,https://www.loft2rent.ru/loft/198727
Банкетный зал Ржевский,Банкетный зал Ржевский,79036147119,,https://www.loft2rent.ru/loft/198727
Банкетный зал Тиара,Банкетный зал Тиара,79036147119,,https://www.loft2rent.ru/loft/198727
Банкетный зал Эйфория,Банкетный зал Эйфория,79036147119,,https://www.loft2rent.ru/loft/198727
Банкетный ЗалБанкетный зал,Банкетный ЗалБанкетный зал,79990096918,,https://www.loft2rent.ru/loft/102060/155234
Банкетный Комплекс_на Авиамоторной,Банкетный Комплекс_на Авиамоторной,79264661718,,https://www.loft2rent.ru/loft/77474
"Бар ""Зачёт""","Бар ""Зачёт""",74951572081,,https://www.loft2rent.ru/loft/199629
"Бар ""Край""","Бар ""Край""",79856250121,,https://www.loft2rent.ru/loft/187819/187822
Бар 2 крыла. Хоббит Хаус,Бар 2 крыла. Хоббит Хаус,79893636021,,https://www.reveltime.ru/venue/3319529?eventtype=vecherinka
Бар 4 попугая,Бар 4 попугая,79779970269,,https://www.loft2rent.ru/loft/184548/184553
Бар 44. Лофт,Бар 44. Лофт,79663644441,,https://www.reveltime.ru/venue/726221?eventtype=vecherinka
Бар IlluminatorБар ILLUMINATOR,Бар IlluminatorБар ILLUMINATOR,79998284900,,https://www.loft2rent.ru/loft/78727/78730
бар Mishka,бар Mishka,78123132925,,https://www.loft2rent.ru/loft/103117/103125
Бар «Старая Америка» в центре Москвы,Бар «Старая Америка» в центре Москвы,79164400130,,https://www.loft2rent.ru/loft/101001
"Бар Бар ""А что если?""","Бар Бар ""А что если?""",79771506923,,https://www.loft2rent.ru/loft/172633/172675
Бар Барные ТанцыБар Барные Танцы (Гадкий Койот),Бар Барные ТанцыБар Барные Танцы (Гадкий Койот),79063269129,,https://www.loft2rent.ru/loft/131728/131811
бар География,бар География,74951355450,,https://www.loft2rent.ru/loft/2003
бар Заря90х,бар Заря90х,79147022890,,https://www.loft2rent.ru/loft/108647
Бар на Красносельской,Бар на Красносельской,79164400130,,https://www.loft2rent.ru/loft/101001
Бар с Бильрядом3-х этажный особняк на Новокузнейкой 410м2,Бар с Бильрядом3-х этажный особняк на Новокузнейкой 410м2,79152733347,,https://www.loft2rent.ru/loft/155298/202492
"Бар с БильрядомБар с бильярдом ""БТК""","Бар с БильрядомБар с бильярдом ""БТК""",79932790619,,https://www.loft2rent.ru/loft/155298/155320
Бар с террасой,Бар с террасой,74991131095,,https://www.loft2rent.ru/loft/9768
Бар Танцы food&people,Бар Танцы food&people,79851194709,,https://www.loft2rent.ru/loft/190583/190585
Барби,Барби,78126067020,,https://www.loft2rent.ru/loft/169051
Барби,Барби,78124435702,,https://www.loft2rent.ru/loft/83744
"Барби - розовый лофт с диско-шаром, фотозоной и караоке!","Барби - розовый лофт с диско-шаром, фотозоной и караоке!",74951914157,,https://www.loft2rent.ru/loft/142644
Барин Резиденс Центр,Барин Резиденс Центр,,,https://ostrovok.ru/hotel/russia/moscow/mid8854270/barin_rezidence_balchug
Бармалей,Бармалей,79629939200,,https://www.loft2rent.ru/loft/114920/114923
Барное - творческое пространство ИНСАЙД,Барное - творческое пространство ИНСАЙД,79112793938,,https://www.loft2rent.ru/loft/94069
Барный кластер в АТС на Некрасова,Барный кластер в АТС на Некрасова,79222688548,,https://www.loft2rent.ru/loft/166206/166208
Барокко. Элегантный лофт,Барокко. Элегантный лофт,79346699837,,https://www.reveltime.ru/venue/9217519?eventtype=vecherinka
БАХРУШИНЪ LOFT. Лофт с арочными окнами,БАХРУШИНЪ LOFT. Лофт с арочными окнами,79168359422,,https://www.reveltime.ru/venue/635946?eventtype=vecherinka
БАХРУШИНЪ LOFT. Светлый лофт премиум-класса,БАХРУШИНЪ LOFT. Светлый лофт премиум-класса,79168359422,,https://www.reveltime.ru/venue/635877?eventtype=vecherinka
БАХРУШИНЪ LOFTСветлый зал на Алексеевской с верандой и барбекю,БАХРУШИНЪ LOFTСветлый зал на Алексеевской с верандой и барбекю,79168359422,,https://www.loft2rent.ru/loft/1248/1249
БАХРУШИНЪ LOFTТёмный зал на Алексеевской с верандой и барбекю,БАХРУШИНЪ LOFTТёмный зал на Алексеевской с верандой и барбекю,79168359422,,https://www.loft2rent.ru/loft/1248/1252
Башня Старка,Башня Старка,78122007818,,https://www.loft2rent.ru/loft/75982
ББР Банк,ББР Банк,74953639162,post@bbr.ru,https://bbr.ru
Безумное чаепитие,Безумное чаепитие,78122007818,,https://www.loft2rent.ru/loft/75982
БелККа на Белорусской.,БелККа на Белорусской.,79264661718,,https://www.loft2rent.ru/loft/77474
Белуга,Белуга,74959010336,,http://belugamoscow.ru/
Белый зал,Белый зал,79164961191,,https://www.loft2rent.ru/loft/44815
Белый зал,Белый зал,79296303019,,https://www.loft2rent.ru/loft/5676
Белый Зал/Белый лофт/White HallБелый Зал/Белый лофт/White Hall,Белый Зал/Белый лофт/White HallБелый Зал/Белый лофт/White Hall,79169291659,,https://www.loft2rent.ru/loft/188049/188053
БЕЛЫЙ ЛОФТ,БЕЛЫЙ ЛОФТ,79965349615,,https://www.loft2rent.ru/loft/126318
Белый лофт,Белый лофт,79346644195,,https://www.reveltime.ru/venue/462823?eventtype=vecherinka
Белый Лофт в парке Сокольники,Белый Лофт в парке Сокольники,79167968682,,https://www.loft2rent.ru/loft/1145/26543
Белый лофт для тренингов и обучений,Белый лофт для тренингов и обучений,79258696615,,https://www.loft2rent.ru/loft/1555/41060
Белый Лофт с верандой на Нагатинской,Белый Лофт с верандой на Нагатинской,79258696615,,https://www.loft2rent.ru/loft/1555/26629
Белый минималистичный лофт с кухней и панорамными окнами (лофт МОНИКА),Белый минималистичный лофт с кухней и панорамными окнами (лофт МОНИКА),79398880008,,https://www.loft2rent.ru/loft/1564
Берег,Берег,79689739030,,https://www.loft2rent.ru/loft/2518
Бериот танцевальный ресторан на Новом Арбате,Бериот танцевальный ресторан на Новом Арбате,79255165332,,https://www.loft2rent.ru/loft/172081
Берлин,Берлин,79629037706,,https://www.loft2rent.ru/loft/105745/105752
Бертгольд центрИвент холл Бертгольд центра,Бертгольд центрИвент холл Бертгольд центра,79910477407,,https://www.loft2rent.ru/loft/159928/160052
беседка веранда,беседка веранда,79857776453,,https://www.loft2rent.ru/loft/106924
БЖФ Банк,БЖФ Банк,74992834874,info@bgfbank.ru,https://bgfbank.ru
Библиотека,Библиотека,74993703816,,https://www.loft2rent.ru/loft/29857
Библиотека 161,Библиотека 161,79152767259,,https://www.loft2rent.ru/loft/132313/132315
Библиотека ВинаМузей винной этикетки,Библиотека ВинаМузей винной этикетки,79197712465,,https://www.loft2rent.ru/loft/124712/124714
"Библиотека № 164 ""Просвещение трудящихся""","Библиотека № 164 ""Просвещение трудящихся""",79261421775,,https://www.loft2rent.ru/loft/61030/61033
Библиотека №163Зал мероприятий,Библиотека №163Зал мероприятий,79166136321,,https://www.loft2rent.ru/loft/48357/132851
Библиотека №166 им. 1-го МаяБиблиотека №166 им. 1-го Мая - Большой зал,Библиотека №166 им. 1-го МаяБиблиотека №166 им. 1-го Мая - Большой зал,849568242222685,,https://www.loft2rent.ru/loft/48357/48361
Библиотека №166 им. 1-го МаяБиблиотека №166 им. 1-го Мая - Малый зал,Библиотека №166 им. 1-го МаяБиблиотека №166 им. 1-го Мая - Малый зал,849568242222685,,https://www.loft2rent.ru/loft/48357/173044
Библиотека №1Библиотека №1,Библиотека №1Библиотека №1,79060496233,,https://www.loft2rent.ru/loft/210633/210635
"бизнес-отель ""Россо Рива""Библиотека","бизнес-отель ""Россо Рива""Библиотека",74957952444,,https://www.loft2rent.ru/loft/42712/42716
"бизнес-отель ""Россо Рива""Венеция","бизнес-отель ""Россо Рива""Венеция",74957952444,,https://www.loft2rent.ru/loft/42712/42714
"бизнес-отель ""Россо Рива""Милан","бизнес-отель ""Россо Рива""Милан",74957952444,,https://www.loft2rent.ru/loft/42712/42718
"бизнес-отель ""Россо Рива""Палермо","бизнес-отель ""Россо Рива""Палермо",74957952444,,https://www.loft2rent.ru/loft/42712/42729
"бизнес-отель ""Россо Рива""Ресторан Россо Рива с Каминным залом","бизнес-отель ""Россо Рива""Ресторан Россо Рива с Каминным залом",74957952444,,https://www.loft2rent.ru/loft/42712/42726
"бизнес-отель ""Россо Рива""Римини","бизнес-отель ""Россо Рива""Римини",74957952444,,https://www.loft2rent.ru/loft/42712/42735
"бизнес-отель ""Россо Рива""Сан-Ремо","бизнес-отель ""Россо Рива""Сан-Ремо",74957952444,,https://www.loft2rent.ru/loft/42712/42731
"бизнес-отель ""Россо Рива""Флоренция","бизнес-отель ""Россо Рива""Флоренция",74957952444,,https://www.loft2rent.ru/loft/42712/42733
Бизнес-отель «Времена Года»,Бизнес-отель «Времена Года»,,,https://ostrovok.ru/hotel/russia/moscow/mid7692949/hotel_radishchevskaya_at_taganka
Бильярдный клуб Double KissPrivate Space с бильярдом (малый зал до 10 человек) в фудмолле Три Вокзала.Депо,Бильярдный клуб Double KissPrivate Space с бильярдом (малый зал до 10 человек) в фудмолле Три Вокзала.Депо,79032602220,,https://www.loft2rent.ru/loft/185623/186124
Бильярдный клуб Double KissБильярд в фудмолле Три вокзала.Депо,Бильярдный клуб Double KissБильярд в фудмолле Три вокзала.Депо,79032602220,,https://www.loft2rent.ru/loft/185623/185668
Биологический музей Тимирязева,Биологический музей Тимирязева,74992523681,dfku-excursioncultur@culture.mos.ru,https://www.gbmt.ru
Биркрафт Бар,Биркрафт Бар,79104423061,,https://www.loft2rent.ru/loft/89397/89403
БК клуб,БК клуб,74993402808,,https://www.loft2rent.ru/loft/198987/198997
Благородная гнильДворец Олимпия,Благородная гнильДворец Олимпия,79219089980,,https://www.loft2rent.ru/loft/141287/141289
Благородная гнильМьюзик-бар Литейный 14,Благородная гнильМьюзик-бар Литейный 14,79219089980,,https://www.loft2rent.ru/loft/141287/173216
Благотворительный Культурный Фонд «Новые Русские сезоны»,Благотворительный Культурный Фонд «Новые Русские сезоны»,,info@russian-seasons.com,https://russian-seasons.com
Богема,Богема,74954780638,,https://www.loft2rent.ru/loft/109926
Богема,Богема,78126067020,,https://www.loft2rent.ru/loft/169051
БОЛЬШОЙ,БОЛЬШОЙ,79035558942,,https://www.loft2rent.ru/loft/15054
Большой зал,Большой зал,78122407880,,https://www.loft2rent.ru/loft/142338
Большой зал для мероприятий,Большой зал для мероприятий,79637687698,,https://www.loft2rent.ru/loft/65867
Большой зал на Балтийской,Большой зал на Балтийской,78122408585,,https://www.loft2rent.ru/loft/144088
Большой Каминный Зал,Большой Каминный Зал,79523735870,,https://www.loft2rent.ru/loft/81543
Большой конференц-зал в Лужниках,Большой конференц-зал в Лужниках,74959092663,,https://www.loft2rent.ru/loft/164090
"БОЛЬШОЙ ЛОФТ 100М2 С БИЛЬЯРДОМ, ПРОЕКТОРОМ, НАСТОЛЬНЫМ ТЕННИСОМ И ДАРТС!","БОЛЬШОЙ ЛОФТ 100М2 С БИЛЬЯРДОМ, ПРОЕКТОРОМ, НАСТОЛЬНЫМ ТЕННИСОМ И ДАРТС!",79120829050,,https://www.loft2rent.ru/loft/83754
БОЛЬШОЙ ФИОЛЕТОВЫЙ ЗАЛ,БОЛЬШОЙ ФИОЛЕТОВЫЙ ЗАЛ,79120829050,,https://www.loft2rent.ru/loft/83754
Боулинг-отель Новые Горки,Боулинг-отель Новые Горки,,,https://ostrovok.ru/hotel/russia/moscow/mid7709714/boulingotel_novye_gorki
Бохо,Бохо,78126067020,,https://www.loft2rent.ru/loft/169051
Браун,Браун,74954780638,,https://www.loft2rent.ru/loft/109926
БРАШ (BRASH),БРАШ (BRASH),79258582494,,https://www.loft2rent.ru/loft/138720
БРИЗ (BREEZE),БРИЗ (BREEZE),79258582494,,https://www.loft2rent.ru/loft/138720
БРОСКО ЛОФТ,БРОСКО ЛОФТ,79965349615,,https://www.loft2rent.ru/loft/126318
Бруклин,Бруклин,74954780638,,https://www.loft2rent.ru/loft/109926
Брусницын Лофт Брусницын Лофт,Брусницын Лофт Брусницын Лофт,79534102276,,https://www.loft2rent.ru/loft/140258/140263
БСА Конф Лужники,БСА Конф Лужники,74959092663,,https://www.loft2rent.ru/loft/164090
Бутик в БутикеПространство для камерных мероприятий Бутик в Бутике,Бутик в БутикеПространство для камерных мероприятий Бутик в Бутике,79994604450,,https://www.loft2rent.ru/loft/202669/202673
Бутик Отель Брайтон,Бутик Отель Брайтон,,,https://ostrovok.ru/hotel/russia/moscow/mid7400924/brighton_hotel
Бутик-отель Axis.Moscow Heritage,Бутик-отель Axis.Moscow Heritage,,,https://ostrovok.ru/hotel/russia/moscow/mid11292139/axismoscow_heritage_aparthotel
Бутик-Отель Loft,Бутик-Отель Loft,,,https://ostrovok.ru/hotel/russia/moscow/mid8871248/loft_boutique_hotel_2
Бутик-отель PR Myasnitsky,Бутик-отель PR Myasnitsky,,,https://ostrovok.ru/hotel/russia/moscow/mid8753290/pr_myasnitsky_boutique_hotel
Бутик-отель Twelve Reasons,Бутик-отель Twelve Reasons,,,https://ostrovok.ru/hotel/russia/moscow/mid10367887/twelve_reasons_butikhotel
Бутик-Отель Арбат 6,Бутик-Отель Арбат 6,,,https://ostrovok.ru/hotel/russia/moscow/mid8745238/arbat_6_hotel
Бутик-отель Казначейский,Бутик-отель Казначейский,,,https://ostrovok.ru/hotel/russia/moscow/mid11323757/kaznacheyskiy_boutique_hotel
Бутик-Отель Люмьер,Бутик-Отель Люмьер,,,https://ostrovok.ru/hotel/russia/moscow/mid9084809/lyumer_butikhotel
Бутик-Отель П 17 / P 17 Hotel,Бутик-Отель П 17 / P 17 Hotel,,,https://ostrovok.ru/hotel/russia/moscow/mid9741283/p_17_hotel
Бутик-отель Палаты Хованских,Бутик-отель Палаты Хованских,,,https://ostrovok.ru/hotel/russia/moscow/mid11341011/palaty_khovanskikh_butikhotel
Бутик-отель Петровка 26,Бутик-отель Петровка 26,,,https://ostrovok.ru/hotel/russia/moscow/mid10675430/petrovka_26_boutiquehotel
Бутик-Отель Регул,Бутик-Отель Регул,,,https://ostrovok.ru/hotel/russia/moscow/mid8848163/russkie_sezonyi
Бутик-отель Румс,Бутик-отель Румс,,,https://ostrovok.ru/hotel/russia/moscow/mid8169297/otel_the_rooms
Бутик-отель Семь Слонов,Бутик-отель Семь Слонов,,,https://ostrovok.ru/hotel/russia/moscow/mid13108661/7_slonov_boutique_hotel
Бутик-отель Софит,Бутик-отель Софит,,,https://ostrovok.ru/hotel/russia/moscow/mid8849518/sofit_butikhotel
Бутик-Отель Чемодановъ,Бутик-Отель Чемодановъ,,,https://ostrovok.ru/hotel/russia/moscow/mid8744325/chemodanov_butikhotel
"Бутиковый лофт ""Гештальт клуб"" в старинном особняке на Чистых прудах","Бутиковый лофт ""Гештальт клуб"" в старинном особняке на Чистых прудах",79014172460,,https://www.loft2rent.ru/loft/102611
Бухта Майями,Бухта Майями,78122007818,,https://www.loft2rent.ru/loft/75982
БЦ STROTSKISEvent Пространство,БЦ STROTSKISEvent Пространство,79645119243,,https://www.loft2rent.ru/loft/110939/110959
БЦ STROTSKISSLAB BAR,БЦ STROTSKISSLAB BAR,79645119243,,https://www.loft2rent.ru/loft/110939/114117
БЦ STROTSKISКонференц зал,БЦ STROTSKISКонференц зал,79645119243,,https://www.loft2rent.ru/loft/110939/110941
БЦ STROTSKISПереговорная EAST,БЦ STROTSKISПереговорная EAST,79645119243,,https://www.loft2rent.ru/loft/110939/110948
БЦ STROTSKISПереговорная WEST,БЦ STROTSKISПереговорная WEST,79645119243,,https://www.loft2rent.ru/loft/110939/110952
БЦ STROTSKISРесторан-Караоке COSMO,БЦ STROTSKISРесторан-Караоке COSMO,79645119243,,https://www.loft2rent.ru/loft/110939/114066
Бывший ресторан Demi (Деми). Пространство с панорамными окнами,Бывший ресторан Demi (Деми). Пространство с панорамными окнами,79346642952,,https://www.reveltime.ru/venue/8240012?eventtype=vecherinka
БыстроБанк,БыстроБанк,78003332265,,https://bystrobank.ru
Бэкстейдж лофт на Красном Октябре с караоке и камином,Бэкстейдж лофт на Красном Октябре с караоке и камином,79165699364,,https://www.loft2rent.ru/loft/66644
Бэтмен,Бэтмен,78122007818,,https://www.loft2rent.ru/loft/75982
Бюро Горбунова Учебный класс Бюро Горбунова,Бюро Горбунова Учебный класс Бюро Горбунова,79256566293,,https://www.loft2rent.ru/loft/189623/189626
БЮРО хороших событий. Лофт Олив,БЮРО хороших событий. Лофт Олив,79893636021,,https://www.reveltime.ru/venue/8620742?eventtype=vecherinka
Вагнер,Вагнер,79689739030,,https://www.loft2rent.ru/loft/2518
Вайлдберриз Банк,Вайлдберриз Банк,,info@wb-bank.ru,https://wb-bank.ru
Ван Гог - Светлый лофт в центре Москвы,Ван Гог - Светлый лофт в центре Москвы,74950327390,,https://www.loft2rent.ru/loft/5581
ВАТТ,ВАТТ,74952924217,,https://www.loft2rent.ru/loft/53255
ВБРР,ВБРР,74956628154,bank@vbrr.ru,https://vbrr.ru
ВГТРК,ВГТРК,,info@vgtrk.com,https://vgtrk.ru
ВГТРК Продакшн,ВГТРК Продакшн,,info@vgtrk.com,https://vgtrk.ru
ВДНХ,ВДНХ,74955443400,457227b83f0142d7b132b18b3e2b6238@glitchtip.vdnh,https://vdnh.ru
ВДНХ (музейный комплекс),ВДНХ (музейный комплекс),74955443400,457227b83f0142d7b132b18b3e2b6238@glitchtip.vdnh,https://vdnh.ru
Вебинарная комната для работы за компьютером,Вебинарная комната для работы за компьютером,79898415534,,https://www.loft2rent.ru/loft/157491
Вегас,Вегас,78126067020,,https://www.loft2rent.ru/loft/169051
Вегас. Атмосферный лофт с акцентным дизайном,Вегас. Атмосферный лофт с акцентным дизайном,79584611054,,https://www.reveltime.ru/venue/9093134?eventtype=vecherinka
Велетный причал,Велетный причал,79858003339,,https://www.loft2rent.ru/loft/180659
Веранда гриль,Веранда гриль,79152288949,,https://www.loft2rent.ru/loft/88837/88842
Веранда Крылатские холмы,Веранда Крылатские холмы,79164400130,,https://www.loft2rent.ru/loft/101001
"Веранда Лофт ""Комнаты"" аренда под мероприятия","Веранда Лофт ""Комнаты"" аренда под мероприятия",79585410041,,https://www.loft2rent.ru/loft/97591
Веранда на ВДНХ,Веранда на ВДНХ,79164400130,,https://www.loft2rent.ru/loft/101001
Веранда на крыше винного бара Do,Веранда на крыше винного бара Do,79819869826,,https://www.loft2rent.ru/loft/141917
Версаль. Элегантный лофт с караоке и атмосферой роскоши.,Версаль. Элегантный лофт с караоке и атмосферой роскоши.,74951914157,,https://www.loft2rent.ru/loft/142644
Вершина стиля в Москва сити лофт на 83 этаже,Вершина стиля в Москва сити лофт на 83 этаже,79111023333,,https://www.loft2rent.ru/loft/107530
"Видеостудия ""Послушай Сюда!""Темный и Светлый залы","Видеостудия ""Послушай Сюда!""Темный и Светлый залы",79266055515,,https://www.loft2rent.ru/loft/177563/177565
Вилла дель Венто/Villa del Vento,Вилла дель Венто/Villa del Vento,79522143418,,https://www.loft2rent.ru/loft/94920
Винил,Винил,78126067020,,https://www.loft2rent.ru/loft/169051
Винил лофт с верандой рядом с метро,Винил лофт с верандой рядом с метро,79773592477,,https://www.loft2rent.ru/loft/vinyl
Винный погреб LA Grande CaveВинный погреб La Grande Cave,Винный погреб LA Grande CaveВинный погреб La Grande Cave,79859223191,,https://www.loft2rent.ru/loft/186082/186084
Винтажный лофт-зал,Винтажный лофт-зал,79019317663,,https://www.reveltime.ru/venue/6478762?eventtype=vecherinka
Виола - большой камерный лофт с панорамными окнами в парке Сокольники,Виола - большой камерный лофт с панорамными окнами в парке Сокольники,79311118102,,https://www.loft2rent.ru/loft/42016
Виола Восточная - светлый лофт до 40 человек в Сокольниках,Виола Восточная - светлый лофт до 40 человек в Сокольниках,79311118102,,https://www.loft2rent.ru/loft/42016
Виола Западная - небольшой лофт с мангалом в парке,Виола Западная - небольшой лофт с мангалом в парке,79311118102,,https://www.loft2rent.ru/loft/42016
ВИП комната с ps до 10 гостей,ВИП комната с ps до 10 гостей,79773332218,,https://www.loft2rent.ru/loft/62564
"Вип-зал в УСЗ ""Дружба"" в Лужниках","Вип-зал в УСЗ ""Дружба"" в Лужниках",74959092663,,https://www.loft2rent.ru/loft/164090
Вип-зал №4 на Новослободской,Вип-зал №4 на Новослободской,74991163697,,https://www.loft2rent.ru/loft/103317
Вип-ложа Лужники,Вип-ложа Лужники,74959092663,,https://www.loft2rent.ru/loft/164090
ВИП-ЛОФТ С МЯГКОЙ МЕБЕЛЬЮ ОТ 7200Р,ВИП-ЛОФТ С МЯГКОЙ МЕБЕЛЬЮ ОТ 7200Р,79120829050,,https://www.loft2rent.ru/loft/83754
Вкус & ЦветЗал Космос,Вкус & ЦветЗал Космос,74952781124,,https://www.loft2rent.ru/loft/69354/69358
"Водно-спортивная база ""ГАЛС""Большой шатер Антлантик","Водно-спортивная база ""ГАЛС""Большой шатер Антлантик",79588085751,,https://www.loft2rent.ru/loft/177580/177603
"Водно-спортивная база ""ГАЛС""Верхний шатер IBIZA","Водно-спортивная база ""ГАЛС""Верхний шатер IBIZA",79588085751,,https://www.loft2rent.ru/loft/177580/177600
"Водно-спортивная база ""ГАЛС""Шатер у воды MONACO","Водно-спортивная база ""ГАЛС""Шатер у воды MONACO",79588085751,,https://www.loft2rent.ru/loft/177580/177602
Воздушный лофт для девичников и гендер-пати (лофт Классик),Воздушный лофт для девичников и гендер-пати (лофт Классик),79398880008,,https://www.loft2rent.ru/loft/1564
Волна (Циклорама),Волна (Циклорама),79150127722,,https://www.loft2rent.ru/loft/116807
Вольт,Вольт,78122133202,,https://twitter.com/sevcableport
Вольта,Вольта,79689739030,,https://www.loft2rent.ru/loft/2518
Вольта,Вольта,79935905884,,https://www.loft2rent.ru/loft/92780
Воробьевы Холл,Воробьевы Холл,74951616747,,https://www.loft2rent.ru/loft/150971/150983
Восточный экспресс 1 и 2,Восточный экспресс 1 и 2,74956605353,,https://www.loft2rent.ru/loft/200502
"Врубель - Купольное пространство в парке ""Сокольники""","Врубель - Купольное пространство в парке ""Сокольники""",74950327390,,https://www.loft2rent.ru/loft/5581
ВТБ,ВТБ,74957397799,,https://vtb.ru
ВУД (WOOD),ВУД (WOOD),79258582494,,https://www.loft2rent.ru/loft/138720
Высота 5642,Высота 5642,74956249321,,http://vysota5642.moscow/
Высота 57 Lounge,Высота 57 Lounge,79851305757,,https://www.loft2rent.ru/loft/203654/203656
ВЫСОТА ЛОФТ,ВЫСОТА ЛОФТ,79233388212,,https://www.loft2rent.ru/loft/126318
Выставка. Просторный лофт в светлых тонах,Выставка. Просторный лофт в светлых тонах,79813347290,,https://www.reveltime.ru/venue/8219292?eventtype=vecherinka
ВЭБ.РФ,ВЭБ.РФ,74956046363,info@veb.ru,https://www.veb.ru
Гавайи,Гавайи,74954780638,,https://www.loft2rent.ru/loft/109926
Гавайи Лофт - двухэтажный большой лофт на Бауманской,Гавайи Лофт - двухэтажный большой лофт на Бауманской,79311118102,,https://www.loft2rent.ru/loft/42016
ГАЗ Группа,ГАЗ Группа,78007000747,pr@info.st.tech,https://azgaz.ru
Газпром-Медиа Продакшн,Газпром-Медиа Продакшн,78126096959,7days@7days.ru,https://www.gazprom-media.com
Газпром-Медиа Холдинг,Газпром-Медиа Холдинг,78126096959,7days@7days.ru,https://www.gazprom-media.com
Газпромбанк,Газпромбанк,74957191900,mailbox@gazprombank.ru,https://www.gazprombank.ru
Газпромбанк Инвестиции,Газпромбанк Инвестиции,74957191900,mailbox@gazprombank.ru,https://gazprombank.ru
"Галерея ""Колокольников,17""","Галерея ""Колокольников,17""",79647635989,,https://www.loft2rent.ru/loft/102466/102470
Галерея дизайна,Галерея дизайна,79266507747,,https://www.loft2rent.ru/loft/119138/119149
галерея Другое Дело,галерея Другое Дело,79262312885,,https://www.loft2rent.ru/loft/75602/75660
Галерея Лофт,Галерея Лофт,79268244318,,https://www.loft2rent.ru/loft/179457
Галерея М - антикафе,Галерея М - антикафе,79636936248,,https://www.loft2rent.ru/loft/191451
Галерея Ретро Лофт! Новое пространство / Мid-Cеntury / Bаuhаus / Vinyl,Галерея Ретро Лофт! Новое пространство / Мid-Cеntury / Bаuhаus / Vinyl,79166784019,,https://www.loft2rent.ru/loft/204507
Галерея. Стильный светлый лофт в голубых тонах,Галерея. Стильный светлый лофт в голубых тонах,79386989873,,https://www.reveltime.ru/venue/6829095?eventtype=vecherinka
Гарри Поттер. Лофт в классическом стиле с выходом на крышу,Гарри Поттер. Лофт в классическом стиле с выходом на крышу,79584974215,,https://www.reveltime.ru/venue/4505269?eventtype=vecherinka
Гастробар Open People,Гастробар Open People,78123807838,,https://www.loft2rent.ru/loft/136559/136561
Гастрономическая улица strEATБалкон у сцены,Гастрономическая улица strEATБалкон у сцены,79852286633,,https://www.loft2rent.ru/loft/84302/84616
Гастрономическая улица strEATБольшой балкон,Гастрономическая улица strEATБольшой балкон,79852286633,,https://www.loft2rent.ru/loft/84302/84604
Гастрономическая улица strEATМалый балкон,Гастрономическая улица strEATМалый балкон,79852286633,,https://www.loft2rent.ru/loft/84302/84613
"Гастротеатр ""Красная мельница""Гастротеатр ""Красная мельница""","Гастротеатр ""Красная мельница""Гастротеатр ""Красная мельница""",79139583777,,https://www.loft2rent.ru/loft/168858/168901
Гвидон,Гвидон,74952580888,,https://gvidon.wrf.su/
Гейминг Лофт,Гейминг Лофт,79584974160,,https://netarena.ru/loft
География. Двухуровневый лофт-бар,География. Двухуровневый лофт-бар,79019317663,,https://www.reveltime.ru/venue/228708?eventtype=vecherinka
Геолофт,Геолофт,74951355450,,https://www.loft2rent.ru/loft/2003
ГЕРЦ,ГЕРЦ,74952924217,,https://www.loft2rent.ru/loft/53255
Герцег лофт аренда под мероприятия,Герцег лофт аренда под мероприятия,79585410041,,https://www.loft2rent.ru/loft/97591
ГК ФСК,ГК ФСК,74950324520,info@anlider.info,https://fsk.ru
Гламур,Гламур,79152103451,,https://www.loft2rent.ru/loft/155834/155836
ГЛУБИНА,ГЛУБИНА,79257792377,,http://glubinawedding.ru
ГНЕЗДО Африка - камерный афро-лофт 35 м²,ГНЕЗДО Африка - камерный афро-лофт 35 м²,79588277173,,https://www.loft2rent.ru/loft/16584
ГНЕЗДО Дом — двухэтажный лофт-квартира 65 м²,ГНЕЗДО Дом — двухэтажный лофт-квартира 65 м²,79588277173,,https://www.loft2rent.ru/loft/16584
"Голден - тусовочный лофт с диско-шаром, фотозоной и караоке!","Голден - тусовочный лофт с диско-шаром, фотозоной и караоке!",74991113716,,https://www.loft2rent.ru/loft/131919
Голливуд. Элегантный лофт в зелено-бежевых оттенках,Голливуд. Элегантный лофт в зелено-бежевых оттенках,79584610759,,https://www.reveltime.ru/venue/9093123?eventtype=vecherinka
Гольф Центр на Красном Октябре,Гольф Центр на Красном Октябре,74997500505,,https://www.loft2rent.ru/loft/76600/76828
Гольф-клуб «Тайгер»,Гольф-клуб «Тайгер»,74952257845,club-tiger@mail.ru,http://golfclub-tiger.ru
Гонки на радиоуправляемых монстр-траках,Гонки на радиоуправляемых монстр-траках,79681866965,,https://www.loft2rent.ru/loft/173039/173047
Горизонт,Горизонт,79689739030,,https://www.loft2rent.ru/loft/2518
Горизонт Событий,Горизонт Событий,73432287884,,https://www.loft2rent.ru/loft/94347/94353
Горки Ленинские,Горки Ленинские,74955489309,5489309@mgorki.ru,https://mgorki.ru
ГОРПАБ 10/05,ГОРПАБ 10/05,78432034554,,https://www.loft2rent.ru/loft/146917/152954
Горыныч,Горыныч,74959373811,,https://gorynich.com/
Гостиная,Гостиная,79990623353,,https://www.loft2rent.ru/loft/100720/100722
Гостиная для друзей с террасой,Гостиная для друзей с террасой,79360019650,,https://www.loft2rent.ru/loft/107715
Гостиная №9,Гостиная №9,79267699990,,https://www.loft2rent.ru/loft/115019
Гостиница Four Seasons Hotel Moscow,Гостиница Four Seasons Hotel Moscow,74992777100,,https://fourseasons.com
"Гостиница Park Inn, Одинцово","Гостиница Park Inn, Одинцово",,,https://ostrovok.ru/hotel/russia/moscow/mid7668697/park_inn_by_radisson_odintsovo
"Гостиница Radisson Blu Белорусская, Москва","Гостиница Radisson Blu Белорусская, Москва",,,https://ostrovok.ru/hotel/russia/moscow/mid7858838/redisson_belorusskaia_moskva
"Гостиница Radisson Blu Олимпийский, Москва","Гостиница Radisson Blu Олимпийский, Москва",,,https://ostrovok.ru/hotel/russia/moscow/mid8869780/radisson_blu_olympiyskiy_hotel
Гостиница Radisson Collection Москва,Гостиница Radisson Collection Москва,,,https://ostrovok.ru/hotel/russia/moscow/mid8876782/radisson_collection_hotel_moscow
Гостиница «Президент-Отель»,Гостиница «Президент-Отель»,,,https://ostrovok.ru/hotel/russia/moscow/mid7467290/president_3
Гостиница Апарт-отель Raido.Moscow History,Гостиница Апарт-отель Raido.Moscow History,,,https://ostrovok.ru/hotel/russia/moscow/mid13099355/moscow_history_apartments
Гостиница Арбат Хауc,Гостиница Арбат Хауc,,,https://ostrovok.ru/hotel/russia/moscow/mid7601703/gostinitsa_arbat_house_byvshaia_melodiia
Гостиница Бега,Гостиница Бега,,,https://ostrovok.ru/hotel/russia/moscow/mid7590905/bega_hotel_
Гостиница ВАРС,Гостиница ВАРС,,,https://ostrovok.ru/hotel/russia/moscow/mid6954172/gostinitsa_vars
Гостиница Даниловская,Гостиница Даниловская,,,https://ostrovok.ru/hotel/russia/moscow/mid7378628/danilovskaya_2
Гостиница Звёздная«Звёздная»,Гостиница Звёздная«Звёздная»,79851124227,,https://www.loft2rent.ru/loft/208020/208024
Гостиница Золотое Кольцо,Гостиница Золотое Кольцо,,,https://ostrovok.ru/hotel/russia/moscow/mid7467289/golden_ring_hotel_2
Гостиница Кадашевская,Гостиница Кадашевская,,,https://ostrovok.ru/hotel/russia/moscow/mid7597455/kadashevskaya_hotel
Гостиница Националь Москва,Гостиница Националь Москва,,,https://ostrovok.ru/hotel/russia/moscow/mid7467340/gostinitsa_natsional_moskva
Гостиница Памир-ТяньШань,Гостиница Памир-ТяньШань,,,https://ostrovok.ru/hotel/russia/moscow/mid8877200/hotel_pamir_tyanshyan
Гостиница Парк Тауэр,Гостиница Парк Тауэр,,,https://ostrovok.ru/hotel/russia/moscow/mid7401579/molodozhny
Гостиница Пекин,Гостиница Пекин,,,https://ostrovok.ru/hotel/russia/moscow/mid7465127/gostinitsa_pekin
Гостиница Покровская,Гостиница Покровская,,,https://ostrovok.ru/hotel/russia/moscow/mid8621527/pokrov_convent_hotel
Гостиница Рэдиссон Славянская,Гостиница Рэдиссон Славянская,,,https://ostrovok.ru/hotel/russia/moscow/mid7467357/otel_radisson_slavyanskaya_and_business_centre
Гостиница Сретенская,Гостиница Сретенская,,,https://ostrovok.ru/hotel/russia/moscow/mid7400794/sretenskaya_hotel
Гостинично-оздоровительный комплекс Тропарёво,Гостинично-оздоровительный комплекс Тропарёво,,,https://ostrovok.ru/hotel/russia/moscow/mid6996685/gostinitsa_troparevo
Гостинично-ресторанный комплекс Мэриан Холл,Гостинично-ресторанный комплекс Мэриан Холл,,,https://ostrovok.ru/hotel/russia/moscow/mid8290228/marianhall
Государственное бюджетное учреждение Города Москвы «Жилищник Района Бирюлево Восточное»,Государственное бюджетное учреждение Города Москвы «Жилищник Района Бирюлево Восточное»,74953266126,dez_bv@mail.ru,https://gbu-bv.moscow
Государственное бюджетное учреждение Города Москвы «Жилищник Района Кузьминки»,Государственное бюджетное учреждение Города Москвы «Жилищник Района Кузьминки»,,support@my-gkh.ru,https://my-gkh.ru/getorganization/gbu-zhilishchnik-rayona-kuzminki
Государственное бюджетное учреждение Города Москвы «Жилищник Района Лефортово»,Государственное бюджетное учреждение Города Москвы «Жилищник Района Лефортово»,,support@my-gkh.ru,https://my-gkh.ru/getorganization/gbu-zhilishchnik-rayona-lefortovo
Государственное бюджетное учреждение Города Москвы «Жилищник Района Митино»,Государственное бюджетное учреждение Города Москвы «Жилищник Района Митино»,,support@my-gkh.ru,https://my-gkh.ru/getorganization/gbu-zhilishchnik-rayona-mitino
Государственное бюджетное учреждение Города Москвы «Жилищник Района Печатники»,Государственное бюджетное учреждение Города Москвы «Жилищник Района Печатники»,,support@my-gkh.ru,https://my-gkh.ru/getorganization/gbu-zhilishchnik-rayona-pechatniki
Государственное бюджетное учреждение Города Москвы «Жилищник Района Чертаново Южное»,Государственное бюджетное учреждение Города Москвы «Жилищник Района Чертаново Южное»,,support@my-gkh.ru,https://my-gkh.ru/getorganization/gbu-zhilishchnik-rayona-chertanovo-yuzhnoe
Государственное бюджетное учреждение здравоохранения города Москвы «Московский научно-практический Центр дерматовенерологии и косметологии Департамента здравоохранения города Москвы»,Государственное бюджетное учреждение здравоохранения города Москвы «Московский научно-практический Центр дерматовенерологии и косметологии Департамента здравоохранения города Москвы»,74995585828,mcdik@zdrav.mos.ru,https://www.mosderm.ru
Государственный музей изобразительных искусств им. Пушкина,Государственный музей изобразительных искусств им. Пушкина,74956099520,aleksey.popov@pushkinmuseum.art,https://pushkinmuseum.art
ГоТайГоТай - Китайский ресторан,ГоТайГоТай - Китайский ресторан,79858905725,,https://www.loft2rent.ru/loft/139533/139535
Града Бутик Отель,Града Бутик Отель,,,https://ostrovok.ru/hotel/russia/moscow/mid8853263/grada_boutique_hotel_ex_kyznetskiy_inn_hotel
Гранд,Гранд,79150127722,,https://www.loft2rent.ru/loft/116807
Гранд Лес,Гранд Лес,79250520976,,https://www.loft2rent.ru/loft/125499
Гранд-холл Лужники,Гранд-холл Лужники,74959092663,,https://www.loft2rent.ru/loft/164090
Гранель,Гранель,,press@granelle.com,https://granelle.ru
Графит,Графит,79099071169,,https://www.loft2rent.ru/loft/124114/124244
Гримёрка. VIP-комната,Гримёрка. VIP-комната,79346642952,,https://www.reveltime.ru/venue/8786280?eventtype=vecherinka
Гримёрка. Купол на крыше,Гримёрка. Купол на крыше,79346642952,,https://www.reveltime.ru/venue/8786419?eventtype=vecherinka
Гримёрка. Стильный караоке-зал,Гримёрка. Стильный караоке-зал,79346642952,,https://www.reveltime.ru/venue/8783829?eventtype=vecherinka
Гринвуд Отель,Гринвуд Отель,,,https://ostrovok.ru/hotel/russia/moscow/mid7624861/melior_greenwood_hotel
Гринвуд. Мраморный лофт-зал,Гринвуд. Мраморный лофт-зал,74992888034,,https://www.reveltime.ru/venue/4758573?eventtype=vecherinka
"Гриндей - свежий лофт с диско-шаром, караоке и приставкой!","Гриндей - свежий лофт с диско-шаром, караоке и приставкой!",74991113716,,https://www.loft2rent.ru/loft/131919
Группа ЛСР,Группа ЛСР,78007707577,mail@lsrgroup.ru,https://www.lsrgroup.ru
Группа Эталон (Москва офис),Группа Эталон (Москва офис),78124398000,etalon@em-comms.com,https://www.etalongroup.com
ГУП города Москвы «Московская социальная гарантия»,ГУП города Москвы «Московская социальная гарантия»,74956752443,antiscam-dtszn@mos.ru,https://dszn.ru/department/subordinate/1729
ГУП Города Москвы «Московский Ордена Ленина и Ордена Трудового Красного Знамени Метрополитен Имени В.И.Ленина»,ГУП Города Москвы «Московский Ордена Ленина и Ордена Трудового Красного Знамени Метрополитен Имени В.И.Ленина»,74955395454,,https://mosmetro.ru
ГУП города Москвы Автокомбинат санитарного транспорта «Мосавтосантранс» Департамента здравоохранения города Москвы,ГУП города Москвы Автокомбинат санитарного транспорта «Мосавтосантранс» Департамента здравоохранения города Москвы,74959660777,al_popov@santrans.ru,https://www.rusprofile.ru/id/1347694
Гэтсби,Гэтсби,74954780638,,https://www.loft2rent.ru/loft/109926
Гэтсби,Гэтсби,78124435702,,https://www.loft2rent.ru/loft/83744
"Гэтсби - cтильный тематический лофт в черно-золотых цветах с караоке, светомузыкой и фотозоной!","Гэтсби - cтильный тематический лофт в черно-золотых цветах с караоке, светомузыкой и фотозоной!",74951914157,,https://www.loft2rent.ru/loft/142644
Давид,Давид,78126067020,,https://www.loft2rent.ru/loft/169051
Дали - Уютный лофт в стиле прованс,Дали - Уютный лофт в стиле прованс,74950327390,,https://www.loft2rent.ru/loft/5581
Даниловский Холл,Даниловский Холл,74957985181,,https://www.loft2rent.ru/loft/28030
Дарвиновский музей,Дарвиновский музей,,info@darwinmuseum.ru,https://www.darwinmuseum.ru
Дарк,Дарк,74954780638,,https://www.loft2rent.ru/loft/109926
Дачные Истории,Дачные Истории,79993669111,,https://www.loft2rent.ru/loft/191709/191711
Два Дивана Шоу МоскваБольшая студия + банкетная зона Два Дивана,Два Дивана Шоу МоскваБольшая студия + банкетная зона Два Дивана,74958774955,,https://www.loft2rent.ru/loft/139515/139524
Два Дивана Шоу МоскваМалая Студия Два Дивана,Два Дивана Шоу МоскваМалая Студия Два Дивана,74958774955,,https://www.loft2rent.ru/loft/139515/139521
Два Дивана Шоу МоскваПереговорная / лаундж зона Два Дивана,Два Дивана Шоу МоскваПереговорная / лаундж зона Два Дивана,74958774955,,https://www.loft2rent.ru/loft/139515/139518
Две комнатыДве Комнаты Светлая комната,Две комнатыДве Комнаты Светлая комната,79771553073,,https://www.loft2rent.ru/loft/168102/168120
Две комнатыДве комнаты. Темная комната,Две комнатыДве комнаты. Темная комната,79771553073,,https://www.loft2rent.ru/loft/168102/168116
Двойной зал на Калашном,Двойной зал на Калашном,74952552522,,https://www.loft2rent.ru/loft/54442
Двойной лофт на мансардном этаже,Двойной лофт на мансардном этаже,79584630738,,https://www.reveltime.ru/venue/6931618?eventtype=vecherinka
Дворец Ирины Винер Лужники,Дворец Ирины Винер Лужники,74959092663,,https://www.loft2rent.ru/loft/164090
"Дворец КваренгиЗал ""Music Hall""","Дворец КваренгиЗал ""Music Hall""",79219042081,,https://www.loft2rent.ru/loft/174894/174898
"Дворец КваренгиЗал ""Белый""","Дворец КваренгиЗал ""Белый""",79219042081,,https://www.loft2rent.ru/loft/174894/174992
"Дворец КваренгиЗал ""Библиотека""","Дворец КваренгиЗал ""Библиотека""",79219042081,,https://www.loft2rent.ru/loft/174894/174995
"Дворец КваренгиЗал ""Голубая гостиная""","Дворец КваренгиЗал ""Голубая гостиная""",79219042081,,https://www.loft2rent.ru/loft/174894/175067
"Дворец КваренгиЗал ""Каминный""","Дворец КваренгиЗал ""Каминный""",79219042081,,https://www.loft2rent.ru/loft/174894/175025
"Дворец КваренгиЗал ""Мон Плезир""","Дворец КваренгиЗал ""Мон Плезир""",79219042081,,https://www.loft2rent.ru/loft/174894/175094
"Дворец КваренгиЗал ""Пеликанов""","Дворец КваренгиЗал ""Пеликанов""",79219042081,,https://www.loft2rent.ru/loft/174894/174897
Дворец Культур,Дворец Культур,74991197380,,https://www.loft2rent.ru/loft/193410
"Двухуровневый лофт ""МЫВМЕСТЕ""","Двухуровневый лофт ""МЫВМЕСТЕ""",79052121332,,https://www.loft2rent.ru/loft/135295/135323
Двухуровневый лофт с растениями,Двухуровневый лофт с растениями,79910173255,,https://www.reveltime.ru/venue/5803822?eventtype=vecherinka
Двухуровневый лофт ЮкаЮка лофт,Двухуровневый лофт ЮкаЮка лофт,79265261337,,https://www.loft2rent.ru/loft/14310/24270
Двухъярусное лофт-пространство,Двухъярусное лофт-пространство,79693467396,,https://www.reveltime.ru/venue/2470164?eventtype=vecherinka
Двухэтажный лофт в историческом здании,Двухэтажный лофт в историческом здании,79035501844,,https://www.reveltime.ru/venue/2626584?eventtype=vecherinka
ДВУХЭТАЖНЫЙ ЛОФТ С КАРАОКЕ СО СКИДКОЙ ОТ 10000Р,ДВУХЭТАЖНЫЙ ЛОФТ С КАРАОКЕ СО СКИДКОЙ ОТ 10000Р,79120829050,,https://www.loft2rent.ru/loft/83754
Деловой центр К29Большой зал Делового центра К29,Деловой центр К29Большой зал Делового центра К29,79254944162,,https://www.loft2rent.ru/loft/86350/86366
Деловой центр К29Паркетный зал Делового центра К29,Деловой центр К29Паркетный зал Делового центра К29,79254944162,,https://www.loft2rent.ru/loft/86350/89017
Департамент культуры Москвы,Департамент культуры Москвы,,,https://culture.mos.ru
Депо,Депо,74957888810,about__hero-bg-img--0-sm@2x.jpg,https://depomoscow.ru
Детский и семейный лофт в Новосибирске \,Детский и семейный лофт в Новосибирске \,,,лофт
"Детский лофт ""мяу""Детский лофт МЯУ","Детский лофт ""мяу""Детский лофт МЯУ",79030020918,,https://www.loft2rent.ru/loft/164268/164270
Детский лофт с верандой в парке,Детский лофт с верандой в парке,79013551562,,https://www.loft2rent.ru/loft/58317
Детский лофт Чудо чердачокЧудо чердачок (Glow),Детский лофт Чудо чердачокЧудо чердачок (Glow),74993504653,,https://www.loft2rent.ru/loft/104981/105098
Детский лофт Чудо чердачокЧудо чердачок (Green),Детский лофт Чудо чердачокЧудо чердачок (Green),74993504653,,https://www.loft2rent.ru/loft/104981/105094
Детский лофт Чудо чердачокЧудо чердачок (Love),Детский лофт Чудо чердачокЧудо чердачок (Love),74993504653,,https://www.loft2rent.ru/loft/104981/105139
Детский лофт Чудо чердачокЧудо чердачок (Neon),Детский лофт Чудо чердачокЧудо чердачок (Neon),74993504653,,https://www.loft2rent.ru/loft/104981/104988
Детский лофт Чудо чердачокЧудо чердачок (Wood),Детский лофт Чудо чердачокЧудо чердачок (Wood),74993504653,,https://www.loft2rent.ru/loft/104981/105133
Детский мир,Детский мир,,corp@detmir.ru,https://detmir.ru
ДЕТСКИЙ ЦЕНТР НА ЛОМОНОСОВСКОМ,ДЕТСКИЙ ЦЕНТР НА ЛОМОНОСОВСКОМ,79165436246,,https://www.loft2rent.ru/loft/98620/98622
Детское пространство «Гнезда»Детское пространство «Гнезда»,Детское пространство «Гнезда»Детское пространство «Гнезда»,79165294078,,https://www.loft2rent.ru/loft/132707/132723
Джаз,Джаз,74954780638,,https://www.loft2rent.ru/loft/109926
Джаз,Джаз,78124435702,,https://www.loft2rent.ru/loft/83744
ДЖАЗ (JAZZ),ДЖАЗ (JAZZ),79258582494,,https://www.loft2rent.ru/loft/138720
Джентльмены,Джентльмены,73919898633,,https://www.loft2rent.ru/loft/164165
Джуманджи,Джуманджи,73919898633,,https://www.loft2rent.ru/loft/164165
Джунгли,Джунгли,74954780638,,https://www.loft2rent.ru/loft/109926
"Джунгли. Танцевальный лофт со стильной фотозоной, барной стойкой, неоном и всех необходимой техникой","Джунгли. Танцевальный лофт со стильной фотозоной, барной стойкой, неоном и всех необходимой техникой",79584974084,,https://www.reveltime.ru/venue/8461284?eventtype=vecherinka
Дизайн-отель СтандАрт,Дизайн-отель СтандАрт,,,https://ostrovok.ru/hotel/russia/moscow/mid6783512/standart_hotel_moscow
Дизайнерский лофт Гараж с караоке и игровой в 2-х минутах от метро,Дизайнерский лофт Гараж с караоке и игровой в 2-х минутах от метро,79932617652,,https://www.loft2rent.ru/loft/1665
Дизайнерский лофт с панорамными окнами и кухней,Дизайнерский лофт с панорамными окнами и кухней,79777137848,,https://www.reveltime.ru/venue/3287091?eventtype=vecherinka
Дикси (Moscow HQ),Дикси (Moscow HQ),78001011001,action@dixy.ru,https://dixy.ru
Динамо Арена,Динамо Арена,,office@fcdynamo.ru,https://fcdm.ru
Диско,Диско,74954780638,,https://www.loft2rent.ru/loft/109926
Диско,Диско,78126067020,,https://www.loft2rent.ru/loft/169051
Диско,Диско,78122007818,,https://www.loft2rent.ru/loft/75982
Дичь,Дичь,79852313151,,https://dichperedelkino.ru/
ДК КироваХолл,ДК КироваХолл,79811096699,,https://www.loft2rent.ru/loft/134314/165610
"ДК КРИСТАЛЛ клуб-лофт, концертный зал","ДК КРИСТАЛЛ клуб-лофт, концертный зал",79585410041,,https://www.loft2rent.ru/loft/97591
ДК Рассвет,ДК Рассвет,79164754824,,https://www.loft2rent.ru/loft/52227/52236
Долинск,Долинск,78002509955,,https://bankdolinsk.ru
Дом Business SpeechЗал Мансарда,Дом Business SpeechЗал Мансарда,74956805788,,https://www.loft2rent.ru/loft/2758/38066
Дом Business SpeechШКМ,Дом Business SpeechШКМ,74956805788,,https://www.loft2rent.ru/loft/2758/38991
"Дом АтлантовЗал ""Игнис""","Дом АтлантовЗал ""Игнис""",79246063249,,https://www.loft2rent.ru/loft/53574/53576
"Дом АтлантовПереговорая ""Аура""","Дом АтлантовПереговорая ""Аура""",79246063249,,https://www.loft2rent.ru/loft/53574/53681
"Дом АтлантовПереговорная ""Аква""","Дом АтлантовПереговорная ""Аква""",79246063249,,https://www.loft2rent.ru/loft/53574/53685
"Дом АтлантовПереговорная ""Терра""","Дом АтлантовПереговорная ""Терра""",79246063249,,https://www.loft2rent.ru/loft/53574/53679
"Дом АтлантовПереговорная ""Футурум""","Дом АтлантовПереговорная ""Футурум""",79246063249,,https://www.loft2rent.ru/loft/53574/206029
"Дом АтлантовПереговорная ""Эфир""","Дом АтлантовПереговорная ""Эфир""",79246063249,,https://www.loft2rent.ru/loft/53574/206020
ДОМ БОСИКОМСтудия йоги,ДОМ БОСИКОМСтудия йоги,79670631251,,https://www.loft2rent.ru/loft/73675/73678
ДОМ ВИНТАЖНОЙ МУЗЫКИ: БОЛЬШАЯ СЦЕНА,ДОМ ВИНТАЖНОЙ МУЗЫКИ: БОЛЬШАЯ СЦЕНА,79169328983,,https://www.loft2rent.ru/loft/133379
ДОМ ВИНТАЖНОЙ МУЗЫКИ: МАЛАЯ СЦЕНА,ДОМ ВИНТАЖНОЙ МУЗЫКИ: МАЛАЯ СЦЕНА,79169328983,,https://www.loft2rent.ru/loft/133379
Дом Гарри Поттера,Дом Гарри Поттера,79013337731,,https://www.loft2rent.ru/loft/39148
Дом Дизайна,Дом Дизайна,79057410694,,https://www.loft2rent.ru/loft/202484/202488
Дом Зелено,Дом Зелено,79168651859,,https://www.loft2rent.ru/loft/177429/177431
Дом Культуры,Дом Культуры,79254481373,,https://www.loft2rent.ru/loft/77612
Дом культуры FAKTURA#1913Маросейка,Дом культуры FAKTURA#1913Маросейка,74952210170,,https://www.loft2rent.ru/loft/1405/1406
Дом культуры FAKTURA#1913Покровка,Дом культуры FAKTURA#1913Покровка,74952210170,,https://www.loft2rent.ru/loft/1405/1407
Дом Липы. Уютное пространство с большими окнами,Дом Липы. Уютное пространство с большими окнами,79893636021,,https://www.reveltime.ru/venue/4680589?eventtype=vecherinka
Дом музыки,Дом музыки,74957300972,help.mmdm@culture.mos.ru,https://www.mmdm.ru
Дом Пашкова,Дом Пашкова,74995570470,cvl_event@rsl.ru,https://rsl.ru
Дом розового кролика,Дом розового кролика,79118353489,,https://www.loft2rent.ru/loft/158746/158782
Дом розового кроликаSuper Vip,Дом розового кроликаSuper Vip,79118353489,,https://www.loft2rent.ru/loft/158746/163574
Дом розового кроликаКинозал-Караоке,Дом розового кроликаКинозал-Караоке,79118353489,,https://www.loft2rent.ru/loft/158746/159194
Дом ЭвиЦентра,Дом ЭвиЦентра,79160876137,,https://www.loft2rent.ru/loft/155206
Дом-музей Гоголя,Дом-музей Гоголя,74956905881,domgogolya@culture.mos.ru,https://www.domgogolya.ru
Дом-музей Толстого,Дом-музей Толстого,74746426092,info@tolstoymuseum.ru,https://tolstoymuseum.ru
Дом-музей Чехова,Дом-музей Чехова,74967276256,kult@chekhovmuseum.com,https://chekhovmuseum.com
Донстрой,Донстрой,74959254747,,https://donstroy.com
Дрепин ЛофтДрепин Дача,Дрепин ЛофтДрепин Дача,79660758366,,https://www.loft2rent.ru/loft/98969/107997
Дрепин ЛофтДрепин Лофт,Дрепин ЛофтДрепин Лофт,79154868833,,https://www.loft2rent.ru/loft/98969/98973
"Дримс - клубный лофт с караоке с отличной акустикой для любимых хитов, фотозоной с неоновым оформлением и диско‑шаром!","Дримс - клубный лофт с караоке с отличной акустикой для любимых хитов, фотозоной с неоновым оформлением и диско‑шаром!",74951914157,,https://www.loft2rent.ru/loft/142644
Дробь 8,Дробь 8,79912333175,,https://www.loft2rent.ru/loft/159284/159307
Дубай,Дубай,78126067020,,https://www.loft2rent.ru/loft/169051
ДУШУ НАРУЖУ,ДУШУ НАРУЖУ,79936299657,,https://www.loft2rent.ru/loft/104858/104866
"Дэнс - яркий и современный лофт с фотозоной с неоном, караоке и диско-шаром!","Дэнс - яркий и современный лофт с фотозоной с неоном, караоке и диско-шаром!",74951914157,,https://www.loft2rent.ru/loft/142644
Еврейский музей и центр толерантности,Еврейский музей и центр толерантности,74956450550,info@jewish-museum.ru,https://www.jewish-museum.ru
Европа Плюс (ЕМГ),Европа Плюс (ЕМГ),74957999797,reklama@emg.fm,https://emg.fm
ЕвроХим,ЕвроХим,78002010101,,https://www.eurochem.ru
Жажда крови,Жажда крови,74994954493,,https://zhazhdakrovy.ru
Желтый ДомБар Желтый Дом,Желтый ДомБар Желтый Дом,79684508760,,https://www.loft2rent.ru/loft/168238/168873
Жемчуг,Жемчуг,74954780638,,https://www.loft2rent.ru/loft/109926
Живописный лофт Москва сити,Живописный лофт Москва сити,79111023333,,https://www.loft2rent.ru/loft/107530
За крышей,За крышей,74959970799,,https://www.instagram.com/marat_nakryshe
За Нарисованным Очагом,За Нарисованным Очагом,79811682250,,https://www.loft2rent.ru/loft/81543
"Загородный банкетный комплекс ""ТЕПЛИЦА-ПАРК""ТЕПЛИЦА-ПАРК","Загородный банкетный комплекс ""ТЕПЛИЦА-ПАРК""ТЕПЛИЦА-ПАРК",79261272522,,https://www.loft2rent.ru/loft/181035/181040
Загородный комплекс Art Village Club,Загородный комплекс Art Village Club,,,https://ostrovok.ru/hotel/russia/moscow/mid10161324/art_villge_club_hotel
Зазеркалье,Зазеркалье,78122007818,,https://www.loft2rent.ru/loft/75982
"Зал ""Барный"" для новогоднего корпоратива","Зал ""Барный"" для новогоднего корпоратива",79006490229,,https://www.loft2rent.ru/loft/109505
"Зал ""Вознесенский""","Зал ""Вознесенский""",79585386547,,https://www.loft2rent.ru/loft/114505
"Зал ""Гарда""","Зал ""Гарда""",79255165332,,https://www.loft2rent.ru/loft/172081
"Зал ""Голландия""","Зал ""Голландия""",79500114828,,https://www.loft2rent.ru/loft/165014/165016
"Зал ""Измайловский""","Зал ""Измайловский""",79585386547,,https://www.loft2rent.ru/loft/114505
"Зал ""Лекторий!"" для уютного корпоратива","Зал ""Лекторий!"" для уютного корпоратива",79006490229,,https://www.loft2rent.ru/loft/109505
"Зал ""Лермонтовский""","Зал ""Лермонтовский""",79585386547,,https://www.loft2rent.ru/loft/114505
"Зал ""Московский""","Зал ""Московский""",79585386547,,https://www.loft2rent.ru/loft/114505
"Зал ""Троицкий""","Зал ""Троицкий""",79585386547,,https://www.loft2rent.ru/loft/114505
"Зал ""Фонтанка""","Зал ""Фонтанка""",79585386547,,https://www.loft2rent.ru/loft/114505
Зал &quot;Атлантик&quot;. Просторный белый лофт с высокими потолками,Зал &quot;Атлантик&quot;. Просторный белый лофт с высокими потолками,79584610759,,https://www.reveltime.ru/venue/6809768?eventtype=vecherinka
Зал 100,Зал 100,79014177110,,https://www.loft2rent.ru/loft/166921
Зал 190,Зал 190,79014177110,,https://www.loft2rent.ru/loft/166921
Зал 2 - дизайнерская кабинет до 8 человек,Зал 2 - дизайнерская кабинет до 8 человек,79898415534,,https://www.loft2rent.ru/loft/157491
"Зал 27 м² для йоги, мастер-классов, тренингов","Зал 27 м² для йоги, мастер-классов, тренингов",79175091916,,https://www.loft2rent.ru/loft/74665
Зал 3 - уютный и светлый кабинет до 4 человек,Зал 3 - уютный и светлый кабинет до 4 человек,79898415534,,https://www.loft2rent.ru/loft/157491
Зал 4 - стильная кулинарная студия для творческих мастер-классов,Зал 4 - стильная кулинарная студия для творческих мастер-классов,79898415534,,https://www.loft2rent.ru/loft/157491
Зал 5 - светлый малый зал до 20 человек,Зал 5 - светлый малый зал до 20 человек,79898415534,,https://www.loft2rent.ru/loft/157491
Зал 6 - просторный и светлый конференц-зал с проектором до 50 человек,Зал 6 - просторный и светлый конференц-зал с проектором до 50 человек,79898415534,,https://www.loft2rent.ru/loft/157491
Зал 65 кв.м с большими окнами,Зал 65 кв.м с большими окнами,79999842962,,https://www.loft2rent.ru/loft/163570
Зал 80,Зал 80,79014177110,,https://www.loft2rent.ru/loft/166921
Зал 9 - просторный конференц-зал 300кв.м до 200 человек,Зал 9 - просторный конференц-зал 300кв.м до 200 человек,79898415534,,https://www.loft2rent.ru/loft/157491
Зал BRIGHT,Зал BRIGHT,79851150101,,https://www.loft2rent.ru/loft/154904
Зал Crystal,Зал Crystal,79851150101,,https://www.loft2rent.ru/loft/154904
Зал Grey,Зал Grey,79851150101,,https://www.loft2rent.ru/loft/154904
Зал Loft,Зал Loft,79851150101,,https://www.loft2rent.ru/loft/154904
зал No 3 фотостудии Пространство,зал No 3 фотостудии Пространство,74992887790,,https://www.loft2rent.ru/loft/31821
Зал Noar (Нуар). Эстетичный лофт,Зал Noar (Нуар). Эстетичный лофт,79584974084,,https://www.reveltime.ru/venue/6367002?eventtype=vecherinka
Зал SKY,Зал SKY,79851150101,,https://www.loft2rent.ru/loft/154904
Зал «Агат» в Ballesta Space,Зал «Агат» в Ballesta Space,79262488448,,https://www.loft2rent.ru/loft/186577
Зал «Аметист» в Ballesta Space,Зал «Аметист» в Ballesta Space,79262488448,,https://www.loft2rent.ru/loft/186577
Зал «Розовый кварц» в Ballesta Space,Зал «Розовый кварц» в Ballesta Space,79262488448,,https://www.loft2rent.ru/loft/186577
Зал Альпы Интерьерный зал в стиле шале,Зал Альпы Интерьерный зал в стиле шале,79778759900,,https://www.reveltime.ru/venue/3253517?eventtype=vecherinka
Зал Балдеж для семинаров и мастер-классов,Зал Балдеж для семинаров и мастер-классов,79254214746,,https://www.loft2rent.ru/loft/53804
Зал Большой фотостудии PROSTRANSTVO на Марьиной Роще,Зал Большой фотостудии PROSTRANSTVO на Марьиной Роще,74992887790,,https://www.loft2rent.ru/loft/31821
"Зал в арендуЗал для проведения тренингов, медитаций, пилатеса, йоги","Зал в арендуЗал для проведения тренингов, медитаций, пилатеса, йоги",79912289501,,https://www.loft2rent.ru/loft/90289/90291
Зал в зелёных тонах GreenLand,Зал в зелёных тонах GreenLand,79031959349,,https://www.loft2rent.ru/loft/151727
Зал в центре МосквыЗал в центре Москвы на 1264 мест,Зал в центре МосквыЗал в центре Москвы на 1264 мест,74959950807,,https://www.loft2rent.ru/loft/182962/182993
Зал в центре МосквыЗал в центре Москвы на 480 мест,Зал в центре МосквыЗал в центре Москвы на 480 мест,74959950807,,https://www.loft2rent.ru/loft/182962/183004
Зал Ваниль Уютный отдельный зал,Зал Ваниль Уютный отдельный зал,79963547907,,https://www.reveltime.ru/venue/4293224?eventtype=vecherinka
Зал Воздух,Зал Воздух,79254214746,,https://www.loft2rent.ru/loft/53804
Зал Гала фотостудии PROSTRANSTVO на Марьиной Роще,Зал Гала фотостудии PROSTRANSTVO на Марьиной Роще,74992887790,,https://www.loft2rent.ru/loft/31821
Зал для деловых мероприятий P17PLACE,Зал для деловых мероприятий P17PLACE,79999721717,,https://www.loft2rent.ru/loft/55645
Зал для индивидуальных консультаций,Зал для индивидуальных консультаций,78122407880,,https://www.loft2rent.ru/loft/142338
Зал для конференции/треннинга/банкета,Зал для конференции/треннинга/банкета,74959950807,,https://www.loft2rent.ru/loft/150956/150959
Зал для мероприятий,Зал для мероприятий,79637687698,,https://www.loft2rent.ru/loft/65867
Зал для мероприятий BELKAБольшой зал со сценой,Зал для мероприятий BELKAБольшой зал со сценой,79629480396,,https://www.loft2rent.ru/loft/62047/62094
Зал для мероприятий BELKAМалый зал,Зал для мероприятий BELKAМалый зал,79629480396,,https://www.loft2rent.ru/loft/62047/62129
Зал для небольшой компании Little Party,Зал для небольшой компании Little Party,79031959349,,https://www.loft2rent.ru/loft/151727
Зал для танцев и мероприятийТанго Зал,Зал для танцев и мероприятийТанго Зал,79142312145,,https://www.loft2rent.ru/loft/107753/107755
"Зал для танцев, фотосессий, тренировокЗал для танцев и тренировок","Зал для танцев, фотосессий, тренировокЗал для танцев и тренировок",79030981111,,https://www.loft2rent.ru/loft/171099/171106
Зал для тренингов,Зал для тренингов,79804300502,,https://www.loft2rent.ru/loft/152750/152761
Зал для тренировок в центре Москвы,Зал для тренировок в центре Москвы,79999721717,,https://www.loft2rent.ru/loft/55645
"зал для фитнесаЛофт Тукан, зал, 24/7","зал для фитнесаЛофт Тукан, зал, 24/7",79651502432,,https://www.loft2rent.ru/loft/82762/82764
Зал Камин*Сердце*Уют,Зал Камин*Сердце*Уют,74951059839,,https://www.loft2rent.ru/loft/187480
Зал Квартира фотостудии Пространство на Марьиной Роще,Зал Квартира фотостудии Пространство на Марьиной Роще,74992887790,,https://www.loft2rent.ru/loft/31821
Зал Контраст,Зал Контраст,78122007818,,https://www.loft2rent.ru/loft/75982
зал Кухня фотостудии PROSTRANSTVO,зал Кухня фотостудии PROSTRANSTVO,74992887790,,https://www.loft2rent.ru/loft/31821
Зал ЛАУНДЖ до 12 гостей на Новослободской,Зал ЛАУНДЖ до 12 гостей на Новослободской,79262851313,,https://www.loft2rent.ru/loft/104695
Зал Лира,Зал Лира,79810029048,,https://www.loft2rent.ru/loft/177338
Зал Лофт*Свет и глубина*Воздух,Зал Лофт*Свет и глубина*Воздух,74951059839,,https://www.loft2rent.ru/loft/187480
зал Лу́на фотостудии Пространство,зал Лу́на фотостудии Пространство,74992887790,,https://www.loft2rent.ru/loft/31821
Зал Мансарда - Quattro Space,Зал Мансарда - Quattro Space,74994441908,,https://www.loft2rent.ru/loft/120842
Зал Меркури,Зал Меркури,79250545290,,https://www.loft2rent.ru/loft/122172
Зал Мини,Зал Мини,79299142029,,https://www.loft2rent.ru/loft/53804
Зал Моно,Зал Моно,79254214746,,https://www.loft2rent.ru/loft/53804
Зал Муза,Зал Муза,79299142029,,https://www.loft2rent.ru/loft/53804
Зал на Пушкинской (П-406),Зал на Пушкинской (П-406),79150624544,,https://www.loft2rent.ru/loft/69466
Зал на Пушкинской Светлый лофт (П-411),Зал на Пушкинской Светлый лофт (П-411),79150624544,,https://www.loft2rent.ru/loft/69466
Зал Нижний - Тень и отсвет*Нулевой,Зал Нижний - Тень и отсвет*Нулевой,74951059839,,https://www.loft2rent.ru/loft/187480
Зал Нью-Йорк на 16 гостей с караоке,Зал Нью-Йорк на 16 гостей с караоке,79773332218,,https://www.loft2rent.ru/loft/62564
Зал Орион,Зал Орион,79810029048,,https://www.loft2rent.ru/loft/177338
Зал Париж,Зал Париж,79254214746,,https://www.loft2rent.ru/loft/53804
Зал Париж+Балдеж,Зал Париж+Балдеж,79254214746,,https://www.loft2rent.ru/loft/53804
Зал под бьюти мастер-класс,Зал под бьюти мастер-класс,79675991223,,https://www.loft2rent.ru/loft/78182
Зал под кулинарные мастер классы и мероприятия,Зал под кулинарные мастер классы и мероприятия,79346657019,,https://www.reveltime.ru/venue/9140942?eventtype=vecherinka
Зал Праздничный на 20-30 гостей с караоке,Зал Праздничный на 20-30 гостей с караоке,79773332218,,https://www.loft2rent.ru/loft/62564
Зал с открытой верандой,Зал с открытой верандой,79067066480,,https://www.loft2rent.ru/loft/41220
Зал с панорамными окнами,Зал с панорамными окнами,79067066480,,https://www.loft2rent.ru/loft/41220
Зал Саксофон с караоке до 12 гостей,Зал Саксофон с караоке до 12 гостей,79773332218,,https://www.loft2rent.ru/loft/62564
Зал Салон фотостудии PROSTRANSTVO на Марьиной Роще,Зал Салон фотостудии PROSTRANSTVO на Марьиной Роще,74992887790,,https://www.loft2rent.ru/loft/31821
Зал самолет,Зал самолет,79250545290,,https://www.loft2rent.ru/loft/122172
Зал Серебро,Зал Серебро,79251976532,,https://www.loft2rent.ru/loft/110422
Зал Слизерин,Зал Слизерин,79013337731,,https://www.loft2rent.ru/loft/39148
Зал Солярис фотостудии Пространство на Марьиной Роще,Зал Солярис фотостудии Пространство на Марьиной Роще,74992887790,,https://www.loft2rent.ru/loft/31821
Зал Форма,Зал Форма,79299142029,,https://www.loft2rent.ru/loft/53804
Зал Шотик 20м2,Зал Шотик 20м2,79612267251,,https://www.loft2rent.ru/loft/125716
Зал № 24 для тренингов и мастер-классов,Зал № 24 для тренингов и мастер-классов,79647264515,,https://www.loft2rent.ru/loft/118815
Зал № 28 (с гардеробной и санузлом) для лекций и семинаров,Зал № 28 (с гардеробной и санузлом) для лекций и семинаров,79647264515,,https://www.loft2rent.ru/loft/118815
Зал № 3 для проведения мероприятий,Зал № 3 для проведения мероприятий,79647264515,,https://www.loft2rent.ru/loft/118815
зал №53,зал №53,79853365056,,https://www.loft2rent.ru/loft/47660
"Зал, лофт для мероприятий, тренингов, праздников, корпоративов, обучения","Зал, лофт для мероприятий, тренингов, праздников, корпоративов, обучения",79137162133,,https://www.loft2rent.ru/loft/170584
